onion_id	id	spotify_id	popularity	release	danceability	energy	key	mode	valence	tempo	duration_ms
onion::0010xmHR6UICBOYT	0010xmHR6UICBOYT	27szvF97Tu95GxN98N52fy	46.0	2013	0.591	0.513	7.0	0.0	0.263	172.208	325096
onion::01Kgo55olDKOHxQz	01Kgo55olDKOHxQz	06cCziAHtDg6pcsidZHu03	59.0	2013	0.617	0.7040000000000001	4.0	1.0	0.358	99.804	254510
onion::04iitW3ffa0mhpx3	04iitW3ffa0mhpx3	34ceTg8ChN5HjrqiIYCn9Q	65.0	2008	0.6729999999999999	0.6829999999999999	1.0	1.0	0.713	171.86	232000
onion::083o6BTQGwgM2L49	083o6BTQGwgM2L49	38JojmlSYWpjzCsjS3MJcf	36.0	2009	0.63	0.631	6.0	0.0	0.708	111.986	186200
onion::091E0oFGS6sBravV	091E0oFGS6sBravV	7CdGO6KJg20UAAXl7CW8q6	40.0	1989	0.35600000000000004	0.983	6.0	1.0	0.19	137.374	149133
onion::09AOCIB5yktoz8B5	09AOCIB5yktoz8B5	773xZHHSHJvC1z3AAtWgH6	63.0	2013	0.446	0.76	7.0	1.0	0.512	150.033	308388
onion::0Ev84ceMs40159oJ	0Ev84ceMs40159oJ	6NGvyhGjKSKkyN3yc4YNhD	46.0	2011	0.443	0.865	4.0	1.0	0.474	110.008	203880
onion::0GohjZ4zTigF1LeU	0GohjZ4zTigF1LeU	5fQBa4wkmq28xpSLOQ202K	60.0	2017	0.622	0.532	0.0	1.0	0.364	76.459	253587
onion::0IOVWAhbdf1CsekA	0IOVWAhbdf1CsekA	2gTnu5RZNVFVnWdjLnyUA5	51.0	1979	0.251	0.14800000000000002	0.0	1.0	0.0569	208.486	203361
onion::0JxOPeLv6rBhDdLJ	0JxOPeLv6rBhDdLJ	33BnSMHgX0AsbKSIbkuMwh	54.0	2011	0.775	0.281	10.0	0.0	0.0398	139.951	276720
onion::0L7SiX9rxLK9FaP5	0L7SiX9rxLK9FaP5	2OIca10vMnqiJyDELHiPJb	38.0	2008	0.218	0.995	11.0	1.0	0.162	158.441	435453
onion::0LilX8uubIxpMHiJ	0LilX8uubIxpMHiJ	6M4yg3BknyHmRnsvlkuHD5	50.0	1987	0.207	0.967	4.0	1.0	0.598	202.423	144973
onion::0RKIUAOJaWQNCWyz	0RKIUAOJaWQNCWyz	1lh3TnDpfNBNfLfOWghNnp	58.0	1994	0.762	0.654	10.0	1.0	0.925	102.059	208867
onion::0SfrHQUFwn6SA1YH	0SfrHQUFwn6SA1YH	4c4jJJoaiY21t2TyRZgdWS	68.0	1968	0.64	0.6509999999999999	4.0	0.0	0.8009999999999999	111.676	271573
onion::0TanEa2QCnKAedsL	0TanEa2QCnKAedsL	1KzNsOkpQthVwpCJrADJEQ	62.0	2017	0.745	0.7440000000000001	9.0	1.0	0.451	162.965	184964
onion::0XKrI3m6kDLxvSM1	0XKrI3m6kDLxvSM1	59kHPbwyyCApYA8RQQEuXm	64.0	1992	0.606	0.706	0.0	1.0	0.8190000000000001	174.533	148160
onion::0XLHpCpo3FwyjQN8	0XLHpCpo3FwyjQN8	6HFywc5eQYRRYHYTatCb5Y	61.0	2014	0.565	0.862	4.0	1.0	0.647	122.994	229040
onion::0Y5TcGlWJnW7IVdK	0Y5TcGlWJnW7IVdK	1ZPlNanZsJSPK5h9YZZFbZ	68.0	1984	0.773	0.6559999999999999	3.0	0.0	0.971	119.754	218627
onion::0YX2G4DtUgctpJXo	0YX2G4DtUgctpJXo	6fsLjItlUmbpl16SGi2COD	32.0	2009	0.74	0.871	10.0	0.0	0.541	106.694	828360
onion::0aPFuNIOJUF0vdxX	0aPFuNIOJUF0vdxX	7uEcCGtM1FBBGIhPozhJjv	65.0	1968	0.51	0.488	7.0	1.0	0.649	125.683	179613
onion::0gx2q0M2oRaSjKn1	0gx2q0M2oRaSjKn1	16Fp67kTFhH0XK5Cl6Oz7r	50.0	2002	0.38	0.797	8.0	1.0	0.206	118.64	366560
onion::0h8G1bhVFVP6G9Km	0h8G1bhVFVP6G9Km	33ZJkoSI4m9RzT4rZUthGn	38.0	2011	0.557	0.7090000000000001	1.0	0.0	0.154	119.959	240627
onion::0kLmYF9ryiLpl4Ik	0kLmYF9ryiLpl4Ik	67cdrrKC32SfLTcYMPDfcK	36.0	2012	0.713	0.7390000000000001	6.0	1.0	0.823	130.954	261653
onion::0ng9VQtWuSjd0arq	0ng9VQtWuSjd0arq	4G8gkOterJn0Ywt6uhqbhp	69.0	2012	0.448	0.784	9.0	1.0	0.236	136.245	186813
onion::0rrZTnbjrMnPs6bt	0rrZTnbjrMnPs6bt	3rBOkpPCniY6AxOIavGGsg	52.0	2016	0.64	0.394	0.0	1.0	0.477	159.95600000000005	281813
onion::0vd7SREH018NTDta	0vd7SREH018NTDta	0DAmSYQW9kq9gQNDI002KP	52.0	1971	0.405	0.152	0.0	1.0	0.383	61.34	245040
onion::0w6C7PaVa4nhg7D4	0w6C7PaVa4nhg7D4	5PaViyJwv0XJbCcrnBNuAt	50.0	2016	0.5589999999999999	0.452	0.0	0.0	0.197	80.038	177693
onion::0wosIeFRMmhokumK	0wosIeFRMmhokumK	7u93rCmIM9mBoT4mvfUBTZ	53.0	2006	0.289	0.955	0.0	0.0	0.252	163.947	228213
onion::0wwpblJ9JkW1sjpc	0wwpblJ9JkW1sjpc	39B9ZwF6pF0SA50QZewPon	29.0	2011	0.472	0.9	6.0	0.0	0.362	87.56	288018
onion::0yECeqcY1EWblSB0	0yECeqcY1EWblSB0	2Z8WuEywRWYTKe1NybPQEW	79.0	2015	0.645	0.713	6.0	1.0	0.5660000000000001	74.98899999999998	214507
onion::10hRWrYFSvhhgw6T	10hRWrYFSvhhgw6T	0H1OyEooZ5SzBYYdJEzxoy	54.0	2009	0.648	0.908	4.0	0.0	0.7929999999999999	131.14700000000002	228240
onion::12dt1sEhPPalH4lq	12dt1sEhPPalH4lq	26T7C1NMXKE7hCWhKH2l0o	44.0	2010	0.706	0.679	3.0	0.0	0.875	114.992	185360
onion::14ArRqgQVukeUKwW	14ArRqgQVukeUKwW	1JDIArrcepzWDTAWXdGYmP	64.0	2015	0.58	0.846	9.0	0.0	0.366	129.998	240000
onion::16RyPaV6dHRot8sb	16RyPaV6dHRot8sb	4KjdLo9JWJEKYoAJ8spkat	51.0	2007	0.474	0.902	2.0	1.0	0.279	96.342	209093
onion::17otFPiJfEVHYhNU	17otFPiJfEVHYhNU	714hERk9U1W8FMYkoC83CO	69.0	1975	0.7909999999999999	0.7340000000000001	5.0	1.0	0.962	105.854	244920
onion::18rt8qa4gtllA1g1	18rt8qa4gtllA1g1	0ZcQUwVyXgpUepJsvgOYgk	53.0	2015	0.5760000000000001	0.955	4.0	1.0	0.752	124.972	250973
onion::1AFxSR456HFd6MmV	1AFxSR456HFd6MmV	2OgVsp77En2nju8pnCieVU	67.0	1981	0.33	0.469	10.0	0.0	0.433	201.327	292067
onion::1FHsbrJnBPPP0g0k	1FHsbrJnBPPP0g0k	41LmqBEQojWdLobJyf2xjG	57.0	2017	0.428	0.511	5.0	0.0	0.33	143.684	177172
onion::1IWJeuGsgYWoKgj9	1IWJeuGsgYWoKgj9	5BviHXq4whioVM0HtkKBTf	20.0	2009	0.679	0.532	1.0	0.0	0.28800000000000003	116.932	167507
onion::1K7zJdVbFkvcaZiL	1K7zJdVbFkvcaZiL	4FQhTIpf3bnxGsCr0dHhtr	35.0	1986	0.6990000000000001	0.629	7.0	1.0	0.151	123.449	177427
onion::1KIcWXy82tt3vTBZ	1KIcWXy82tt3vTBZ	3Qa1T3utGYMPQ5lfALE0wq	17.0	1980	0.695	0.579	0.0	0.0	0.8490000000000001	135.721	212106
onion::1LVCIU4fWhE8ms3W	1LVCIU4fWhE8ms3W	7vTENp2sLS3sPY5z4npYNr	39.0	2005	0.805	0.371	7.0	0.0	0.8079999999999999	119.974	215481
onion::1QrsMIpx3nbyX75S	1QrsMIpx3nbyX75S	6c4T1Dz9hwK5xat7eh3g8o	47.0	2015	0.8009999999999999	0.857	6.0	1.0	0.551	117.007	274750
onion::1QviZMRbz8J4Ka5g	1QviZMRbz8J4Ka5g	05jYvY1QVYrTXvB9kecAtc	28.0	2015	0.5479999999999999	0.615	7.0	1.0	0.32	80.569	212360
onion::1SLIcf3T7zK09Tv8	1SLIcf3T7zK09Tv8	4i5CsAoHF8V6fL79WzEHzx	39.0	2005	0.387	0.412	0.0	1.0	0.113	100.879	156933
onion::1V431yH7cge7k1cL	1V431yH7cge7k1cL	0TUPxOcJc4R3PbWo8QwC3m	46.0	1968	0.322	0.227	6.0	1.0	0.218	182.843	278533
onion::1VtWYqp59eTfRKXY	1VtWYqp59eTfRKXY	3EY4O2ZQFIgVU4BSz5rSYx	35.0	2016	0.532	0.85	9.0	1.0	0.741	142.47	176520
onion::1ai2olK0wSUvotep	1ai2olK0wSUvotep	4ghtc1qkwPW5CIjYrac1MJ	35.0	2001	0.111	0.856	9.0	1.0	0.142	80.065	728333
onion::1lEaWer83bIH5NfT	1lEaWer83bIH5NfT	6Tc1dOhovSKFv3cP4IayOW	33.0	2019	0.358	0.883	9.0	1.0	0.34	137.113	317693
onion::1oZ5jT43O0m2kML5	1oZ5jT43O0m2kML5	0fbR95FEaJUxiQYaqZZukv	61.0	2017	0.607	0.7390000000000001	0.0	1.0	0.875	84.46700000000001	280787
onion::1p81fwDoJOVZuiTN	1p81fwDoJOVZuiTN	1acb8u70kClk6NjITaZyuG	48.0	2017	0.507	0.972	8.0	1.0	0.797	120.076	201760
onion::1r7K5QLOQqz8TcFh	1r7K5QLOQqz8TcFh	6QJCZyJv1fhkCyZA3lRoAD	65.0	1988	0.586	0.855	11.0	0.0	0.448	124.917	236333
onion::1rtul4j3ViHhsqLM	1rtul4j3ViHhsqLM	3MTPCu6bPvaVMYa8d79aSw	32.0	2017	0.368	0.6	9.0	1.0	0.0395	146.035	149938
onion::1xk9UiIg7VvCtJnW	1xk9UiIg7VvCtJnW	17yKsz2dbVEMuIt3M5OcxL	37.0	2017	0.524	0.986	11.0	0.0	0.0384	127.955	288867
onion::21UE9PZhrOcR0X3U	21UE9PZhrOcR0X3U	4KzYRLRdiqrbceTxFtHygg	34.0	1982	0.727	0.244	0.0	1.0	0.59	127.739	250587
onion::23UN2fpq2al7TXJb	23UN2fpq2al7TXJb	2Vfbf60Ujpom3Bcljzw7Dd	47.0	2010	0.454	0.867	0.0	1.0	0.67	168.97299999999996	214253
onion::271USGxw4UuxLQh4	271USGxw4UuxLQh4	2bPEmMFmuV7Szif2UmK1t8	52.0	2017	0.561	0.7240000000000001	3.0	1.0	0.5579999999999999	90.02	229667
onion::27PKLgZtrIgtNDce	27PKLgZtrIgtNDce	59Fhvzw9T3dcxTbGzbNvg2	34.0	1981	0.394	0.7759999999999999	9.0	1.0	0.6759999999999999	158.575	200000
onion::28gEuy7QQgp9gNNx	28gEuy7QQgp9gNNx	6UGHk2cmbDC1oidVjXcCKo	49.0	1981	0.528	0.921	2.0	1.0	0.298	144.368	370427
onion::2A6tS7Ej7L5eEW3Z	2A6tS7Ej7L5eEW3Z	73Pi2pRu7YV4rGOzTmJApV	13.0	2017	0.464	0.485	0.0	0.0	0.166	116.822	418316
onion::2DD2dhtxCLKmxff7	2DD2dhtxCLKmxff7	5x72ol5TLUO0ymkQr4JuWB	36.0	2005	0.7040000000000001	0.726	0.0	0.0	0.726	151.972	144987
onion::2GGoHq96n6nnoPRm	2GGoHq96n6nnoPRm	0ZJ3raOAZl4rZYVOAqIXjv	24.0	1983	0.389	0.8290000000000001	7.0	1.0	0.603	145.445	213107
onion::2GpfD9v8gTbPlf3e	2GpfD9v8gTbPlf3e	2kr6RNvbfi8ucPP4EtzAfR	26.0	2015	0.449	0.368	6.0	0.0	0.147	109.621	234152
onion::2HFsFMY433xQqSUM	2HFsFMY433xQqSUM	1H7zdcRD0gLGQY0w5ejGgX	60.0	2014	0.5589999999999999	0.871	5.0	0.0	0.573	104.976	213920
onion::2M7HbNZbLKiyVFDg	2M7HbNZbLKiyVFDg	0c03LEUpwW0O2tmt0dfktG	39.0	2003	0.331	0.8490000000000001	9.0	1.0	0.155	137.405	401187
onion::2MrFuWEi2SjRXR35	2MrFuWEi2SjRXR35	7Bxv0WL7UC6WwQpk9TzdMJ	54.0	2013	0.7020000000000001	0.297	10.0	0.0	0.0676	110.116	228507
onion::2PrZCSCgbDBYv8vl	2PrZCSCgbDBYv8vl	2aBxt229cbLDOvtL7Xbb9x	70.0	1995	0.649	0.531	4.0	1.0	0.488	78.946	258133
onion::2RcsNSMvmpugDVWf	2RcsNSMvmpugDVWf	184ImITRjcX2h1awZ4WVT1	41.0	1999	0.478	0.76	10.0	1.0	0.336	150.07399999999996	229867
onion::2XPjJSmbNHT3mqsq	2XPjJSmbNHT3mqsq	3Te8uLyit6X3ncNW8Fp3K2	70.0	2015	0.613	0.8740000000000001	2.0	1.0	0.5429999999999999	108.038	189387
onion::2XS4Mksu0ttYo73r	2XS4Mksu0ttYo73r	3ivqs39ibL7diQLRy5f1ex	41.0	2016	0.866	0.349	2.0	1.0	0.5539999999999999	110.02	163707
onion::2XWWI9xlZ78fcOQZ	2XWWI9xlZ78fcOQZ	57V4uc2b2diZ4RPHXWecb9	61.0	2014	0.539	0.179	7.0	1.0	0.145	140.01	198027
onion::2XyyURUsZsPTJet6	2XyyURUsZsPTJet6	67S4txTdRhXIulO1eevvME	45.0	2013	0.563	0.868	1.0	1.0	0.294	92.962	184537
onion::2dVEEzoMPhsZBQND	2dVEEzoMPhsZBQND	0gvjs4NDHjwlC8fyWoOTUz	34.0	1991	0.448	0.915	4.0	1.0	0.906	154.149	190573
onion::2dkKz73DoOTkZxjH	2dkKz73DoOTkZxjH	7eVnrWEXTTedaLxDTOYzuV	32.0	2017	0.643	0.785	0.0	1.0	0.361	112.969	244987
onion::2fMVrcGwcE2faINe	2fMVrcGwcE2faINe	2XwYeBzumtjxVbFWwhJpsy	53.0	1980	0.485	0.935	2.0	1.0	0.68	155.608	321800
onion::2grUYapeBrFyrYN7	2grUYapeBrFyrYN7	1eQXuEHvm3FPm0iSIJOEWk	29.0	2013	0.452	0.857	9.0	1.0	0.298	182.788	227627
onion::2gzdaeBJKLa49RjW	2gzdaeBJKLa49RjW	73PeJULcxI9PyIb1zlcOIo	20.0	2005	0.463	0.7340000000000001	6.0	0.0	0.35100000000000003	144.08700000000005	175693
onion::2ooQh9lqQnT8P6bS	2ooQh9lqQnT8P6bS	1tmRlF5pFo8G5OfJYUjWrR	48.0	2016	0.625	0.71	0.0	0.0	0.573	160.14700000000005	282732
onion::2q1unFTlSk9GG6Wn	2q1unFTlSk9GG6Wn	5vEE1d5gkv3pgfZyppLeX8	46.0	2010	0.224	0.925	11.0	0.0	0.378	138.02200000000002	132760
onion::2w6nDWjxoC1sCSuC	2w6nDWjxoC1sCSuC	5EJ19LKdjPEHJKBLlyNq1h	35.0	2013	0.389	0.868	7.0	1.0	0.4970000000000001	90.009	219386
onion::30t0E6VjzZNzBgIN	30t0E6VjzZNzBgIN	23oxJmDc1V9uLUSmN2LIvx	69.0	2003	0.486	0.904	6.0	0.0	0.7859999999999999	173.734	198267
onion::347Okpnj0JqWBA6W	347Okpnj0JqWBA6W	5INhgLY5BQfXAr61XPAoSq	52.0	2014	0.522	0.856	8.0	1.0	0.8759999999999999	167.734	295360
onion::34vBSohWZmZnZbCq	34vBSohWZmZnZbCq	1ixphys4A3NEXp6MDScfih	69.0	2015	0.6609999999999999	0.6509999999999999	7.0	0.0	0.368	87.46	202915
onion::384QbTcrmsb3DKiY	384QbTcrmsb3DKiY	6tDxrq4FxEL2q15y37tXT9	66.0	1995	0.773	0.542	6.0	1.0	0.31	84.124	280000
onion::393YyCL4dOzjeDXO	393YyCL4dOzjeDXO	1KLpjQFgubHI3GkAICCNH3	58.0	2004	0.526	0.774	5.0	1.0	0.715	131.715	150706
onion::39YdqZgV0dk86vFO	39YdqZgV0dk86vFO	06EL94D0TA27Ik0Ke5usbj	64.0	2013	0.644	0.879	5.0	0.0	0.83	82.51799999999999	227027
onion::3CMAkskNLzJlfREr	3CMAkskNLzJlfREr	0KAiuUOrLTIkzkpfpn9jb9	69.0	2012	0.765	0.8370000000000001	1.0	0.0	0.721	122.028	195973
onion::3ErV85kWuvu7qcD5	3ErV85kWuvu7qcD5	4qWCFTuNnmGNdY4egtb4ZY	70.0	2018	0.645	0.657	9.0	0.0	0.136	104.931	228227
onion::3F0FtztEXfHzblDe	3F0FtztEXfHzblDe	0Z0s6dw0zw2ENU1gVjlLV6	50.0	1982	0.513	0.838	11.0	0.0	0.428	133.287	334733
onion::3HDWcbqiTkira9kn	3HDWcbqiTkira9kn	0n7d3no0cHnsnkgfFzDuj4	50.0	2001	0.461	0.936	9.0	1.0	0.484	184.18400000000003	243507
onion::3HHUCsecgSSZc1L4	3HHUCsecgSSZc1L4	7GLqxrkceMlnw2OMZleOeg	40.0	2018	0.8170000000000001	0.463	6.0	1.0	0.956	115.989	130917
onion::3Idf0Ywuvnl3yAgy	3Idf0Ywuvnl3yAgy	7gqIu1VejwZG3GasjUxeG6	35.0	2013	0.364	0.711	1.0	0.0	0.431	200.739	177560
onion::3LMrs5V0yYBs47qc	3LMrs5V0yYBs47qc	74BIr8H03lr5L6LZ1friIa	56.0	2017	0.835	0.521	5.0	0.0	0.211	158.923	147427
onion::3NMztCunn5w05vzy	3NMztCunn5w05vzy	1crbFuCkGL4kXnAGd63RXq	51.0	2005	0.579	0.662	9.0	1.0	0.574	102.951	203733
onion::3OWPc4okLT83N1tr	3OWPc4okLT83N1tr	61P1PWElJfgK4JUlBZiOkA	36.0	2001	0.522	0.12	2.0	1.0	0.237	154.357	293693
onion::3OYGrSVx0Ogp4EX6	3OYGrSVx0Ogp4EX6	0Aqq7XzLITjuOXTyOKNrMo	24.0	2006	0.399	0.98	1.0	1.0	0.185	110.047	198960
onion::3RHbXrHmErjoHEky	3RHbXrHmErjoHEky	6EapmpsWuGEvrPIJREv17s	35.0	2016	0.386	0.544	2.0	1.0	0.458	139.54399999999998	288920
onion::3SD0dkASvfbU4RoX	3SD0dkASvfbU4RoX	3lPn81PFyKvXiyHhlkwkQ4	59.0	2015	0.271	0.903	6.0	0.0	0.22	147.159	274133
onion::3WaXYrE8QXfL6dcW	3WaXYrE8QXfL6dcW	6W7g1KDTziowi8eHHvibg8	35.0	2013	0.397	0.961	0.0	1.0	0.5820000000000001	76.42699999999998	76293
onion::3WbLHly5FdqBrZeo	3WbLHly5FdqBrZeo	1ZWLWVqeEMWMKTlteS0yLH	63.0	2015	0.546	0.657	1.0	1.0	0.361	133.188	196933
onion::3Y38upRWxIOVg0Uq	3Y38upRWxIOVg0Uq	751gBcu62kORDelX7FV0mM	57.0	1999	0.722	0.595	1.0	0.0	0.738	79.98	217827
onion::3ddGJ4TmenmyC5Fj	3ddGJ4TmenmyC5Fj	6eT7xZZlB2mwyzJ2sUKG6w	76.0	2016	0.675	0.562	7.0	1.0	0.309	130.09799999999998	256533
onion::3g70a1c5v6S6dbrl	3g70a1c5v6S6dbrl	5z1Yde01fIsC6NaswUXbDI	49.0	2017	0.593	0.506	2.0	1.0	0.378	91.273	250267
onion::3lo7TK4euI2eG5lT	3lo7TK4euI2eG5lT	3xs5OAP8sEBJo8DKIZ1WnJ	40.0	2016	0.662	0.8640000000000001	7.0	1.0	0.306	100.003	188173
onion::3oJflRW3ftkj1IYu	3oJflRW3ftkj1IYu	2VEZx7NWsZ1D0eJ4uv5Fym	60.0	2001	0.644	0.664	9.0	1.0	0.53	124.726	301373
onion::3qUCyk5yGaWFv5Gk	3qUCyk5yGaWFv5Gk	0mkhq75p0pzploX7Gl9BFh	16.0	2000	0.563	0.898	10.0	1.0	0.731	148.9	240133
onion::3s3OGyFZzcIQlAt9	3s3OGyFZzcIQlAt9	2HrgY8IeC2nE5Hrr17jIii	33.0	2011	0.308	0.337	1.0	1.0	0.21	111.556	150680
onion::3shrACNQQ5eeQEAO	3shrACNQQ5eeQEAO	3wFLWP0FcIqHK1wb1CPthQ	73.0	2019	0.45	0.619	9.0	1.0	0.4270000000000001	83.3	208880
onion::3tNQWrL8rYL7zBmY	3tNQWrL8rYL7zBmY	5JeZZtqY0loM9UHQVIChby	39.0	2011	0.214	0.182	8.0	1.0	0.104	143.171	174867
onion::3uGoCwKU19pVGm08	3uGoCwKU19pVGm08	0nJdcCGiQ1mKKTq8yaUCiH	49.0	2018	0.324	0.7879999999999999	1.0	1.0	0.236	104.996	225400
onion::3vbtwqhpTpQXYKs5	3vbtwqhpTpQXYKs5	0SuG9kyzGRpDqrCWtgD6Lq	71.0	2011	0.526	0.328	1.0	1.0	0.11	116.068	526387
onion::3xvGGMBJCzfNTzUY	3xvGGMBJCzfNTzUY	5NShvMH3lRmQPW4qc0hYKY	34.0	1998	0.721	0.295	8.0	1.0	0.452	107.807	174533
onion::41pnZaI0JxiJpri1	41pnZaI0JxiJpri1	1jugG2ptzEPcLUxSbCiY4A	30.0	2012	0.644	0.878	9.0	0.0	0.573	140.028	231760
onion::43BuB9MtwpIgdzDN	43BuB9MtwpIgdzDN	6dDcfbMUFkFDk6x93kITY7	41.0	1994	0.735	0.457	8.0	0.0	0.334	136.138	304107
onion::44GMCQg3Fn0fUOqg	44GMCQg3Fn0fUOqg	2ctjDCCg1wHoQSjIJ8p6U4	55.0	2014	0.897	0.8640000000000001	11.0	0.0	0.542	95.981	207627
onion::457zeAGLYdmg7aYw	457zeAGLYdmg7aYw	1c5KZhtOAOH7eFOlBekNhS	57.0	1982	0.6779999999999999	0.735	9.0	1.0	0.775	174.991	279399
onion::48VdPLCPJnZaYlBX	48VdPLCPJnZaYlBX	5TpPSTItCwtZ8Sltr3vdzm	45.0	2009	0.556	0.486	2.0	1.0	0.243	119.955	236533
onion::4CErT0XGCT9rqVQA	4CErT0XGCT9rqVQA	1YdbiBOWvFUi6Zko3HXyEG	43.0	2007	0.518	0.932	10.0	0.0	0.279	126.94	298587
onion::4D0c5jMxcaQGMsKO	4D0c5jMxcaQGMsKO	0XGiCdsCrUZmImVOEM6HMn	44.0	2018	0.647	0.409	6.0	0.0	0.11	113.906	166184
onion::4EjXcFfyGb8U1lb9	4EjXcFfyGb8U1lb9	53Y6CfiSLbZyHpY9Cm39WM	43.0	2006	0.5479999999999999	0.779	4.0	0.0	0.17600000000000002	143.881	324907
onion::4HGggyltc2DcUqYj	4HGggyltc2DcUqYj	6xW8HRiBYiMu8tHpuWRD8k	25.0	2004	0.26	0.924	6.0	1.0	0.545	188.077	211973
onion::4IiknhfE7MX87bpJ	4IiknhfE7MX87bpJ	6FhB5ZyT4JsIJ0ozDlXCIp	55.0	2012	0.503	0.921	8.0	0.0	0.359	121.983	221160
onion::4IuSbTUBgzThz8uI	4IuSbTUBgzThz8uI	3kKVqFF4pv4EXeQe428zl2	53.0	1994	0.5770000000000001	0.421	4.0	1.0	0.737	168.009	471560
onion::4MMCSUPw4ybpd0i8	4MMCSUPw4ybpd0i8	3MLtopC0uho28PxZN7Zecy	63.0	2013	0.84	0.608	6.0	1.0	0.727	115.012	231320
onion::4NTs38Oec0JrCQFz	4NTs38Oec0JrCQFz	5YaLFRpqpUzgLLDcukNn0H	57.0	2006	0.483	0.631	10.0	0.0	0.212	117.993	224107
onion::4Qrv825yF8YcDqF0	4Qrv825yF8YcDqF0	2wAJTrFhCnQyNSD3oUgTZO	70.0	2011	0.831	0.4270000000000001	2.0	1.0	0.21600000000000005	93.004	235320
onion::4R1LOOq2sAnvmUhS	4R1LOOq2sAnvmUhS	6eygbzyL6hY8jFQTARDuo9	62.0	2017	0.6579999999999999	0.46	6.0	0.0	0.223	114.801	164710
onion::4S5TzGUyoD3frg8B	4S5TzGUyoD3frg8B	665Jxlgi1HamPKbW1vwzx4	64.0	1984	0.706	0.322	5.0	1.0	0.305	135.154	221133
onion::4S8s0vwC5BSH2Npt	4S8s0vwC5BSH2Npt	5eJmLtUQ4oBY7GQSXXsOfG	27.0	2017	0.716	0.794	7.0	1.0	0.843	149.98	181777
onion::4W3D6JZ2XeBFekMk	4W3D6JZ2XeBFekMk	6CiPGcWJ3YykntxFjaaOJH	34.0	2012	0.336	0.944	9.0	0.0	0.384	151.564	310387
onion::4bwo9eFS7kpKIyCk	4bwo9eFS7kpKIyCk	3KwwE4sgCzMaKWq6QBebmX	68.0	2017	0.934	0.6940000000000001	11.0	0.0	0.835	123.829	181240
onion::4e68v4JTM9gzdlb7	4e68v4JTM9gzdlb7	7JapIbw0DdMY8FZfS3sTtd	28.0	1995	0.35	0.395	11.0	0.0	0.28	94.337	358933
onion::4fQy322KQGMmKyyD	4fQy322KQGMmKyyD	4AmcmraFjVzFb9SQDNTRyl	60.0	2013	0.4	0.525	0.0	1.0	0.408	146.977	253013
onion::4gO7mQOVITAklJOx	4gO7mQOVITAklJOx	1ubvV5ECkm6nSI6g1HmbBK	48.0	2010	0.589	0.47	4.0	1.0	0.102	119.386	403920
onion::4k7d5ZDGW7ji9Wgq	4k7d5ZDGW7ji9Wgq	4Fpsa3pYc3gozrxHRRPvR6	54.0	1998	0.561	0.909	3.0	1.0	0.71	127.172	320693
onion::4n8JcDsvrfZjIDlu	4n8JcDsvrfZjIDlu	17FK4etx1u2NK60cptINMS	68.0	2019	0.626	0.639	10.0	1.0	0.638	144.009	212783
onion::4nH74iwvQxuGWrMv	4nH74iwvQxuGWrMv	3Q17BTJ1pOOE139fV3OefK	29.0	2007	0.653	0.954	5.0	1.0	0.971	127.02	298013
onion::4qXuDgBO2q1AELxe	4qXuDgBO2q1AELxe	5ZaVrRNqXcNDUj8RWhfv06	42.0	2014	0.706	0.88	0.0	1.0	0.7390000000000001	125.994	202347
onion::4rxZU0ggClzaRBSZ	4rxZU0ggClzaRBSZ	0LlASmgBDotmig07p6j0YZ	27.0	1995	0.341	0.534	2.0	1.0	0.314	113.857	297040
onion::4tLCY2BMGU7mPi4V	4tLCY2BMGU7mPi4V	1bqrRn1pJWowNLA5N9L6uW	55.0	2015	0.5429999999999999	0.907	6.0	0.0	0.616	80.5	262213
onion::4xW5PHZraUlOQSY7	4xW5PHZraUlOQSY7	1TwLKNsCnhi1HxbIi4bAW0	70.0	2014	0.747	0.861	8.0	1.0	0.8590000000000001	103.966	190240
onion::4ynKDzjeGGkq8JOt	4ynKDzjeGGkq8JOt	10RQKVSr4rS0coExTmi4dF	55.0	2014	0.451	0.893	7.0	1.0	0.0971	139.763	238173
onion::50Fs9Gagh8bCBnOE	50Fs9Gagh8bCBnOE	7MuvsYvmpO4dGBjtW0TWlU	34.0	2016	0.156	0.934	2.0	0.0	0.203	177.082	319987
onion::50o7VBkQApF5C6nb	50o7VBkQApF5C6nb	2AgwHCE9KGRvA8ftSA15td	24.0	2016	0.394	0.6809999999999999	1.0	0.0	0.134	68.017	85200
onion::53sECkBeNy9mkUNy	53sECkBeNy9mkUNy	1eamsmwcYYhJwTgMFdQ6YN	51.0	1982	0.8809999999999999	0.546	7.0	1.0	0.852	102.814	320413
onion::56jKcjdbT4P4mBY6	56jKcjdbT4P4mBY6	6TpZ9vYv48GTNnPKRFEdZd	26.0	1981	0.534	0.251	0.0	0.0	0.494	104.577	127093
onion::57hqkyEdEfeAP3aK	57hqkyEdEfeAP3aK	3BZGi1yUqQyCNC868AqUGG	62.0	1984	0.748	0.414	2.0	0.0	0.239	97.646	286160
onion::58hKf3RzL7dpuFLE	58hKf3RzL7dpuFLE	6Zbv79YWB0iZSXwIwEsIOP	40.0	2004	0.416	0.883	10.0	1.0	0.7879999999999999	178.33	179467
onion::5CAnQm4nNmLwra59	5CAnQm4nNmLwra59	1szDksEZ8FUIESuhvoi2yN	36.0	1984	0.481	0.469	11.0	1.0	0.65	170.21900000000005	142400
onion::5FxUnWtir0cTz5NO	5FxUnWtir0cTz5NO	5qGwqO0lkbBXw4xNfzT7SF	63.0	1997	0.556	0.993	1.0	1.0	0.7020000000000001	124.016	173667
onion::5GSd1v6vniYTia3x	5GSd1v6vniYTia3x	4UEo1b0wWrtHMC8bVqPiH8	68.0	2010	0.5539999999999999	0.949	2.0	1.0	0.233	129.984	374453
onion::5HUdnm6uceG7GqPn	5HUdnm6uceG7GqPn	5O7dUF7P1HJ7tvGxSdNV2B	34.0	2011	0.585	0.951	6.0	1.0	0.5329999999999999	125.028	171267
onion::5JaBO2JoOR7Is2qC	5JaBO2JoOR7Is2qC	7v9Q0dAb9t7h8gJOkcJHay	57.0	2001	0.8740000000000001	0.4370000000000001	1.0	0.0	0.963	117.79	240173
onion::5MWFTTFfAD2l1rQC	5MWFTTFfAD2l1rQC	7urrOzZPpZn5egCG7dpzim	34.0	2011	0.6459999999999999	0.685	11.0	1.0	0.373	107.93	213893
onion::5OlhxWshNx0HyQBd	5OlhxWshNx0HyQBd	5B8sDKrg4VN8etjH0vFz40	41.0	1987	0.593	0.887	11.0	0.0	0.669	118.402	289733
onion::5PK4LjA3OtxZZ1A9	5PK4LjA3OtxZZ1A9	3yubyWatnRRLHkIsN1ZI2Q	43.0	1996	0.539	0.762	4.0	0.0	0.6609999999999999	114.08	228827
onion::5SWyVIoi6jTw96Qg	5SWyVIoi6jTw96Qg	6DR4rQ3pSQq9N8vMa0l8mR	38.0	2008	0.295	0.967	1.0	0.0	0.254	149.99	200747
onion::5UBFCEwRgYcabfj3	5UBFCEwRgYcabfj3	5IWmdl33NNTLsKlLT6WSlh	51.0	2011	0.534	0.487	10.0	1.0	0.237	112.989	200227
onion::5Wv2GSwBdQfdei32	5Wv2GSwBdQfdei32	24y3tSyLdRbpVsKhQrR2oj	42.0	2007	0.514	0.91	7.0	0.0	0.472	145.907	217293
onion::5Zn834QHgvahleW7	5Zn834QHgvahleW7	1L0EA6BegmM4KMwTHmSHux	42.0	2011	0.514	0.911	10.0	1.0	0.327	109.964	249520
onion::5iIhIXkBKKUfmA13	5iIhIXkBKKUfmA13	6GunQhmb8r8moK4kSeIH6D	26.0	2007	0.547	0.868	11.0	0.0	0.166	120.002	211133
onion::5jZHy79cR5ZQwCZa	5jZHy79cR5ZQwCZa	3le4ECmJTUNXYLsGjQYSXi	56.0	2013	0.376	0.877	7.0	1.0	0.168	74.954	229250
onion::5kRRzFRjQDMeKZh5	5kRRzFRjQDMeKZh5	3Vh78q9eFOmMZXKVfVJuAj	29.0	2007	0.412	0.6509999999999999	10.0	1.0	0.234	98.343	282840
onion::5lkZg4aNjP8qnOu1	5lkZg4aNjP8qnOu1	7D0RhFcb3CrfPuTJ0obrod	59.0	2000	0.371	0.268	1.0	1.0	0.165	102.623	227093
onion::5lrdABso6kDuaUiH	5lrdABso6kDuaUiH	22v9ZVkWWAYjderL7ZWuuH	50.0	2012	0.569	0.5720000000000001	6.0	1.0	0.6579999999999999	110.031	234000
onion::5puEuHuDvFBi7Qj2	5puEuHuDvFBi7Qj2	5QUEfVhkdt6uCQscyf1EhS	30.0	2017	0.6629999999999999	0.735	8.0	1.0	0.418	114.018	234653
onion::5qRkaB6Mlf8VQuIo	5qRkaB6Mlf8VQuIo	5Zyv0v4rPcrXjkaeImuodv	47.0	1967	0.316	0.7559999999999999	8.0	1.0	0.332	165.963	221827
onion::5yQvjEQ6fQqLGWfU	5yQvjEQ6fQqLGWfU	35xhUVmNUaBvkUuRvGKeSO	20.0	2012	0.226	0.962	8.0	1.0	0.181	160.349	112153
onion::62aYfkFL4ifVIwfx	62aYfkFL4ifVIwfx	0uIqV0X1M1vjti0ubMOInt	35.0	1984	0.6729999999999999	0.792	5.0	1.0	0.971	150.235	252373
onion::62xhTJSOzUh31xM6	62xhTJSOzUh31xM6	7CfCkdTNWFQDopWol8SWYQ	34.0	1976	0.594	0.243	8.0	0.0	0.7559999999999999	108.439	147200
onion::66bMJ4bKqLx5nT2C	66bMJ4bKqLx5nT2C	5e0ozDjIRDuitUuekiF6ns	39.0	1983	0.5760000000000001	0.86	2.0	1.0	0.757	128.543	300800
onion::6DwzPznhYUCUe4Ud	6DwzPznhYUCUe4Ud	3850dYVgOFIXJh5U4BFEWH	65.0	2005	0.649	0.647	9.0	0.0	0.405	125.02	337733
onion::6DxGXg72FfNt9YcS	6DxGXg72FfNt9YcS	6of8SnWWABhtnPslanrJhh	35.0	2012	0.342	0.948	0.0	1.0	0.336	75.251	188053
onion::6G5PTMXvrIMuXyib	6G5PTMXvrIMuXyib	0qtK3XwbuG153dmwB8iepL	66.0	2017	0.449	0.434	1.0	1.0	0.371	78.57	224893
onion::6JpYE1rq6XgoW9ij	6JpYE1rq6XgoW9ij	1N7Aep1OewK9diaN9WbuuR	53.0	2016	0.581	0.922	1.0	0.0	0.596	118.408	191545
onion::6Lf6L2GMOBrZUTvJ	6Lf6L2GMOBrZUTvJ	1vZKP9XURuqMp1SpXGnoyb	40.0	2011	0.7040000000000001	0.103	5.0	0.0	0.469	84.51100000000002	206507
onion::6RHLOKbCV6BT3s1o	6RHLOKbCV6BT3s1o	125dAqUSmX1nOG50fBz9vb	53.0	1998	0.721	0.289	0.0	0.0	0.508	119.873	272560
onion::6UbZl1t1dY2BnJsw	6UbZl1t1dY2BnJsw	3JZDax8w9XaM2SXVim3lxd	34.0	1980	0.585	0.737	2.0	1.0	0.629	126.62	277133
onion::6Wa3pHMOGYEw6OQx	6Wa3pHMOGYEw6OQx	2EvwLVrnYbCZEG6Kx5DCRy	60.0	2007	0.769	0.638	11.0	1.0	0.782	115.007	212107
onion::6YdzDwnoQ34wZoyv	6YdzDwnoQ34wZoyv	2vdBo4ALPYbHRUPKgtE5iC	72.0	2019	0.287	0.364	9.0	1.0	0.11	103.777	271467
onion::6avDvC82LLM2yije	6avDvC82LLM2yije	6N9uyMZf9pbNOuomveWscp	58.0	1994	0.703	0.469	11.0	0.0	0.6609999999999999	86.038	291667
onion::6b5RJWnWJXeTXATh	6b5RJWnWJXeTXATh	1GErReAT0swX36x3O8GyQn	54.0	2004	0.3720000000000001	0.975	10.0	1.0	0.467	162.967	181027
onion::6d0O6zBWVlZ4OEla	6d0O6zBWVlZ4OEla	3K7xYRXPFDVyen7cZF5Zk2	60.0	2016	0.7040000000000001	0.713	7.0	1.0	0.5920000000000001	99.301	165773
onion::6h80Ld7gYsfaRlJn	6h80Ld7gYsfaRlJn	7cMFjxhbXBpOlais7KMF3j	57.0	2001	0.669	0.743	7.0	1.0	0.279	119.882	227867
onion::6jxhsZz4CbWhnjMq	6jxhsZz4CbWhnjMq	0LSux441PXL5WsVo5nTcER	31.0	2013	0.33	0.871	2.0	1.0	0.369	149.335	162107
onion::6o2mMWib3okSzD77	6o2mMWib3okSzD77	0SA903LGHxe4ExdRY2SqVH	64.0	2018	0.262	0.789	10.0	1.0	0.487	171.009	199357
onion::6pdbEwVFE1Rz1XNk	6pdbEwVFE1Rz1XNk	2Ud3deeqLAG988pfW0Kwcl	57.0	2007	0.701	0.7879999999999999	2.0	1.0	0.795	142.584	462267
onion::6qNbHN2lGfuVydmr	6qNbHN2lGfuVydmr	2DVkYfl2YuOMlRfC98srEG	49.0	1979	0.568	0.413	7.0	1.0	0.667	75.866	237098
onion::6qkBRUTftKj9QkyX	6qkBRUTftKj9QkyX	64VLqyvVCCAXyqKCqs40z8	47.0	2014	0.46	0.982	2.0	0.0	0.267	112.507	380613
onion::6sUE7Mf0a49mHeJr	6sUE7Mf0a49mHeJr	0XRbYXQUymj9SJkrr8YK5B	65.0	1993	0.636	0.731	4.0	1.0	0.61	86.15	262507
onion::6urvk94d6y3xZpvq	6urvk94d6y3xZpvq	5ihS6UUlyQAfmp48eSkxuQ	74.0	1975	0.414	0.161	7.0	0.0	0.423	159.375	199493
onion::6vKQhLVmnH9prxNT	6vKQhLVmnH9prxNT	51ChrwmUPDJvedPQnIU8Ls	75.0	2017	0.7609999999999999	0.386	4.0	1.0	0.526	134.94299999999998	238440
onion::6yDRqTpLzUxIEMN2	6yDRqTpLzUxIEMN2	47EqCQZG5v4o0WFMufGf5S	59.0	2005	0.377	0.99	1.0	1.0	0.7609999999999999	110.706	131707
onion::72Pt7tpNHlahAZiq	72Pt7tpNHlahAZiq	2GNkR4EfPnXi0zRl5A89ky	50.0	2013	0.267	0.981	5.0	1.0	0.456	188.181	209021
onion::77OA9PHzpo7VYXSn	77OA9PHzpo7VYXSn	0IVkP59yJ9GFF6B7IrvrxA	49.0	1999	0.715	0.446	0.0	1.0	0.845	140.969	219267
onion::78OOiVsxDQo3BH3U	78OOiVsxDQo3BH3U	1FBuZzEpuLvmcFBumBLBxp	27.0	2016	0.644	0.952	9.0	0.0	0.74	115.012	179307
onion::78XDhPEcFuLGxB4t	78XDhPEcFuLGxB4t	17yrCsl1Ai6CZLBmGj6d6p	56.0	2016	0.201	0.7240000000000001	0.0	1.0	0.16699999999999998	154.395	158478
onion::7AqSdSeZxPpOYcl3	7AqSdSeZxPpOYcl3	6wmAHw1szh5RCKSRjiXhPe	73.0	2018	0.845	0.561	1.0	0.0	0.8109999999999999	109.974	200853
onion::7ELJ2sVO3n3mZHVM	7ELJ2sVO3n3mZHVM	2JuasWPUodaUxf5nwNpciQ	64.0	1994	0.384	0.562	3.0	0.0	0.159	136.094	259200
onion::7Eanr6RbbsFL4KSn	7Eanr6RbbsFL4KSn	5vnpANH92iEajvGwE2oQ6r	72.0	2018	0.701	0.512	0.0	0.0	0.6629999999999999	91.947	223583
onion::7G9IqL1VPeEgmpC0	7G9IqL1VPeEgmpC0	3lcuERI7leyYwfFGv1ZP5e	51.0	2015	0.242	0.746	2.0	1.0	0.128	127.997	234255
onion::7I0SNqYAVs4StrdH	7I0SNqYAVs4StrdH	0afhq8XCExXpqazXczTSve	78.0	2017	0.624	0.8759999999999999	9.0	1.0	0.7809999999999999	99.943	170827
onion::7KG9VYeMEzp4Z7ej	7KG9VYeMEzp4Z7ej	7iQmD0bfguAQOpU1V3Bp8w	42.0	2017	0.429	0.974	1.0	1.0	0.7240000000000001	137.01	234880
onion::7KYwahY7P1wW7pZw	7KYwahY7P1wW7pZw	7DjI5foCQ3UReMqFAdZWTL	35.0	2019	0.805	0.852	10.0	1.0	0.743	130.056	203634
onion::7PAc0qJBlSzW7Jlc	7PAc0qJBlSzW7Jlc	5c6gkexa2eWCCBmEb0zXCZ	53.0	1993	0.726	0.861	6.0	1.0	0.457	98.501	286933
onion::7Qumm8N7qnP1Rh91	7Qumm8N7qnP1Rh91	2jQiSYrwJehQAcuaaQrXnS	62.0	2015	0.422	0.609	11.0	0.0	0.0911	107.34	230011
onion::7T18G9fVXZigDZbv	7T18G9fVXZigDZbv	4rfaoyaZvNa60cj3OKSQV9	66.0	2013	0.69	0.6779999999999999	0.0	1.0	0.409	173.995	239015
onion::7VoOnizOYv4SAGnG	7VoOnizOYv4SAGnG	3Pu3IChaAoa5EjgUBv5F6x	56.0	1974	0.644	0.799	4.0	0.0	0.889	108.382	246573
onion::7Wp6f2RMVmVSE0Jc	7Wp6f2RMVmVSE0Jc	5rcQP5fQvW3EMUzrqrFk09	13.0	1981	0.326	0.947	7.0	1.0	0.504	159.687	246360
onion::7ZWYHGyYOGTOW56R	7ZWYHGyYOGTOW56R	485YdTIKZdYMvE3tYAHZE4	33.0	2013	0.273	0.963	9.0	1.0	0.159	113.93	120667
onion::7gREcvboJICSdDU4	7gREcvboJICSdDU4	4c37fNeMZH98oIqGYVGF0o	42.0	2016	0.54	0.662	2.0	1.0	0.0753	112.98	379100
onion::7kVURZXnP9Qtb7Ib	7kVURZXnP9Qtb7Ib	7wZUrN8oemZfsEd1CGkbXE	75.0	2007	0.638	0.6559999999999999	5.0	1.0	0.225	104.036	262467
onion::7kY3WMJTP9n4NOT8	7kY3WMJTP9n4NOT8	6AirEKLAv80bFaIDKpMi7I	52.0	2012	0.451	0.573	6.0	0.0	0.087	85.921	340333
onion::7l0CwxkuMdLMOpXV	7l0CwxkuMdLMOpXV	1VNWaY3uNfoeWqb5U8x2QX	68.0	2005	0.47	0.7959999999999999	8.0	0.0	0.215	113.108	167907
onion::7odjQ42LYqAkssJk	7odjQ42LYqAkssJk	6NQ9hBc6yra6j9fMbnMTS7	32.0	1993	0.481	0.928	11.0	0.0	0.479	125.904	184427
onion::7sViomGHVs9tvT1T	7sViomGHVs9tvT1T	5ukZlGN2l9WFC0kguXNMwv	42.0	2019	0.784	0.746	2.0	1.0	0.748	124.047	233049
onion::7uv8N33Pw7sNtlvS	7uv8N33Pw7sNtlvS	2akjLHnHjDGsgqxuf48VYs	59.0	2011	0.8029999999999999	0.47	6.0	0.0	0.887	121.226	290173
onion::7v1JDazhq1RhTjAl	7v1JDazhq1RhTjAl	18JKvOJ3cXbGUePQWT3bLW	54.0	2010	0.598	0.737	0.0	1.0	0.503	120.048	200209
onion::7wNukQj1LDsr3JkU	7wNukQj1LDsr3JkU	72dIN8F7D5ydB3auSqNi84	43.0	2017	0.449	0.35700000000000004	1.0	1.0	0.17800000000000002	66.979	419093
onion::7wOljwtrC5BiovLj	7wOljwtrC5BiovLj	3iA4foXIFpekwHyma7pRs1	50.0	1983	0.6459999999999999	0.809	1.0	0.0	0.588	139.2	229467
onion::7ww20ceSKgGu9PhG	7ww20ceSKgGu9PhG	46RVIZHY0PgIHT4Wbj1Swr	41.0	1966	0.416	0.4320000000000001	2.0	1.0	0.619	111.599	158933
onion::7ybFOESP4YA8HJ5Q	7ybFOESP4YA8HJ5Q	5cCAZS9VhLGEDV4NCfieeg	60.0	2011	0.696	0.546	5.0	1.0	0.787	130.002	210267
onion::7zgmygsMyZS0OtFz	7zgmygsMyZS0OtFz	5mGmtYDSXbtEw1xAwF7RVK	31.0	2014	0.782	0.473	5.0	1.0	0.32	93.978	248440
onion::80LS3ppeVurlHCgr	80LS3ppeVurlHCgr	6JNJERZGJwDVgkmbohBw7u	67.0	1984	0.8140000000000001	0.6859999999999999	6.0	0.0	0.779	106.68	246440
onion::828V5aP6tVssWMuX	828V5aP6tVssWMuX	14tNNpoHgVDU8es3Xr7ZWN	46.0	2010	0.623	0.938	4.0	1.0	0.918	163.929	185787
onion::82c4ykUn9iZZw9gt	82c4ykUn9iZZw9gt	59CLe8stbcx4XYBWdsfbwK	52.0	1978	0.449	0.92	2.0	1.0	0.85	162.25	217364
onion::873PHsocsWzooGbq	873PHsocsWzooGbq	0Nt9OgNZ856RjKIPldNRf9	54.0	2017	0.677	0.434	5.0	1.0	0.242	111.007	260213
onion::87Ct1HWIQ8QBLuP9	87Ct1HWIQ8QBLuP9	7dt6x5M1jzdTEt8oCbisTK	85.0	2018	0.68	0.563	10.0	1.0	0.374	145.028	231267
onion::87uGSydAWWfdKmOi	87uGSydAWWfdKmOi	7LZN7FkxHZk6maiN6NdI2i	61.0	2016	0.604	0.655	9.0	1.0	0.59	115.038	180413
onion::89m9K4zkcXUHp4r7	89m9K4zkcXUHp4r7	39eFFeKv7QaTBIukk7TYVu	47.0	1973	0.5670000000000001	0.273	9.0	0.0	0.302	81.726	244440
onion::8AomBTz4D8Rq2PSN	8AomBTz4D8Rq2PSN	5OLjhk2db14wAFMmWjrxGw	48.0	1996	0.679	0.513	7.0	1.0	0.5539999999999999	114.225	241027
onion::8Ce5Lmb5HaZ77nhd	8Ce5Lmb5HaZ77nhd	6YuBA0OqrYdgRGNuYSlb3R	43.0	2015	0.501	0.969	1.0	1.0	0.3	107.391	157880
onion::8DLjoqzwfSSwozDZ	8DLjoqzwfSSwozDZ	3JpaL6FMH9kjVWMA1mTmRl	42.0	1983	0.617	0.86	11.0	0.0	0.7390000000000001	115.727	259933
onion::8FRtvOKGmvhiSygs	8FRtvOKGmvhiSygs	1z3ugFmUKoCzGsI6jdY4Ci	68.0	2009	0.624	0.8420000000000001	5.0	1.0	0.257	111.037	342680
onion::8HSf0zHdb0G5lR0N	8HSf0zHdb0G5lR0N	34dkZZNQJzEJRqPkywYmEY	39.0	2008	0.365	0.172	9.0	1.0	0.0369	74.53	472696
onion::8NHruLIbXvrIKrAY	8NHruLIbXvrIKrAY	5WEqLAkxFbCF5pKWME9sQ9	29.0	1984	0.873	0.628	0.0	0.0	0.4	122.016	249867
onion::8VTlaVyNM9E3iTsb	8VTlaVyNM9E3iTsb	7jP7iCJ1cXVXYHWIkYtP6d	50.0	2012	0.514	0.742	8.0	1.0	0.47	101.0	246453
onion::8VtphbDg4uDAYiXo	8VtphbDg4uDAYiXo	2m8MwTvNHBYIqieOoQeyuY	50.0	1988	0.303	0.0861	10.0	1.0	0.0401	135.452	144242
onion::8XRNX71c82VJJbVE	8XRNX71c82VJJbVE	61LtVmmkGr8P9I2tSPvdpf	60.0	2011	0.846	0.438	11.0	1.0	0.512	85.01299999999998	237480
onion::8YG54cfyhByNPhN9	8YG54cfyhByNPhN9	4u26EevCNXMhlvE1xFBJwX	64.0	2010	0.606	0.4970000000000001	4.0	1.0	0.362	130.739	222773
onion::8YpfMh9qV3Wb7GdR	8YpfMh9qV3Wb7GdR	7ueMtBY5caVZM5FocVzOv7	38.0	1970	0.371	0.695	9.0	1.0	0.7070000000000001	142.066	142000
onion::8d0cjSQuymh7oUWN	8d0cjSQuymh7oUWN	4g3QZlvz39UllCcRXDZ0Do	59.0	2008	0.278	0.985	11.0	1.0	0.342	104.803	277800
onion::8ggKKppk28AmgVtK	8ggKKppk28AmgVtK	4lteGaLzU5veJOe6wnOvz4	45.0	1979	0.8959999999999999	0.339	11.0	0.0	0.389	122.106	508120
onion::8hPAjdpB6JHkbbf2	8hPAjdpB6JHkbbf2	3Wdd3odOmELr46XR4MQohR	21.0	1996	0.528	0.907	7.0	1.0	0.544	120.05	343627
onion::8imJokmAzphbZ4Xh	8imJokmAzphbZ4Xh	4vhHfBcwfunscuQ0WYelHj	18.0	2013	0.765	0.8740000000000001	4.0	0.0	0.856	128.049	181867
onion::8jv8umiSn9Mr3lpM	8jv8umiSn9Mr3lpM	3QFPYhNrx2Bqmk3W5OVAt5	29.0	2008	0.394	0.477	6.0	0.0	0.0545	129.731	159147
onion::8keAhBJumHlc8qe9	8keAhBJumHlc8qe9	57Xjny5yNzAcsxnusKmAfA	68.0	2003	0.486	0.6659999999999999	9.0	1.0	0.741	157.99200000000005	219754
onion::8mWcCf1jwTTW3v4C	8mWcCf1jwTTW3v4C	7vVjQjtbBqwMqjzf72Qplh	36.0	1984	0.701	0.433	0.0	1.0	0.8959999999999999	129.065	284333
onion::8nuvJOjzOYlr9i82	8nuvJOjzOYlr9i82	2PPdSiyMUv0qAGvwrwfVYg	31.0	2018	0.246	0.994	6.0	1.0	0.6409999999999999	143.688	114240
onion::8p8CjfbEGHBZCF1Q	8p8CjfbEGHBZCF1Q	7J4uwuiyWB7BqIcyNdcVRl	49.0	2002	0.327	0.963	4.0	0.0	0.199	98.416	326507
onion::8raUZyJEMPESv1U0	8raUZyJEMPESv1U0	66e2KstOkIo6V9PyDXWo3w	48.0	1977	0.49	0.324	2.0	1.0	0.586	188.451	310227
onion::8xCCEfN1aRZD6MH9	8xCCEfN1aRZD6MH9	345y6JePQqGMSO76yUkVpw	28.0	2014	0.775	0.77	8.0	1.0	0.914	109.522	213776
onion::8xFD1UO8nr1qwOg6	8xFD1UO8nr1qwOg6	34gCuhDGsG4bRPIf9bb02f	80.0	2014	0.7809999999999999	0.445	2.0	1.0	0.591	78.998	281560
onion::8xrJB9uhruYJUVAL	8xrJB9uhruYJUVAL	1nZzRJbFvCEct3uzu04ZoL	67.0	2012	0.6779999999999999	0.918	5.0	1.0	0.769	130.028	216160
onion::8xyotpN995FpQ4Ns	8xyotpN995FpQ4Ns	3ZscCo1qXdI4YIZHqZxswL	32.0	2007	0.354	0.642	5.0	0.0	0.0692	77.883	314493
onion::8y9Uy6qcPdteNyE6	8y9Uy6qcPdteNyE6	4QOJF00kfJNF5qqM4U669Z	55.0	2007	0.507	0.448	8.0	1.0	0.123	119.934	247440
onion::8za6DF3qpPWc4kDR	8za6DF3qpPWc4kDR	3WSyYBhLZRLbQo2tJgFvSR	54.0	1992	0.598	0.8	5.0	0.0	0.77	96.069	258933
onion::94ulCHe8MwDtWRkR	94ulCHe8MwDtWRkR	2hMD3SnrBsre1mzptGRn6Z	36.0	1988	0.1	0.175	1.0	0.0	0.0376	75.54	261689
onion::99Fj3k34Ak3Pegh2	99Fj3k34Ak3Pegh2	459tCOv9ZqWwxww8hChdnh	40.0	2016	0.539	0.679	11.0	0.0	0.196	99.881	188529
onion::9D2NFhxz6hSpo5Ii	9D2NFhxz6hSpo5Ii	77NH6TwtmdF7R8jSrn3ivH	40.0	2017	0.412	0.904	7.0	1.0	0.362	124.81	181153
onion::9EMpLfSydueVUiSX	9EMpLfSydueVUiSX	1a3X8Y882vwSnlnHqf9ztF	53.0	2001	0.434	0.96	2.0	1.0	0.698	118.97	110800
onion::9EOUvfzk6eOb8KBd	9EOUvfzk6eOb8KBd	3AVrVz5rK8Hrqo9YGiVGN5	58.0	2017	0.369	0.467	5.0	1.0	0.174	94.473	290147
onion::9IdQhSUNdQOULx6r	9IdQhSUNdQOULx6r	0tkBOcK7oRVXQJY97zzSvr	55.0	2013	0.588	0.481	0.0	1.0	0.17600000000000002	93.568	228293
onion::9MKBhd08MbxZbfTt	9MKBhd08MbxZbfTt	0iSWAT0EL8TwmzcgBjKMh6	58.0	2015	0.6779999999999999	0.8690000000000001	0.0	0.0	0.882	123.964	200533
onion::9Qagf6cchv8p4Mq1	9Qagf6cchv8p4Mq1	48obzdkQV1biEq8cPsGLys	38.0	2015	0.746	0.482	1.0	0.0	0.698	135.202	148680
onion::9So7TgZjEYStsGB4	9So7TgZjEYStsGB4	4Chah9FS9ar1F6qZR6FuoH	28.0	2000	0.448	0.265	7.0	1.0	0.224	161.679	180613
onion::9TOpJEoteJr3UuoN	9TOpJEoteJr3UuoN	03iHEpOK1f9Qt5OHxUFGqL	30.0	2007	0.6609999999999999	0.833	9.0	1.0	0.8740000000000001	124.039	192573
onion::9UuZw1IuFnK9zB1T	9UuZw1IuFnK9zB1T	53R01ylELwpQO5TBZdqKsM	41.0	1975	0.675	0.45	11.0	0.0	0.634	76.195	284133
onion::9XUrK87leHWt5o7Q	9XUrK87leHWt5o7Q	3xd4OtPleFw78mi4rh3Lmh	32.0	2011	0.462	0.873	4.0	1.0	0.328	170.0	684200
onion::9ZtfD8gBZXonrJKX	9ZtfD8gBZXonrJKX	1oHNvJVbFkexQc0BpQp7Y4	64.0	2011	0.747	0.716	11.0	0.0	0.7509999999999999	125.008	210627
onion::9c0fLWLOQrRNqzuU	9c0fLWLOQrRNqzuU	4591VqUIXysNlmI5NcAIUd	67.0	1964	0.691	0.581	10.0	1.0	0.91	126.615	174440
onion::9eCM79TxrMKzMle1	9eCM79TxrMKzMle1	6NAmbftWAovcMCnJzDCFsU	51.0	2006	0.451	0.884	0.0	1.0	0.314	97.48	189307
onion::9fybUUmMyAR1CbQr	9fybUUmMyAR1CbQr	1RT6zSjs59gJdFfUshT465	47.0	2010	0.413	0.988	8.0	1.0	0.642	162.954	215960
onion::9klK7mo7PNmaOAzu	9klK7mo7PNmaOAzu	0EqtsCvcDjEz6svFsaV5HN	54.0	1999	0.616	0.34600000000000003	10.0	1.0	0.344	143.351	274493
onion::9lzeAMDbnD2yfNSa	9lzeAMDbnD2yfNSa	2Rn7bVL1FVYboc4c55RUdg	38.0	1979	0.324	0.919	2.0	1.0	0.677	160.91299999999995	188494
onion::9pX8RnMgFlSITatm	9pX8RnMgFlSITatm	1wkl1b5DQZrVkFlp6qNNmu	45.0	2004	0.468	0.7490000000000001	4.0	1.0	0.474	152.01	251227
onion::9q230fa7AxwPF7N8	9q230fa7AxwPF7N8	0BlzSeg13Xk9EQk5G3R7pv	25.0	2000	0.72	0.765	1.0	1.0	0.6729999999999999	100.374	95200
onion::9rTThcItyWfwrGGu	9rTThcItyWfwrGGu	01Mpj13vURSO3cCLprPt5T	59.0	1986	0.295	0.995	1.0	0.0	0.0376	110.25	254400
onion::9xLzjyDFVvUxinAS	9xLzjyDFVvUxinAS	3XaWuYsTtnkzCSBr0RmROc	55.0	2010	0.846	0.747	1.0	0.0	0.517	95.003	220057
onion::9z2L8uD3GjNoXSRs	9z2L8uD3GjNoXSRs	4rHZZAmHpZrA3iH5zx8frV	73.0	2013	0.574	0.512	5.0	0.0	0.512	76.899	484147
onion::A0lSu1NtFRBKY2e9	A0lSu1NtFRBKY2e9	0wYPM5pexJu96AClrozpIh	43.0	2005	0.591	0.863	4.0	1.0	0.434	139.97299999999998	265880
onion::A15E8pFSarKLBVmR	A15E8pFSarKLBVmR	2oDZugzXgazi0KdCdcVSw1	30.0	2008	0.406	0.342	2.0	1.0	0.107	76.984	177307
onion::A479KNAfnFB5CZCy	A479KNAfnFB5CZCy	1iHVwGKN7PKwIrj4X0erON	35.0	2006	0.596	0.804	11.0	1.0	0.485	112.007	284787
onion::A58bEcnGGa3Db7qC	A58bEcnGGa3Db7qC	3TBgx9XJxb7EXo1TSZQy8e	22.0	2014	0.518	0.521	10.0	0.0	0.181	83.99	226181
onion::A5VEafdCjSWW2IIK	A5VEafdCjSWW2IIK	3pEuO9J2MTEmec8kUfYYvl	57.0	1995	0.813	0.882	7.0	1.0	0.8740000000000001	125.983	236933
onion::A6GLGUNgkWutv25f	A6GLGUNgkWutv25f	2Gnsof1hvZzjE1xdLRpjtf	58.0	2011	0.489	0.57	1.0	1.0	0.584	185.516	272573
onion::AA0Jl1rqjJVzvnaN	AA0Jl1rqjJVzvnaN	1OnHez3LtYxRhHa3T79iY9	23.0	2004	0.528	0.698	9.0	0.0	0.364	160.085	221573
onion::ACJooOrpJl0RtQWa	ACJooOrpJl0RtQWa	2m0M7YqCy4lXfedh18qd8N	59.0	2009	0.7290000000000001	0.856	10.0	0.0	0.804	116.467	285093
onion::AEcuKpm2WKKS1KKV	AEcuKpm2WKKS1KKV	0W0s27FypnkXjJTJKUAnx0	43.0	1993	0.335	0.937	6.0	1.0	0.703	155.644	291547
onion::ALUPimS38hGFkBfm	ALUPimS38hGFkBfm	6hz6lrQtLcxOOjflnYjF9o	46.0	2003	0.514	0.95	7.0	1.0	0.149	130.02700000000002	467827
onion::ALkTMKTyVcvOoIGD	ALkTMKTyVcvOoIGD	1OuOKS43b3pRYb9d49WrBp	45.0	2010	0.29	0.868	1.0	1.0	0.193	90.889	253839
onion::ALrgmbtARfJpjLG4	ALrgmbtARfJpjLG4	5WFq6kyeSI1LbwZ1nzMeTA	31.0	2012	0.769	0.8740000000000001	6.0	1.0	0.812	101.495	191107
onion::AMYrqm3QgrbLmUZ6	AMYrqm3QgrbLmUZ6	4UbZmqYEzT5vn4UrPzAHu9	29.0	1985	0.55	0.89	9.0	0.0	0.532	139.44799999999998	315373
onion::AMnijc0y03VpsWbz	AMnijc0y03VpsWbz	2VIPU72L6tIR4w8J8ap6Kp	68.0	2017	0.638	0.3670000000000001	4.0	1.0	0.219	71.957	217120
onion::APCOA8vqweV4WMee	APCOA8vqweV4WMee	2sW8fmnISifQTRgnRrQTYW	58.0	1994	0.55	0.279	5.0	1.0	0.182	76.033	305160
onion::APKvNoWBAkt74yXP	APKvNoWBAkt74yXP	6wqJeItl3Vc3az4ZicSQAB	71.0	2004	0.29100000000000004	0.974	6.0	0.0	0.348	134.724	278600
onion::AQwaUS1ooFNDUf3O	AQwaUS1ooFNDUf3O	1QtdHvQeFgSE7R7AuLPccZ	41.0	1969	0.205	0.17	1.0	1.0	0.175	126.962	238933
onion::AR3b9LvD5GPuu0kA	AR3b9LvD5GPuu0kA	0a9hQd3e5yTnwitoIJwiAq	47.0	2009	0.5579999999999999	0.7170000000000001	9.0	1.0	0.505	127.138	238880
onion::ARRGkgK7lRVv2zTD	ARRGkgK7lRVv2zTD	0S7YSpHe37evPOx1PyGegT	21.0	1992	0.477	0.665	1.0	1.0	0.121	121.981	320013
onion::AT0nPgtUneEvRI3e	AT0nPgtUneEvRI3e	0ukugw6vx8bQKsMYYLcX8t	42.0	2008	0.7190000000000001	0.7929999999999999	1.0	0.0	0.6459999999999999	110.033	202440
onion::AZa0MJwflylCXq7v	AZa0MJwflylCXq7v	3RgDvs9Jpvn3kUuaTek1R5	52.0	2002	0.626	0.7909999999999999	0.0	1.0	0.433	133.204	188600
onion::AZr4yqqtSJlBmHAA	AZr4yqqtSJlBmHAA	7hInOqJnlEayXao08yVYAn	56.0	2009	0.583	0.96	1.0	0.0	0.626	137.991	182800
onion::AaasAwBrWeUHJbsP	AaasAwBrWeUHJbsP	71aEq5ZnRE2Hr11PXZqpn9	39.0	2008	0.522	0.7879999999999999	7.0	1.0	0.403	156.096	188867
onion::Ab0eBukjTWnbnlWi	Ab0eBukjTWnbnlWi	50zSoW3GT1Ee4hXxQPO08t	55.0	2017	0.695	0.8270000000000001	3.0	1.0	0.762	121.05	198413
onion::AbQHO1jNOSeCmTwH	AbQHO1jNOSeCmTwH	4BP3uh0hFLFRb5cjsgLqDh	77.0	1969	0.64	0.6629999999999999	0.0	1.0	0.6629999999999999	132.77	140773
onion::Ados9aiJhqMo1B6g	Ados9aiJhqMo1B6g	0uZ9Cop3w5BIkNrMwy2uOL	32.0	2012	0.376	0.101	0.0	1.0	0.231	79.95	159520
onion::AdvsGvbHGLuZWWbd	AdvsGvbHGLuZWWbd	08AJ0xQv5LRZsvXf1Jkr2y	65.0	2019	0.622	0.34700000000000003	8.0	1.0	0.0757	75.512	217000
onion::AglLawzIXRS4xp9R	AglLawzIXRS4xp9R	7CiEBRYU9Yv6MD1TPZQpWj	32.0	2005	0.404	0.467	11.0	0.0	0.28600000000000003	89.191	488093
onion::Al4npdK1PtYfEgHw	Al4npdK1PtYfEgHw	4yYvWFUWMaKMXtoJKJnmZk	55.0	2011	0.627	0.959	7.0	1.0	0.397	109.981	235293
onion::AnMrHRHmsEPn7bJg	AnMrHRHmsEPn7bJg	45muf22QzSyKwsF4l3IcwJ	41.0	1976	0.483	0.765	4.0	0.0	0.506	169.4	240920
onion::Aqhqxell8akjJpCK	Aqhqxell8akjJpCK	4Sfa7hdVkqlM8UW5LsSY3F	64.0	2012	0.5660000000000001	0.755	11.0	1.0	0.445	101.006	264493
onion::ArJGMpFcEtEpVMe4	ArJGMpFcEtEpVMe4	7Ewz6bJ97vUqk5HdkvguFQ	72.0	1984	0.382	0.589	9.0	0.0	0.335	140.059	243360
onion::AtVf0xx3Yy3EAsYk	AtVf0xx3Yy3EAsYk	5S9lfZu1YF8xKkgSsqL2Bd	63.0	2015	0.421	0.7909999999999999	9.0	1.0	0.499	130.075	257200
onion::AufaRWttOCrzAeWH	AufaRWttOCrzAeWH	3Xls4cNOwy01dtrNXb1inG	69.0	1968	0.547	0.58	2.0	0.0	0.505	109.827	303200
onion::AzPqK9y29WlYxY7s	AzPqK9y29WlYxY7s	10nYYgH3YZ0r54rjqCwM72	36.0	2001	0.514	0.845	6.0	1.0	0.17600000000000002	119.672	321800
onion::B364U1C4E0MKBDzm	B364U1C4E0MKBDzm	3HWokhsCwPCE8lXeX3M1Cd	34.0	2011	0.523	0.8959999999999999	6.0	1.0	0.451	138.001	229519
onion::B3FiVjCPl8Qkc82u	B3FiVjCPl8Qkc82u	7xAdO0zdl7lGf0ecg4IGhQ	57.0	2015	0.539	0.8690000000000001	6.0	1.0	0.362	143.987	211573
onion::BBFv9hjVNOI7XqVM	BBFv9hjVNOI7XqVM	2P4MHjq018ktHw5ZKZXFxc	13.0	2005	0.0904	0.362	1.0	1.0	0.0334	173.037	218973
onion::BBaha1obZecGL5TC	BBaha1obZecGL5TC	3CRDbSIZ4r5MsZ0YwxuEkn	79.0	2015	0.7340000000000001	0.637	4.0	0.0	0.648	169.977	202333
onion::BGMzKOAXDP5Hx9al	BGMzKOAXDP5Hx9al	5YScXJKtefsgdskIy60N7A	59.0	1997	0.606	0.8640000000000001	11.0	0.0	0.579	103.834	278960
onion::BJG2OIrToMNZa4xy	BJG2OIrToMNZa4xy	02mQcDoU5cn15U6tqZmL4e	38.0	1990	0.645	0.88	9.0	1.0	0.8340000000000001	125.418	250076
onion::BMK4Xp9e7jMPjTQL	BMK4Xp9e7jMPjTQL	4uv94t119y9ISgd7U1nWnL	38.0	2018	0.597	0.8859999999999999	6.0	1.0	0.684	122.961	213373
onion::BTh29tDGLn9deIf8	BTh29tDGLn9deIf8	1Ph2EtzV2wW7I4AC2YjoJn	39.0	2006	0.232	0.919	0.0	0.0	0.17	139.535	336293
onion::BTs9roT3cFKEW8yL	BTs9roT3cFKEW8yL	65B1tEOv5W294uCKbmEcFV	60.0	2000	0.416	0.446	7.0	0.0	0.278	151.328	294533
onion::BUL6RzlljNaf6S3T	BUL6RzlljNaf6S3T	6ezVZ1BT2caoc10Y1ReWKr	34.0	1996	0.33	0.759	7.0	1.0	0.53	99.956	266973
onion::BbjwoLBQtBZL1YfK	BbjwoLBQtBZL1YfK	4fzsfWzRhPawzqhX8Qt9F3	77.0	2007	0.617	0.7170000000000001	10.0	0.0	0.49	103.992	311867
onion::Bbq2yaUVFQWQqG9B	Bbq2yaUVFQWQqG9B	4ATrjNUnSvzskzN3HF8cPR	50.0	2015	0.515	0.976	8.0	1.0	0.639	189.92	253213
onion::BcdexmBfydo097NL	BcdexmBfydo097NL	6cgFCTrw2kWwZm7SF7r6Po	55.0	2018	0.745	0.777	2.0	1.0	0.217	109.978	200347
onion::BfRVLtJc0t3h1GzJ	BfRVLtJc0t3h1GzJ	2ozTcQyZQmm9tSmc4VZfwU	49.0	2007	0.507	0.627	5.0	1.0	0.95	101.023	170067
onion::BgF19XpFwxeBMz7X	BgF19XpFwxeBMz7X	6iFVJGxSVdFkzYQJL7Rgdk	53.0	2005	0.269	0.967	6.0	1.0	0.598	162.804	176867
onion::Bh4iMNXsSwpTFtqy	Bh4iMNXsSwpTFtqy	2Wgh2GmDV3g9IZTCuAUkYf	44.0	1995	0.338	0.529	4.0	0.0	0.445	98.098	214800
onion::BhUE6vXjwoC48F21	BhUE6vXjwoC48F21	45sDIKapDyxPl307QpEAwl	60.0	2010	0.664	0.845	4.0	0.0	0.35700000000000004	96.005	211253
onion::Bii1k7kSnTICjSYW	Bii1k7kSnTICjSYW	2fXwCWkh6YG5zU1IyvQrbs	69.0	2017	0.684	0.6829999999999999	6.0	1.0	0.406	112.856	231253
onion::BjgXm1QJfXdkoJ1Y	BjgXm1QJfXdkoJ1Y	0gr97EET1vP85jcFESMYRK	39.0	2004	0.214	0.973	5.0	0.0	0.34	139.607	165853
onion::BjjHIkBQDXX8O8lv	BjjHIkBQDXX8O8lv	5pBCrF0gXKLZXj77BdJNh2	46.0	2012	0.501	0.929	2.0	1.0	0.513	168.15599999999995	236267
onion::BkvRhnEqbcLSBEI7	BkvRhnEqbcLSBEI7	6bUNEbXT7HovLW6BgPCBsb	69.0	2003	0.7509999999999999	0.708	0.0	1.0	0.509	108.97	369573
onion::BwiAzEqWDpalV2QG	BwiAzEqWDpalV2QG	7lFgli7y2vo7sjgynHZzBP	57.0	2006	0.501	0.7959999999999999	0.0	1.0	0.5820000000000001	130.719	254347
onion::BzafUVzJXOb49I0g	BzafUVzJXOb49I0g	76tGvMdmFKuiMew33ZNNA9	69.0	2016	0.406	0.647	3.0	1.0	0.344	180.044	456000
onion::C2JIRpAHR3g63jyA	C2JIRpAHR3g63jyA	5cDS0AxJMZkAHjuwfUomJI	40.0	1993	0.365	0.706	9.0	1.0	0.34600000000000003	127.937	289240
onion::C7TXpNVwnPQKuMR7	C7TXpNVwnPQKuMR7	20mmTwCJPnoA9Gq4Qhbqaj	28.0	1985	0.5710000000000001	0.835	4.0	0.0	0.375	126.235	379093
onion::C8AHVMrsku7Z6Alf	C8AHVMrsku7Z6Alf	3QjIdDDKoZRyfWDKZC4Ayb	55.0	2016	0.397	0.6679999999999999	9.0	1.0	0.456	67.012	190045
onion::CAcfgsvOODhPqShX	CAcfgsvOODhPqShX	6I9VzXrHxO9rA9A5euc8Ak	75.0	2003	0.774	0.838	5.0	0.0	0.924	143.04	198800
onion::CGNhtZMctV4KfLwO	CGNhtZMctV4KfLwO	3LI4MmibTkXH5cGpCGZgyw	68.0	2000	0.617	0.84	4.0	1.0	0.57	94.676	241840
onion::CHg9GmMQ74rgJjhq	CHg9GmMQ74rgJjhq	5EWPGh7jbTNO2wakv8LjUI	68.0	1973	0.252	0.8440000000000001	0.0	1.0	0.35100000000000003	118.158	547107
onion::CL18DH7pcAiKBxWq	CL18DH7pcAiKBxWq	1RSy7B2vfPi84N80QJ6frX	69.0	2005	0.7929999999999999	0.703	0.0	1.0	0.856	130.27	450800
onion::CSh6yX581pvLqDDf	CSh6yX581pvLqDDf	3iV11AiIEDIOVjKy3kgjld	47.0	1994	0.578	0.8959999999999999	0.0	1.0	0.5760000000000001	129.843	185093
onion::CUkyAx7nvXkVj0AG	CUkyAx7nvXkVj0AG	4uQ7wYsuL0DryknoDc11Hk	66.0	2015	0.915	0.54	7.0	1.0	0.111	100.039	183159
onion::CVf0d0un7HE2aMJT	CVf0d0un7HE2aMJT	6eKPSagnVU7gygR8Dm132W	43.0	1983	0.546	0.904	2.0	0.0	0.327	125.193	380120
onion::CWFYcGrKyWf0yeL4	CWFYcGrKyWf0yeL4	6hpPAOftKbe1YghyTtJuCq	43.0	1989	0.503	0.862	6.0	1.0	0.28	101.369	209267
onion::CXCnkDgJqtuzlw40	CXCnkDgJqtuzlw40	2YvWjSDGGkBcE5bfFUWOXi	39.0	2009	0.604	0.575	0.0	1.0	0.344	76.99	241867
onion::CZgE6qZWTgosz0DS	CZgE6qZWTgosz0DS	3Vn9oCZbdI1EMO7jxdz2Rc	55.0	2016	0.66	0.695	9.0	0.0	0.506	129.972	382387
onion::CaS2TipDz8W7kbb0	CaS2TipDz8W7kbb0	5mJGLBNJM0GULqAoL5mb9C	53.0	1991	0.261	0.964	11.0	1.0	0.295	158.6	184040
onion::CavqXS4APmsZXOAy	CavqXS4APmsZXOAy	6RpOwx05L1XK3Zix8heU4Z	31.0	2018	0.618	0.481	2.0	1.0	0.528	125.053	121191
onion::Cd07fQdWjDbf0uz9	Cd07fQdWjDbf0uz9	72mvdKU4Lw2737idPLKTjh	52.0	2015	0.591	0.402	1.0	0.0	0.0678	125.015	186053
onion::CiLFjUJvYWGmyr2d	CiLFjUJvYWGmyr2d	11bD1JtSjlIgKgZG2134DZ	74.0	2006	0.563	0.5920000000000001	9.0	1.0	0.136	104.016	267933
onion::CidZoWkH39xSIGzP	CidZoWkH39xSIGzP	7JjIWXd0RopJ8wSMTIsfZr	38.0	2006	0.5429999999999999	0.82	10.0	0.0	0.563	89.387	235520
onion::CmsmtpykCF4w97nF	CmsmtpykCF4w97nF	7Lf7oSEVdzZqTA0kEDSlS5	71.0	2002	0.624	0.653	8.0	0.0	0.565	73.884	288333
onion::CoGHDHi233BbLyDo	CoGHDHi233BbLyDo	2LGdO5MtFdyphi2EihANZG	64.0	2013	0.665	0.542	11.0	0.0	0.5870000000000001	97.975	257563
onion::CovyQ9KZ9gOB04WT	CovyQ9KZ9gOB04WT	15DeqWWQB4dcEWzJg15VrN	61.0	2006	0.5429999999999999	0.6859999999999999	2.0	1.0	0.555	177.87400000000005	201107
onion::CregVB6bFDnFoOQv	CregVB6bFDnFoOQv	0j3m9AfsZfanscT1uLrVk1	34.0	1997	0.527	0.653	0.0	1.0	0.8109999999999999	76.257	175107
onion::CstxvZeEjMymyPGP	CstxvZeEjMymyPGP	7krbSH3rd8lhIZvuzTV3Bl	76.0	2017	0.529	0.607	6.0	1.0	0.238	101.966	234107
onion::CtqUFNhztZ2xqDot	CtqUFNhztZ2xqDot	1wQPcfKUzpzrf6gcVqQh04	50.0	2015	0.555	0.97	2.0	1.0	0.677	112.564	212612
onion::CyUpoRMnEZJkxoIg	CyUpoRMnEZJkxoIg	7d1CFwrBmH34gmS0Hkbfbt	64.0	2013	0.688	0.723	6.0	0.0	0.618	140.023	209187
onion::D098jupnftqfLnvL	D098jupnftqfLnvL	3khxaYbENFyUIFz7MsAliU	32.0	2013	0.309	0.181	8.0	0.0	0.0699	120.62	144251
onion::D0QddNhpA0vmmTBI	D0QddNhpA0vmmTBI	2AEKTA8tQnXUullpmN8NkL	50.0	2014	0.373	0.393	10.0	0.0	0.272	71.749	254773
onion::D1p6ITKuwRAs1DDS	D1p6ITKuwRAs1DDS	7BVZSAgVPGdE8g4XSDJxXP	35.0	2014	0.4320000000000001	0.502	9.0	0.0	0.142	96.203	264600
onion::D23st8Frfz7nKpE0	D23st8Frfz7nKpE0	10GJQkjRJcZhGTLagFOC62	74.0	2017	0.76	0.588	9.0	1.0	0.384	102.974	204400
onion::D3izbubCQhG7Exgd	D3izbubCQhG7Exgd	2crnSJP5BCKAeRBsCLX9Zb	33.0	2015	0.706	0.799	1.0	1.0	0.337	101.0	191853
onion::D5UGmfg3Wf8IM1M7	D5UGmfg3Wf8IM1M7	7LkMvdPlagxLNKTU77Z1SO	28.0	2012	0.455	0.905	7.0	1.0	0.632	139.944	411533
onion::D9hbL7FCPq1r3x4z	D9hbL7FCPq1r3x4z	3QZ7uX97s82HFYSmQUAN1D	68.0	1981	0.536	0.901	9.0	1.0	0.6659999999999999	87.559	276880
onion::DBaLz83g9BYXy5FQ	DBaLz83g9BYXy5FQ	0QVlQTzp10Tj4Xql9ZRJzo	50.0	1989	0.615	0.921	9.0	0.0	0.7440000000000001	126.947	274520
onion::DGYtRaPtyMKGeJ8R	DGYtRaPtyMKGeJ8R	22S1MHT1f6iKk0o4A6AMMU	34.0	2018	0.629	0.488	10.0	1.0	0.308	128.03	166787
onion::DHfG6PnSaCMjNxTy	DHfG6PnSaCMjNxTy	6C7ZgThn6Yan5MTZdAEEFw	58.0	1990	0.7909999999999999	0.759	10.0	0.0	0.619	102.382	289693
onion::DMSPSXCv8UN5942f	DMSPSXCv8UN5942f	3DamFFqW32WihKkTVlwTYQ	75.0	2009	0.591	0.649	3.0	1.0	0.489	90.00200000000002	228347
onion::DRO8QWxqTkUjH7D2	DRO8QWxqTkUjH7D2	6gDTyTnFxpvQtkgGuNWGbE	56.0	2009	0.228	0.517	7.0	0.0	0.204	109.83	252907
onion::DS9mtQE8hApjqjCz	DS9mtQE8hApjqjCz	3agtg0x11wPvLIWkYR39nZ	61.0	2003	0.451	0.951	1.0	1.0	0.442	162.065	213933
onion::DUgxTfu1TneqtqoH	DUgxTfu1TneqtqoH	1rsjEh7NopIh4Rx67P7ta6	37.0	2008	0.395	0.5	0.0	1.0	0.268	145.716	226427
onion::DeXJFibOUhHGcEOe	DeXJFibOUhHGcEOe	6M0IsaUX4GNyto4niSegfI	71.0	2016	0.575	0.7340000000000001	2.0	1.0	0.494	83.986	179827
onion::DhNEeU8JaJVy4MDa	DhNEeU8JaJVy4MDa	2jdAk8ATWIL3dwT47XpRfu	72.0	2006	0.6679999999999999	0.361	1.0	0.0	0.28800000000000003	134.15	242000
onion::DjTukJM8d7Qne8HJ	DjTukJM8d7Qne8HJ	3BmjRmFTESgWZLPSVGp8aG	55.0	2003	0.535	0.951	3.0	0.0	0.723	160.102	175373
onion::DkKFYhnBJ4WHTXzm	DkKFYhnBJ4WHTXzm	1izvrCbd0C75ScVDI6uVOl	39.0	1989	0.53	0.944	11.0	1.0	0.431	106.908	123707
onion::DmHHbzUUMElexGgW	DmHHbzUUMElexGgW	31tf1qEai5o5f4r66Kd0pU	63.0	2016	0.534	0.433	5.0	1.0	0.235	117.834	379227
onion::DnWOtdVfENSRCVa2	DnWOtdVfENSRCVa2	1EiLrPd8JMTcQUr1aLEUKi	59.0	1998	0.787	0.8320000000000001	10.0	1.0	0.8140000000000001	92.606	177667
onion::Dq1qpMbTMQebqmmH	Dq1qpMbTMQebqmmH	2yxkvnyno37480Hv1wuAee	44.0	2001	0.836	0.5720000000000001	4.0	1.0	0.8170000000000001	130.78	187267
onion::Dq9mzZzO0Gckyswm	Dq9mzZzO0Gckyswm	7LJOfS8evyKfP8Fl5rdZXw	55.0	2014	0.606	0.599	0.0	1.0	0.17800000000000002	76.97	253880
onion::DrGYu7hdIOqBFUU0	DrGYu7hdIOqBFUU0	6AGON2BGdPmPMJGiiNuuwl	63.0	2016	0.713	0.419	11.0	1.0	0.253	91.634	201667
onion::DwWCcyDEF80g6I4G	DwWCcyDEF80g6I4G	5fWxm4j1WgVNkYPDwYBoBF	27.0	1996	0.476	0.976	4.0	0.0	0.7090000000000001	110.55	123667
onion::E3QwIlruI9L3yr7x	E3QwIlruI9L3yr7x	33SNO8AaciGbNaQFkxvPrW	67.0	2017	0.375	0.93	2.0	1.0	0.491	147.124	176387
onion::E5SXhvXwYZqyNNfo	E5SXhvXwYZqyNNfo	4XWnHzCRfRjaHRsTNeh3WR	59.0	2018	0.523	0.865	7.0	1.0	0.325	135.115	228640
onion::E9mWfhO31DfTeqeJ	E9mWfhO31DfTeqeJ	6r7sY8M1bMW0kZm9s3LPMs	21.0	2017	0.633	0.8859999999999999	6.0	1.0	0.516	139.989	206027
onion::EAQkBEzU8oJme93H	EAQkBEzU8oJme93H	4bEEnNjno6EL9S4MkiYBSz	42.0	2015	0.443	0.255	5.0	1.0	0.28800000000000003	84.044	342427
onion::EAuygEDCueAO4qaL	EAuygEDCueAO4qaL	7ARaA43Pak6FrN0joLgZ5X	21.0	2008	0.525	0.81	3.0	0.0	0.236	134.053	221520
onion::EB95TqBDsCmdQbLP	EB95TqBDsCmdQbLP	3CJT3NY7LLs3dSwm2C59vC	32.0	2013	0.141	0.937	9.0	1.0	0.0424	90.948	247427
onion::EEDpe8A5q7mkaneL	EEDpe8A5q7mkaneL	46aZJc0z1HHHSFxaIRxYSP	47.0	2008	0.8009999999999999	0.674	8.0	0.0	0.875	125.009	200573
onion::EG8fhmNrqpWVZV9k	EG8fhmNrqpWVZV9k	4TnUKixNWMfajncgdSwFoi	63.0	1982	0.601	0.354	9.0	1.0	0.608	120.978	173467
onion::EGvEkPoXwG1GNROW	EGvEkPoXwG1GNROW	4JFTOshl2tCk379jFm9eyy	47.0	2007	0.544	0.95	1.0	1.0	0.64	92.537	238627
onion::EKy3Xp2cFgmONlxs	EKy3Xp2cFgmONlxs	5cF0dROlMOK5uNZtivgu50	79.0	2018	0.775	0.613	3.0	0.0	0.797	100.066	208787
onion::EMUxCk01Oto4ZaCy	EMUxCk01Oto4ZaCy	48eiLW57CqSmCYNZRM2J8M	48.0	1990	0.536	0.242	7.0	1.0	0.331	137.989	276346
onion::ENIvp2uev93F4JK6	ENIvp2uev93F4JK6	0DiWol3AO6WpXZgp0goxAV	71.0	2001	0.611	0.6970000000000001	2.0	1.0	0.476	122.752	320357
onion::EQ1QVyEwtzNWfDWV	EQ1QVyEwtzNWfDWV	1D066zixBwqFYqBhKgdPzp	68.0	2006	0.904	0.598	8.0	0.0	0.785	129.055	292373
onion::EQtP7ZFnUjLwgPUE	EQtP7ZFnUjLwgPUE	2BedrKE91GCzGpaT4BbqrK	27.0	2016	0.426	0.901	2.0	1.0	0.25	92.992	243487
onion::EShXQGuruxMA1cRN	EShXQGuruxMA1cRN	4eWQlBRaTjPPUlzacqEeoQ	74.0	2018	0.637	0.713	0.0	1.0	0.243	129.923	226973
onion::ETwuGNnkTlhp0IEs	ETwuGNnkTlhp0IEs	2bbhyUWJ5VjdfI3P4PRLu2	48.0	2006	0.49	0.193	11.0	1.0	0.184	89.154	189507
onion::EVgzeFR711xfNSex	EVgzeFR711xfNSex	1rINeTdV9ISXG1qQ0ZnhOK	36.0	2013	0.35100000000000003	0.924	2.0	1.0	0.416	130.99	134613
onion::EbDkDpZAYjR8TQBA	EbDkDpZAYjR8TQBA	4ToYlykhwpW98KtMIGnWQK	52.0	2004	0.6459999999999999	0.964	7.0	1.0	0.747	95.479	224333
onion::EccvlyNtdTAoJVc5	EccvlyNtdTAoJVc5	5ZkLm20XMu4r1KCYaCgx61	27.0	1989	0.733	0.5329999999999999	1.0	0.0	0.97	118.017	327307
onion::EdMHsiwiWvSFBPs5	EdMHsiwiWvSFBPs5	0s1aSsYlLIEiy16LjFWbdp	64.0	1972	0.631	0.354	1.0	1.0	0.522	73.007	188693
onion::Ee0NrsYTYdqXzq2E	Ee0NrsYTYdqXzq2E	0wfa517BvgllE2ZDgReFDJ	32.0	2010	0.679	0.7490000000000001	8.0	0.0	0.635	128.006	214533
onion::Egv6ncmZ7jm7KCMC	Egv6ncmZ7jm7KCMC	1rUpHU45dBawthkWVugcQn	37.0	1956	0.645	0.261	9.0	0.0	0.473	116.995	179440
onion::Ehe6IphBrtHHNwfG	Ehe6IphBrtHHNwfG	0BkUxjkTxjxE5MSaHfTpkQ	34.0	1984	0.598	0.691	0.0	1.0	0.606	134.566	254933
onion::EmPJO7fTwQlTDjGG	EmPJO7fTwQlTDjGG	3G6hD9B2ZHOsgf4WfNu7X1	68.0	2013	0.696	0.59	6.0	1.0	0.462	99.984	193059
onion::Eo6N9jIZKJTOwrKh	Eo6N9jIZKJTOwrKh	3lWatHvGLP3GU8qvcO1tIu	41.0	2017	0.5589999999999999	0.71	11.0	1.0	0.5329999999999999	140.595	240769
onion::EqVMBdaN3OPArA2M	EqVMBdaN3OPArA2M	08VsSDNBuAOwGu8tkpJlSU	47.0	2002	0.306	0.94	9.0	1.0	0.35700000000000004	127.331	263813
onion::ErEXLDslZjAyGZIC	ErEXLDslZjAyGZIC	6XEPmHllDGDaO4w84Xjtgi	54.0	2018	0.6459999999999999	0.833	11.0	1.0	0.278	108.003	223947
onion::Es6aw5ozgNnKbPrF	Es6aw5ozgNnKbPrF	19woxaSpjOefa2JnAOoqW5	66.0	2017	0.727	0.456	9.0	1.0	0.5479999999999999	111.331	208400
onion::EtF2Cqs3KoDNuttw	EtF2Cqs3KoDNuttw	3aiycOKS6P30BnR7dUfrnA	44.0	2008	0.392	0.925	6.0	1.0	0.2	174.08900000000003	283467
onion::EumdmiLNI4ynLbu6	EumdmiLNI4ynLbu6	70MLCfNoBdpSFjlvVTQE7c	40.0	2008	0.413	0.914	6.0	1.0	0.258	158.19899999999996	224040
onion::EwcdJsBlrqPOizGs	EwcdJsBlrqPOizGs	2SHnUyZq0zwmvRIl4WY77G	52.0	2012	0.6629999999999999	0.8220000000000001	9.0	1.0	0.5670000000000001	128.002	290760
onion::ExD5IQBMwmKDM0TV	ExD5IQBMwmKDM0TV	4ffoKyYY6ElVpxUpE48jOc	45.0	2003	0.626	0.7909999999999999	5.0	0.0	0.8640000000000001	129.976	240987
onion::ExwQfuZb1hwWLKlY	ExwQfuZb1hwWLKlY	1S9NZjGx3O2BYyaLMnO9ut	31.0	2012	0.431	0.95	7.0	1.0	0.7040000000000001	99.647	235320
onion::EyFgsiXXJ5lFeqk1	EyFgsiXXJ5lFeqk1	3KnCdGGbBSFyinn31k4DDZ	28.0	2012	0.32299999999999995	0.948	2.0	0.0	0.207	159.939	318720
onion::F1Xw1fJvVFIjOgLc	F1Xw1fJvVFIjOgLc	22TntnVO3lQNDR5nsvxGRs	43.0	2017	0.223	0.523	0.0	0.0	0.15	179.83	422147
onion::F5zfW6YJYawkT8d5	F5zfW6YJYawkT8d5	63gcAzYVuMnM46Fl2wrSOC	29.0	1998	0.332	0.591	9.0	1.0	0.316	126.077	140000
onion::F9xLm5VdpjW2cXj5	F9xLm5VdpjW2cXj5	0CnRxBOItBbzq9vDgyRpXj	46.0	2011	0.377	0.903	8.0	1.0	0.353	195.909	259773
onion::FAoeZ6ZwhJSOxHVW	FAoeZ6ZwhJSOxHVW	5PLPeX9yiG1ZE97IvdDD3o	46.0	2004	0.39	0.962	3.0	0.0	0.37	164.15900000000005	189826
onion::FDnPGRj95BakXOSj	FDnPGRj95BakXOSj	1PS1QMdUqOal0ai3Gt7sDQ	75.0	2005	0.638	0.6990000000000001	1.0	0.0	0.66	92.939	207627
onion::FFVQbO4rkmvEwOnV	FFVQbO4rkmvEwOnV	2qbQLga60JnISUYwAG9aDx	32.0	2008	0.255	0.996	5.0	1.0	0.142	93.633	576067
onion::FGinHAVZZurprXMN	FGinHAVZZurprXMN	2ExXFmQeQP2hUuqXSjNppw	15.0	2016	0.527	0.8290000000000001	10.0	1.0	0.364	115.036	243828
onion::FH2Ky4ibZcDIcIwd	FH2Ky4ibZcDIcIwd	5Nq6lLSxphlsA6nQB0KtES	56.0	2017	0.885	0.607	1.0	0.0	0.391	137.881	199191
onion::FL2adIy5dTxdJ6Df	FL2adIy5dTxdJ6Df	7svpAkwc6xaSxlbZ7V7JiS	52.0	2013	0.529	0.353	7.0	1.0	0.0601	104.557	161463
onion::FMfUsZZ2z5MASfXh	FMfUsZZ2z5MASfXh	4j3X4KX8rURekAVIFUhI23	65.0	2018	0.494	0.672	3.0	1.0	0.557	156.208	277027
onion::FP3QItPNaS9TqPKm	FP3QItPNaS9TqPKm	1AEYT6VxrxXPMoQUxsY0E4	70.0	2002	0.4920000000000001	0.8959999999999999	4.0	0.0	0.534	184.981	285570
onion::FPN24HrCay3pxpl8	FPN24HrCay3pxpl8	4RROfcxQXFIwW0ugcZfdC4	53.0	2011	0.7709999999999999	0.179	4.0	0.0	0.0374	112.018	204000
onion::FPOD0IPwrHzyhsTQ	FPOD0IPwrHzyhsTQ	58KPPL1AdLHMvR2O2PZejr	61.0	2004	0.3	0.929	1.0	1.0	0.59	147.116	548253
onion::FQ0ZHCq0JesoAJUh	FQ0ZHCq0JesoAJUh	65hRZOQkVjmBdusz1N7aOv	64.0	2011	0.507	0.665	0.0	1.0	0.4	126.879	213338
onion::FRzhAKYXAVptKhE3	FRzhAKYXAVptKhE3	4YVURBa2pgo25Imn0iGdTT	39.0	2018	0.447	0.512	5.0	0.0	0.316	101.073	194824
onion::FU5HolU1UWdTd7YT	FU5HolU1UWdTd7YT	4S1VYqwfkLit9mKVY3MXoo	71.0	1984	0.489	0.483	9.0	0.0	0.333	136.822	226706
onion::FWgXRYPCyR0JW0Sb	FWgXRYPCyR0JW0Sb	5uZTDm1BnBjVaTIoive3Tm	25.0	2016	0.715	0.518	4.0	1.0	0.478	108.004	218813
onion::FWkEYJe3C91cMRSU	FWkEYJe3C91cMRSU	5zGrlUCEJy4yMZ5xuqxrr0	52.0	2010	0.521	0.6729999999999999	0.0	1.0	0.449	141.996	306187
onion::FXvvOY1bGn34fgRV	FXvvOY1bGn34fgRV	2CGDxXXYbkPOyRXHzQbqkT	65.0	2001	0.609	0.935	6.0	1.0	0.498	95.957	252400
onion::Fc1DVHuBQ3acET7J	Fc1DVHuBQ3acET7J	5ldaq28WotvsAAKSNMnsbr	14.0	1995	0.521	0.365	7.0	1.0	0.0783	95.0	332800
onion::FgVRx5Fvg0N3uSal	FgVRx5Fvg0N3uSal	2MS98sTzH3OsaFS4ZKzqPK	50.0	2014	0.629	0.426	0.0	1.0	0.411	114.921	171955
onion::Fi9eWmU3mv0EcP3P	Fi9eWmU3mv0EcP3P	2bx879t8gUpxkQ0avl8xTf	37.0	2005	0.569	0.977	1.0	1.0	0.336	193.937	222360
onion::FimYBEtF99Hvqmdv	FimYBEtF99Hvqmdv	67j7ldRz3CqRFLEq18mXbN	29.0	2016	0.527	0.705	2.0	1.0	0.315	75.531	206147
onion::FldezZSLaa48MWej	FldezZSLaa48MWej	3h3pOvw6hjOvZxRUseB7h9	70.0	2018	0.54	0.381	7.0	1.0	0.343	155.882	204991
onion::FmbDcV0OTy3SrJHy	FmbDcV0OTy3SrJHy	3JTtZUOiZljuWbNiasfHB6	62.0	2017	0.785	0.7020000000000001	7.0	1.0	0.569	116.021	167640
onion::FnjWxnvGdeb7ulON	FnjWxnvGdeb7ulON	20Svvkm0UBt55AMxTI42SE	46.0	2019	0.277	0.39	5.0	0.0	0.0866	132.76	266969
onion::FpsvT5Oi1BwvRHEs	FpsvT5Oi1BwvRHEs	6gwJm7LgsaHdd3CWi4K8e8	39.0	2005	0.65	0.693	2.0	1.0	0.563	112.506	217293
onion::FtpxdvYtGJzXotJx	FtpxdvYtGJzXotJx	5u6htUm3bmkYUws3k16WKJ	22.0	1998	0.21	0.0136	4.0	0.0	0.113	67.027	138824
onion::FuwbJDI0DXtxLCBk	FuwbJDI0DXtxLCBk	1e4rwBPVI32vZtTJu7mJ4J	70.0	2018	0.69	0.7290000000000001	6.0	0.0	0.478	128.96	191600
onion::FvDRK0B7x9Cen5YR	FvDRK0B7x9Cen5YR	4nC7ADktP434rqxHtFbkba	37.0	2005	0.515	0.828	2.0	1.0	0.626	155.92600000000004	166227
onion::FxkBuHBVUXPk8gVq	FxkBuHBVUXPk8gVq	498LxVkqoPpt9ifkyKIrNg	29.0	2013	0.34600000000000003	0.752	2.0	1.0	0.366	141.19799999999995	121771
onion::Fy5gtALBciQO5osK	Fy5gtALBciQO5osK	54eGNQCFTHq0q9dCCsPe4P	40.0	2012	0.292	0.992	11.0	0.0	0.118	108.27	320427
onion::FyRF6Cr8fZdInh8R	FyRF6Cr8fZdInh8R	1U57cDOAvIRFeDQCIbW6VI	35.0	2004	0.4920000000000001	0.8809999999999999	2.0	1.0	0.701	156.089	231253
onion::G3Dr8x9cl3efkycS	G3Dr8x9cl3efkycS	62nBByDjvx6Rw7XzRzEEQx	25.0	1998	0.416	0.923	11.0	1.0	0.45	99.308	311133
onion::G7QuwjgO6q4UGfpf	G7QuwjgO6q4UGfpf	4kiMvD7yPec5viFrCQDiYK	45.0	2007	0.609	0.951	6.0	0.0	0.872	122.455	211627
onion::G7eWAmS16ClFyMJW	G7eWAmS16ClFyMJW	3qSlbAE7VfK1AVyxfoHNJZ	41.0	1983	0.6629999999999999	0.898	5.0	1.0	0.628	100.033	253800
onion::G8dgKGT39FBIkjF9	G8dgKGT39FBIkjF9	1czaCgWLWgqp0eRIZ0BcXh	59.0	2008	0.821	0.833	7.0	0.0	0.933	110.039	210467
onion::G9KBvY45WI4DSmE0	G9KBvY45WI4DSmE0	0kW7NQraFEyAhXqaE4cZG0	49.0	2011	0.5770000000000001	0.773	1.0	1.0	0.292	130.001	260000
onion::GA9Zc9ngMaDcU39A	GA9Zc9ngMaDcU39A	6TSM5vkz0WzyZsNAKKYDcw	45.0	1990	0.685	0.8190000000000001	1.0	0.0	0.937	109.855	246107
onion::GAjjAPjh4tuSJ2jM	GAjjAPjh4tuSJ2jM	5QJuMhGWTUB4t9BqR7ndL3	57.0	2017	0.4920000000000001	0.6659999999999999	2.0	1.0	0.26	125.042	221360
onion::GBYU1axrHIG2XFWx	GBYU1axrHIG2XFWx	2onXVqZVKE58rBOLk4W8B9	15.0	2004	0.773	0.8490000000000001	9.0	0.0	0.84	114.975	218314
onion::GEHqrzXojqOo3pKD	GEHqrzXojqOo3pKD	2sgqaney1RQ7bNga6ZDJN2	34.0	2007	0.473	0.637	0.0	0.0	0.244	91.028	217427
onion::GGCJC94ZcySXshTZ	GGCJC94ZcySXshTZ	2DslWBUkrGFHWAQe0GpxkB	35.0	1976	0.644	0.4970000000000001	8.0	1.0	0.368	105.715	517587
onion::GGXhjEEWuleKmO0e	GGXhjEEWuleKmO0e	4SNtyKNyYJ8ERT7YLlnFBr	60.0	2017	0.6709999999999999	0.445	4.0	0.0	0.8109999999999999	75.99600000000002	246480
onion::GPsuzzcT0hIXQ2pX	GPsuzzcT0hIXQ2pX	19JzJOMs4wkuKxY8WEOMea	63.0	2017	0.7879999999999999	0.15	8.0	1.0	0.464	139.983	139221
onion::GQKQRgfH83A2eaLN	GQKQRgfH83A2eaLN	1olzQCig45ekbG814vvYdQ	16.0	2016	0.701	0.731	1.0	0.0	0.354	116.007	220373
onion::GWPGKg6iJcTs6iu0	GWPGKg6iJcTs6iu0	1UmmSKPdCtBuJsmbZG9G3u	42.0	1999	0.46	0.772	0.0	1.0	0.532	138.002	278267
onion::GYOvmQHSmITayLwf	GYOvmQHSmITayLwf	6JBxK6phuJU08nkbcQ8hHf	34.0	1978	0.7070000000000001	0.561	7.0	0.0	0.904	102.939	317427
onion::GdW0dqJ7HV7iQrRx	GdW0dqJ7HV7iQrRx	2hnMS47jN0etwvFPzYk11f	71.0	1996	0.682	0.765	1.0	0.0	0.5670000000000001	90.807	182747
onion::GfkRKY9KJQ9mP4Ef	GfkRKY9KJQ9mP4Ef	7wL9EVloIobMw22rT7Ve8x	54.0	1971	0.6759999999999999	0.58	5.0	1.0	0.89	95.358	172987
onion::GggQl40XVYwUXsTZ	GggQl40XVYwUXsTZ	03f7xZmt2wHCIDJBFPK8G4	65.0	2015	0.595	0.6890000000000001	6.0	0.0	0.213	168.112	209427
onion::GiYQuPMcMHpOLuaP	GiYQuPMcMHpOLuaP	6brl7bwOHmGFkNw3MBqssT	74.0	2006	0.6990000000000001	0.5920000000000001	6.0	1.0	0.589	94.933	207187
onion::GjdDqcdpz7kX85kl	GjdDqcdpz7kX85kl	51ixKYFELQvEYoMcWOmg34	38.0	2004	0.33	0.259	0.0	1.0	0.382	81.762	215133
onion::Gm7dngkKBBkl3MJY	Gm7dngkKBBkl3MJY	7Ie9W94M7OjPoZVV216Xus	75.0	2010	0.855	0.954	0.0	0.0	0.6679999999999999	114.635	248133
onion::GntFJlqMwBie6NEU	GntFJlqMwBie6NEU	3NbTQ8ZbHU6MSEVUFAVCJ9	66.0	2018	0.597	0.524	11.0	1.0	0.0549	92.568	171333
onion::Gp2bKCZH3G5kF255	Gp2bKCZH3G5kF255	45HCmEjK8RFOlRktjcIQMa	24.0	1989	0.394	0.946	11.0	0.0	0.265	109.862	104733
onion::GpLctUKggpANHShj	GpLctUKggpANHShj	4Qt5o43KerMzgh0PNPm6Q1	54.0	2016	0.5579999999999999	0.563	2.0	1.0	0.35100000000000003	133.113	207053
onion::GsGZVExrQ5wxOcIN	GsGZVExrQ5wxOcIN	4prEPl61C8qZpeo3IkYSMl	62.0	2009	0.568	0.7190000000000001	8.0	1.0	0.539	106.036	174760
onion::Gt776hIf2l9eLLXQ	Gt776hIf2l9eLLXQ	2vruX6aM3Z2enX8l6Tl4SH	24.0	1995	0.353	0.995	10.0	0.0	0.139	79.467	308067
onion::Gusn1uA4cIwjLbcy	Gusn1uA4cIwjLbcy	1PExhawz0iaufZ7Ux5FBGJ	39.0	2006	0.42	0.604	11.0	0.0	0.173	78.581	462293
onion::H01DahHz9gU8cmNS	H01DahHz9gU8cmNS	47TqCyvtFAyqPe8jooMakz	41.0	2009	0.4370000000000001	0.601	7.0	0.0	0.318	88.154	267627
onion::H1BeXyX2P5g6ZVJZ	H1BeXyX2P5g6ZVJZ	6YUTL4dYpB9xZO5qExPf05	78.0	2014	0.596	0.856	4.0	0.0	0.743	127.949	222533
onion::H1bM3eivsnVL3oO0	H1bM3eivsnVL3oO0	33iv3wnGMrrDugd7GBso1z	68.0	1999	0.494	0.946	4.0	1.0	0.741	103.408	169027
onion::H5Wee4Mqz8hHRYUs	H5Wee4Mqz8hHRYUs	3eGsNpXzcb1BDkfSJI54NY	51.0	2013	0.5529999999999999	0.545	0.0	1.0	0.943	77.332	114277
onion::H6KOOYa1kGPpZvn9	H6KOOYa1kGPpZvn9	1V6gIisPpYqgFeWbMLI0bA	70.0	2013	0.504	0.785	8.0	1.0	0.502	173.968	210840
onion::H9b9aNxTRQr9evet	H9b9aNxTRQr9evet	3JR8NwN7wdWz8uAaDMtFBZ	25.0	2011	0.795	0.754	2.0	0.0	0.618	123.988	234453
onion::HBY7327CwYnpBmEx	HBY7327CwYnpBmEx	61UHu6xJqZDuoSXgBIh8DK	43.0	2008	0.602	0.8370000000000001	6.0	0.0	0.461	140.072	193973
onion::HDaOxj9RznT2NrQ7	HDaOxj9RznT2NrQ7	4VKnkoNNM6yTb4cXXX3wqD	54.0	2005	0.7659999999999999	0.49	2.0	1.0	0.8320000000000001	134.143	232840
onion::HF0m0OoUtut54TEf	HF0m0OoUtut54TEf	400aXtzepgmEFbOQCAfraG	48.0	2014	0.575	0.5539999999999999	4.0	1.0	0.442	96.74	206147
onion::HGuUoazRVKBTkRNd	HGuUoazRVKBTkRNd	0gH7MNXQud3Pvnfv1zk3bL	35.0	1995	0.298	0.97	1.0	1.0	0.156	174.148	348682
onion::HGwvnAMdGSSmphjE	HGwvnAMdGSSmphjE	2bBSKXRsX0MDrMolVom4jy	38.0	2013	0.422	0.5329999999999999	2.0	1.0	0.399	134.639	257827
onion::HJ2CjwOUYwk97Dw1	HJ2CjwOUYwk97Dw1	1rWGQYboozi8H7scG68dQR	34.0	2012	0.381	0.941	8.0	1.0	0.555	175.998	230920
onion::HJnErBd562hnEq0G	HJnErBd562hnEq0G	2gSUtqdBM4k39be9FzQjOH	39.0	2008	0.455	0.997	1.0	0.0	0.529	110.021	248933
onion::HJsgyjaQNMG0o9Ce	HJsgyjaQNMG0o9Ce	7ov1nZ2QZc3LIuCXXERZP0	48.0	1984	0.752	0.593	7.0	1.0	0.8340000000000001	133.266	236133
onion::HVfEjOVx2RkooC3u	HVfEjOVx2RkooC3u	1GeECVH4Msg1zLm8DExkbH	45.0	2006	0.96	0.895	0.0	0.0	0.92	120.01	189587
onion::HWanNT0ZqeO74fN8	HWanNT0ZqeO74fN8	6vbDjDCBIarDJGsV70pnOv	44.0	2014	0.39	0.735	11.0	1.0	0.454	172.074	264733
onion::HXR67d9mHNTVWMUq	HXR67d9mHNTVWMUq	0lrtYwuy37bJzsO2LHz2kj	45.0	2016	0.725	0.4970000000000001	10.0	1.0	0.954	171.988	262675
onion::HZaOAmULAjZ3tN7F	HZaOAmULAjZ3tN7F	54oqfjjT3vSqS72LMmTdSI	51.0	2017	0.442	0.705	7.0	1.0	0.35	149.954	240605
onion::HZarggufXTzp02lF	HZarggufXTzp02lF	0Unc6GaK4h3RXmUbUAvtdc	40.0	2002	0.28800000000000003	0.933	8.0	0.0	0.4970000000000001	98.918	231853
onion::HaEK4vJgjkzCpjqw	HaEK4vJgjkzCpjqw	0BpKPyXhWsTaWkgXeOd1Sn	55.0	2004	0.486	0.977	7.0	1.0	0.413	103.501	221093
onion::HazJwfUb61xTPtw5	HazJwfUb61xTPtw5	4URRQZ6IvDzs3vKwEULroi	29.0	1974	0.474	0.0785	5.0	1.0	0.111	130.224	197787
onion::Hbk6tjofjFONeex4	Hbk6tjofjFONeex4	0criiQKIY1hyU0lRbVhZ8L	57.0	2017	0.394	0.871	1.0	0.0	0.28600000000000003	97.51	256320
onion::HhDCfJ70PgAeNccZ	HhDCfJ70PgAeNccZ	3fFLxIsTbsotg1B8mkjDID	26.0	1998	0.155	0.977	8.0	1.0	0.14800000000000002	67.873	244427
onion::HiQokENxwFZ7sLT8	HiQokENxwFZ7sLT8	0SGkqnVQo9KPytSri1H6cF	73.0	2017	0.77	0.5670000000000001	2.0	1.0	0.26	81.477	222360
onion::Hrboj7OxFcyYvrVp	Hrboj7OxFcyYvrVp	42WCGd8b9J771EyHBxpxwP	35.0	2000	0.565	0.753	7.0	1.0	0.8240000000000001	114.006	271133
onion::HsJdoVUIydvt3hDh	HsJdoVUIydvt3hDh	4q604hQba5940BbOoaenmz	60.0	2017	0.77	0.655	2.0	1.0	0.639	129.964	188707
onion::Htjn35FpZQVQQVaP	Htjn35FpZQVQQVaP	64gyqTtDDel7B2NoEkOa0A	58.0	2013	0.645	0.6579999999999999	1.0	1.0	0.19	77.021	259144
onion::Hw9KHXvuhckeF6aT	Hw9KHXvuhckeF6aT	3MmRfG64qt04Efx9gK9Ec8	34.0	1993	0.506	0.212	8.0	0.0	0.265	146.355	218253
onion::HwBiVqoMT7pVUg8X	HwBiVqoMT7pVUg8X	6MF6ZR5nTWFWii3eBlkS8b	41.0	2007	0.67	0.7879999999999999	7.0	1.0	0.836	124.032	250693
onion::HyoVtzW9LmcJFCDQ	HyoVtzW9LmcJFCDQ	5cbpoIu3YjoOwbBDGUEp3P	71.0	2013	0.7659999999999999	0.519	9.0	0.0	0.612	129.972	267720
onion::I696LFToFrDdwsVd	I696LFToFrDdwsVd	7ybprTSdhXFzGWdtUEyfjG	42.0	2007	0.6920000000000001	0.769	4.0	0.0	0.828	128.977	203285
onion::I7xwlyqUByL76Wpu	I7xwlyqUByL76Wpu	1hHGUdFaiJHw9hVZGJWYO2	68.0	1970	0.585	0.532	7.0	1.0	0.68	94.461	180067
onion::IASfo4axUh64qRtW	IASfo4axUh64qRtW	2FDJTo05zVmswy9x1FjlAa	45.0	2013	0.5710000000000001	0.805	10.0	0.0	0.61	101.01	228119
onion::IBwjOCmTTL77lFrt	IBwjOCmTTL77lFrt	4khRfibu32AGybm3FmGzk0	47.0	1994	0.407	0.83	7.0	1.0	0.556	93.359	160707
onion::IDLDx4jQADtBJJOq	IDLDx4jQADtBJJOq	5xvUgoVED1F4mBu8FL0HaW	65.0	2012	0.7170000000000001	0.871	2.0	1.0	0.732	93.024	200947
onion::IG0zzQPGgMEmxn98	IG0zzQPGgMEmxn98	1S0DrC9rdjTIo6PjtVWDP1	44.0	1999	0.6679999999999999	0.98	10.0	0.0	0.871	138.925	212080
onion::IOf5ZNUiDZJsCEHG	IOf5ZNUiDZJsCEHG	3CVDronuSnhguSUguPoseM	56.0	1998	0.672	0.616	0.0	1.0	0.5660000000000001	92.094	258773
onion::IQ18pAadvThQNBDX	IQ18pAadvThQNBDX	2SpEHTbUuebeLkgs9QB7Ue	73.0	1974	0.674	0.537	1.0	0.0	0.809	110.578	161533
onion::ISaBewMIzSK9nQGi	ISaBewMIzSK9nQGi	2FeVMO6qFT8eYfRaZ7eQge	29.0	2010	0.32299999999999995	0.496	1.0	1.0	0.0971	111.761	527693
onion::IVzvXJ3MI9vvMyuw	IVzvXJ3MI9vvMyuw	0mtmrbRFsectINNpHdDkUQ	63.0	2015	0.6990000000000001	0.7609999999999999	10.0	1.0	0.443	120.044	250747
onion::IYI6RFvYIFFg9Mi7	IYI6RFvYIFFg9Mi7	7uv632EkfwYhXoqf8rhYrg	58.0	1998	0.7140000000000001	0.309	7.0	1.0	0.0671	107.346	379533
onion::IbUmOdpOF5ikHYbr	IbUmOdpOF5ikHYbr	08P0nPOKsNdQ7JLVwBqnBi	35.0	2012	0.502	0.397	5.0	0.0	0.0833	99.95	245880
onion::IfdRruu8DO3VLylj	IfdRruu8DO3VLylj	3JaMGQXJmtbAhvgl0nBPPN	53.0	2014	0.701	0.964	4.0	0.0	0.484	113.058	235434
onion::IfxRHzp78w4rRYpA	IfxRHzp78w4rRYpA	4JpazKcfOhbwqZrsYhzHee	61.0	2014	0.555	0.727	6.0	1.0	0.7390000000000001	82.14200000000002	223120
onion::IiKMWlJ4N1MvBpHc	IiKMWlJ4N1MvBpHc	2MvvoeRt8NcOXWESkxWn3g	61.0	2013	0.49	0.47	4.0	1.0	0.0483	127.783	258969
onion::IijEHgw0iZIkvel9	IijEHgw0iZIkvel9	0z7Im8pWGXZFbyN1KAYrn0	25.0	2005	0.254	0.964	4.0	1.0	0.623	159.25799999999995	180200
onion::IjDXBZ3SvRwCXtGg	IjDXBZ3SvRwCXtGg	3RHZzTT1RhYV6zicKUc4FM	51.0	2008	0.485	0.8540000000000001	8.0	1.0	0.8859999999999999	198.637	257413
onion::IqtPKqLxizz8oakJ	IqtPKqLxizz8oakJ	7EFukKfVHrKBqk5uMvOA6w	26.0	2009	0.5539999999999999	0.62	9.0	0.0	0.322	128.016	266707
onion::Iu5TjXRiKWZNhAik	Iu5TjXRiKWZNhAik	3sbcAG3y97g63yDSVMf38o	49.0	2011	0.158	0.008320000000000001	9.0	0.0	0.0313	107.295	65125
onion::IvFOfGXDtrbZGdQw	IvFOfGXDtrbZGdQw	1TvQVmNarYyU0d4wARLlX8	38.0	1998	0.49	0.967	11.0	0.0	0.16699999999999998	158.997	186107
onion::J02GAZ69pxIGBh5A	J02GAZ69pxIGBh5A	1EryAkZ0VHstC6haIxVBiE	49.0	2010	0.3670000000000001	0.634	5.0	1.0	0.0964	89.98100000000002	241533
onion::J8leVOPbNzo1oOUd	J8leVOPbNzo1oOUd	4Ar3oSp4bAw5gz22F70GM7	51.0	2011	0.461	0.157	4.0	0.0	0.142	131.987	160000
onion::JAWJrd3LcrC89Ds9	JAWJrd3LcrC89Ds9	0RUGuh2uSNFJpGMSsD1F5C	62.0	2011	0.5760000000000001	0.835	2.0	1.0	0.476	150.017	257720
onion::JAtWnz9r4QhCYYtY	JAtWnz9r4QhCYYtY	71SidvkT6LCBHRZI858TsQ	53.0	2016	0.667	0.667	9.0	1.0	0.504	118.952	181000
onion::JCmBi4ugSrQMmenT	JCmBi4ugSrQMmenT	6x8F0VYPwgT0R0ogdp2vCS	35.0	2016	0.731	0.87	9.0	1.0	0.6920000000000001	124.0	222526
onion::JHAHkzKaCXTOf9jn	JHAHkzKaCXTOf9jn	2OARIMw1hpehr86Iwmv04c	58.0	1958	0.6759999999999999	0.424	9.0	1.0	0.493	148.373	150960
onion::JJ75FJUIJsUtFGII	JJ75FJUIJsUtFGII	63xacFFxlsNSEwVOfl7sYh	28.0	2016	0.573	0.468	2.0	0.0	0.0915	134.974	273321
onion::JNhopUcdVI4ubBe0	JNhopUcdVI4ubBe0	5BX9R694ZWdgyMEgswWvgY	47.0	2013	0.482	0.362	6.0	0.0	0.174	76.87899999999998	198933
onion::JR3YKiMDMHwUI2KP	JR3YKiMDMHwUI2KP	4ygcdmPyBFEaf25SEEsKrz	36.0	1997	0.499	0.82	5.0	0.0	0.598	161.44899999999996	397133
onion::JTbvJI8lNUTib1O5	JTbvJI8lNUTib1O5	0q6kL6JEfoGbozD1rjG7NY	28.0	1987	0.494	0.847	2.0	1.0	0.342	140.1	317533
onion::JTe4O8jE5AfV8Ppo	JTe4O8jE5AfV8Ppo	1Q2fYlSdwuutWj3QplhY9q	66.0	2006	0.185	0.948	8.0	1.0	0.316	196.578	207587
onion::JcNb61ftSGRdgcgj	JcNb61ftSGRdgcgj	0odIT9B9BvOCnXfS0e4lB5	69.0	1981	0.675	0.649	5.0	1.0	0.596	116.624	228000
onion::JcTVxXe2eNRCinki	JcTVxXe2eNRCinki	19wyEOwk4PTvfhBxSoZ34a	29.0	1985	0.607	0.502	6.0	0.0	0.508	127.482	189413
onion::JdKYM8BZEjL8VmSe	JdKYM8BZEjL8VmSe	6SpLc7EXZIPpy0sVko0aoU	68.0	2007	0.517	0.906	1.0	1.0	0.731	172.977	211520
onion::JjGqwBkjtdTGx16P	JjGqwBkjtdTGx16P	1wwKY8ICsV9wiCFMpdhPrr	52.0	2017	0.224	0.547	5.0	0.0	0.29100000000000004	83.416	273893
onion::JlfSEFOyxMZ8v1U5	JlfSEFOyxMZ8v1U5	7F02x6EKYIQV3VcTaTm7oN	64.0	1979	0.588	0.301	0.0	1.0	0.19	112.458	278441
onion::JlsnmYIejIhlmt9W	JlsnmYIejIhlmt9W	73M2Vb5MfZh8iGKudkMtlw	63.0	2009	0.579	0.605	1.0	1.0	0.74	121.793	245640
onion::JnoIGeer6Nov2Pta	JnoIGeer6Nov2Pta	2XqF629pnqF7L5DxEY8Zrm	38.0	2014	0.552	0.969	3.0	0.0	0.384	125.074	239347
onion::JrjFRJUJyXxxgEyg	JrjFRJUJyXxxgEyg	14kYOiFVPb7E7NfFbqhdln	69.0	2018	0.708	0.454	1.0	1.0	0.24	110.963	189507
onion::JuIvamtkMYHDS5IS	JuIvamtkMYHDS5IS	2Keowebxk9WEgrryS3aYkh	31.0	2017	0.306	0.985	9.0	1.0	0.22	143.611	208656
onion::Jw4p98tPdDDHgb6W	Jw4p98tPdDDHgb6W	08BFm5Pkw9KThqUb0KL1tH	38.0	2010	0.189	0.885	0.0	0.0	0.378	129.779	212627
onion::K9ohvgarNu3KVJN0	K9ohvgarNu3KVJN0	1vqjYZInNxtVOSTc5xEJWG	35.0	2007	0.4920000000000001	0.8140000000000001	9.0	0.0	0.306	108.012	231693
onion::KAcIrb86pTPLDq54	KAcIrb86pTPLDq54	7u6DMPznGbpziuEgCE0JGQ	66.0	2018	0.604	0.449	9.0	0.0	0.528	100.355	322027
onion::KBLWfj1EaK4nGnTs	KBLWfj1EaK4nGnTs	31G9RaSaDOI2NWcpnIp734	64.0	2013	0.6970000000000001	0.848	10.0	0.0	0.733	81.956	192067
onion::KFRyGLkLOBOkOKXH	KFRyGLkLOBOkOKXH	0mDMySNeFk7O6DDslIcfPO	44.0	2017	0.557	0.934	5.0	1.0	0.428	89.984	235840
onion::KIdL9PiDiwxMIYhU	KIdL9PiDiwxMIYhU	4PxzGOH79jcmmldKgoI9sB	49.0	2002	0.271	0.31	0.0	1.0	0.16	169.614	214733
onion::KJSJ1BNKUGEZMUuz	KJSJ1BNKUGEZMUuz	1BECwm5qkaBwlbfo4kpYx8	72.0	2016	0.462	0.5379999999999999	0.0	1.0	0.405	139.256	203507
onion::KR5mcJYhwjredE1R	KR5mcJYhwjredE1R	4e9eGQYsOiBcftrWXwsVco	70.0	2001	0.364	0.922	0.0	0.0	0.227	79.342	235053
onion::KRY3z4w12Y1yUY7y	KRY3z4w12Y1yUY7y	2rslQV48gNv3r9pPrQFPW1	48.0	1966	0.59	0.483	9.0	1.0	0.653	93.427	451133
onion::KTu7M5LPPDSU4tf6	KTu7M5LPPDSU4tf6	4u5ofLk8CMrtQnRaiIVH4O	39.0	1996	0.5	0.196	7.0	1.0	0.138	123.008	238160
onion::KWNHpCWes5hy32Qz	KWNHpCWes5hy32Qz	1JgTzrrrnh6neqTtvA3F5d	26.0	2010	0.488	0.923	0.0	0.0	0.57	144.016	306667
onion::KeKbzmQ8Nas7OUHo	KeKbzmQ8Nas7OUHo	1YwPNemawMgGe6sF4U0FTE	64.0	2008	0.809	0.883	8.0	1.0	0.918	124.096	266307
onion::KnMItrBYhHFixzJT	KnMItrBYhHFixzJT	2U2Z1IXnmJIvlknWizFykZ	66.0	2018	0.725	0.674	11.0	0.0	0.773	120.057	213693
onion::KnRDmXN8gqzf0fWx	KnRDmXN8gqzf0fWx	53kywT4Esk6NRPoMiRfr7r	24.0	2011	0.317	0.645	4.0	0.0	0.531	140.115	128107
onion::Kq9UoCXMw1ngH7NA	Kq9UoCXMw1ngH7NA	27L8sESb3KR79asDUBu8nW	71.0	2003	0.774	0.75	11.0	0.0	0.925	118.015	197987
onion::KqLr3PGal9VMHW0e	KqLr3PGal9VMHW0e	2XnnUZJIWSvq5AsE2PpoSz	45.0	2014	0.7509999999999999	0.812	3.0	0.0	0.224	123.998	269947
onion::KriUG4488Kii9XKs	KriUG4488Kii9XKs	1s4Nc5XFspnFHEHLv92gak	51.0	2016	0.382	0.799	6.0	0.0	0.244	140.059	216120
onion::KwFJaPn6gwoNd3Q4	KwFJaPn6gwoNd3Q4	70oiO5ivU4Ke41WMuXI26J	20.0	2000	0.441	0.851	2.0	1.0	0.309	91.97	269200
onion::KxLmwbLgqxK4Gj7k	KxLmwbLgqxK4Gj7k	2uhEKg8kIzpdvz4gyy6x8W	69.0	2011	0.545	0.485	8.0	1.0	0.341	80.40100000000002	249173
onion::KxryDZFfi0mkMMiM	KxryDZFfi0mkMMiM	3skn2lauGk7Dx6bVIt5DVj	70.0	2006	0.55	0.8740000000000001	4.0	1.0	0.318	121.61	240213
onion::L03boXzr18xiTx9f	L03boXzr18xiTx9f	5PntSbMHC1ud6Vvl8x56qd	66.0	1994	0.66	0.627	6.0	0.0	0.789	85.44	235000
onion::L2OBrPwbO2hupXEc	L2OBrPwbO2hupXEc	4cS2HQ6jK80vqdY9ofpztx	60.0	2009	0.865	0.69	7.0	1.0	0.868	121.983	188867
onion::L2yvC3lmRkiMGg0b	L2yvC3lmRkiMGg0b	2EcQY09CYgJ1qk6H1qZf8h	57.0	2017	0.561	0.28600000000000003	2.0	1.0	0.409	90.00399999999998	221720
onion::L4hixlDBqJuuRsi6	L4hixlDBqJuuRsi6	4iuNZTcvT9diFySSzVsnVS	62.0	2006	0.569	0.596	8.0	1.0	0.757	93.134	217347
onion::L4lGOjfg9lTLXh3U	L4lGOjfg9lTLXh3U	5UWwZ5lm5PKu6eKsHAGxOk	73.0	1997	0.412	0.882	11.0	0.0	0.35600000000000004	158.066	250547
onion::L5EBbhohw8AhRMt4	L5EBbhohw8AhRMt4	3jDdpx9PMlfMBS5tOBHFm9	69.0	1996	0.715	0.833	2.0	1.0	0.612	95.487	213093
onion::LB2ETNbmphEzXBKd	LB2ETNbmphEzXBKd	61mWefnWQOLf90gepjOCb3	73.0	2004	0.354	0.982	4.0	0.0	0.194	143.77200000000005	252613
onion::LBWL612A4659aB8u	LBWL612A4659aB8u	0oPnyCLqcn2ZNzwy5pLKDR	36.0	2008	0.4270000000000001	0.388	0.0	0.0	0.139	122.274	386500
onion::LEsoWCESdo0w4Jpv	LEsoWCESdo0w4Jpv	0CN4vEJXdHL92fnhvQhZgV	17.0	2010	0.168	0.994	2.0	1.0	0.0973	111.525	306453
onion::LGqB2vDEBsIZsPi1	LGqB2vDEBsIZsPi1	1HNkqx9Ahdgi1Ixy2xkKkL	81.0	2014	0.614	0.379	4.0	1.0	0.201	107.989	258987
onion::LHDaIkA7aE6dGw3r	LHDaIkA7aE6dGw3r	5TgEJ62DOzBpGxZ7WRsrqb	64.0	2014	0.531	0.363	10.0	1.0	0.259	121.412	229720
onion::LJIdILw93XsaPYDW	LJIdILw93XsaPYDW	15pPMD8QmGMK28iFmUd0l8	31.0	2011	0.575	0.8540000000000001	11.0	0.0	0.574	149.314	337347
onion::LJlWsITflMi3R7rx	LJlWsITflMi3R7rx	72ukb9x8WEVaRUNPzl2MC9	49.0	2013	0.441	0.972	1.0	0.0	0.235	94.993	258899
onion::LLJEKxrHQ6a6RlBt	LLJEKxrHQ6a6RlBt	77B0uaQTgrrA2yM4xwQG1h	17.0	2012	0.177	0.6940000000000001	6.0	0.0	0.391	61.625	188800
onion::LUJpPjIsr4d4IvqM	LUJpPjIsr4d4IvqM	6NvRxjfYkkT2SpirAlmsjH	63.0	2002	0.507	0.588	0.0	1.0	0.637	170.889	278707
onion::LabWO4VjCvwqBSQ3	LabWO4VjCvwqBSQ3	5gs3OJVv8wly05nf44iHiZ	37.0	1999	0.315	0.989	1.0	1.0	0.145	125.315	159427
onion::LatpzJsSTXLlrsvV	LatpzJsSTXLlrsvV	1AWQoqb9bSvzTjaLralEkT	69.0	2002	0.8909999999999999	0.7140000000000001	4.0	0.0	0.818	100.972	267267
onion::LbONvOB0QVFAQjDM	LbONvOB0QVFAQjDM	4va3DcK5XEROhGTXjSIszc	27.0	2007	0.562	0.72	11.0	1.0	0.415	100.008	244320
onion::Lgxr23kxIralNyF2	Lgxr23kxIralNyF2	3C3DdjdRkkBzVfX3uK7Jdf	29.0	1985	0.505	0.973	2.0	1.0	0.398	142.235	305800
onion::Ljh4OQHktTus5vp8	Ljh4OQHktTus5vp8	0iUano4euaiUETVUd1u0cx	51.0	2005	0.47	0.969	6.0	1.0	0.593	144.012	192311
onion::Lk8lLo65Cnex230c	Lk8lLo65Cnex230c	61beXNR1qPPxjyM8x3pdRk	41.0	2010	0.505	0.826	10.0	1.0	0.602	123.356	192240
onion::LmYZjUdYPlBrAoQj	LmYZjUdYPlBrAoQj	3GQmoKZvsd2P3G5OJLAZCp	46.0	2008	0.598	0.885	8.0	0.0	0.598	87.914	228707
onion::LsFQXgkFDs2ueZX8	LsFQXgkFDs2ueZX8	10V8XpuyMoEcSMfM79WDET	60.0	1998	0.518	0.948	6.0	0.0	0.55	103.025	201400
onion::LuFeu9smK7RiTZqD	LuFeu9smK7RiTZqD	2OoLIJNxpsNs9wIHqWQrED	53.0	2013	0.6940000000000001	0.8140000000000001	9.0	0.0	0.6859999999999999	124.976	264960
onion::M2U3z3OqV8u6T8FT	M2U3z3OqV8u6T8FT	3wBqON2EX3QFDyFLvl1Tcv	36.0	1985	0.5920000000000001	0.863	3.0	0.0	0.472	120.223	353840
onion::M3hTa7X3LhC40R1f	M3hTa7X3LhC40R1f	4e3DoE0H8nogusqa2OsrPw	35.0	2007	0.412	0.0769	9.0	1.0	0.518	171.168	198107
onion::M7WDgVe36ucHqpcl	M7WDgVe36ucHqpcl	6E1YebXpPPtujMUljDNlOo	39.0	2012	0.438	0.539	8.0	1.0	0.0757	166.649	192000
onion::M9LFTF0akAEPpfnJ	M9LFTF0akAEPpfnJ	2ptt0Eftq3b2jElTRrctrT	51.0	2003	0.377	0.904	4.0	0.0	0.595	200.566	221587
onion::MG8WfN36QCYZBt98	MG8WfN36QCYZBt98	3oy7aXWP1l5HctKbKqFzyD	39.0	1987	0.161	0.0672	0.0	1.0	0.11	88.47200000000002	184627
onion::MKPDwvGPAXXXoEFg	MKPDwvGPAXXXoEFg	6pmuu4qSz2WrtGkBjUfyuz	52.0	1990	0.61	0.8190000000000001	8.0	1.0	0.454	100.057	198920
onion::MQLAYcS1T9v0h7Sp	MQLAYcS1T9v0h7Sp	3geRffSf6eAruhg23RkpKV	57.0	1992	0.467	0.4320000000000001	7.0	1.0	0.238	142.642	271333
onion::MTRHF9Nso5JPm3Ef	MTRHF9Nso5JPm3Ef	7K6iiGbqmOhWFqjj0bvTKL	42.0	2016	0.789	0.605	10.0	1.0	0.163	127.997	249827
onion::MVUn9ZfetIhDKbxt	MVUn9ZfetIhDKbxt	3QaULt6mFjXbmU1O8chake	42.0	2015	0.376	0.86	11.0	1.0	0.45	128.22799999999998	283395
onion::MWhGAAWRCTRLuvrD	MWhGAAWRCTRLuvrD	0ttUuij1GDXSmyKV6PVLDz	24.0	1979	0.34	0.8240000000000001	4.0	0.0	0.574	102.368	126400
onion::Ma2mTEggvRXtRXb8	Ma2mTEggvRXtRXb8	0KyAGiNGUytG5JLxJu4F6l	72.0	2017	0.93	0.611	0.0	1.0	0.695	112.127	178352
onion::MbsMbtYzJXtKnTZh	MbsMbtYzJXtKnTZh	3Y3nRbS2YvT8LsYxvDylny	54.0	2014	0.624	0.8909999999999999	2.0	1.0	0.693	99.945	210424
onion::MjQkD0QGI10mjkvF	MjQkD0QGI10mjkvF	2NgInslT2bXxgqeCaoyX2z	35.0	2003	0.7809999999999999	0.743	10.0	0.0	0.289	109.11	259587
onion::Mlb2cFRV1WYopfRa	Mlb2cFRV1WYopfRa	5BKKy9fIJL5uM9fz1SnqyP	45.0	2014	0.608	0.7559999999999999	7.0	0.0	0.55	176.08599999999996	245507
onion::MpLAg4a4xmPClhV9	MpLAg4a4xmPClhV9	3PraFkxThh80PiD685IzWC	38.0	1980	0.27	0.973	2.0	1.0	0.443	105.292	187360
onion::MuP6PFdPTAg2iAuc	MuP6PFdPTAg2iAuc	0NtjyCrkeAs49gKiOsIUNw	33.0	1984	0.665	0.394	1.0	1.0	0.672	136.929	238000
onion::MwpFtrA5qYK4v5tl	MwpFtrA5qYK4v5tl	0LN5gIsS5tQSmRzQrHSaTR	53.0	1982	0.705	0.774	5.0	0.0	0.564	98.141	339107
onion::Mx8i7h5inHraLC6Y	Mx8i7h5inHraLC6Y	25Mh1vyzMXv5331YQufaGR	29.0	2013	0.521	0.742	10.0	0.0	0.498	147.005	240133
onion::MxyIlGvbvQxTDKIL	MxyIlGvbvQxTDKIL	61qJ4hUpEMshk1afsLmAEE	28.0	2016	0.612	0.161	7.0	1.0	0.0394	110.04	292566
onion::N3NgbW7GRmCSq7em	N3NgbW7GRmCSq7em	754kgU5rWscRTfvlsuEwFp	74.0	1997	0.526	0.7490000000000001	3.0	1.0	0.421	99.982	208680
onion::N4p5ZLBTGdKs7pSy	N4p5ZLBTGdKs7pSy	3fpK9ipCTfhqla2rIjw42c	36.0	2003	0.7120000000000001	0.873	5.0	1.0	0.698	153.654	353240
onion::N66qXFCABaCiso3R	N66qXFCABaCiso3R	269xqcgGTN9PlivhUkOLhX	60.0	2017	0.54	0.674	2.0	1.0	0.309	89.93299999999998	238719
onion::NCOrhDx0qvY61onf	NCOrhDx0qvY61onf	6RfvxXBEzXIpEj3mVgaeJ8	33.0	2008	0.583	0.5770000000000001	6.0	0.0	0.293	111.917	180853
onion::NCS5Uhityjy77E7a	NCS5Uhityjy77E7a	5dTHtzHFPyi8TlTtzoz1J9	69.0	2004	0.35600000000000004	0.96	4.0	1.0	0.0857	125.921	204733
onion::NEF3uCUMNHnrrSEU	NEF3uCUMNHnrrSEU	18ohWhzbMCynq5QJ68ifkW	56.0	2000	0.7959999999999999	0.716	0.0	1.0	0.505	102.07	319600
onion::NI2OoiNlKO7hMKBd	NI2OoiNlKO7hMKBd	7gVVBa3TKcHrrLcxaDJ9gP	20.0	2013	0.46	0.481	1.0	0.0	0.517	66.626	137000
onion::NJLt0eXJ4Np86Fx3	NJLt0eXJ4Np86Fx3	5kRPPEWFJIMox5qIkQkiz5	70.0	2017	0.4270000000000001	0.262	7.0	1.0	0.228	104.085	224867
onion::NK2f4w3ESTuZbuI3	NK2f4w3ESTuZbuI3	322t99AIkTbD4lew9tvdgs	44.0	2017	0.624	0.462	2.0	1.0	0.422	141.993	224198
onion::NLDnWLcmYl9vluUM	NLDnWLcmYl9vluUM	32mVHdy0bi1XKgr0ajsBlG	57.0	2006	0.6679999999999999	0.861	7.0	1.0	0.8290000000000001	105.587	173067
onion::NLFq6BDW2f1VDfq6	NLFq6BDW2f1VDfq6	11BKm0j4eYoCPPpCONAVwA	43.0	2011	0.591	0.637	9.0	0.0	0.4320000000000001	99.998	244760
onion::NLksx5CAOmyGU2Di	NLksx5CAOmyGU2Di	3jITkO2u1H36DMiMAMJWHj	54.0	2018	0.484	0.928	1.0	1.0	0.44	135.934	245069
onion::NM3o6UORk8p2jj9r	NM3o6UORk8p2jj9r	2kARZH1SSseRigNMbgtDzB	48.0	2007	0.7070000000000001	0.421	5.0	1.0	0.535	94.331	216453
onion::NPtNAwDLXBsalDdJ	NPtNAwDLXBsalDdJ	1nSqYL7YGQaDtu5o0V6LpS	39.0	1985	0.611	0.7020000000000001	4.0	1.0	0.302	137.097	416707
onion::NRRdR4UolSRN4RV9	NRRdR4UolSRN4RV9	7KsZHCfOitA5V9oQYVdltG	63.0	2017	0.5479999999999999	0.865	0.0	1.0	0.61	116.046	303013
onion::NYdW2juZHxlfd44q	NYdW2juZHxlfd44q	6d1kdG897PHrHobW4Ajbhr	17.0	2013	0.207	0.85	0.0	1.0	0.19	119.714	341160
onion::NZ6xUwPS4UDNEnQu	NZ6xUwPS4UDNEnQu	5mvKuE9Lf9ARVXVXA32kK9	58.0	2011	0.638	0.831	5.0	1.0	0.685	175.03799999999995	223053
onion::NcG87VJGRz5scnDO	NcG87VJGRz5scnDO	1FYTEYMWAu6gz7BYDHyoBU	43.0	2013	0.214	0.948	1.0	0.0	0.565	199.85	197187
onion::NkogiZ6PhaB7VpoT	NkogiZ6PhaB7VpoT	0wokCRaKD0zPNhMRXAgVsr	68.0	1993	0.472	0.652	1.0	0.0	0.401	140.124	340200
onion::NkzTvNULIDEvr3Pc	NkzTvNULIDEvr3Pc	1E3elyeDZawq8JlTEIrCvL	45.0	2015	0.482	0.921	5.0	0.0	0.431	161.13	224760
onion::Nl1sEvzj94qavDXi	Nl1sEvzj94qavDXi	1nFtiJxYdhtFfFtfXBv06s	52.0	1991	0.444	0.2	8.0	1.0	0.0777	105.566	232147
onion::NlE6greyN9xK2Goq	NlE6greyN9xK2Goq	3iDMNG7MD7uCPMxBOa66ZI	42.0	2013	0.652	0.435	1.0	1.0	0.473	120.006	137024
onion::NmJRqoipEN80wJot	NmJRqoipEN80wJot	2lR3REI1dq2Q64d9yeaaGN	42.0	2017	0.448	0.977	10.0	0.0	0.121	97.583	215707
onion::Nofgka0HtkCCIy8Z	Nofgka0HtkCCIy8Z	1ocR8gUE4fBfNJZtBr0TFQ	50.0	2017	0.256	0.84	5.0	0.0	0.17800000000000002	112.977	310347
onion::NoywtR5g66pmxswM	NoywtR5g66pmxswM	0Wy0oCdhHxm2wxTDWUfOic	38.0	1967	0.486	0.586	0.0	1.0	0.684	117.33	163560
onion::NpCTWbsRK9yx4E45	NpCTWbsRK9yx4E45	69OxPi6AJRJ2paMRQehwDF	30.0	2012	0.39	0.979	2.0	1.0	0.616	144.062	171627
onion::NpDoKC25MbP1PxIY	NpDoKC25MbP1PxIY	5ILhZGDzmRSVe00E99gL17	14.0	2012	0.359	0.939	5.0	0.0	0.187	90.84	265733
onion::NxDuAw545ivgXqgP	NxDuAw545ivgXqgP	7BNDyzwDboNRR2wmd7GSew	60.0	2013	0.67	0.8290000000000001	5.0	0.0	0.349	125.01	214206
onion::OAb4P2FlpiKq3koQ	OAb4P2FlpiKq3koQ	462tT5pBVstoLcOSJsBBKw	47.0	2010	0.521	0.6559999999999999	6.0	1.0	0.598	170.93900000000005	214733
onion::OBL6XrfPy89oleqA	OBL6XrfPy89oleqA	44Ljlpy44mHvLJxcYUvTK0	61.0	2013	0.591	0.94	11.0	1.0	0.6759999999999999	100.043	224640
onion::OCx99Oa9jrLSNnOY	OCx99Oa9jrLSNnOY	09CqF6VVL6G7NwkCj3M2lU	54.0	2017	0.765	0.58	1.0	1.0	0.785	63.576	220157
onion::OGQ58EnYlNUBEyiE	OGQ58EnYlNUBEyiE	0FUxMZAcb8K7XY4MctS6NS	32.0	2002	0.534	0.579	11.0	1.0	0.436	81.01100000000002	272267
onion::OHiJws8t4NlFjJcB	OHiJws8t4NlFjJcB	6ECp64rv50XVz93WvxXMGF	74.0	2002	0.7140000000000001	0.8590000000000001	5.0	0.0	0.755	95.034	206200
onion::OKl31Myy8GMPDSlZ	OKl31Myy8GMPDSlZ	2NCBjlH7FHEG7hXcnvUaWA	62.0	2018	0.782	0.494	0.0	1.0	0.401	65.832	127273
onion::OMc0rNuXEYnXvWZo	OMc0rNuXEYnXvWZo	03wKMRNYVvw6s9nm4I4jUS	58.0	2006	0.22	0.8	7.0	1.0	0.213	176.047	279293
onion::OSPgUqe5JqKrLsnN	OSPgUqe5JqKrLsnN	29Srmzqyig5Tg5EitFXsb8	53.0	2007	0.642	0.722	4.0	0.0	0.513	127.959	229213
onion::OTSPDyJXwnIsqGTi	OTSPDyJXwnIsqGTi	6CRNYiqBld7XK4plDLk3lL	29.0	2012	0.344	0.7979999999999999	7.0	0.0	0.217	160.101	419440
onion::OUb23fwEUhwC3Uec	OUb23fwEUhwC3Uec	2RSOzvKUnfDDrb2nQPfpQU	61.0	1997	0.8140000000000001	0.955	1.0	0.0	0.963	129.99200000000002	197773
onion::OWpUk8iwm6l2Tmdg	OWpUk8iwm6l2Tmdg	2Bs4jQEGMycglOfWPBqrVG	69.0	2014	0.536	0.768	10.0	0.0	0.545	77.217	228133
onion::OXnG80bq3I0KhoYT	OXnG80bq3I0KhoYT	6zbFlDUqDdLbHikceCg64h	35.0	2017	0.387	0.835	0.0	0.0	0.279	78.189	304831
onion::Of5PrlH0oCK0XZk1	Of5PrlH0oCK0XZk1	3G70HEDD4dwvm7yKGNquRB	33.0	2017	0.483	0.813	5.0	1.0	0.452	113.993	193640
onion::OfTwKCy6gpDAnyx6	OfTwKCy6gpDAnyx6	15ADURMdkO25JGD5mIcodM	50.0	1976	0.6459999999999999	0.362	5.0	1.0	0.387	142.46	220867
onion::OgWDV82JkbGlam41	OgWDV82JkbGlam41	1JY6B9ILvmRla2IKKRZvnH	59.0	2014	0.475	0.703	0.0	0.0	0.299	88.51799999999999	350690
onion::Okak0bbb0AbGQzmy	Okak0bbb0AbGQzmy	0U7XzVIAzoavQQ7DS94KYp	31.0	2005	0.583	0.7979999999999999	9.0	0.0	0.5660000000000001	119.195	184280
onion::OlXh9jUCeXM0YkVC	OlXh9jUCeXM0YkVC	37FsYu2IljCr3zInII1sBr	38.0	2015	0.624	0.8909999999999999	2.0	1.0	0.464	103.002	260320
onion::Oos3HnzbuXnyvwZb	Oos3HnzbuXnyvwZb	4cAgkb0ifwn0FSHGXnr4F6	59.0	2013	0.5	0.593	1.0	1.0	0.329	68.456	256093
onion::OsbBdNdl2DRFKCnq	OsbBdNdl2DRFKCnq	3Ivfmex71BM9J8wl3GaXH2	31.0	2016	0.256	0.963	7.0	1.0	0.0482	195.09	397964
onion::Ox8Cbvs3VcKdEax5	Ox8Cbvs3VcKdEax5	48hpDiomq25LOQGAiVbq77	46.0	1991	0.62	0.72	6.0	0.0	0.853	119.964	236067
onion::Oxl11HgnfhI1dAwS	Oxl11HgnfhI1dAwS	1GFZUvTSf0hYzgfQf7RWYz	20.0	2003	0.93	0.672	11.0	0.0	0.604	110.989	264800
onion::OzPQrP2eZhsEsx90	OzPQrP2eZhsEsx90	7j31rVgGX9Q2blT92VBEA0	72.0	2006	0.463	0.857	4.0	1.0	0.856	111.647	161920
onion::P0dmeOX5RzLqZey6	P0dmeOX5RzLqZey6	42MSqGOJ5o2VQgC01Zlcd5	28.0	2007	0.58	0.18	8.0	1.0	0.13699999999999998	129.805	247173
onion::P1o1r87NLjlsSDw9	P1o1r87NLjlsSDw9	761QvVHTibYjEi2r6A4g4Q	59.0	2017	0.205	0.472	10.0	1.0	0.0392	203.944	334294
onion::P4AymMwXbEfDWvRE	P4AymMwXbEfDWvRE	1ZLsvetXVtZNflSrn2Jknd	40.0	2008	0.565	0.779	4.0	0.0	0.541	119.949	283773
onion::P5PhnAUrO7gutVQe	P5PhnAUrO7gutVQe	4B2r9HXgUqRcPwUG3BYPlc	48.0	2009	0.634	0.8959999999999999	0.0	0.0	0.8270000000000001	136.09799999999998	242240
onion::PDmbQBqvl3FkoOk7	PDmbQBqvl3FkoOk7	2UV3qfQeW5PIU0hELBJCBT	15.0	2012	0.187	0.995	9.0	1.0	0.0914	109.132	255387
onion::PF3hin1KDvqEJ6Ui	PF3hin1KDvqEJ6Ui	1TxgZRcy3kZ7JaEp88MDbC	59.0	2016	0.706	0.884	10.0	1.0	0.506	90.036	210600
onion::PFYen7nm8cFFUub4	PFYen7nm8cFFUub4	6cr6UDpkjEaMQ80OjWqEBQ	64.0	1978	0.73	0.868	5.0	1.0	0.923	148.217	350400
onion::PKkIiPJ0ygGIxeah	PKkIiPJ0ygGIxeah	08gaUXuT1LXIae7TwBTCB9	47.0	2010	0.5	0.978	9.0	1.0	0.199	100.038	272907
onion::PSeJSsdOHRBapCx5	PSeJSsdOHRBapCx5	7a0Zmtupswb9Faai3Yj3Eo	50.0	2013	0.354	0.985	7.0	1.0	0.117	194.991	191875
onion::PTjAgaULILFpDWCm	PTjAgaULILFpDWCm	4UzVcXufOhGUwF56HT7b8M	70.0	2003	0.18600000000000005	0.29	9.0	1.0	0.0776	68.992	262533
onion::PYDbjL3BFDmDnM2D	PYDbjL3BFDmDnM2D	7fcfNW0XxTWlwVlftzfDOR	69.0	1992	0.43	0.7040000000000001	1.0	0.0	0.703	118.242	315120
onion::PZ5hPyNGGjcUNwK5	PZ5hPyNGGjcUNwK5	4r5VaK6H1bq0cTGPMTN97Z	45.0	1989	0.711	0.975	6.0	0.0	0.645	115.19	252333
onion::PZEgbQhTHMMrKRLv	PZEgbQhTHMMrKRLv	5g7rJvWYVrloJZwKiShqlS	65.0	2012	0.359	0.648	3.0	1.0	0.133	111.733	278373
onion::PdYtsSRChch10Pis	PdYtsSRChch10Pis	0vAb3U3NJhiuib2B7sJdeJ	59.0	2011	0.603	0.918	4.0	0.0	0.452	102.473	233655
onion::PfAw3ABTL6trkab3	PfAw3ABTL6trkab3	2tpfxAXiI52znho4WE3XFA	64.0	2014	0.736	0.7609999999999999	4.0	0.0	0.114	119.999	238427
onion::PiyCkX6IHCTpEgF5	PiyCkX6IHCTpEgF5	02LAK7qT1wya0klSeNO96f	51.0	2008	0.7	0.435	8.0	1.0	0.376	133.762	274360
onion::PmhzZvQYdf01MuVa	PmhzZvQYdf01MuVa	5yxghrFKJbU7pcaUFEv1Sg	56.0	2013	0.454	0.521	7.0	1.0	0.235	72.28	194707
onion::PnHfIYJLZuzqmwRm	PnHfIYJLZuzqmwRm	3PNFUK3lkxcczImO87wojG	25.0	2011	0.494	0.958	8.0	1.0	0.8590000000000001	159.963	204347
onion::Ppk5fweeho57fx4K	Ppk5fweeho57fx4K	4BIWl6xOUupdv3jpWtPSDC	51.0	2006	0.454	0.948	5.0	1.0	0.488	149.094	154133
onion::Q1KmY4d4AcrZJcRh	Q1KmY4d4AcrZJcRh	1eRgyfyizDWISeS99kwLNC	55.0	2002	0.5820000000000001	0.953	2.0	1.0	0.398	119.197	209573
onion::Q2cTcU0yl0QYJ8Py	Q2cTcU0yl0QYJ8Py	3xKTpGCsafXzV4muM1Hpl3	50.0	2002	0.534	0.568	5.0	1.0	0.204	140.047	253893
onion::QDLtERFqtJfbCS95	QDLtERFqtJfbCS95	6Hxw4iKjZOyPIHXgbOwVZq	40.0	2010	0.547	0.936	1.0	1.0	0.445	91.997	293453
onion::QDeJLfAmX3XISBxp	QDeJLfAmX3XISBxp	5pU2jicRzE4NAgXE7rOcKV	48.0	2016	0.6609999999999999	0.94	11.0	0.0	0.805	121.998	245987
onion::QDgjful1oIFrabhh	QDgjful1oIFrabhh	43thLwzSasUUZEYjYPeJh3	56.0	1988	0.476	0.331	5.0	1.0	0.24	130.57399999999998	283133
onion::QFA3FvjuWLVBCN5s	QFA3FvjuWLVBCN5s	4X5nq5swAfwEMqDOOJpEA8	32.0	1980	0.535	0.35100000000000003	7.0	1.0	0.18	179.085	452867
onion::QFtunsQxaL7i4CC1	QFtunsQxaL7i4CC1	1iDf4IMFtfMQOYNtiRzoJu	39.0	2016	0.5529999999999999	0.87	11.0	0.0	0.596	100.014	181187
onion::QG2CgAe8bng1516t	QG2CgAe8bng1516t	3IyCL4Em1GOpNGDf451Hg1	59.0	2016	0.541	0.907	4.0	1.0	0.434	80.029	187653
onion::QGj0PFSzucCTLy8f	QGj0PFSzucCTLy8f	4DilZmLvcSt0qtPFA1UBtY	34.0	2011	0.47	0.912	0.0	1.0	0.475	142.668	147547
onion::QGjrZZJtYQo7fqYg	QGjrZZJtYQo7fqYg	4XDpeWqPADoWRKcUY3dC84	60.0	2017	0.547	0.759	1.0	0.0	0.575	91.85	225347
onion::QMjNTAaNdDA0OZeO	QMjNTAaNdDA0OZeO	5cZqsjVs6MevCnAkasbEOX	68.0	1999	0.426	0.894	8.0	1.0	0.63	108.725	166707
onion::QN0UpOx8WyL8ZmyV	QN0UpOx8WyL8ZmyV	0CrcWtJQB7bQE6S1yEbxnP	59.0	2018	0.69	0.8320000000000001	9.0	1.0	0.5720000000000001	91.972	215000
onion::QPnlsVjq09Jxe2sl	QPnlsVjq09Jxe2sl	4J9ith7SLtQyvbrLjphAyI	38.0	2002	0.428	0.92	11.0	1.0	0.6809999999999999	183.382	237293
onion::QcVHRQ3ukNqdctdj	QcVHRQ3ukNqdctdj	6u6kH7V7Tx5xDJtF82vVw0	58.0	2007	0.746	0.324	4.0	1.0	0.385	104.976	190227
onion::Qd13tDDRvOVNjlBy	Qd13tDDRvOVNjlBy	0oks4FnzhNp5QPTZtoet7c	58.0	2013	0.74	0.682	9.0	0.0	0.41	113.201	544627
onion::Qd9OwQ85lwA1pvD7	Qd9OwQ85lwA1pvD7	4BFNvBBLB1zTphQ9vrDKKV	32.0	2015	0.459	0.478	10.0	0.0	0.21600000000000005	76.02	278827
onion::Qgn5N85g6pkwDptU	Qgn5N85g6pkwDptU	7uLgXkNJqn1vvQHdhzBCZr	25.0	2012	0.665	0.276	6.0	1.0	0.19	116.687	266157
onion::QhQahljQAwJIBXvA	QhQahljQAwJIBXvA	5r5cp9IpziiIsR6b93vcnQ	70.0	2008	0.871	0.701	5.0	0.0	0.716	126.975	198440
onion::Qi3v8hoTHdgBdbnA	Qi3v8hoTHdgBdbnA	457p7UH7hoHrbA2iI4PSCA	50.0	2013	0.499	0.843	6.0	1.0	0.5329999999999999	127.932	206480
onion::QiT6ut5oBznmxITx	QiT6ut5oBznmxITx	4wSmqFg31t6LsQWtzYAJob	55.0	2007	0.693	0.789	9.0	1.0	0.28300000000000003	117.055	234960
onion::Qnwag7oUczwK0EyO	Qnwag7oUczwK0EyO	6nJPHXRpKYv2yqtalEjKy5	65.0	1998	0.501	0.905	11.0	0.0	0.584	123.277	225307
onion::Qq299h5cR4S4uLMH	Qq299h5cR4S4uLMH	7yC7FWZz24L43brXzNpLWT	53.0	2005	0.312	0.536	1.0	0.0	0.0962	104.476	283267
onion::QtypIv8SrwQuhtMJ	QtypIv8SrwQuhtMJ	3LDkLpuxQlEuEiZmkxpr8S	50.0	2003	0.7070000000000001	0.556	9.0	0.0	0.746	120.028	166493
onion::QuBsqRgBbPWxsj4e	QuBsqRgBbPWxsj4e	4XJf9EhLAiYkGeuGHlqjzB	39.0	2017	0.527	0.772	9.0	1.0	0.438	97.948	264520
onion::QvxkMSraOKulkeVJ	QvxkMSraOKulkeVJ	5u6y4u5EgDv0peILf60H5t	62.0	1970	0.736	0.379	7.0	1.0	0.948	128.399	256933
onion::QwwoUTL1jcHrqkoI	QwwoUTL1jcHrqkoI	1L94M3KIu7QluZe63g64rv	72.0	1991	0.284	0.875	11.0	0.0	0.595	75.009	340907
onion::R0CqN2yddgonDag5	R0CqN2yddgonDag5	6hsqszJyucdb8yCDnnBHxU	27.0	2015	0.161	0.588	9.0	1.0	0.226	92.081	237428
onion::R4R6vZSYRrVsmsA5	R4R6vZSYRrVsmsA5	4s4LAfpVUzDWLXT6aKcrld	28.0	2013	0.381	0.991	4.0	0.0	0.28300000000000003	157.174	172280
onion::R4yeHSzV6zoOftux	R4yeHSzV6zoOftux	3aLD4sG82hq2c1xVpiIkK5	41.0	2005	0.539	0.82	9.0	1.0	0.56	104.033	230107
onion::R6VZ1f88hxV8h2VO	R6VZ1f88hxV8h2VO	5ktyEZbrgBEePsu6MW5Cvw	46.0	1996	0.35100000000000003	0.9	8.0	1.0	0.777	116.023	261693
onion::R8kOpQo57jrhsau9	R8kOpQo57jrhsau9	3zDYl2WFOm4V7xx7RJmYGR	26.0	2003	0.493	0.47	0.0	1.0	0.3	137.137	260733
onion::RA2YjPPv2IIStw61	RA2YjPPv2IIStw61	0jPLDCNOPHKjdwMIRRS9NR	29.0	1996	0.293	0.958	2.0	1.0	0.056	180.716	278373
onion::RLr5e7MmIsMyGzLR	RLr5e7MmIsMyGzLR	1ZY1PqizIl78geGM4xWlEA	64.0	2017	0.8	0.535	7.0	1.0	0.451	92.027	209680
onion::RQGLg2zELrrSJSAl	RQGLg2zELrrSJSAl	1WSF2SjtfkV8LjTlF8uCZH	45.0	2013	0.453	0.461	0.0	0.0	0.0844	106.84	239856
onion::RUDWyBi8Nvl8g1Jn	RUDWyBi8Nvl8g1Jn	6EnBcUZMs1CZz3gkLLHAjg	32.0	2014	0.545	0.851	7.0	1.0	0.418	131.99	284587
onion::RWXPvXZRrB0lzHkE	RWXPvXZRrB0lzHkE	1fmoCZ6mtMiqA5GHWPcZz9	58.0	2009	0.7170000000000001	0.46	11.0	0.0	0.0961	110.993	367307
onion::RXoWo0EC6cIxdsUw	RXoWo0EC6cIxdsUw	4cwmS4ClC853LXP1w7uOyR	31.0	2011	0.426	0.833	2.0	0.0	0.329	130.007	262413
onion::RdoqO5dEpDczhcpw	RdoqO5dEpDczhcpw	6o43Gi1cX7Nyi6koSkwIBc	30.0	2010	0.747	0.696	11.0	0.0	0.8909999999999999	130.32399999999998	187507
onion::RgcvaoASogB8ZgG1	RgcvaoASogB8ZgG1	0t2QiRkpag0fAgs9zuCPlH	56.0	2012	0.642	0.931	1.0	1.0	0.5479999999999999	152.005	284400
onion::RkUYPWSyHgogc9K3	RkUYPWSyHgogc9K3	3DIJUTOnsXxq1fxQzFI5xL	38.0	2016	0.622	0.7140000000000001	3.0	0.0	0.447	114.09	256133
onion::RohvUVuOW3C4dNWx	RohvUVuOW3C4dNWx	2ccUQnjjNWT0rsNnsBpsCA	68.0	1978	0.524	0.955	0.0	1.0	0.8690000000000001	133.849	253733
onion::RpCDsu2bcEjmqCi9	RpCDsu2bcEjmqCi9	45DElIx0dXqUH4A88yQFdE	54.0	2002	0.248	0.991	4.0	0.0	0.398	159.37	187120
onion::Rsu03FVViNC4exCv	Rsu03FVViNC4exCv	42Kv1RoTAm09FeytxiuZIB	51.0	2000	0.295	0.883	0.0	0.0	0.118	74.483	289200
onion::RttK2ruJO1pCJ7wb	RttK2ruJO1pCJ7wb	4qkds5faUNFmsuOYBEPiVF	37.0	2018	0.64	0.487	10.0	0.0	0.24	118.033	227328
onion::S01XbRlCQXDMJv1I	S01XbRlCQXDMJv1I	0JcgDliDqDac8iOFFRm7tZ	44.0	2000	0.763	0.665	6.0	0.0	0.636	120.055	207600
onion::S2WQu3vmL2vdzUBO	S2WQu3vmL2vdzUBO	5nYSIfnYS7bFTcZRgW5iSB	6.0	2012	0.51	0.643	4.0	1.0	0.293	97.514	241173
onion::S7RFdCOEy8yX1StR	S7RFdCOEy8yX1StR	4iG2gAwKXsOcijVaVXzRPW	68.0	2007	0.438	0.94	2.0	1.0	0.421	100.99	261000
onion::SEPGkLDrnscSWyTh	SEPGkLDrnscSWyTh	0m8tSPLHhjhGToD6LW0RPp	44.0	1993	0.503	0.344	1.0	1.0	0.468	108.489	191933
onion::SFZc6kPsMFuEOMnW	SFZc6kPsMFuEOMnW	052QjISGAv9TPgtypVETn1	33.0	2008	0.581	0.384	3.0	1.0	0.0786	125.023	583160
onion::SGY1zM5vXy6T4rdB	SGY1zM5vXy6T4rdB	7JIuqL4ZqkpfGKQhYlrirs	67.0	2009	0.452	0.563	4.0	1.0	0.209	137.715	267653
onion::SHT8NtUgXaTI0nmP	SHT8NtUgXaTI0nmP	77IAeEz8LEchPN8UNjaTJ2	57.0	2016	0.713	0.496	7.0	0.0	0.6	162.039	316920
onion::SI7vB3M69YcxYXA2	SI7vB3M69YcxYXA2	6qOBFuoFiay0tRAs5en6nB	49.0	2016	0.6990000000000001	0.68	0.0	1.0	0.375	135.026	268840
onion::SMY26gUJnJCqkds8	SMY26gUJnJCqkds8	7an1exwMnfYRcdVQm0yDev	44.0	2006	0.414	0.489	5.0	1.0	0.35	175.662	239013
onion::SMfI0Ok8rgZ69jP0	SMfI0Ok8rgZ69jP0	79yScU3wNnv2yPF3awYqnU	66.0	2019	0.402	0.378	1.0	0.0	0.317	73.262	199052
onion::SPQZx15quWp3uFSK	SPQZx15quWp3uFSK	6OtCIsQZ64Vs1EbzztvAv4	67.0	2009	0.636	0.6990000000000001	6.0	1.0	0.637	94.966	253307
onion::SY6Gss1gXMpQ6bUx	SY6Gss1gXMpQ6bUx	7sxEeJ4ers4gOZ1W3YEnPP	39.0	2018	0.244	0.943	3.0	1.0	0.274	103.641	211125
onion::SZI6pFbowlUQvZ2r	SZI6pFbowlUQvZ2r	1NeLwFETswx8Fzxl2AFl91	65.0	2001	0.875	0.475	9.0	0.0	0.384	99.958	232667
onion::SezvoI7y9p6mDvB3	SezvoI7y9p6mDvB3	6QOU3FhUkPeA2RtaXcvgi7	49.0	2012	0.534	0.8420000000000001	2.0	0.0	0.441	138.004	238427
onion::SfYhtnPqHEzR1UoA	SfYhtnPqHEzR1UoA	1wXJjKJy5Pt38Bu3tUzTUL	35.0	1993	0.181	0.486	6.0	0.0	0.0545	154.57299999999995	266707
onion::Sgq3YGfOcOMFRKRc	Sgq3YGfOcOMFRKRc	32GWSQbpg1Ea1MMvl8HN23	52.0	2002	0.565	0.867	2.0	0.0	0.259	115.006	201427
onion::Sh26hjgYr7E0t7SP	Sh26hjgYr7E0t7SP	6LmKDVBBlMsWqUbuNTeCuF	58.0	1988	0.727	0.4370000000000001	2.0	0.0	0.6829999999999999	113.107	241227
onion::SkM0lSxKYycsKcFy	SkM0lSxKYycsKcFy	7clzk3tSYv6VkQWByftu24	33.0	2005	0.494	0.866	8.0	1.0	0.37	93.96	384733
onion::Sm5T93ReOlYjxhU8	Sm5T93ReOlYjxhU8	6nagmlFCvUo7rSjt3wDPbD	42.0	2005	0.161	0.32299999999999995	9.0	1.0	0.0737	63.664	225853
onion::SmMj4TmRkYkJdhSW	SmMj4TmRkYkJdhSW	34vun8pktEjWVd6wXUDbn8	29.0	2010	0.4920000000000001	0.955	7.0	1.0	0.245	108.018	272347
onion::T0KRR5qjk9fLUeOt	T0KRR5qjk9fLUeOt	4cg1yakyRSIOjxKM2I7J1q	65.0	2016	0.769	0.632	10.0	0.0	0.294	131.93200000000002	176387
onion::T25sOQFGjGgy1DCm	T25sOQFGjGgy1DCm	2VGDntFPvgvqSiUf9ITEfW	57.0	2007	0.722	0.894	7.0	1.0	0.396	113.003	390013
onion::T2R5EEsDMpi4AqxV	T2R5EEsDMpi4AqxV	0wm2hhtpRDtidodGobkttG	39.0	2011	0.477	0.901	10.0	0.0	0.653	124.174	313080
onion::T2SwNxK670qjCEIR	T2SwNxK670qjCEIR	3w9zHVKI28aUPZTxq8oDC6	54.0	1982	0.4370000000000001	0.948	4.0	0.0	0.361	96.72	222440
onion::TDH3DvQHPW6mPPUS	TDH3DvQHPW6mPPUS	2ImwOBqAHn3mHyLJ4HBTbk	54.0	2015	0.14	0.311	2.0	1.0	0.0778	177.799	265960
onion::TF0PczzkJ8TphGKE	TF0PczzkJ8TphGKE	46fyLy4W9HhAkcb67kLaAV	54.0	2003	0.459	0.908	4.0	0.0	0.145	102.132	278067
onion::TGABqt2d0GrbdMhy	TGABqt2d0GrbdMhy	3EtIraJEHVSbBvLw5msioH	55.0	1970	0.544	0.263	5.0	0.0	0.516	89.758	223867
onion::TKCScJ2KJ78HCRcB	TKCScJ2KJ78HCRcB	0Qv7xi6uPSqH2k82tOkGSt	61.0	1983	0.647	0.8959999999999999	4.0	1.0	0.953	118.729	215400
onion::TN3i0tNvCfeSpteo	TN3i0tNvCfeSpteo	4KacUpvbA3Mfo05gttTjhN	70.0	2001	0.574	0.911	9.0	1.0	0.573	98.075	178267
onion::TO3cZBWQE1GRRXy4	TO3cZBWQE1GRRXy4	5XeFesFbtLpXzIVDNQP22n	68.0	2013	0.464	0.417	0.0	0.0	0.479	67.528	183956
onion::TSBiu0XhnbCHPI9x	TSBiu0XhnbCHPI9x	4llEqomvMT1AK0sDKQ4pIg	38.0	2012	0.5539999999999999	0.481	1.0	1.0	0.35100000000000003	179.737	79797
onion::TSQXJlgWZOaVm6AO	TSQXJlgWZOaVm6AO	1HdLKOF5zmGK7hYDBQGiJr	33.0	2013	0.6679999999999999	0.831	7.0	0.0	0.276	110.024	271373
onion::TYoYVKiQpzhvcatl	TYoYVKiQpzhvcatl	7lQ8MOhq6IN2w8EYcFNSUk	78.0	2002	0.929	0.65	7.0	1.0	0.655	112.249	290227
onion::TiBl6UFeDTNcVkVB	TiBl6UFeDTNcVkVB	7L3DyL5uFNCYCqjRaJCv0z	19.0	2015	0.403	0.94	1.0	1.0	0.556	176.951	229324
onion::TiEurQPGMW5IryrX	TiEurQPGMW5IryrX	3EnXOFhkcaUl6THFnyFMi7	26.0	2013	0.511	0.913	1.0	1.0	0.898	155.034	199560
onion::TmhEi0Z91beKiZgT	TmhEi0Z91beKiZgT	3AFpIlNR4DEJ1WC7qyOHU8	38.0	2012	0.6579999999999999	0.835	4.0	0.0	0.532	124.654	156707
onion::TofdqetQ0R8KSmjd	TofdqetQ0R8KSmjd	1QYpYXj7uPYa0obpLF0HFW	50.0	2016	0.695	0.394	7.0	1.0	0.196	139.054	183562
onion::TpMj0105soSPxJ9k	TpMj0105soSPxJ9k	3GiJq4AQK7324mfIQbpiTf	58.0	2014	0.407	0.98	7.0	1.0	0.537	131.066	254467
onion::TqfQLJGD3ycda4Wx	TqfQLJGD3ycda4Wx	22UDw8rSfLbUsaAGTXQ4Z8	75.0	2008	0.727	0.7290000000000001	0.0	1.0	0.512	117.932	284733
onion::TwCuYxw66T2dFYg6	TwCuYxw66T2dFYg6	0hDQV9X1Da5JrwhK8gu86p	62.0	2003	0.502	0.94	7.0	1.0	0.14400000000000002	119.762	219987
onion::TwVLpy5f6d5swRNT	TwVLpy5f6d5swRNT	3yCRdXqfugRL2CzvjZxlrH	42.0	2009	0.7290000000000001	0.66	8.0	0.0	0.551	109.994	173013
onion::TwtFpQa2IRpriRlK	TwtFpQa2IRpriRlK	6Hn9Uc1mMNfqChXU3txNke	58.0	2008	0.727	0.649	0.0	1.0	0.669	129.99200000000002	254533
onion::TyPVMe7JLnSWq8QM	TyPVMe7JLnSWq8QM	35qwJUKVy1OIt0wQ3xEXi0	58.0	1993	0.537	0.487	7.0	1.0	0.207	94.094	331227
onion::U0aWE15iG1qFq5oI	U0aWE15iG1qFq5oI	7l4um9WaXEJOpYmkrXsPsE	32.0	1982	0.342	0.6409999999999999	3.0	0.0	0.371	126.538	293533
onion::U286162nJUKz251r	U286162nJUKz251r	3Jirvz8n8qv015ewSt3VKg	30.0	2000	0.563	0.539	4.0	1.0	0.501	162.577	209213
onion::U5F4JMfzI49fpU4E	U5F4JMfzI49fpU4E	0nJW01T7XtvILxQgC5J7Wh	78.0	2012	0.612	0.28	0.0	1.0	0.387	72.795	213827
onion::U90yRb8snBETvTMt	U90yRb8snBETvTMt	6NBztDsn7hcWhUJSick8oD	40.0	2016	0.293	0.5820000000000001	7.0	1.0	0.313	92.303	159921
onion::U9vo5LiEHh7NJiGZ	U9vo5LiEHh7NJiGZ	4jKa7EZaP8UaEBp2ijfzk6	39.0	2011	0.65	0.975	1.0	1.0	0.906	119.989	243200
onion::UAtRoYJXZsq4AZEs	UAtRoYJXZsq4AZEs	0ey9VL7lFerteaCVvahKYV	50.0	2010	0.7040000000000001	0.391	5.0	1.0	0.687	87.95	309307
onion::UJP2ItYeIZDWBqVU	UJP2ItYeIZDWBqVU	7fx2rt43UfclOOulPwBYk2	48.0	2007	0.514	0.92	6.0	0.0	0.334	161.0	198227
onion::UOm3vJtSATn3MZZq	UOm3vJtSATn3MZZq	3ZGKe1PrwxQl6sCHwioCyE	28.0	1970	0.5820000000000001	0.195	9.0	0.0	0.198	113.027	204773
onion::UQETWJ8f69Kkkgn5	UQETWJ8f69Kkkgn5	5oQcOu1omDykbIPSdSQQNJ	66.0	2004	0.606	0.887	4.0	1.0	0.903	119.974	193000
onion::USPWwnrlK6YmCDK9	USPWwnrlK6YmCDK9	32uXfxJERzv4RK1gMLXbOA	39.0	1996	0.471	0.71	4.0	1.0	0.809	97.43	192493
onion::USxnLgstA31jmG6q	USxnLgstA31jmG6q	5ka2ajep9OAvU5Sgduhiex	66.0	2013	0.669	0.78	7.0	0.0	0.738	139.945	212333
onion::UVDs5yH0n4pKtuE9	UVDs5yH0n4pKtuE9	6rT1BTeBQvUW7U9JuuGTWv	34.0	2002	0.591	0.8079999999999999	9.0	0.0	0.544	148.006	241933
onion::UWYCB122h1fpdoU1	UWYCB122h1fpdoU1	4HCKl05ZpdAyijz1pCLQAm	26.0	1973	0.64	0.585	3.0	1.0	0.654	84.571	190707
onion::UXOdolAgjToZYmyj	UXOdolAgjToZYmyj	4oqF9y2thGJh7hFd1hqItt	50.0	1994	0.172	0.97	8.0	1.0	0.8809999999999999	182.451	157627
onion::UXPd5VeJtjvJdm6V	UXPd5VeJtjvJdm6V	3Bh6uInhcVBVvLraGZdkKD	63.0	1970	0.598	0.797	7.0	1.0	0.622	123.566	147493
onion::UdFmaIdiLCvS6MvG	UdFmaIdiLCvS6MvG	7MuPOXU2vjEe3Kh9LfbM5v	47.0	2016	0.393	0.951	3.0	1.0	0.324	99.213	239960
onion::Uf4mMBLV6w1qpgSa	Uf4mMBLV6w1qpgSa	2DK7xqyQA9YKRYtu0ZuvGl	43.0	2015	0.545	0.8909999999999999	7.0	1.0	0.5329999999999999	100.789	227627
onion::UfHxgZgBJRMLgWse	UfHxgZgBJRMLgWse	3vNFsxBbA4dPkymPF5Jm1b	51.0	2000	0.545	0.573	0.0	1.0	0.463	126.366	237067
onion::UfWU7FbchZUh2SnL	UfWU7FbchZUh2SnL	63whBV1w1nwXb5iAsDiw6H	31.0	2018	0.258	0.979	2.0	1.0	0.35600000000000004	152.029	134143
onion::Ujs6WyB792G3byY2	Ujs6WyB792G3byY2	3NLrRZoMF0Lx6zTlYqeIo4	71.0	2002	0.536	0.55	10.0	0.0	0.234	144.018	238560
onion::Uop8gPCwESlxWLBg	Uop8gPCwESlxWLBg	2ucFCqazVVhPKHDoaR73t8	39.0	2006	0.632	0.14	8.0	1.0	0.146	117.496	208107
onion::UpUgWZhPp9JKw1RC	UpUgWZhPp9JKw1RC	4PFiLGx8jAzcAJxwPLUeZ9	55.0	1966	0.483	0.275	0.0	1.0	0.31	138.063	240800
onion::UppwmIOhovfm7oAT	UppwmIOhovfm7oAT	65X2rKeXgVceqex382wfuL	51.0	2017	0.743	0.206	0.0	1.0	0.608	105.005	181428
onion::UrG5Rakz7u5jCgqS	UrG5Rakz7u5jCgqS	4tNru9iyE5azX7Lc6S9ypG	21.0	2016	0.442	0.466	6.0	0.0	0.373	90.611	347219
onion::UrXvpy9eCGULvKGi	UrXvpy9eCGULvKGi	0QCuMBeqdWkwFUTO1WlAjH	47.0	2006	0.616	0.41	1.0	1.0	0.324	129.498	99227
onion::Us5ImvrHwpmVM8tP	Us5ImvrHwpmVM8tP	5fr0ocIee7TpDCRWaK0002	37.0	2015	0.537	0.929	10.0	0.0	0.161	102.993	247000
onion::Uvswwvfa5JSpeVIJ	Uvswwvfa5JSpeVIJ	260qSIxwsIYmdq3wF5ac0e	43.0	2004	0.272	0.792	4.0	0.0	0.35600000000000004	184.133	223693
onion::Uy6M0EiakwA9MzvX	Uy6M0EiakwA9MzvX	5LaNmg2aCrRI015t09J1HJ	28.0	2012	0.6609999999999999	0.961	11.0	0.0	0.951	129.011	174068
onion::Uz1AfrTUlwzyskyv	Uz1AfrTUlwzyskyv	4COR2ZPEyUn0lsbAouRWxA	55.0	2016	0.274	0.721	7.0	1.0	0.0383	115.036	506763
onion::V16eWj1Wb8MRIShx	V16eWj1Wb8MRIShx	1k0GxoZYv3Yx5mNeXMOZN2	43.0	1981	0.603	0.851	0.0	0.0	0.627	143.218	286227
onion::V2ZPjbtFj7sMWXHL	V2ZPjbtFj7sMWXHL	3H3cOQ6LBLSvmcaV7QkZEu	55.0	2001	0.624	0.911	7.0	1.0	0.135	122.902	212547
onion::V3VSOmvSVY6T5dpg	V3VSOmvSVY6T5dpg	1e1JKLEDKP7hEQzJfNAgPl	73.0	2017	0.7909999999999999	0.581	11.0	0.0	0.438	162.99	181812
onion::V54XrffiQcYKlPeX	V54XrffiQcYKlPeX	1gvaxqNiJEbQzWPqs72kgG	53.0	2017	0.35700000000000004	0.69	1.0	1.0	0.308	116.91	197187
onion::V9rHqyye8SkKGmEh	V9rHqyye8SkKGmEh	4VtiqG418FJ7BtApmld9LQ	34.0	2007	0.404	0.65	0.0	0.0	0.284	174.798	230080
onion::VAfPQbtXvfEQaFr0	VAfPQbtXvfEQaFr0	45hOioMDJktr86iKDHC8gr	68.0	2007	0.56	0.959	7.0	1.0	0.67	163.983	216600
onion::VCFEdiDe9DmaHTQl	VCFEdiDe9DmaHTQl	3bnVBN67NBEzedqQuWrpP4	70.0	2015	0.655	0.632	2.0	1.0	0.447	120.113	188493
onion::VGTm9b4DyIvbbi33	VGTm9b4DyIvbbi33	3Tgo5Ucay80sGvph0uedTS	40.0	2016	0.499	0.105	7.0	1.0	0.177	103.383	215373
onion::VK00HrIz8H1nCQbH	VK00HrIz8H1nCQbH	2EGF4JrisrJ4D4HOdTyYEO	54.0	2010	0.405	0.95	6.0	1.0	0.383	139.715	296733
onion::VKvF5oSWmxCDL97f	VKvF5oSWmxCDL97f	60a0Rd6pjrkxjPbaKzXjfq	79.0	2000	0.542	0.853	3.0	0.0	0.37	105.256	216933
onion::VP3HX2fMMqIH0gnJ	VP3HX2fMMqIH0gnJ	14EUcXXpqrC03Dzzdj8bGr	52.0	1988	0.685	0.307	0.0	1.0	0.5589999999999999	114.981	266194
onion::VPYlbZfsl9ncDM5z	VPYlbZfsl9ncDM5z	5UH7r8pCQy4nC3GTEk3hu5	10.0	2002	0.43	0.66	9.0	1.0	0.662	121.997	198600
onion::VQNEHXmIFhFR4mNS	VQNEHXmIFhFR4mNS	6EJiVf7U0p1BBfs0qqeb1f	65.0	2017	0.7	0.907	2.0	1.0	0.596	114.922	207960
onion::VT3mPpvZkjxW3LoZ	VT3mPpvZkjxW3LoZ	0cjvRZVV217eDcZXXTHxBl	44.0	2015	0.746	0.419	11.0	1.0	0.225	131.958	238146
onion::VUYjqseTlol31WfH	VUYjqseTlol31WfH	4pN5iBtBAjDzxtXum40oNj	36.0	2007	0.426	0.904	10.0	1.0	0.316	140.026	261360
onion::VV1qSjtfptll385f	VV1qSjtfptll385f	2HXnjMxrO4QccqE3Grwmd0	39.0	1969	0.476	0.194	0.0	1.0	0.371	145.945	143067
onion::VWrUykeicslfUToY	VWrUykeicslfUToY	0jhxxEBzlvuDqAqV9i9Iuc	45.0	2016	0.6459999999999999	0.8370000000000001	6.0	1.0	0.326	100.04	188333
onion::VYzHRsHTECosF8iP	VYzHRsHTECosF8iP	6JI5wNWYdBw68GZjOMmgK5	58.0	1995	0.711	0.62	11.0	0.0	0.805	179.817	217627
onion::Vau8uKDEgGIfwLbL	Vau8uKDEgGIfwLbL	6YsCKt3qj4x4KhFqg7Rz7G	22.0	2015	0.348	0.846	1.0	1.0	0.121	197.961	216633
onion::VcVbOWfr1DzQc7vE	VcVbOWfr1DzQc7vE	3ZH8mv5AfnCUY7pxbO52uu	55.0	2018	0.529	0.93	0.0	0.0	0.365	109.005	238985
onion::Vd9RjStAUOa8FORV	Vd9RjStAUOa8FORV	5ynxx6zC4dgzsMHLYQ04Dc	65.0	2005	0.546	0.959	8.0	1.0	0.416	127.831	207213
onion::VfQLaeVN27thhxfM	VfQLaeVN27thhxfM	2pONuBYwWrNm9jcJH6hmPc	52.0	2006	0.188	0.952	0.0	1.0	0.152	155.97299999999996	283467
onion::VkxvKHacOt0QMWEG	VkxvKHacOt0QMWEG	4UTcVahmFMlHk4hkZrI47v	32.0	1989	0.203	0.0306	4.0	1.0	0.0371	149.94799999999995	398067
onion::VmxNq22lP2rOXmkR	VmxNq22lP2rOXmkR	57yL3161hUMuw06zzzUCHi	65.0	2015	0.7190000000000001	0.645	2.0	0.0	0.69	123.02	191493
onion::VoHtMh3XQuGv56mS	VoHtMh3XQuGv56mS	0y5u8YRqydwjCTU7fp1z65	34.0	2013	0.267	0.6509999999999999	2.0	1.0	0.601	166.796	151867
onion::Vrb1bpufls9Y5J0F	Vrb1bpufls9Y5J0F	6fkEXnxYYmw9n9VUkN4Eh3	52.0	2017	0.639	0.259	5.0	0.0	0.28800000000000003	77.98100000000002	135497
onion::VsvjCo9M2ka3zA5K	VsvjCo9M2ka3zA5K	7gl4P3X846By90qi9uolSM	28.0	1982	0.8079999999999999	0.542	11.0	1.0	0.691	91.365	275800
onion::VuKzMC7GCagtroTb	VuKzMC7GCagtroTb	0wv8dVb5uaLUdVrTSMbEpw	34.0	2018	0.248	0.669	11.0	0.0	0.226	96.237	111008
onion::VxrhVIrwCzyy0njD	VxrhVIrwCzyy0njD	0VmzazQQ0Mo1vJldr5NxTW	50.0	2005	0.561	0.278	8.0	1.0	0.192	79.655	190171
onion::VzKbl3KHT5TORDva	VzKbl3KHT5TORDva	6l3A2EWZSOA8LTMmzRCyD3	41.0	2013	0.116	0.804	7.0	1.0	0.0957	82.211	554573
onion::WBZXGy6cWwR2hWdG	WBZXGy6cWwR2hWdG	0pJTrMWCiR0TuJ5FApIqrz	52.0	2012	0.394	0.905	7.0	1.0	0.441	101.121	312213
onion::WHKzYDWqUGfak39R	WHKzYDWqUGfak39R	5e5MKPtJuFb8NaeSEyV5gD	52.0	2008	0.611	0.4	0.0	0.0	0.313	172.662	377600
onion::WIqtiSJw7dRnNpgl	WIqtiSJw7dRnNpgl	6Jjwks2VgLrv5FkWmYOGsy	36.0	2014	0.544	0.96	10.0	0.0	0.388	110.031	245627
onion::WMPyZbE6EvI5f4wF	WMPyZbE6EvI5f4wF	5xTtaWoae3wi06K5WfVUUH	65.0	2014	0.648	0.785	7.0	1.0	0.943	160.02	219200
onion::WRvvdomVdDrx2JGR	WRvvdomVdDrx2JGR	7MKFtAnWUeJBYTXZCsHQxH	39.0	2010	0.434	0.8109999999999999	11.0	1.0	0.531	84.852	229373
onion::WT95PUdT8zRmJd9q	WT95PUdT8zRmJd9q	6epvwUINain4iSHCTWA0sj	62.0	2017	0.55	0.363	5.0	1.0	0.28600000000000003	121.94	230293
onion::WVF8FI0OudiTPp4a	WVF8FI0OudiTPp4a	64Y67Evd1euO5Bokekma3g	36.0	2012	0.456	0.79	11.0	1.0	0.0606	134.795	240480
onion::WWXkHEiWJuBoE9bj	WWXkHEiWJuBoE9bj	1k1Bqnv2R0uJXQN4u6LKYt	72.0	1971	0.479	0.416	4.0	0.0	0.514	79.593	125093
onion::WXBxVtE1T7OhxhgT	WXBxVtE1T7OhxhgT	7s0YfJE6hNNYq9BV26iCw6	47.0	2012	0.7	0.775	1.0	1.0	0.7509999999999999	134.93200000000002	272920
onion::WZufWxPELH3aI4nm	WZufWxPELH3aI4nm	3n3S5cH3IyaOswY2XSUGTS	57.0	2013	0.8109999999999999	0.895	5.0	0.0	0.736	121.01	233720
onion::Watr4MvWFxo9I2I6	Watr4MvWFxo9I2I6	1LzNfuep1bnAUR9skqdHCK	68.0	1993	0.42	0.33	9.0	1.0	0.175	157.143	295600
onion::Wk8yYIWx81WiAK6M	Wk8yYIWx81WiAK6M	3DrjZArsPsoqbLzUZZV1Id	57.0	2010	0.529	0.67	2.0	1.0	0.28600000000000003	141.893	293027
onion::WmUu4mwQ1L184aBX	WmUu4mwQ1L184aBX	0upcwsWXAgtSFAG72Ry9em	44.0	2014	0.515	0.913	8.0	1.0	0.266	119.989	279680
onion::WpI7Zt9uU5XXQ2Xc	WpI7Zt9uU5XXQ2Xc	6dRAAG4sB71NAtVCHJep7s	61.0	2002	0.468	0.851	11.0	1.0	0.293	92.079	252360
onion::WsuAXHFddjZcaina	WsuAXHFddjZcaina	5imSIRUGtX4aeRRA81UakE	43.0	2015	0.544	0.415	4.0	1.0	0.0662	160.036	156720
onion::X0pXNAUnBirw99sB	X0pXNAUnBirw99sB	2JAsk7FasddbmMMxDCre5Z	31.0	2004	0.332	0.969	2.0	0.0	0.409	191.297	231987
onion::X1BgqU5qCsUEIzuR	X1BgqU5qCsUEIzuR	014Y7CPce02N9bir2M1ePw	34.0	1997	0.725	0.7170000000000001	10.0	1.0	0.731	110.165	221093
onion::X4ws3hW4yKZyFPi6	X4ws3hW4yKZyFPi6	4lXHVnmDO5u62tGJIpTafd	48.0	2012	0.382	0.589	6.0	1.0	0.511	65.627	231574
onion::X5zZal6iV79GSKr9	X5zZal6iV79GSKr9	1yvSMyZn27M4wEslpSvB0D	56.0	2014	0.621	0.585	10.0	0.0	0.6679999999999999	132.004	199747
onion::X7zC5FM0aqkE1MyW	X7zC5FM0aqkE1MyW	05rQNWjxu8XCVoOqxXdH1v	27.0	1997	0.6609999999999999	0.908	1.0	1.0	0.32	146.099	272733
onion::X9C8abU2VMxHdtlr	X9C8abU2VMxHdtlr	4rtZtLpriBscg7zta3TZxp	45.0	1993	0.468	0.531	1.0	0.0	0.532	135.999	234747
onion::XIxDyGKYBp4hPsqd	XIxDyGKYBp4hPsqd	2z3joGXrdGL2iEjIKQTiN1	60.0	2016	0.857	0.378	7.0	0.0	0.626	119.976	194347
onion::XJl4LVqoSF60ESul	XJl4LVqoSF60ESul	2u0YkYdMURMEhQ6qo3pYEI	24.0	2000	0.259	0.412	1.0	0.0	0.0487	78.671	231800
onion::XLwCwVGxrag0STCB	XLwCwVGxrag0STCB	6255IIBwKySv6RYrOeHfQh	58.0	2016	0.483	0.486	0.0	1.0	0.466	92.048	193049
onion::XMVsifKgldTqJs57	XMVsifKgldTqJs57	7ARveOiD31w2Nq0n5FsSf8	63.0	2017	0.622	0.58	1.0	0.0	0.512	104.41	221874
onion::XN8vWgD1UDDJpx7b	XN8vWgD1UDDJpx7b	2Q69jVyQtMrlQkk9JY8Gah	32.0	2015	0.636	0.7190000000000001	0.0	0.0	0.826	112.988	231624
onion::XULJ1Q8mPwhmaDI4	XULJ1Q8mPwhmaDI4	2KwhAuxkPrKtXquWmilxU5	42.0	2002	0.679	0.883	1.0	0.0	0.161	129.989	261507
onion::XVRVcL5BhbYuvzE8	XVRVcL5BhbYuvzE8	6iEJ90sA52ES12sTH5WI8X	28.0	2008	0.493	0.805	9.0	0.0	0.596	174.09900000000005	166787
onion::Xccqfq1iLhRkBK8X	Xccqfq1iLhRkBK8X	2dURQIBrw3XcHyVZlfdpC1	49.0	1986	0.852	0.523	5.0	0.0	0.65	130.154	237533
onion::Xeg0EdihyYTTUHpr	Xeg0EdihyYTTUHpr	0TZ1MAPCWb2jpaKzS5Muyz	48.0	2003	0.652	0.897	8.0	1.0	0.913	134.923	209973
onion::XfNurIuPSNa8dQ6Q	XfNurIuPSNa8dQ6Q	3GU3cgve2Tzbrxmjs121uE	30.0	2006	0.4	0.7859999999999999	0.0	1.0	0.425	134.036	239800
onion::Xkdw9KM4zM5rKBcK	Xkdw9KM4zM5rKBcK	6L4PjBaEjTxI0sOBGq8OQg	49.0	2010	0.541	0.91	8.0	1.0	0.35100000000000003	143.02200000000005	212813
onion::Xm179WKmp7ijmhPe	Xm179WKmp7ijmhPe	4znkNgqRMCF12mY7EbklsA	44.0	1998	0.815	0.626	0.0	1.0	0.825	106.47	258000
onion::Xmii62SVM0URMT8o	Xmii62SVM0URMT8o	6LNwTodkmxsc2dKRJWQr6y	45.0	2003	0.64	0.321	3.0	1.0	0.35600000000000004	135.799	215920
onion::Xo4dvoW8kWkau1Es	Xo4dvoW8kWkau1Es	7jJTRLLwHQsHtBBYCCmqQR	54.0	2016	0.557	0.8220000000000001	11.0	0.0	0.153	115.979	178566
onion::XoY8T61sLS65WoZS	XoY8T61sLS65WoZS	4hEhOvEz9tulJQXZ7hiqkz	53.0	2014	0.6509999999999999	0.294	6.0	1.0	0.417	129.827	138154
onion::XpLiPdRr59XJodt3	XpLiPdRr59XJodt3	1HwbgJAU9PZ7YbzKgVgoIF	54.0	2012	0.532	0.614	7.0	1.0	0.638	124.813	148760
onion::XqOV1T6nanrsoqh0	XqOV1T6nanrsoqh0	6KtLECDztnah63TNmV4Plw	61.0	2001	0.246	0.768	9.0	1.0	0.35	169.873	212733
onion::XwN0rgXz1jrR6RMD	XwN0rgXz1jrR6RMD	6n9yCXvLhnYMgJIiIcMu7D	65.0	2005	0.616	0.91	0.0	1.0	0.693	144.07299999999995	252040
onion::XxOxA63RlBLw1IPR	XxOxA63RlBLw1IPR	2H0oiflYrs8PPjOxZ5TdIu	51.0	1998	0.6659999999999999	0.5660000000000001	0.0	1.0	0.308	137.97899999999998	335267
onion::Y1VFFOLDxAqfz3Bj	Y1VFFOLDxAqfz3Bj	3X0ImV8suxzKKqiEk2qFlW	23.0	2007	0.56	0.825	0.0	0.0	0.408	108.003	224907
onion::Y27ivYBGVTTu1Pzo	Y27ivYBGVTTu1Pzo	7wzNovIu5urOjulGX4VzFo	48.0	2012	0.35700000000000004	0.996	3.0	0.0	0.278	183.039	175453
onion::Y7mUC1TOZSrTXXT5	Y7mUC1TOZSrTXXT5	7pv80uUHfocFqfTytu1MVi	61.0	2000	0.753	0.472	3.0	0.0	0.816	135.276	238733
onion::YBnRQGFsQ0oQ363W	YBnRQGFsQ0oQ363W	7IA5lo7PqGbbja2xS498GN	40.0	2011	0.329	0.995	11.0	1.0	0.32299999999999995	187.035	199907
onion::YFS3vFgJzywJ44sM	YFS3vFgJzywJ44sM	6mEDMe0zG5pYrsRxizjauk	39.0	2011	0.654	0.922	1.0	1.0	0.669	127.047	242587
onion::YHeh8ZTEv3Q86BVb	YHeh8ZTEv3Q86BVb	7z3N2W7Xz1t2G2sAO8wFVH	63.0	2004	0.7959999999999999	0.477	1.0	1.0	0.685	119.928	231933
onion::YS055gvVpTUjlfVE	YS055gvVpTUjlfVE	5JUufCEin0aXyFLXCzJbUL	57.0	2013	0.675	0.97	8.0	1.0	0.568	106.973	213371
onion::YStgiZpspJrRXuoK	YStgiZpspJrRXuoK	3ENHpbTuY72FukZbwGP6bc	58.0	2001	0.611	0.648	0.0	1.0	0.457	132.983	254200
onion::YYvBQLgyCJ3JZu8d	YYvBQLgyCJ3JZu8d	5619Ojc6t9evEEs3B7Drhe	65.0	2007	0.618	0.955	4.0	1.0	0.79	150.034	179947
onion::YexQxeR024RLVLdi	YexQxeR024RLVLdi	1mRTSIs40qa2L7omBzQd1u	45.0	2006	0.601	0.5579999999999999	4.0	0.0	0.416	92.948	229520
onion::YjMDAQLvnsYDRNiS	YjMDAQLvnsYDRNiS	3zWC1keGhHYD7omS4If9TD	48.0	2011	0.564	0.2	0.0	1.0	0.0647	92.904	87750
onion::Yk2h0FtzKJOwJNyT	Yk2h0FtzKJOwJNyT	3MgZPnNyZGISgClnS2Bth1	33.0	2010	0.561	0.919	2.0	1.0	0.41	119.898	195027
onion::Yn7WseVfyT5I7mb2	Yn7WseVfyT5I7mb2	4RJoZWtDSxv6mBNFVLV3RU	30.0	2005	0.28600000000000003	0.679	8.0	0.0	0.187	80.14699999999998	278707
onion::Yo7LaTaktvweywUt	Yo7LaTaktvweywUt	07kBp5VuebubsozpQd3nyK	48.0	2007	0.3720000000000001	0.898	2.0	1.0	0.299	178.829	209720
onion::Z1NtUgfD1t8GpUeb	Z1NtUgfD1t8GpUeb	6UBQONiLH8kNmmB8UrV2Ef	53.0	1981	0.921	0.529	2.0	1.0	0.7240000000000001	102.941	334360
onion::Z7Jm3Zvo8zboXwhY	Z7Jm3Zvo8zboXwhY	468OIV1LzYrm3rluVKl8AU	39.0	2009	0.583	0.804	6.0	1.0	0.654	134.036	187307
onion::Z7QnpPTgYsc4TVLA	Z7QnpPTgYsc4TVLA	1Vej0qeQ3ioKwpI6FUbRv1	69.0	2000	0.524	0.939	9.0	1.0	0.6609999999999999	150.184	184867
onion::ZAafbXwem2GMcESg	ZAafbXwem2GMcESg	6Ey4n9xdtS61rZRBy1LNzh	30.0	2008	0.723	0.84	0.0	1.0	0.912	134.972	275187
onion::ZBXTSrSGEHbLlNnF	ZBXTSrSGEHbLlNnF	1NCZMAnGrzUmpBzkBlJjNw	55.0	2018	0.711	0.382	8.0	1.0	0.62	128.023	175000
onion::ZHb6P1WhuRwNm4U2	ZHb6P1WhuRwNm4U2	5FFQbvn7055P1DvgJDdCBP	37.0	2007	0.718	0.527	4.0	0.0	0.515	124.342	228360
onion::ZLN3e0k2wN7RAT8a	ZLN3e0k2wN7RAT8a	4Rc4r5WRsNDQqZn45b0sje	19.0	2010	0.706	0.622	2.0	1.0	0.389	103.003	205907
onion::ZPl3KSgZj1BUJRQO	ZPl3KSgZj1BUJRQO	3v2XiE8ztYHOsrjIBN4Xh2	50.0	2009	0.422	0.974	5.0	1.0	0.464	156.10299999999995	184920
onion::ZRF4SPeG6xWfrtMA	ZRF4SPeG6xWfrtMA	6dYcUcj1TyZZES5ivtjLdk	51.0	2015	0.455	0.37	2.0	0.0	0.125	73.683	233000
onion::ZU8EkbQHnwSln40p	ZU8EkbQHnwSln40p	36YLqJHsNHHODwX5gDPEBb	51.0	2013	0.586	0.954	2.0	1.0	0.84	107.087	239853
onion::ZUj5krqZHiqkDkyF	ZUj5krqZHiqkDkyF	3LuLUNgRmmgcr14dTIWH2S	47.0	2016	0.856	0.863	10.0	0.0	0.6729999999999999	124.998	243840
onion::ZVhGZFAetMlJYmJE	ZVhGZFAetMlJYmJE	0afGLa6wcYiLLXFZ48ZQpY	61.0	2017	0.667	0.316	0.0	1.0	0.156	100.998	313663
onion::ZWyNkL5X8dmwrSRi	ZWyNkL5X8dmwrSRi	1EZWOehr1jzLaQCIS9fYIP	34.0	2009	0.679	0.716	1.0	1.0	0.7709999999999999	114.025	222427
onion::ZXWct312iySKsSfV	ZXWct312iySKsSfV	5r37NetsrDZOMuOev51PHL	42.0	2006	0.332	0.976	8.0	1.0	0.419	76.211	236013
onion::ZbUzZfrtlhSC5rXD	ZbUzZfrtlhSC5rXD	721pXflhiZHuHCTCrNkLmj	32.0	2018	0.52	0.873	0.0	1.0	0.526	128.991	145491
onion::ZhK2fvEMyTR7RLma	ZhK2fvEMyTR7RLma	4FEr6dIdH6EqLKR0jB560J	48.0	2012	0.285	0.613	5.0	1.0	0.0772	126.628	413347
onion::Zmnz6K3NeKpTG08k	Zmnz6K3NeKpTG08k	6AMEHNhqK1qwCEJX9UBjEQ	28.0	2003	0.413	0.928	4.0	1.0	0.184	125.994	243707
onion::ZqydFxq4jKqa4lJi	ZqydFxq4jKqa4lJi	6HlFxHQ5nn6HYGxOOYIrLm	51.0	2002	0.593	0.933	5.0	1.0	0.4970000000000001	153.993	272920
onion::ZwFVaHCpLrYAI9zD	ZwFVaHCpLrYAI9zD	4ZVXIvpsUZgTZkagvUjykx	40.0	2017	0.588	0.916	8.0	0.0	0.7609999999999999	138.002	193440
onion::ZzRNeJcFDGKzRqih	ZzRNeJcFDGKzRqih	7kriFJLY2KOhw5en9iI2jb	53.0	1971	0.285	0.322	6.0	0.0	0.142	134.042	1412451
onion::a3KMlR3uEQpcozen	a3KMlR3uEQpcozen	7LY0R33pPIFr0Y64VZC9Wo	37.0	2002	0.418	0.6859999999999999	5.0	1.0	0.547	75.241	235493
onion::a8m0CJpNKmf905WS	a8m0CJpNKmf905WS	6xkryXuiZU360Lngd4sx13	65.0	1995	0.6709999999999999	0.727	7.0	1.0	0.8009999999999999	102.358	243493
onion::aD1VdAWXO2sE8vxg	aD1VdAWXO2sE8vxg	3TBloc9IQiHGWkzOSPoUA2	42.0	2000	0.562	0.872	6.0	0.0	0.6459999999999999	150.20600000000005	274573
onion::aH6RAGlo8Ltk7HMv	aH6RAGlo8Ltk7HMv	1aWYAQICESeHj2Xauv1Zfd	44.0	2008	0.435	0.893	7.0	1.0	0.433	164.29	208600
onion::aIrb4rQsuIBAUgEY	aIrb4rQsuIBAUgEY	7fp41IDi1dqARoX0Nuvz5O	54.0	2017	0.8809999999999999	0.639	7.0	1.0	0.8640000000000001	112.645	153413
onion::aKlZWBqnnxbbhe5r	aKlZWBqnnxbbhe5r	429IbFR4yp2J81CeTwF5iY	64.0	2001	0.487	0.898	5.0	1.0	0.597	135.33100000000002	220027
onion::aR0wo7I5yDjrpid9	aR0wo7I5yDjrpid9	4fo7zZTzAJd66iUxDQ5xUD	48.0	2010	0.42	0.952	10.0	0.0	0.626	132.987	271416
onion::aRwLNiOclszYg3B3	aRwLNiOclszYg3B3	3KzJpMb6ttHB1en0fwDj4U	25.0	1988	0.4370000000000001	0.848	11.0	0.0	0.503	197.789	285067
onion::aXloBocgj4dfcnG6	aXloBocgj4dfcnG6	0Dz49qemTOjX9RcPZzIl2q	43.0	2010	0.608	0.68	5.0	0.0	0.419	85.962	356453
onion::ac6wmKasI8UeC1R9	ac6wmKasI8UeC1R9	27ViQppP3LZPCJl2A0w9kp	55.0	2001	0.63	0.5760000000000001	7.0	0.0	0.471	138.009	338280
onion::acRcYe7lAKDHr5ca	acRcYe7lAKDHr5ca	334dGM2YusM2XejQdldax2	37.0	2006	0.373	0.915	7.0	1.0	0.217	128.796	402573
onion::aelKmXCNJPMQjJh8	aelKmXCNJPMQjJh8	1Je1IMUlBXcx1Fz0WE7oPT	77.0	1996	0.768	0.8640000000000001	11.0	1.0	0.8909999999999999	110.008	173027
onion::ah5SdnvHRrM54zos	ah5SdnvHRrM54zos	4JZw9iPZpOQetcFnssohqT	26.0	2012	0.4270000000000001	0.981	7.0	1.0	0.0986	105.037	324840
onion::aheUzQlNKIlDfSkw	aheUzQlNKIlDfSkw	4PMmwowVLOajPdiKnrU1vK	52.0	2016	0.626	0.706	0.0	1.0	0.378	113.994	326521
onion::ahel3LyBN072Xsyg	ahel3LyBN072Xsyg	0GYTAipuswOBWFtk06kFCL	45.0	1997	0.482	0.946	9.0	1.0	0.867	115.883	198093
onion::akyl6Y3wuZVxWvvZ	akyl6Y3wuZVxWvvZ	0pMUgJwp0a7Wxypy8xfmMO	42.0	2004	0.7	0.8290000000000001	4.0	0.0	0.777	169.023	346253
onion::anFPQOBQz4WPD1ob	anFPQOBQz4WPD1ob	2X485T9Z5Ly0xyaghN73ed	71.0	2015	0.602	0.8809999999999999	1.0	0.0	0.5770000000000001	125.012	467587
onion::aoq89cZKYUeN9UCt	aoq89cZKYUeN9UCt	48LwbDH7u5UMrsY3sjfjhe	61.0	2016	0.732	0.629	0.0	1.0	0.6829999999999999	91.7	172751
onion::aqKY2vF9rq1b1kxu	aqKY2vF9rq1b1kxu	1VjuOYGK7gKGiXhfoMwlfa	26.0	2003	0.524	0.458	7.0	0.0	0.644	163.082	506293
onion::asmj20D1uf6j7blm	asmj20D1uf6j7blm	6OpnHKF0mmhZmqsR7yY2pK	35.0	2011	0.647	0.947	9.0	1.0	0.355	123.061	219107
onion::av6ETH43jXOmP5xO	av6ETH43jXOmP5xO	19kfHUKwJZxMER3AKVPwef	18.0	2005	0.7120000000000001	0.757	2.0	1.0	0.8340000000000001	142.941	211307
onion::aw53inzwp9aCznmj	aw53inzwp9aCznmj	7IxWqdG1zG0gaAFYq2q0Iy	44.0	2011	0.487	0.81	4.0	0.0	0.7020000000000001	123.493	221853
onion::axdv4kGugNPl0G69	axdv4kGugNPl0G69	4VqPOruhp5EdPBeR92t6lQ	73.0	2009	0.602	0.905	2.0	1.0	0.411	128.019	304840
onion::ay7dbdJUDVgA2z3B	ay7dbdJUDVgA2z3B	4CbKVDZkYKdv69I4bCaKUq	68.0	2009	0.5329999999999999	0.967	1.0	1.0	0.782	142.018	186813
onion::azLm59t0ifyFUuJp	azLm59t0ifyFUuJp	1Y13csEpu3TK5gQdzGLrd8	63.0	1999	0.579	0.812	1.0	0.0	0.278	152.002	223747
onion::b4ZohTyn4pCHa0CL	b4ZohTyn4pCHa0CL	1DrlLvlYd1FIjNavRm6NdX	59.0	2015	0.8390000000000001	0.585	2.0	1.0	0.89	89.821	181260
onion::b4f4SM1JzP3mjN5H	b4f4SM1JzP3mjN5H	00qOE7OjRl0BpYiCiweZB2	65.0	1981	0.35700000000000004	0.653	9.0	1.0	0.522	176.64700000000005	259800
onion::b5DOcRFKFfBfO9us	b5DOcRFKFfBfO9us	0w3da9i05leTYI9YwGvOcK	22.0	1991	0.374	0.948	7.0	1.0	0.624	151.99	193347
onion::b93f0GYGzdKlq4I7	b93f0GYGzdKlq4I7	70Znjq5VPKFrwlB7O26SWT	44.0	1978	0.589	0.46	9.0	0.0	0.705	148.172	310760
onion::bEWLtSSg5rqKZoW4	bEWLtSSg5rqKZoW4	2DdluBZleLq30PlfUAqSD5	53.0	2016	0.152	0.975	7.0	0.0	0.365	178.947	275253
onion::bHgc75T9woUNcCoI	bHgc75T9woUNcCoI	01ACsk2knUnsfWeZp63nqa	37.0	2004	0.845	0.935	4.0	1.0	0.962	129.94299999999998	204493
onion::bUY1mZc2PB7fKKsi	bUY1mZc2PB7fKKsi	0JGuSgtmWyfuxLGBs2wX0C	48.0	2014	0.57	0.945	1.0	0.0	0.53	114.987	280956
onion::bXz2rhlViPcyadmg	bXz2rhlViPcyadmg	7i9763l5SSfOnqZ35VOcfy	69.0	2015	0.613	0.873	7.0	0.0	0.392	129.989	234813
onion::baN3c1PKr6M9Vb6Z	baN3c1PKr6M9Vb6Z	6ISuXA3UCPMtsyEUGUTAyn	55.0	1999	0.5820000000000001	0.765	9.0	1.0	0.528	128.164	200493
onion::bbBKY31ZVvqqr84Z	bbBKY31ZVvqqr84Z	4bLCPfBLKlqiONo6TALTh5	45.0	2012	0.399	0.753	10.0	1.0	0.16699999999999998	130.055	299240
onion::bbxmejLPxmxlKv2G	bbxmejLPxmxlKv2G	0bs4kqtMjLLAGnzW3ueLZV	34.0	2011	0.415	0.687	7.0	0.0	0.157	134.82	322213
onion::bcEagGh4NroBuUbY	bcEagGh4NroBuUbY	5OUYEGNX5wTLUXmHfuGfNY	19.0	2013	0.199	0.823	0.0	0.0	0.168	90.929	440680
onion::bfAJnlVNbnSeVHK7	bfAJnlVNbnSeVHK7	2IClzYyvgwrsmVVipYsx5T	57.0	2017	0.623	0.71	8.0	1.0	0.294	93.981	177947
onion::bh3LVKvBT7kKdIEH	bh3LVKvBT7kKdIEH	3MEYFivt6bilQ9q9mFWZ4g	73.0	2016	0.631	0.953	2.0	1.0	0.422	141.99	273803
onion::bhL5fNKJl7BI9JtU	bhL5fNKJl7BI9JtU	4Xx0J00u90QvnG3rwz4Itp	58.0	2016	0.6809999999999999	0.8909999999999999	6.0	1.0	0.556	100.008	218025
onion::bmKBzZxQyNLcqtxU	bmKBzZxQyNLcqtxU	1Bv3h7Vc4AaYA2BcSM3rVd	54.0	2009	0.494	0.723	6.0	0.0	0.152	144.036	225787
onion::boIVXNV7toOhilvI	boIVXNV7toOhilvI	1CCvkK58LKslZD1YmToopQ	21.0	1998	0.508	0.929	2.0	1.0	0.313	131.359	218173
onion::boLtFF3Jejg1Pm5q	boLtFF3Jejg1Pm5q	2PpNgmrS9mAyrkRAwn6YPq	57.0	1983	0.512	0.947	9.0	0.0	0.612	117.461	256933
onion::boi0zL0QXd5oKeja	boi0zL0QXd5oKeja	2dbFLEQojkH0Z7xBL7uvMl	45.0	1986	0.8390000000000001	0.573	6.0	1.0	0.813	96.738	215160
onion::br2uStZ8qlskGTC2	br2uStZ8qlskGTC2	58sdfzX722CMoU7m0s5dUi	41.0	2002	0.441	0.6990000000000001	2.0	1.0	0.25	89.75299999999999	224000
onion::bryPKYPYuD9vCj9g	bryPKYPYuD9vCj9g	73fqvNjaQ71G90EyZiHisR	18.0	2000	0.434	0.927	1.0	0.0	0.265	89.995	437267
onion::bsFedjb9QSz5vEdD	bsFedjb9QSz5vEdD	1Pc9KQsBFGNq4cDuoXCm1y	20.0	2014	0.32	0.389	4.0	0.0	0.109	90.972	455867
onion::bsLMMYztWo0jMzvV	bsLMMYztWo0jMzvV	1uqGSvSc207Zlgi4sGr9RQ	45.0	1987	0.532	0.932	4.0	1.0	0.5710000000000001	138.261	308893
onion::btvTaSqunPU1ku49	btvTaSqunPU1ku49	7A2yhrdnFspRjpX8RC8UW1	47.0	1989	0.47	0.391	10.0	1.0	0.0769	122.472	256267
onion::bvq2TUaETxgJpAMk	bvq2TUaETxgJpAMk	2d6m2F4I7wCuAKtSsdhh83	66.0	2006	0.467	0.883	2.0	0.0	0.309	122.252	299227
onion::bwon6zFv5CPGk8Hk	bwon6zFv5CPGk8Hk	2LD2gT7gwAurzdQDQtILds	58.0	2001	0.604	0.687	9.0	0.0	0.119	106.896	345187
onion::bzKC3quTf7xliRmN	bzKC3quTf7xliRmN	45h4w81P5iJJTSeR0jJUQ8	58.0	2019	0.479	0.154	2.0	1.0	0.232	92.457	213612
onion::c0VlO6Z7FmfIJLVV	c0VlO6Z7FmfIJLVV	2M9ro2krNb7nr7HSprkEgo	74.0	1988	0.711	0.292	4.0	0.0	0.194	103.951	296800
onion::c45Mh1IMNXWR4tVI	c45Mh1IMNXWR4tVI	0U0ldCRmgCqhVvD6ksG63j	65.0	2010	0.535	0.857	9.0	0.0	0.446	91.053	258413
onion::c8YlxiVWnPfh2P9X	c8YlxiVWnPfh2P9X	0u6SzAN3aBaI2v8d2GrFdG	32.0	1994	0.706	0.514	1.0	1.0	0.401	95.4	251933
onion::c8tEpCkVcfi6xMfF	c8tEpCkVcfi6xMfF	7sLi0mKQvzwwaqIwwdBPNp	23.0	1998	0.29100000000000004	0.875	7.0	1.0	0.494	169.26	235733
onion::cC1MB9fo6jK3h8Wb	cC1MB9fo6jK3h8Wb	6L89mwZXSOwYl76YXfX13s	75.0	1994	0.442	0.943	3.0	1.0	0.7809999999999999	85.064	181533
onion::cCTOkAC3enFtOUMh	cCTOkAC3enFtOUMh	3DcdhXDXL3HupVYxFPu7vw	41.0	2013	0.495	0.961	0.0	1.0	0.659	90.015	208227
onion::cCcpwGeZs5j0DBjc	cCcpwGeZs5j0DBjc	6vuPZX9fWESg5js2JFTQRJ	51.0	2001	0.696	0.75	5.0	0.0	0.937	124.048	211640
onion::cFGXaqjaTDtSkuNZ	cFGXaqjaTDtSkuNZ	1ED6dMdVwXGkXAjsJdk5f0	24.0	1970	0.171	0.949	2.0	1.0	0.055	106.971	293867
onion::cJDYd61ccx6tgedT	cJDYd61ccx6tgedT	0725YWm6Z0TpZ6wrNk64Eb	63.0	2012	0.5920000000000001	0.423	3.0	0.0	0.607	60.014	304760
onion::cQhRyoaFQ1aol9sh	cQhRyoaFQ1aol9sh	5kqIPrATaCc2LqxVWzQGbk	76.0	2016	0.765	0.473	10.0	1.0	0.34	119.992	237300
onion::cUOkPzemSa9Af4ba	cUOkPzemSa9Af4ba	1R6nmC4HUGOGSKU02Wqa0v	37.0	2007	0.493	0.882	6.0	0.0	0.345	88.535	312933
onion::cUVeTJt6l8bM4jOc	cUVeTJt6l8bM4jOc	1aj4GXfmEYXfdVZohCpNKu	67.0	1964	0.883	0.464	10.0	1.0	0.925	111.548	172333
onion::cWXpvnMaoOLOcPZx	cWXpvnMaoOLOcPZx	4fixebDZAVToLbUCuEloa2	71.0	2009	0.7240000000000001	0.695	11.0	1.0	0.235	139.0	224400
onion::cWi8ZLRpdK8W4qF2	cWi8ZLRpdK8W4qF2	1rqVob8GLwcVIuBQEHA6aV	26.0	2013	0.443	0.99	9.0	1.0	0.2	129.68	184456
onion::cc3l1tmMZ9DNFGGx	cc3l1tmMZ9DNFGGx	76tzDKhVle9QKpWx0apgCm	51.0	2013	0.7020000000000001	0.721	5.0	1.0	0.7829999999999999	106.029	188526
onion::cdRPI6v1DmHSYKFO	cdRPI6v1DmHSYKFO	4KZAsdL0PeGvmPbSr0hyG4	39.0	2011	0.662	0.797	7.0	1.0	0.51	119.98	254267
onion::cdU4raLxkAChxEE4	cdU4raLxkAChxEE4	190jyVPHYjAqEaOGmMzdyk	67.0	2012	0.601	0.843	0.0	1.0	0.534	128.002	227987
onion::cgmAU8RaivLqOTHe	cgmAU8RaivLqOTHe	63JXZZRbmzooashakb0zbu	49.0	2001	0.491	0.18600000000000005	0.0	1.0	0.457	119.881	104467
onion::ciRdTG6RBihqEaRe	ciRdTG6RBihqEaRe	55DyBUkjebkcYhDGfEXitR	54.0	2018	0.647	0.388	0.0	0.0	0.669	113.98	258714
onion::clHihILLQQgsYg8H	clHihILLQQgsYg8H	33vzOPcd9FRirYGlCu32x4	51.0	2007	0.924	0.7709999999999999	11.0	0.0	0.627	123.018	242133
onion::cnyZUM6yigWZ8lcW	cnyZUM6yigWZ8lcW	1kAQmY7yNW6LFdDftDbe1X	37.0	1991	0.0931	0.433	3.0	1.0	0.453	87.60700000000001	158307
onion::cr3lIXwkkXiMAfHI	cr3lIXwkkXiMAfHI	144JMbvbR5txNzoZ112wo4	58.0	1998	0.593	0.923	0.0	1.0	0.5870000000000001	124.862	224000
onion::cvUImX9HPk7VU9hA	cvUImX9HPk7VU9hA	0plo6KjgjTcRhj7Fn8oemk	50.0	2007	0.545	0.901	11.0	0.0	0.7979999999999999	137.998	289293
onion::cwqPLtmHEpvTPKar	cwqPLtmHEpvTPKar	0xbjaqanyL1Us6g8kVKE3h	32.0	1989	0.615	0.7829999999999999	11.0	0.0	0.977	143.783	318467
onion::czEp8aGZsN9e45Ko	czEp8aGZsN9e45Ko	7l9uOhfVJC8Y0c6PXHrgbs	56.0	2011	0.515	0.8690000000000001	11.0	0.0	0.336	122.748	265333
onion::d1ygyzzObXCLpSte	d1ygyzzObXCLpSte	6LhUsJiXAuxoalUz01evh0	50.0	2000	0.243	0.988	8.0	1.0	0.277	89.905	316493
onion::d41rVa4fkK2uBVTh	d41rVa4fkK2uBVTh	3FnzzFJxIrcIxQ3JJNFalO	26.0	2005	0.665	0.972	6.0	1.0	0.7240000000000001	101.973	175187
onion::d4GPdpE9JxqlzhUd	d4GPdpE9JxqlzhUd	0VeqER57ixyKcnLsZ1zxAj	39.0	2001	0.423	0.745	1.0	1.0	0.187	136.901	239280
onion::d4XwN6XDBMyxSi7N	d4XwN6XDBMyxSi7N	1Kp6WFxRzc0sRBmGSgIYat	62.0	2014	0.597	0.856	10.0	0.0	0.7709999999999999	131.95	167320
onion::d7vF3ohcsKQRg5ii	d7vF3ohcsKQRg5ii	4bia7OWZPoswlzXCqESYrR	58.0	2011	0.634	0.848	1.0	0.0	0.647	105.055	209520
onion::dDsLB7Nej5vtSRei	dDsLB7Nej5vtSRei	0w5Bdu51Ka25Pf3hojsKHh	69.0	2017	0.695	0.818	5.0	0.0	0.916	119.965	182693
onion::dDyJBl7FGVK0IaSE	dDyJBl7FGVK0IaSE	6T7MAQCekVb3UnCykjX3BP	57.0	2006	0.343	0.6920000000000001	2.0	1.0	0.153	174.07	295000
onion::dHCsj8wfifAg8BrR	dHCsj8wfifAg8BrR	4kiVGEOrzWmEUCxXU21rtN	52.0	2006	0.613	0.948	11.0	0.0	0.879	115.108	216733
onion::dKZS5hhjbx9OA0gI	dKZS5hhjbx9OA0gI	1Cwsd5xI8CajJz795oy4XF	72.0	1998	0.618	0.8959999999999999	2.0	1.0	0.711	113.961	300773
onion::dNVSQgiyMqANglpl	dNVSQgiyMqANglpl	678Fh7cIfN1sLqxsj5sc2G	48.0	1977	0.403	0.8909999999999999	1.0	0.0	0.4270000000000001	88.936	189333
onion::dR2YlcLAsPyEHKDB	dR2YlcLAsPyEHKDB	4GtN7yHlsvQanJfp2Qzw1A	46.0	2010	0.34600000000000003	0.753	10.0	0.0	0.184	79.275	164640
onion::dU3Qr4hGGC4n3D1x	dU3Qr4hGGC4n3D1x	7kpa6MWRrPaF3b6C0DgioK	59.0	2002	0.363	0.906	1.0	1.0	0.371	181.96400000000003	231200
onion::dUUo24N5LToFqgii	dUUo24N5LToFqgii	0CcL4kSHKIEwF3IW0BGgb6	57.0	2009	0.727	0.387	1.0	1.0	0.966	160.395	150400
onion::dVPFNMZc3quRY93K	dVPFNMZc3quRY93K	64j9PQCgYrBrTzVEktbMGh	33.0	2005	0.491	0.84	7.0	1.0	0.931	159.039	218000
onion::dZZH8oE7pO5dy0Mx	dZZH8oE7pO5dy0Mx	0f34MnV51uwA1jhPQ2XnDe	54.0	2015	0.365	0.893	5.0	0.0	0.46	171.08	233493
onion::dkpw4jtaWazjyL49	dkpw4jtaWazjyL49	3k0xITtgCxdbwyGTxpbpH1	25.0	1972	0.442	0.763	0.0	1.0	0.919	127.366	203533
onion::dovvCu3hD3t1EXq8	dovvCu3hD3t1EXq8	6sNT5PF1SjTYgMiAIQGYMd	39.0	2018	0.594	0.512	6.0	1.0	0.52	97.348	381040
onion::dqhKBB0F07GFKhpc	dqhKBB0F07GFKhpc	3IcIIZMMS7UArJJPtEHXG8	63.0	2009	0.742	0.471	1.0	1.0	0.384	86.46700000000001	242200
onion::dzj1qkzzV7mGzZXs	dzj1qkzzV7mGzZXs	4I7TImODAPbDmXn0djFw4N	38.0	2004	0.447	0.955	5.0	0.0	0.329	129.811	224547
onion::e3gQFiidNo6nttBX	e3gQFiidNo6nttBX	0lo49cC2G9CMG2hiyAdDbl	32.0	1989	0.504	0.8640000000000001	5.0	1.0	0.7829999999999999	159.625	287387
onion::e4U2Hmwm9h0NvXik	e4U2Hmwm9h0NvXik	0pdfN7nOHMYmKykzu1cyfm	65.0	1995	0.5920000000000001	0.725	8.0	1.0	0.784	78.235	246760
onion::e5cDHkvLJCWQ7ilI	e5cDHkvLJCWQ7ilI	2UXEwIOtNGUUgGdXnds8V7	52.0	2002	0.7140000000000001	0.436	1.0	1.0	0.3720000000000001	93.025	229693
onion::e7ucWjKm5ASO5yjC	e7ucWjKm5ASO5yjC	6PCUP3dWmTjcTtXY02oFdT	77.0	2017	0.461	0.8340000000000001	2.0	1.0	0.471	135.007	261154
onion::e9WvSVLSrpcGUMwt	e9WvSVLSrpcGUMwt	5uunXHE4kIW6uS4HWAXaOQ	57.0	2016	0.333	0.959	2.0	1.0	0.242	137.05200000000002	212653
onion::eB67z7qVjIw0aRHH	eB67z7qVjIw0aRHH	5UWcIBGizE1JNnDrXC7L1Q	44.0	2000	0.731	0.8809999999999999	4.0	0.0	0.908	155.819	214893
onion::eBNYIIbNkesXm3x9	eBNYIIbNkesXm3x9	1wlKw9NAWVWpx7OIAyg9EA	63.0	1994	0.573	0.75	4.0	0.0	0.544	101.049	283027
onion::eGty51KZWXqV45Xt	eGty51KZWXqV45Xt	3lI5dscCDez8cF6LF3Me7F	61.0	2015	0.248	0.75	7.0	1.0	0.18	70.679	215112
onion::eQl6A8Bzl1WHyFR0	eQl6A8Bzl1WHyFR0	7AkQVlVzkZMCCHLtIzUT9d	38.0	2012	0.57	0.884	0.0	1.0	0.0818	128.04	302707
onion::eUKuGdyJa0rVEOFK	eUKuGdyJa0rVEOFK	7ngRS53kqxLcEt9Pythc5d	56.0	1963	0.475	0.43	2.0	1.0	0.696	94.845	150000
onion::eXmlxOiWaWVdSv5H	eXmlxOiWaWVdSv5H	6Z394DZLBLSbJYz1h6eVdK	26.0	1998	0.631	0.537	4.0	0.0	0.345	121.508	119600
onion::eZO9mnnl2T2ngRDN	eZO9mnnl2T2ngRDN	6sqNctd7MlJoKDOxPVCAvU	64.0	2004	0.414	0.936	2.0	1.0	0.74	170.229	242413
onion::ebsr6NShYvKqDsgl	ebsr6NShYvKqDsgl	1Pob3vUqjFAR5cFjnoxUkW	40.0	2003	0.583	0.855	9.0	0.0	0.574	126.086	259102
onion::ecFa2ZTHkfUh48Jt	ecFa2ZTHkfUh48Jt	5AabqkMATMr8zsfPS5yJnr	41.0	1993	0.172	0.483	7.0	1.0	0.33	167.233	272067
onion::ehddQB3fgNJXFYf5	ehddQB3fgNJXFYf5	5YJQ0J2hhw8vqmvtofxhMH	35.0	2003	0.843	0.594	7.0	1.0	0.747	120.019	279387
onion::einuzDusXIH15oIe	einuzDusXIH15oIe	15TJBhID2NsMMp2etO0B03	31.0	2016	0.634	0.428	8.0	1.0	0.2	109.968	234543
onion::etiekF59o6EHVdQn	etiekF59o6EHVdQn	5zZOhHw2p7VLPau3A29hJw	40.0	2015	0.57	0.636	0.0	0.0	0.364	135.01	453600
onion::eu9O99nwxsQo259s	eu9O99nwxsQo259s	7cQjIIjLOhbRVCXyIepF2U	51.0	2010	0.6	0.799	2.0	1.0	0.647	130.031	246720
onion::ezfCYdOsUD4Mbt0p	ezfCYdOsUD4Mbt0p	3bnVfVpwui6X1yfvVMPTxE	28.0	2014	0.37	0.321	7.0	1.0	0.0365	123.934	280760
onion::f2Nji2TuE9MywRlr	f2Nji2TuE9MywRlr	4cz5bBa239LZ0Pt5DrJXYK	31.0	1991	0.227	0.48	9.0	1.0	0.188	92.701	259453
onion::f5gTrdbFYEfAGajD	f5gTrdbFYEfAGajD	7kWmT6l911OFlkhhSV6KlM	44.0	1993	0.6679999999999999	0.909	9.0	0.0	0.541	132.865	321427
onion::f71ObCKTQqdP53oI	f71ObCKTQqdP53oI	4zEvxRDaKDoFlHxK7Hy0wg	42.0	1993	0.329	0.565	0.0	1.0	0.166	108.875	211067
onion::f7Nri29NAqM1fgYm	f7Nri29NAqM1fgYm	5CM46mcZTlDTn8m9xvWuXm	16.0	1983	0.725	0.695	0.0	1.0	0.913	128.814	272293
onion::f87VuyyZBMlzKCEu	f87VuyyZBMlzKCEu	0yfNXxlyXdmP0ue1iJijx1	63.0	1993	0.542	0.7929999999999999	8.0	1.0	0.708	173.93099999999995	256520
onion::f98GbIBlLD5aakBW	f98GbIBlLD5aakBW	0nMOZnZA4GnipZXswSmCS6	56.0	2013	0.387	0.35200000000000004	8.0	1.0	0.13699999999999998	86.16799999999998	181029
onion::fBVba5rjeYDhMDt5	fBVba5rjeYDhMDt5	0cWpji5RC6h5rGfhikqVOF	30.0	2014	0.235	0.918	5.0	0.0	0.269	125.937	94276
onion::fBiK1Fz9qTwHtXdv	fBiK1Fz9qTwHtXdv	1UI0l2L66HJ9AtoEOlHzv4	66.0	1999	0.745	0.742	10.0	1.0	0.8059999999999999	95.996	245067
onion::fIaSWakyo48N8NBD	fIaSWakyo48N8NBD	5NfJGBAL9mgFPRQxKJmiX2	69.0	2018	0.643	0.72	2.0	1.0	0.491	96.028	192840
onion::fJRyFFcqCgoEeyNi	fJRyFFcqCgoEeyNi	0O3TAouZE4vL9dM5SyxgvH	62.0	2013	0.802	0.82	11.0	1.0	0.81	139.972	236280
onion::fPd44gFXveH8QNmt	fPd44gFXveH8QNmt	79M3Eq1q61lkeQJ1OCVEdZ	60.0	2016	0.32	0.909	7.0	1.0	0.21	109.649	238653
onion::fRsxlZajXVTWM0ya	fRsxlZajXVTWM0ya	0vGNppfTmrK8zDSMxGqM1s	22.0	2007	0.53	0.815	11.0	1.0	0.591	115.175	136800
onion::fUWZtlMkJbb5GNJe	fUWZtlMkJbb5GNJe	3ZjDgy9w4QXrJuoOwEhibL	32.0	2010	0.5720000000000001	0.885	2.0	1.0	0.763	95.096	176560
onion::fVIdrI2P5FzC0u8h	fVIdrI2P5FzC0u8h	5LlfYiHiK7xYMuP6NYaR5w	27.0	2018	0.188	0.4970000000000001	1.0	1.0	0.268	82.65	872667
onion::fXWPIFQSOkCrrc8Y	fXWPIFQSOkCrrc8Y	62nQ8UZVqR2RMvkJHkcO2o	70.0	1991	0.285	0.846	2.0	1.0	0.287	108.808	318227
onion::ffIMcHbNxb5LClZ8	ffIMcHbNxb5LClZ8	186hvCTyrni4KT9nwIQ7zS	51.0	2001	0.619	0.7390000000000001	11.0	0.0	0.675	140.875	237800
onion::fg8KyD4O2FmcfExq	fg8KyD4O2FmcfExq	4FsVB8msXzmemjJdTKUoal	64.0	2011	0.445	0.7859999999999999	5.0	1.0	0.53	191.96400000000003	211373
onion::fgPtMexk024wCPNc	fgPtMexk024wCPNc	0nHL2il76L87zohuihLaHW	38.0	2018	0.52	0.898	8.0	1.0	0.6459999999999999	138.996	188067
onion::fjJY9eVw1xobi8EV	fjJY9eVw1xobi8EV	424ml6U1wmEarzw26uDtCS	50.0	2013	0.7170000000000001	0.815	9.0	1.0	0.8759999999999999	118.437	202296
onion::fozalKK9FR9i2TIT	fozalKK9FR9i2TIT	5cfGJHxNcS1S2qyZj9xH6z	44.0	2015	0.615	0.416	0.0	0.0	0.284	83.98	251520
onion::fpd9Uu7k00eWhgFn	fpd9Uu7k00eWhgFn	5R4USGyJBLsFrY9eUl4EB7	19.0	2005	0.412	0.8029999999999999	0.0	0.0	0.337	92.11	285760
onion::fpspvnC1jELCCN1C	fpspvnC1jELCCN1C	4jacsL77ZYnpInmTtUBaJW	58.0	2003	0.755	0.895	9.0	1.0	0.8440000000000001	118.871	181907
onion::fqotTYeTLpnRj3lF	fqotTYeTLpnRj3lF	0J1Wfjo9H3R62yaCuuNDZX	49.0	2003	0.547	0.8320000000000001	0.0	1.0	0.7709999999999999	78.209	215333
onion::fyTPYIaKV4tfEYvk	fyTPYIaKV4tfEYvk	6VObnIkLVruX4UVyxWhlqm	61.0	2012	0.34600000000000003	0.552	0.0	0.0	0.0789	75.881	286480
onion::fzaAjhostagNbwzS	fzaAjhostagNbwzS	3Rc4K6taaH23i9wWoXGWoZ	22.0	2007	0.19	0.736	11.0	0.0	0.14800000000000002	122.56	299333
onion::g3IWRs8B76hME4fm	g3IWRs8B76hME4fm	0Y1fueUFu8jQtUxdUmOojf	58.0	2002	0.685	0.15	2.0	1.0	0.125	124.956	379520
onion::g6hbvik3ftzwswnl	g6hbvik3ftzwswnl	5D33O3HTYeP1fQpiT67tBO	40.0	1981	0.7659999999999999	0.434	0.0	1.0	0.872	99.039	213360
onion::gEJHVkFdPGas8ImW	gEJHVkFdPGas8ImW	7hZ1JuwJm4hZsS8IHnKDt3	47.0	2005	0.207	0.894	4.0	0.0	0.246	85.986	239880
onion::gEm1UeJWVe2bbAEg	gEm1UeJWVe2bbAEg	3px2rAPu74ltbkf9eZsZ8h	69.0	2016	0.562	0.904	1.0	1.0	0.6509999999999999	94.481	158667
onion::gR7TjCO9xJTOmCnJ	gR7TjCO9xJTOmCnJ	0YwUJOHKYxlm5gVfIkl8Ym	42.0	1994	0.696	0.49	6.0	0.0	0.557	179.825	288840
onion::gSDEde5fekD0MWlk	gSDEde5fekD0MWlk	2ekn2ttSfGqwhhate0LSR0	80.0	2017	0.762	0.7	9.0	0.0	0.608	116.073	209320
onion::gTekSN4nlAqCWPzp	gTekSN4nlAqCWPzp	7yoHD1pvn5vssAAMImpuTy	33.0	1975	0.3670000000000001	0.461	10.0	1.0	0.452	133.877	394827
onion::gaKNJZT2G7U2csTJ	gaKNJZT2G7U2csTJ	2S3flt2KfOpG7JNmtteAAZ	39.0	1982	0.7509999999999999	0.552	9.0	1.0	0.695	135.533	267867
onion::gjKRCenqO9F0nM5B	gjKRCenqO9F0nM5B	2lfokjWEMj3JGRoZWRpIWR	44.0	2003	0.735	0.7240000000000001	11.0	0.0	0.861	104.953	351813
onion::gkkIBMfgjiHDsO9f	gkkIBMfgjiHDsO9f	55oC4vGPFA0QBBooQ2NHHl	26.0	1980	0.85	0.348	11.0	0.0	0.7809999999999999	140.149	200160
onion::gsYB7XRkeZzF5Z96	gsYB7XRkeZzF5Z96	3xGJuHvSxFJxxYlHj5BIoT	57.0	1979	0.615	0.55	11.0	0.0	0.5489999999999999	95.485	209957
onion::gvw1l0oFPVpViBxv	gvw1l0oFPVpViBxv	2OuNnwnNQyWrF47pthWxNb	56.0	1987	0.133	0.927	7.0	1.0	0.5	197.708	224867
onion::gvyzKcTPtTBFN8HP	gvyzKcTPtTBFN8HP	1ZAkJE2vi1wbo7tyvgWuXN	52.0	2004	0.621	0.402	0.0	1.0	0.218	120.027	276355
onion::gxIjJjjWFe39dmXd	gxIjJjjWFe39dmXd	2THkQauDWMvJgXFGPY4iKB	55.0	2000	0.622	0.75	9.0	0.0	0.905	141.32399999999996	197973
onion::gxVc3JUykVtpBR7n	gxVc3JUykVtpBR7n	1foMv2HQwfQ2vntFf9HFeG	58.0	2010	0.6759999999999999	0.703	8.0	0.0	0.852	92.761	200173
onion::gzaaKDMmuTLkGJ62	gzaaKDMmuTLkGJ62	7abGerACQx9G1OBqHYFKAb	50.0	1982	0.736	0.8759999999999999	11.0	0.0	0.802	125.843	204267
onion::h0LCV99d7Kd4dwtv	h0LCV99d7Kd4dwtv	5Ohxk2dO5COHF1krpoPigN	74.0	2017	0.516	0.595	5.0	1.0	0.222	119.972	340707
onion::h2uAyVavFwVFUIsJ	h2uAyVavFwVFUIsJ	3bO45Xp3Okj4BXh2yhGJOT	20.0	2003	0.511	0.7659999999999999	7.0	1.0	0.429	87.837	292347
onion::hOP3eAh1EyJP52r8	hOP3eAh1EyJP52r8	5RoIXwyTCdyUjpMMkk4uPd	62.0	2009	0.531	0.821	2.0	1.0	0.34	129.139	230800
onion::hRVAgGLhTE00WJR0	hRVAgGLhTE00WJR0	0OByd6pqxZzsXZRj6kJYbN	47.0	2010	0.479	0.8540000000000001	6.0	1.0	0.129	125.92	272773
onion::hSiCJ0oaqFmfqxaB	hSiCJ0oaqFmfqxaB	7pm5uhK7xiEM9fQvuCE78l	50.0	2015	0.6609999999999999	0.97	0.0	1.0	0.773	125.993	196522
onion::hUstBnWHRzRzFa25	hUstBnWHRzRzFa25	2cViIXIe8Pbd1sOJExMJlK	54.0	2004	0.5479999999999999	0.888	1.0	0.0	0.655	115.993	188067
onion::hUu4G1SPIxEAOYVt	hUu4G1SPIxEAOYVt	31I3Rt1bPa2LrE74DdNizO	67.0	2007	0.639	0.628	6.0	0.0	0.43	90.482	237507
onion::hX2v4io4AAiWAC24	hX2v4io4AAiWAC24	2QffgsYVZkvMQsZmQdgf2L	55.0	2017	0.569	0.685	1.0	0.0	0.3720000000000001	189.938	197673
onion::hYyk7Inc18yvUfWV	hYyk7Inc18yvUfWV	6ubqrTIJwspBSqx8XQHN2K	49.0	2015	0.398	0.982	2.0	1.0	0.401	172.822	216760
onion::hfr7Kx7WXoRTtpjl	hfr7Kx7WXoRTtpjl	2aHqdN4K9naX3oBuUxp6zf	44.0	2002	0.408	0.674	2.0	1.0	0.422	128.974	305053
onion::hgz3dkw5j3psgdfJ	hgz3dkw5j3psgdfJ	6LqbJXriVJyqJCd9jYoPqP	34.0	1972	0.509	0.974	2.0	1.0	0.8	120.124	153173
onion::hhor3mxWb0SJR8JV	hhor3mxWb0SJR8JV	1lTlQGQzaZoNX8SDNqYtUi	43.0	2013	0.504	0.768	4.0	0.0	0.441	79.985	176413
onion::hkMBgqiZHMCGPkJG	hkMBgqiZHMCGPkJG	5NeHvs8ClxMHtqv8DHEK1X	60.0	2019	0.448	0.7609999999999999	3.0	1.0	0.333	149.687	201600
onion::hl4zmKVZa2Ft703p	hl4zmKVZa2Ft703p	3GDX2vk9Omok7DDvg7vOpq	45.0	2012	0.516	0.813	3.0	1.0	0.608	134.998	248453
onion::hn1Z3OcZ4HM3hcIi	hn1Z3OcZ4HM3hcIi	7e8utCy2JlSB8dRHKi49xM	63.0	2007	0.6459999999999999	0.813	6.0	0.0	0.821	112.115	173493
onion::hsPs1qBxNHQD2Cvb	hsPs1qBxNHQD2Cvb	0BCRg55jHpvPONP7yCm87V	34.0	2007	0.411	0.77	7.0	0.0	0.496	174.03599999999997	238600
onion::hxQZWm2p3HkqOENv	hxQZWm2p3HkqOENv	5EWyjd80Cg8ZMzIKoU3bay	13.0	1989	0.598	0.3	7.0	0.0	0.263	90.014	182333
onion::hzro8A2xxNRBXahj	hzro8A2xxNRBXahj	1TnUURhehaoMWKAqQtirm6	68.0	2015	0.512	0.812	1.0	1.0	0.521	100.02	249500
onion::i1AgjyYCjnhImWkZ	i1AgjyYCjnhImWkZ	5soMJpcVhSrGrB4prvPL6P	56.0	2016	0.49	0.8809999999999999	9.0	0.0	0.124	108.009	257735
onion::i22H6HxnFGfp1zxk	i22H6HxnFGfp1zxk	6cPvnd1wGihhNz69ptTY0a	19.0	1993	0.643	0.716	9.0	1.0	0.5379999999999999	121.996	427267
onion::i3enCmV6g9cbjM25	i3enCmV6g9cbjM25	0D1LKrAgXqSpoNeBj4zmJR	23.0	2010	0.705	0.669	4.0	0.0	0.433	135.941	229347
onion::i6eRQgNB2UlIVUSw	i6eRQgNB2UlIVUSw	27QvYgBk0CHOVHthWnkuWt	63.0	2009	0.737	0.88	6.0	1.0	0.329	115.998	316813
onion::i6sQnvbs1wdujJbo	i6sQnvbs1wdujJbo	2tJulUYLDKOg9XrtVkMgcJ	71.0	2010	0.706	0.5579999999999999	2.0	0.0	0.227	110.443	223253
onion::i8l6q33l8IJhEGbp	i8l6q33l8IJhEGbp	35lAjvsvS9k9HHuP1fjDT8	61.0	1982	0.624	0.512	2.0	1.0	0.685	93.059	245560
onion::iC2hjAVlHa4bjiY1	iC2hjAVlHa4bjiY1	5xdcrXDn0Xrj8V55eJvs5D	35.0	1993	0.608	0.638	8.0	1.0	0.73	88.59100000000002	376627
onion::iH7GorVg4y19Z4jn	iH7GorVg4y19Z4jn	3yk7PJnryiJ8mAPqsrujzf	64.0	2017	0.7170000000000001	0.79	11.0	1.0	0.375	125.981	168784
onion::iMN8E2sXAraaXQ76	iMN8E2sXAraaXQ76	16w8ZGVSjI4TlTLV8VimBY	65.0	2015	0.626	0.5710000000000001	7.0	0.0	0.16399999999999998	129.959	277623
onion::iOeJVa5hUUfb58rL	iOeJVa5hUUfb58rL	1SsAd1GkFaU5icW6LoUpbs	37.0	2014	0.7440000000000001	0.7879999999999999	0.0	1.0	0.551	132.361	205653
onion::iPHyu8oCO5bCd1gQ	iPHyu8oCO5bCd1gQ	1jUmwOmrL3Ebr2xFNaPrUy	14.0	2000	0.265	0.13699999999999998	11.0	1.0	0.122	104.976	223027
onion::iQWKwXebf8Fm5OxE	iQWKwXebf8Fm5OxE	15kc3DJyYixeEEq5kRRrOm	53.0	1993	0.685	0.743	5.0	1.0	0.509	108.998	271600
onion::iQgor5Z4dUmb09JB	iQgor5Z4dUmb09JB	0Xg68XXMRWzKQvD5S6BFvI	66.0	1994	0.737	0.609	11.0	1.0	0.87	99.983	224667
onion::iZvXX7qZOESzOnj0	iZvXX7qZOESzOnj0	6QqXTZUL8O3y46rgDEWnsm	47.0	2017	0.35200000000000004	0.0351	1.0	1.0	0.21	56.16	323600
onion::icJTg9FiA6bGLMLJ	icJTg9FiA6bGLMLJ	760r2LXNtMaHDKMQ5wkXbi	49.0	1998	0.5529999999999999	0.166	7.0	1.0	0.61	104.341	212707
onion::icmzCyKolwblS3kB	icmzCyKolwblS3kB	3znPiywA0q1VK2jgAZFDoI	61.0	2015	0.487	0.923	2.0	1.0	0.4320000000000001	165.044	206507
onion::iihHUwNHYWp6H07r	iihHUwNHYWp6H07r	5saMo1BtSHW111VrurVHe8	56.0	2012	0.65	0.528	4.0	0.0	0.595	96.967	187720
onion::iikufrfKJAAwTjFv	iikufrfKJAAwTjFv	1pKYYY0dkg23sQQXi0Q5zN	66.0	1997	0.956	0.795	7.0	1.0	0.841	121.294	429533
onion::ijlvKADNT1S4ZF2O	ijlvKADNT1S4ZF2O	6KXuDNOwiNR0q7KLGXs3Bo	37.0	2006	0.534	0.8370000000000001	11.0	1.0	0.903	103.533	191693
onion::ilYxn8qSrQZ1elBf	ilYxn8qSrQZ1elBf	1gNcPHAiVIQZmqJFJdt3ti	53.0	2011	0.578	0.00713	6.0	0.0	0.348	122.316	68500
onion::iqq2zriP7wQC8Tvy	iqq2zriP7wQC8Tvy	5gnjaZqOaqE5GZKjby8KoT	45.0	1992	0.363	0.905	1.0	1.0	0.53	81.292	330227
onion::is770fXfOwvGa01M	is770fXfOwvGa01M	2wqXQjOmQ9KoBm9Ssgt4Fo	61.0	2015	0.514	0.659	1.0	1.0	0.463	76.483	200040
onion::itK24FswQ3p2cpgZ	itK24FswQ3p2cpgZ	0a4agFmqHXxcZl1nho1BxM	68.0	1981	0.6940000000000001	0.5770000000000001	4.0	1.0	0.845	114.478	275733
onion::j4PtxdMUI3zEHOFH	j4PtxdMUI3zEHOFH	5avQSAKB1dOEeIQBqV4jgW	53.0	2001	0.757	0.7090000000000001	8.0	1.0	0.38	97.023	266907
onion::j7QOltOwwcF7RxnM	j7QOltOwwcF7RxnM	4GiVcDqNQI0fc0yYuRGH9m	63.0	1998	0.483	0.818	11.0	1.0	0.691	175.668	219467
onion::j8qrlsfqWAPqzqD9	j8qrlsfqWAPqzqD9	2lwwrWVKdf3LR9lbbhnr6R	68.0	2004	0.649	0.888	6.0	1.0	0.5529999999999999	100.975	208467
onion::jDL581QgI4xoGDwk	jDL581QgI4xoGDwk	0axyG24RIzshhgyWQHnK7j	37.0	2009	0.578	0.519	2.0	1.0	0.795	85.00399999999998	170520
onion::jDwY4fyd0ReZhPLB	jDwY4fyd0ReZhPLB	7lNqCbnqD6gQpfl5HquF1o	45.0	2014	0.501	0.983	3.0	1.0	0.411	151.996	181895
onion::jFUhAzyCCr8WM8Go	jFUhAzyCCr8WM8Go	7qCZgvV98j6RjUULW1s1it	58.0	2014	0.637	0.618	0.0	1.0	0.499	176.141	301960
onion::jJK7jXeK568R802h	jJK7jXeK568R802h	2fmCA13dwQQOGBIbIOWRiJ	67.0	2016	0.49	0.848	9.0	1.0	0.698	175.998	196520
onion::jJecc84eUKPiBO3e	jJecc84eUKPiBO3e	4EEpg53wU8JaiLtyuSdZ53	37.0	2016	0.273	0.561	8.0	0.0	0.0961	132.689	188960
onion::jMg6CVPGjHDIjPl9	jMg6CVPGjHDIjPl9	4pNiE4LCVV74vfIBaUHm1b	69.0	1976	0.588	0.568	6.0	1.0	0.952	106.938	232760
onion::jPv1Tj4Mgo4l2Oue	jPv1Tj4Mgo4l2Oue	4fPBB44eDH71YohayI4eKV	62.0	2006	0.63	0.908	11.0	1.0	0.968	120.522	189227
onion::jUeURUaan2IRVurY	jUeURUaan2IRVurY	22Ca1a5rQ5g2UFEZ3pp4tL	38.0	1985	0.28600000000000003	0.665	5.0	1.0	0.695	113.721	156733
onion::jUoAPWpeLbt7yE37	jUoAPWpeLbt7yE37	4xELsobOM8anjSazClgU6B	40.0	2011	0.5	0.958	6.0	1.0	0.565	104.951	223001
onion::jUrvW369Ve2l0BLi	jUrvW369Ve2l0BLi	5NHTtXGCdO7ul16xr0q93w	55.0	2002	0.564	0.947	2.0	1.0	0.35100000000000003	100.002	270960
onion::jYgTZz7PJ6lup5BL	jYgTZz7PJ6lup5BL	4E6wpXABj8XosZEPXZz2OK	52.0	2008	0.242	0.998	3.0	0.0	0.18	114.831	442733
onion::jZYlPJAVhYGf6PTd	jZYlPJAVhYGf6PTd	3cQmqM0awej9iAESjhKrI9	63.0	2017	0.6659999999999999	0.39	5.0	1.0	0.325	113.866	209885
onion::jdSKj4AkgLZUYpKe	jdSKj4AkgLZUYpKe	4yMJUzOS2ZmKJGB5kOTJ3Z	18.0	2007	0.474	0.206	10.0	1.0	0.336	150.972	150160
onion::jdbO59yTFZcyEvPm	jdbO59yTFZcyEvPm	18Om2WhO0dlFHKqcMcpxxA	42.0	2017	0.431	0.8340000000000001	0.0	0.0	0.11	196.011	291960
onion::jnEsfVqrNF5laFgL	jnEsfVqrNF5laFgL	60wwxj6Dd9NJlirf84wr2c	71.0	2012	0.509	0.7809999999999999	8.0	1.0	0.17600000000000002	128.0	271427
onion::joty0gKs0YqRLNSU	joty0gKs0YqRLNSU	2u2McJSgHM5iHyOLSwWySb	43.0	2008	0.727	0.542	1.0	1.0	0.5579999999999999	120.057	109705
onion::jpOpFL7WM44XP0ya	jpOpFL7WM44XP0ya	0j3AgwHeoqudbV5ru5wNwT	32.0	2007	0.606	0.895	4.0	0.0	0.7859999999999999	140.40200000000002	209240
onion::jwlntFffxuVG4HLI	jwlntFffxuVG4HLI	1gcESexgftSuLuML57Y69q	67.0	1970	0.787	0.472	2.0	1.0	0.8240000000000001	120.059	330643
onion::jwsubef8YSRz8SAo	jwsubef8YSRz8SAo	2QLQ8R0UbYX5iNNTgmR7V6	28.0	1987	0.535	0.882	9.0	0.0	0.5710000000000001	141.201	338333
onion::jxGNmOAHxQmUCbke	jxGNmOAHxQmUCbke	7orBBkQgdmanhPCD0FyHHZ	49.0	2000	0.735	0.942	6.0	1.0	0.872	125.008	275920
onion::jxYmnXCxlmIdiZhh	jxYmnXCxlmIdiZhh	0QkWikH5Z3U0f79T9iuF6c	53.0	2011	0.6609999999999999	0.937	10.0	0.0	0.535	131.001	249067
onion::jxkqDWpwcLm6yBH4	jxkqDWpwcLm6yBH4	5g1gAVk9YsWjJHBya5zM77	41.0	1995	0.315	0.597	8.0	1.0	0.183	140.834	335933
onion::jza81pmKApBN39UY	jza81pmKApBN39UY	7BxJz17EyAHjZlHEEqrtm6	40.0	2016	0.488	0.68	2.0	0.0	0.64	139.984	282126
onion::k359CixIFRVz3QHM	k359CixIFRVz3QHM	5Yj4AP0JGQWierBFKdKVyS	48.0	2001	0.345	0.418	7.0	0.0	0.267	109.044	198800
onion::k5osAlis8eTdcOXl	k5osAlis8eTdcOXl	5Xt3RUiOkiH2pGYtMTVeNS	45.0	1973	0.468	0.355	4.0	1.0	0.5720000000000001	141.976	255987
onion::k9fQ3cBVGl8LOjmh	k9fQ3cBVGl8LOjmh	7fCntOTBEH6rshHhWX7hKG	38.0	1991	0.604	0.7929999999999999	7.0	1.0	0.58	111.19	275120
onion::kDRq6W6AXVgvObuv	kDRq6W6AXVgvObuv	1hHuyqVCZCbhYQixEkdQCo	53.0	2004	0.436	0.6779999999999999	5.0	1.0	0.194	170.287	294867
onion::kHext4kltqDFZgku	kHext4kltqDFZgku	1cgBWgoL6520lR2QZDzdGN	62.0	2017	0.6970000000000001	0.713	8.0	0.0	0.667	99.964	211949
onion::kHfP0hOte6XuMZfd	kHfP0hOte6XuMZfd	40ABtf917Ghhi2tkQDNOdn	34.0	1992	0.414	0.404	5.0	1.0	0.156	102.883	535600
onion::kK8tqwwMRf7ov9GD	kK8tqwwMRf7ov9GD	0mUyMawtxj1CJ76kn9gIZK	73.0	2005	0.599	0.785	3.0	1.0	0.52	140.046	233640
onion::kLW9wQHWSi5SupkP	kLW9wQHWSi5SupkP	0L7zm6afBEtrNKo6C6Gj08	61.0	1990	0.435	0.987	1.0	0.0	0.101	103.16	365827
onion::kNZqJi706hPvxXdR	kNZqJi706hPvxXdR	7KjGBrZxramgcQfTgl63j9	32.0	2017	0.745	0.87	2.0	1.0	0.919	109.266	205219
onion::kOlrqh3KDvmaG5qm	kOlrqh3KDvmaG5qm	7JmPqImeW3kLoYVNBA9v11	53.0	1988	0.605	0.85	5.0	0.0	0.768	97.95	309840
onion::kQIt2ne07iBeEmQB	kQIt2ne07iBeEmQB	6cbBAD1AAYVaQR1cx89AZX	38.0	1981	0.528	0.557	2.0	0.0	0.35700000000000004	121.732	285533
onion::kQZmbUIk3VB1LQ5v	kQZmbUIk3VB1LQ5v	4VuHWU01C36BUaN1adNi5M	48.0	2006	0.258	0.214	4.0	1.0	0.404	170.275	203773
onion::kSlG0eApnx01j6Lr	kSlG0eApnx01j6Lr	6ewQE1dNPv9qqlnB1CxrvM	61.0	2012	0.244	0.939	6.0	1.0	0.857	161.127	271880
onion::kUpKZvqw7TMafVOq	kUpKZvqw7TMafVOq	6MdqqkQ8sSC0WB4i8PyRuQ	74.0	1996	0.868	0.6459999999999999	1.0	0.0	0.67	88.641	304600
onion::kVWyV5G2YUGlkSEu	kVWyV5G2YUGlkSEu	5HAv1Ckfe50DUjv8ghwTrz	50.0	1989	0.815	0.944	1.0	1.0	0.682	115.219	283934
onion::kWGPFJxd2ZNw2vxO	kWGPFJxd2ZNw2vxO	0kN8xEmgMW9mh7UmDYHlJP	73.0	2016	0.578	0.574	2.0	1.0	0.301	174.15200000000004	261240
onion::kXAMV48wQ1udov8G	kXAMV48wQ1udov8G	5eDWc3eK0Y6r6XWsowSaRR	31.0	1984	0.636	0.632	0.0	1.0	0.81	158.53	213093
onion::kZqix9HNuP0fgwZF	kZqix9HNuP0fgwZF	3Th56VIq2sEaEmPPETu7p5	56.0	2013	0.54	0.557	11.0	1.0	0.287	75.035	237147
onion::ka0x7Gfuwgcnmw9x	ka0x7Gfuwgcnmw9x	4Y2cR1AEADE6FyNVnuaWhZ	36.0	2003	0.311	0.742	0.0	0.0	0.19	123.572	246373
onion::kbPSOMOSH5P1xTzu	kbPSOMOSH5P1xTzu	6zSwnPvoqQ2bzvYMlt3u4u	45.0	2014	0.703	0.835	8.0	0.0	0.602	136.158	229219
onion::kdwkjRMmRlvRRUZx	kdwkjRMmRlvRRUZx	6PvAGVrBOBlVNdvdi0A7Xt	42.0	2014	0.474	0.992	11.0	1.0	0.438	115.69	110973
onion::ke5JKpLa8Dw7dCDO	ke5JKpLa8Dw7dCDO	0XMzFZgFvEqH2nEa3iwNUD	47.0	1996	0.298	0.52	2.0	0.0	0.223	74.131	324267
onion::kfePZc1Z7YbkyvQq	kfePZc1Z7YbkyvQq	0MHUNRxAGd42ndBdnDxTeE	33.0	2003	0.408	0.917	2.0	1.0	0.659	163.745	210960
onion::khymRW0B0p6aUuSm	khymRW0B0p6aUuSm	4kFfFe38CRVnTsakUTL4E4	53.0	1981	0.374	0.816	2.0	1.0	0.138	104.56	146560
onion::kn7LGfkNZ0jjQVdj	kn7LGfkNZ0jjQVdj	5iVB1TQWZwjcrIoTPdECZ8	38.0	2015	0.7390000000000001	0.5820000000000001	8.0	0.0	0.401	122.005	241800
onion::kxCREUSVw4v3sL4R	kxCREUSVw4v3sL4R	57fqmDaokbxZ3TaB0jp39q	58.0	1983	0.476	0.901	8.0	1.0	0.109	91.955	353787
onion::kyF3vs3mCQiMjPTM	kyF3vs3mCQiMjPTM	2LbMR2ALLfhUt4FA1gqLtq	28.0	2013	0.5770000000000001	0.456	2.0	0.0	0.069	120.024	540640
onion::l08kLgcrgoC6Mh3j	l08kLgcrgoC6Mh3j	6ObpR8ek44tvWefQRcSo8K	62.0	2016	0.662	0.705	1.0	0.0	0.865	159.996	250080
onion::l0X3Oa2TGReb2j9k	l0X3Oa2TGReb2j9k	6fvIzrJ6boUDFF19fH4S2s	54.0	1971	0.424	0.438	7.0	1.0	0.924	175.139	144893
onion::l0ahobbDqRsCaepj	l0ahobbDqRsCaepj	6nTiIhLmQ3FWhvrGafw2zj	74.0	2004	0.38	0.988	1.0	1.0	0.769	186.113	176346
onion::l1g0N3XsWoVPh3dA	l1g0N3XsWoVPh3dA	4ikOoeQWlIirWOEHWyVEu4	30.0	2014	0.53	0.931	3.0	0.0	0.397	130.089	210413
onion::l2Zo0gy1W3kf3r5q	l2Zo0gy1W3kf3r5q	1Fu9o08qEKVEwzU8siVcig	57.0	2006	0.503	0.8809999999999999	0.0	0.0	0.597	101.038	187880
onion::lA4uKcdRkuVZyj03	lA4uKcdRkuVZyj03	4Do68W4FWO2hRAJCzG1lus	54.0	1999	0.599	0.47	1.0	1.0	0.298	127.177	273707
onion::lAtpxnHTacm8yGbi	lAtpxnHTacm8yGbi	37adYGaYaAWTGhBaOzX4Fh	52.0	2016	0.623	0.6609999999999999	9.0	1.0	0.63	151.97	229718
onion::lEPUm2Z9Egqr8wYl	lEPUm2Z9Egqr8wYl	2DKE0fl2pO9dkljuupQZb5	1.0	2010	0.902	0.623	6.0	1.0	0.725	120.05	179667
onion::lG5PjE36ZkIl916g	lG5PjE36ZkIl916g	1ysM1tOpKQY06V96Lw3gmk	30.0	2016	0.5760000000000001	0.907	0.0	1.0	0.624	164.94799999999995	220733
onion::lGj9ljE95eCPgURG	lGj9ljE95eCPgURG	5mFYtqhN4T2D9IPSaZnVDw	53.0	2012	0.555	0.8540000000000001	5.0	0.0	0.448	119.991	297947
onion::lGyL0iMHYyOrk5nR	lGyL0iMHYyOrk5nR	2jATUzETZL49e6SywauZKE	57.0	2012	0.647	0.8340000000000001	8.0	1.0	0.7040000000000001	126.878	183560
onion::lJKIbZNzpS6IsNgh	lJKIbZNzpS6IsNgh	7w87IxuO7BDcJ3YUqCyMTT	80.0	2011	0.733	0.71	5.0	0.0	0.965	127.975	239600
onion::lJnN4v7WNufYM3w9	lJnN4v7WNufYM3w9	0Y1MWB026LYxGvhq4EcMiC	57.0	2014	0.659	0.911	4.0	1.0	0.5760000000000001	91.999	169866
onion::lKA8uQdCEoFu9bYh	lKA8uQdCEoFu9bYh	0selgFuj4P8ZUIEzJK5Bld	31.0	2016	0.477	0.333	4.0	1.0	0.0882	100.017	215813
onion::lKi2TsYTx04mfMZe	lKi2TsYTx04mfMZe	1JQ6Xm1JrvHfvAqhl5pwaA	75.0	1977	0.598	0.353	10.0	0.0	0.342	132.457	256427
onion::lMBQK2NFovUnvfKe	lMBQK2NFovUnvfKe	4Icu8prpEka7ufeeyVlj7a	42.0	2008	0.498	0.974	8.0	1.0	0.6459999999999999	165.043	216027
onion::lN6nud2YR8rrSbez	lN6nud2YR8rrSbez	5gUcLzosEDmiPLDpQUKqTP	46.0	1992	0.338	0.915	4.0	1.0	0.32	123.522	300373
onion::lP765nl3Ds3RsvRo	lP765nl3Ds3RsvRo	27ze5t5tIDPlVits0KRbxT	64.0	2006	0.782	0.589	2.0	0.0	0.8859999999999999	127.975	215213
onion::lPush1WVRmJkcC1H	lPush1WVRmJkcC1H	6xfL1KzGxg48ACVlQE9qXr	46.0	2007	0.426	0.784	3.0	1.0	0.272	147.939	225213
onion::lQ4EP9uTUXBDRD8K	lQ4EP9uTUXBDRD8K	6o8bpkuFMRS2b25Vui9aDC	32.0	1982	0.436	0.8809999999999999	7.0	1.0	0.262	132.59	401000
onion::lQfGDrMvZPZeIH2H	lQfGDrMvZPZeIH2H	2xFELTbN4G0rgID5uQGLvP	44.0	2005	0.318	0.149	9.0	0.0	0.368	145.91299999999995	132160
onion::lRLghnaPyAvhhXFy	lRLghnaPyAvhhXFy	1p4mnh4jOsO14XtD5zAjaB	5.0	2011	0.7440000000000001	0.474	8.0	1.0	0.745	119.999	199054
onion::lS3meLssr4zJKtXZ	lS3meLssr4zJKtXZ	0nELsIU1usFlFYwGiszSTK	43.0	2017	0.654	0.7809999999999999	2.0	1.0	0.358	106.992	228693
onion::lUIG4rDk3jVcmKS1	lUIG4rDk3jVcmKS1	0I7y3aEavUHgkt4aCreBDa	45.0	2002	0.426	0.8809999999999999	4.0	0.0	0.384	140.004	286533
onion::lVNSHSUTlWOeYCpQ	lVNSHSUTlWOeYCpQ	7oDUXxUIlfEnCh3wfeteYe	27.0	2007	0.5529999999999999	0.725	3.0	1.0	0.6	132.612	228467
onion::lYjaoVxr6iA5xoTu	lYjaoVxr6iA5xoTu	4RnCPWlBsY7oUDdyruod7Y	65.0	2011	0.733	0.652	7.0	1.0	0.459	99.998	200093
onion::lZDk11KaRskQqhWf	lZDk11KaRskQqhWf	3LlAyCYU26dvFZBDUIMb7a	70.0	2012	0.505	0.71	3.0	1.0	0.428	89.93799999999997	175200
onion::lbJcVykwLxbW68zC	lbJcVykwLxbW68zC	7nYvUtkQMx1v80S2FH2s9J	70.0	1994	0.845	0.51	11.0	0.0	0.74	95.265	248867
onion::lbq1A6sWhP4HcLvq	lbq1A6sWhP4HcLvq	6AevYDd63Dt1A1IIbNwxfP	37.0	2012	0.596	0.628	5.0	0.0	0.519	139.965	178800
onion::lbzIxwmY1WZZodmh	lbzIxwmY1WZZodmh	03jdl5GTBhKsgB1Yw8mVPh	60.0	2014	0.462	0.972	7.0	0.0	0.449	128.092	213576
onion::lczXdinRbQyhIEad	lczXdinRbQyhIEad	7m3fyN4mYVxLeYHTgWJiPB	38.0	2011	0.481	0.846	2.0	1.0	0.536	154.149	228360
onion::lfh4KdUXOLvYYrTi	lfh4KdUXOLvYYrTi	5WQQIDU3HRaMyPkob8mpFb	64.0	2011	0.7190000000000001	0.847	0.0	0.0	0.444	127.963	242680
onion::lj6ySCyFmRM53Kg1	lj6ySCyFmRM53Kg1	3u1Er1rkjn1oSz1xdZH3ZD	60.0	2011	0.6409999999999999	0.967	5.0	0.0	0.725	113.017	238787
onion::lmahAtN6hekEYNeF	lmahAtN6hekEYNeF	7eyshS7nRaFtN8oMjHZSnp	42.0	2006	0.452	0.993	10.0	0.0	0.121	119.926	215200
onion::lnZYrSXjX8s1AkQ0	lnZYrSXjX8s1AkQ0	2X1Z1k5wftCspyRLrqVCza	44.0	2011	0.5589999999999999	0.86	7.0	1.0	0.292	118.969	224507
onion::lstwVoDo9HaOXBkW	lstwVoDo9HaOXBkW	31RTFPrB7wmYBhlkM2ILXG	64.0	1998	0.451	0.889	1.0	1.0	0.586	131.07299999999998	153800
onion::ltuqdl7RA2AnWOCR	ltuqdl7RA2AnWOCR	04KTF78FFg8sOHC1BADqbY	69.0	2002	0.965	0.736	9.0	0.0	0.921	107.07	228227
onion::ltzR4M5ZhP4tnWA0	ltzR4M5ZhP4tnWA0	5lWRaa0fBxDE5yU91npPq7	61.0	1995	0.637	0.904	2.0	1.0	0.77	108.011	209200
onion::lyuGSKrsUPzOJSPy	lyuGSKrsUPzOJSPy	429NtPmr12aypzFH3FkN9l	58.0	2017	0.532	0.153	9.0	1.0	0.279	118.689	126825
onion::lzF03M4H0QnKBXZn	lzF03M4H0QnKBXZn	1rKBOL9kJfX1Y4C3QaOvRH	59.0	2010	0.614	0.857	1.0	0.0	0.677	164.146	201040
onion::lzv3p4nMYfuhjEza	lzv3p4nMYfuhjEza	67mU5cleylyJ0QBP0hlmuG	35.0	2002	0.208	0.521	6.0	1.0	0.166	134.65200000000002	337640
onion::m0jJb93u5Q0BxXOc	m0jJb93u5Q0BxXOc	4lIyYuC3f68DZjeIfo6BrM	38.0	1993	0.5489999999999999	0.124	8.0	1.0	0.794	97.653	45333
onion::m4O1iLh6fC43xjRy	m4O1iLh6fC43xjRy	2Y0iGXY6m6immVb2ktbseM	61.0	2018	0.705	0.7120000000000001	6.0	1.0	0.62	97.512	299960
onion::m6SuPB9y0HISzpyt	m6SuPB9y0HISzpyt	2pE0CMK1fE3mfU0eEOHhKw	58.0	2013	0.46	0.6859999999999999	1.0	1.0	0.338	173.829	191294
onion::m9jkwZdG1nqMO95m	m9jkwZdG1nqMO95m	0DoACS30GwIY6qaFjCMMUz	51.0	2003	0.44	0.446	9.0	1.0	0.201	127.372	475093
onion::mBRnTVV5MLqfTDSO	mBRnTVV5MLqfTDSO	3lES5dpIuWVJgd15mt1V7v	16.0	1982	0.391	0.966	11.0	1.0	0.29600000000000004	103.311	56560
onion::mDZtvY9S6ibMwHFx	mDZtvY9S6ibMwHFx	4aR9bPMAOFySBuQSbVWF3d	51.0	2006	0.632	0.639	5.0	1.0	0.733	95.506	196893
onion::mIm9gaolwev7gGsr	mIm9gaolwev7gGsr	4hP7NIeToP2hU6lyvIHPyp	52.0	2017	0.703	0.331	8.0	1.0	0.18	80.118	259339
onion::mK86JfhEvntZPBsA	mK86JfhEvntZPBsA	7waZfrpjfOYktwulz6fo02	45.0	2007	0.5720000000000001	0.967	4.0	0.0	0.527	121.008	194200
onion::mOCq6YBMcFDCYEPD	mOCq6YBMcFDCYEPD	2FKbisOVZcinq7VtYUFD4H	40.0	2007	0.56	0.241	9.0	0.0	0.14800000000000002	118.462	324787
onion::mTgtbgo0UktD7DSa	mTgtbgo0UktD7DSa	3Uh7rAb7F0XGVpEEDwfH1k	49.0	1969	0.465	0.121	0.0	0.0	0.0906	115.418	258080
onion::mUw1ozrXvG4WXXlk	mUw1ozrXvG4WXXlk	1rIKgCH4H52lrvDcz50hS8	75.0	2017	0.6940000000000001	0.7120000000000001	7.0	0.0	0.799	98.022	201122
onion::mW2dD9lvwgkSHxrA	mW2dD9lvwgkSHxrA	4rc2WNOt2w8BHfQjBC8PO0	59.0	2015	0.224	0.905	5.0	0.0	0.485	78.318	205707
onion::mY8DCoYG57SmWIOa	mY8DCoYG57SmWIOa	1OrCpmM69OMGktWh4QqGpK	43.0	2008	0.536	0.818	2.0	0.0	0.223	95.098	190627
onion::mYNzPBBDALLY1JIM	mYNzPBBDALLY1JIM	6lQE6LF3MU63Z6VyhPxaV3	45.0	1995	0.271	0.742	2.0	1.0	0.14800000000000002	91.844	309107
onion::mcoFK4Q4wyaJQ5iW	mcoFK4Q4wyaJQ5iW	1pvlznzPWn4XiPzQzrrdIU	34.0	2009	0.412	0.899	11.0	0.0	0.261	107.023	248387
onion::mgc8KHTdsqOkuAwz	mgc8KHTdsqOkuAwz	2Gy3XMLbBxACZ4tXdFRGr7	62.0	2013	0.721	0.8190000000000001	9.0	1.0	0.867	96.02	212320
onion::mhExLXqdOOqMZ5Aa	mhExLXqdOOqMZ5Aa	4hNPMfFHauPIbOKvdYqFt7	52.0	2005	0.672	0.768	0.0	1.0	0.858	122.583	275000
onion::mhaPeyT9rziJlUKq	mhaPeyT9rziJlUKq	7HHle8A6urSZT4RxkDQIiz	44.0	1985	0.317	0.7	0.0	1.0	0.519	175.646	142333
onion::mjnSvdh8qdPuLh4p	mjnSvdh8qdPuLh4p	6ctO0maVSlFzn31wR0GpNg	39.0	2015	0.5870000000000001	0.429	7.0	1.0	0.152	109.907	213493
onion::mkN4IUHjvqT7uC8F	mkN4IUHjvqT7uC8F	1jypmXUJgxWKWJZdDsJiXQ	46.0	2003	0.5	0.84	4.0	1.0	0.634	112.9	179533
onion::mm0F1sIATS64Gti7	mm0F1sIATS64Gti7	7xoUc6faLbCqZO6fQEYprd	78.0	2014	0.628	0.593	8.0	1.0	0.104	125.026	197267
onion::mqgSF6cg6J5RkAR7	mqgSF6cg6J5RkAR7	7q6CybWAg3uYLgS5tDWqmd	50.0	2003	0.396	0.765	4.0	0.0	0.308	150.115	256493
onion::mvUaP8k67qOFfA65	mvUaP8k67qOFfA65	6KpazZd2nACE5cwsjAP2x2	28.0	2013	0.674	0.8440000000000001	0.0	1.0	0.315	144.997	166375
onion::mxAw2yZ2hnDEaSit	mxAw2yZ2hnDEaSit	1qK54zIm624H5W5QQsCrOC	22.0	2011	0.217	0.657	5.0	1.0	0.0479	119.21	321347
onion::mxFugmw1QjgWi2RM	mxFugmw1QjgWi2RM	6ZTSuZoOva9OPkdV5RmUs4	12.0	2009	0.782	0.954	1.0	0.0	0.978	120.558	239791
onion::myoCvPb1dyaj0Tf0	myoCvPb1dyaj0Tf0	77vDHmiANW3JS2gNN5q7pI	61.0	2009	0.816	0.7659999999999999	5.0	1.0	0.696	120.011	182000
onion::n1eQRO1o1BRjQSXg	n1eQRO1o1BRjQSXg	10xcIQQEJSEIOgG1HvS3t9	47.0	2009	0.614	0.919	11.0	0.0	0.514	104.063	169250
onion::n4iUiGoUZBSP8I1v	n4iUiGoUZBSP8I1v	2vEPmW5BnsnXNVV29laPsu	46.0	2015	0.53	0.603	2.0	1.0	0.324	155.982	266651
onion::n7DA62BfUjzUx3y4	n7DA62BfUjzUx3y4	597i9UhHbW8hHgBUp8Tm54	54.0	2009	0.163	0.885	5.0	0.0	0.5489999999999999	198.556	343907
onion::n7qIV7kovU9P5OIo	n7qIV7kovU9P5OIo	0umDVf77ygI5RiVp9OvNDj	62.0	2010	0.365	0.606	1.0	0.0	0.191	114.995	250533
onion::n7ztaEdEONz8579H	n7ztaEdEONz8579H	3JjiOYtQlAl7AHh2sXBgC6	24.0	2006	0.85	0.622	8.0	1.0	0.8859999999999999	120.906	281067
onion::nENSBKFPxwzDHdqI	nENSBKFPxwzDHdqI	2NniAhAtkRACaMeYt48xlD	62.0	2012	0.591	0.935	6.0	1.0	0.736	140.043	247947
onion::nHCDyywOBly6TijJ	nHCDyywOBly6TijJ	6PZNj9qWs6oguSyN9J5H7X	34.0	2018	0.6	0.773	2.0	1.0	0.147	95.021	181687
onion::nL5OISo1ClBQrJ2y	nL5OISo1ClBQrJ2y	6vECYJHxYmm3Ydt3fF01pE	69.0	2014	0.887	0.584	11.0	1.0	0.677	114.016	313684
onion::nLJe7MiZ3UsnGlx7	nLJe7MiZ3UsnGlx7	2HHAxkrJbuWZ7JWdxYbsWO	49.0	2005	0.6409999999999999	0.477	2.0	1.0	0.46	171.424	324907
onion::nRpEFcFzYZ8Z8Cye	nRpEFcFzYZ8Z8Cye	6PNvv1dmDbOWrAYwEcuKBX	57.0	1996	0.595	0.804	7.0	0.0	0.586	89.846	341533
onion::nTleklcPJ1rsCWye	nTleklcPJ1rsCWye	3NWTRZ0A8xKlBP1qgNftql	60.0	2015	0.795	0.409	9.0	0.0	0.518	120.095	176187
onion::nY2fO3EN0UiJm2Tf	nY2fO3EN0UiJm2Tf	6fXzdWgyZhDeLmlzC7Mvco	28.0	1991	0.595	0.867	4.0	0.0	0.469	122.118	214360
onion::nZbnak46DzAMneiU	nZbnak46DzAMneiU	5Y1k7siw6hZG6lfPkGe734	24.0	1986	0.675	0.691	2.0	1.0	0.754	100.012	221267
onion::nbo62BHKJ2BoX8Jo	nbo62BHKJ2BoX8Jo	4mOxpj82q6n3EO7HBZCelX	55.0	1996	0.5539999999999999	0.58	11.0	0.0	0.402	167.83	264200
onion::nfVNJlHreFIa7gZN	nfVNJlHreFIa7gZN	0GO8y8jQk1PkHzS31d699N	76.0	2011	0.56	0.936	3.0	1.0	0.371	112.96	218013
onion::nj4jfkqEWM5BNenm	nj4jfkqEWM5BNenm	3ABG1UQTk0eLYUAeWkmfMi	63.0	1995	0.8140000000000001	0.481	0.0	1.0	0.193	96.252	161400
onion::nmQ1zIqsGoMiiyBq	nmQ1zIqsGoMiiyBq	6dET51TwAJPrKV5wmA5Vhr	48.0	2013	0.861	0.34600000000000003	8.0	0.0	0.579	115.264	201640
onion::nuCATSqQe0xru1fQ	nuCATSqQe0xru1fQ	0pUVeEgZuNyFzIMKp67RbS	63.0	1983	0.391	0.815	9.0	1.0	0.647	84.383	299240
onion::nv6rUMOgRaLZ269V	nv6rUMOgRaLZ269V	4jLxvHa0g3kZV24TuUyOMB	36.0	2004	0.539	0.171	7.0	1.0	0.3	90.599	157813
onion::nwCwIkN83De1v9tK	nwCwIkN83De1v9tK	4UPcXTh26ilb7owtuyHqNI	61.0	2007	0.274	0.7859999999999999	7.0	1.0	0.146	161.061	239907
onion::nyyAF8bE5Sobs5iE	nyyAF8bE5Sobs5iE	2lKf1LAzpMuqkBWkLNa7wM	22.0	2008	0.415	0.453	11.0	1.0	0.28	130.934	129213
onion::o2CwYbdHNZ6DOMAi	o2CwYbdHNZ6DOMAi	1DyV9obL0pPibOjW5ufg15	56.0	2010	0.715	0.69	0.0	0.0	0.469	89.991	222960
onion::o3Z55a2wdvE3s8ms	o3Z55a2wdvE3s8ms	2SBKGHPQmo65mz9MxV30Fr	28.0	1987	0.565	0.868	2.0	1.0	0.675	128.196	321867
onion::o6rZhc1w7zpzJDKy	o6rZhc1w7zpzJDKy	3I8yVFjvJoOBM9tX4ZpxEL	56.0	2017	0.784	0.94	9.0	0.0	0.979	137.003	140182
onion::o7dYLW9Z5ruMXQOc	o7dYLW9Z5ruMXQOc	3pjUyVbFmM96tYhSaKJwTt	62.0	2016	0.58	0.519	11.0	0.0	0.242	107.401	331480
onion::oFhFK35QOPofNEE5	oFhFK35QOPofNEE5	3I7uuT1p0nDLkW2ctKoWf0	38.0	2005	0.394	0.5920000000000001	3.0	0.0	0.142	173.946	218773
onion::oH2l8wmpZ8MuUV36	oH2l8wmpZ8MuUV36	0X4RL4Xm3FQX5JgSMSqVFG	40.0	2010	0.764	0.736	0.0	1.0	0.8690000000000001	110.007	198653
onion::oHXB3zMR6AcPP3zd	oHXB3zMR6AcPP3zd	028njLMKzGg4gAVSgMeOhm	52.0	2007	0.469	0.955	2.0	1.0	0.66	183.844	230507
onion::oHzidGPUYlkSnAO1	oHzidGPUYlkSnAO1	0WQ3l6AqrCJLDpxjhDHbFh	46.0	2005	0.7140000000000001	0.7240000000000001	2.0	0.0	0.962	154.425	362067
onion::oIiSr7Er1MTPUNyl	oIiSr7Er1MTPUNyl	4JxkeslKwbebhWIt1R50od	54.0	2014	0.539	0.8370000000000001	9.0	0.0	0.455	94.918	172813
onion::oLeEb5eAuMyBZB5J	oLeEb5eAuMyBZB5J	5PUawWFG1oIS2NwEcyHaCr	67.0	2015	0.623	0.956	4.0	0.0	0.7390000000000001	149.958	211573
onion::oMjt8tDi1vV5b7wM	oMjt8tDi1vV5b7wM	3lmcmfMOfVyjqnmI4rNQDA	35.0	2004	0.62	0.92	1.0	0.0	0.5720000000000001	105.038	220067
onion::oNhTGa39SQVzamJa	oNhTGa39SQVzamJa	0wGcnSwFNCv9RFIMhO4ao2	29.0	2005	0.682	0.926	2.0	0.0	0.652	125.989	216800
onion::oT314YSBkzR88BFD	oT314YSBkzR88BFD	1zLCRp9Co721leiKVD2dMY	39.0	1985	0.362	0.934	6.0	1.0	0.73	172.463	258360
onion::oVXQbOsHtEftaCGV	oVXQbOsHtEftaCGV	3VCChne3cjibaqINrmPj4I	29.0	2000	0.461	0.512	8.0	0.0	0.101	132.94299999999998	226293
onion::oahj33USrwBNIf7V	oahj33USrwBNIf7V	45dGKmN6jw7PgK6Dw2rEp2	52.0	2006	0.608	0.785	11.0	0.0	0.8059999999999999	117.983	200733
onion::obqRc6cbIjinWgiM	obqRc6cbIjinWgiM	3Fnf4J72Y1ImGILcAh1Z2s	51.0	2016	0.653	0.7959999999999999	2.0	1.0	0.7609999999999999	99.988	209187
onion::obuGx2YICULJSILd	obuGx2YICULJSILd	2mxT8OWvZSjAzmYYGeBjoY	52.0	2008	0.657	0.83	8.0	1.0	0.653	118.026	215747
onion::oednds584KJ6MLm6	oednds584KJ6MLm6	0aYUqsvZG7bAslrUkd9Z0g	54.0	2003	0.264	0.172	11.0	0.0	0.0683	68.564	220360
onion::ofy6eLfSBggG4NNK	ofy6eLfSBggG4NNK	3goSVuTt3fDYDP6kRnFwuL	75.0	2008	0.6970000000000001	0.467	9.0	1.0	0.5720000000000001	82.081	229413
onion::oklI9fQisUDm4i8F	oklI9fQisUDm4i8F	7oYvZtOelvW0mDrcUZ3m67	53.0	2018	0.66	0.738	8.0	1.0	0.515	122.525	211507
onion::om47mvTdrvmrQ8zq	om47mvTdrvmrQ8zq	2yXyz4NLTZx9CLdXfLTp5E	67.0	2009	0.5429999999999999	0.952	8.0	1.0	0.591	107.942	216733
onion::oov3Rs6RG3l82soF	oov3Rs6RG3l82soF	6uKvnGeg6xgzPTH3QSPTB6	41.0	2012	0.52	0.897	4.0	0.0	0.397	139.02	199280
onion::oqLVWJQ5bISwcFRb	oqLVWJQ5bISwcFRb	3cfOd4CMv2snFaKAnMdnvK	78.0	1999	0.731	0.861	11.0	1.0	0.78	104.034	200373
onion::orLkyDKbxldM2FWk	orLkyDKbxldM2FWk	561jH07mF1jHuk7KlaeF0s	64.0	2004	0.5920000000000001	0.6779999999999999	4.0	0.0	0.208	83.976	250760
onion::owPjxatK3F2kLYTx	owPjxatK3F2kLYTx	1HNE2PX70ztbEl6MLxrpNL	71.0	2001	0.5770000000000001	0.838	9.0	1.0	0.802	116.048	207093
onion::ox9iPLli0rPnca4n	ox9iPLli0rPnca4n	0GIvGfgr68OGkcCNFBAdrX	41.0	1998	0.524	0.818	6.0	1.0	0.4320000000000001	103.019	162600
onion::oxfzIg24TsVT2Abc	oxfzIg24TsVT2Abc	7mQgJx5mfCuI6o8elrYCKg	48.0	2007	0.377	0.813	0.0	1.0	0.265	165.012	314747
onion::oyR23PnOEo5tVoUG	oyR23PnOEo5tVoUG	7x6W0r6kKjPBRmVj4aKXNd	19.0	2000	0.593	0.958	0.0	0.0	0.62	129.009	237427
onion::oyTlx1RNADpNzRCI	oyTlx1RNADpNzRCI	31TAub5WKWEsVTJcdksxq7	49.0	1991	0.386	0.319	4.0	1.0	0.6609999999999999	157.614	239600
onion::p1FW5d8AxBYrMFBs	p1FW5d8AxBYrMFBs	0eEgMbSzOHmkOeVuNC3E0k	61.0	2005	0.838	0.475	4.0	0.0	0.711	106.217	225773
onion::p1HRuaC4O9PxzCfo	p1HRuaC4O9PxzCfo	0eRzcqXn5dLNa5zOXZySMw	48.0	2014	0.506	0.588	3.0	0.0	0.269	78.158	217216
onion::p5iS3i9iTY3oz6dW	p5iS3i9iTY3oz6dW	2rvQ8M4T6rbpc2c63pwNMu	48.0	2006	0.494	0.969	2.0	1.0	0.129	93.185	215240
onion::p7Uottyk6yTx1yCt	p7Uottyk6yTx1yCt	4wzjNqjKAKDU82e8uMhzmr	70.0	2006	0.545	0.932	7.0	0.0	0.465	92.956	192000
onion::p8ofkt9GTkP8CPr7	p8ofkt9GTkP8CPr7	7jJH8F3PHlNvxfqEAAfFDl	63.0	2013	0.731	0.5720000000000001	6.0	0.0	0.947	154.03799999999995	218573
onion::p8v5zaEbLBuiNh4a	p8v5zaEbLBuiNh4a	2owXQZEmYfwbUXzaliVSpj	48.0	2007	0.655	0.733	8.0	1.0	0.569	116.984	215093
onion::p9FqZK3en62G5hQZ	p9FqZK3en62G5hQZ	5EKb2E8LGpYb0KrkWKtUHR	12.0	2011	0.0783	0.101	1.0	0.0	0.0374	82.825	332233
onion::pA4GYy7eeRo60I7s	pA4GYy7eeRo60I7s	1AGrj3Cg77gN1VDBo8i8Ka	19.0	2015	0.797	0.716	7.0	1.0	0.39	108.008	232760
onion::pAd7kQdenSBvW8Ml	pAd7kQdenSBvW8Ml	601akXTJgLQapZEBo23RQy	23.0	2014	0.222	0.748	2.0	1.0	0.236	139.491	231933
onion::pDYBDiCwFSpu6bdY	pDYBDiCwFSpu6bdY	3LmvfNUQtglbTrydsdIqFU	67.0	2005	0.838	0.469	0.0	1.0	0.778	139.975	201400
onion::pFlJM3HlvvVJMF7O	pFlJM3HlvvVJMF7O	1xasoowGI2N5c4gykxKTlW	45.0	2013	0.583	0.778	4.0	0.0	0.6729999999999999	134.945	225040
onion::pHGvyXbazK9DP6V1	pHGvyXbazK9DP6V1	0miS15DAUt0eNtVAszSo8A	26.0	2015	0.331	0.396	0.0	1.0	0.241	132.572	230874
onion::pKpkomzjEiQLvJMp	pKpkomzjEiQLvJMp	2ASygm7048ssav4ekbehPS	42.0	2006	0.265	0.7140000000000001	8.0	1.0	0.1	145.156	360667
onion::pPKSeSdP1ZXhFwK9	pPKSeSdP1ZXhFwK9	5LME7YULt0enp6UAB8VoDn	60.0	2014	0.701	0.856	11.0	1.0	0.563	83.98200000000001	559533
onion::pRhaRtb2E273EsGp	pRhaRtb2E273EsGp	4O0qHBvIV8yHOcPkGJUUIZ	41.0	2016	0.695	0.722	8.0	0.0	0.238	119.988	212920
onion::pUuMeZzEklpCUpKt	pUuMeZzEklpCUpKt	3sP3c86WFjOzHHnbhhZcLA	62.0	2011	0.643	0.695	6.0	1.0	0.65	123.026	205347
onion::pVidfQyCntTCkBph	pVidfQyCntTCkBph	4HfLQJtVT1KiX1eVedDyTm	64.0	2019	0.847	0.386	9.0	0.0	0.17800000000000002	104.001	188000
onion::pXf2yi6HYFCTfg8g	pXf2yi6HYFCTfg8g	7lSdUlVf8k6kxklKkskb1m	58.0	2017	0.35200000000000004	0.41	11.0	0.0	0.0952	118.721	355184
onion::pa6KAzfRE5NTuhZW	pa6KAzfRE5NTuhZW	5jI2ApByK8KJeWVU39oRO4	47.0	2001	0.404	0.511	5.0	1.0	0.279	82.025	264160
onion::pd7YNoy87WX59DPy	pd7YNoy87WX59DPy	4eNnMvUrSu2TRpySjVC0Pv	58.0	1998	0.518	0.975	8.0	1.0	0.32	154.059	220267
onion::pfY9oHNK4RXRfpuu	pfY9oHNK4RXRfpuu	6mVD1SfTvlFAPVi7txFL5H	60.0	2011	0.695	0.8140000000000001	1.0	1.0	0.882	105.011	209627
onion::phXUZCYgjAJ9aY8z	phXUZCYgjAJ9aY8z	2wzTHuw8nhFSXUU27x0PFa	50.0	2002	0.499	0.975	5.0	1.0	0.509	109.997	414080
onion::piFOO3vrSBEQyj1H	piFOO3vrSBEQyj1H	3DiCOFDPnyUIU03qdmURN0	31.0	2006	0.375	0.7190000000000001	2.0	1.0	0.229	147.437	257173
onion::pmypwnn42IpyCIi1	pmypwnn42IpyCIi1	2aC8wwfrM0YeTAzzk8hxqC	62.0	1995	0.562	0.894	7.0	0.0	0.578	133.16899999999998	273573
onion::ps1SKRnZjvDQgAfk	ps1SKRnZjvDQgAfk	2Xhd1kYKj2aee7JR3nIlRe	46.0	2015	0.7509999999999999	0.897	1.0	1.0	0.482	119.97	260697
onion::psLdvZ9AUPJqxwrF	psLdvZ9AUPJqxwrF	5JOO8UMaEpOfhhatQQsAqm	47.0	2005	0.6940000000000001	0.773	6.0	0.0	0.8959999999999999	132.012	299000
onion::ptHLXJnwdguNexfB	ptHLXJnwdguNexfB	7sxYYvgDmedOCoFPVqi6ja	42.0	2017	0.453	0.703	1.0	0.0	0.205	97.998	191963
onion::punIhlBkwM0vB9oy	punIhlBkwM0vB9oy	0aLG42zaidNkblhiQgJknP	61.0	2019	0.64	0.757	7.0	1.0	0.413	104.943	208968
onion::pwj5TsPXQ5l0dgnf	pwj5TsPXQ5l0dgnf	00WvmRXTkPBZNhhRK3xfdy	57.0	1996	0.775	0.816	0.0	1.0	0.753	98.219	214333
onion::pysgPXNV9tXgSLfw	pysgPXNV9tXgSLfw	4QxG6WiU4bHKfyajquwvC0	44.0	2013	0.454	0.826	6.0	0.0	0.17600000000000002	98.035	341134
onion::q4M5eps9t4BHnucq	q4M5eps9t4BHnucq	1OY3V4AB64zZanzBQ4b8Z1	34.0	1989	0.618	0.902	0.0	1.0	0.452	91.393	330240
onion::qEK60KgB2K85OqKT	qEK60KgB2K85OqKT	2Xcvt8NRLw0xbB3ClfW8MI	56.0	2015	0.556	0.902	4.0	1.0	0.96	145.914	175013
onion::qGHDYOyP7HMPvxKJ	qGHDYOyP7HMPvxKJ	2gQaQUhDCNGfBVXTvxAmXQ	68.0	1985	0.511	0.942	0.0	1.0	0.498	97.909	393667
onion::qH51SjfnrflMF2LM	qH51SjfnrflMF2LM	5l6hpyTGBK0LAAxgPnqTQL	63.0	2005	0.447	0.5920000000000001	6.0	0.0	0.28300000000000003	78.039	266773
onion::qLGKicpvqe6TnD16	qLGKicpvqe6TnD16	7v8YDCoM60xCPuSbXerImD	47.0	1963	0.458	0.16399999999999998	0.0	1.0	0.82	103.289	166960
onion::qNKWf7DHHZekQcaq	qNKWf7DHHZekQcaq	6N18F843M7cyNozIzLfBbS	46.0	2013	0.456	0.867	1.0	1.0	0.5579999999999999	75.991	262891
onion::qO6QLQg9cjfwiCc4	qO6QLQg9cjfwiCc4	2nSKsLm1kX4qv9UC4oaA6v	38.0	2013	0.308	0.913	1.0	0.0	0.388	125.537	100787
onion::qUEQ6tR4wNAo0uBh	qUEQ6tR4wNAo0uBh	32zkKx35Et6A515oZKxDkD	61.0	2016	0.6990000000000001	0.67	1.0	1.0	0.556	111.988	281407
onion::qYPSz5jllRN3VuLz	qYPSz5jllRN3VuLz	2nJKZYsbwMUVGWarhXA8wo	22.0	1995	0.546	0.758	6.0	0.0	0.294	100.96	316440
onion::qYVUaXRDByXUaxDx	qYVUaXRDByXUaxDx	5jzDnEoTtwzvJfvVx52rDC	48.0	1988	0.474	0.503	1.0	1.0	0.436	180.048	261907
onion::qa12EGH2ZW4i6OAC	qa12EGH2ZW4i6OAC	2KfCQrCqI8WCL2Ac7zAsca	26.0	2006	0.487	0.997	8.0	1.0	0.104	100.031	192867
onion::qakHFgWxsG3GvmJy	qakHFgWxsG3GvmJy	6AqzHdj8Wlokm62tmFwG1D	31.0	1981	0.38	0.799	2.0	0.0	0.509	144.136	260747
onion::qbQPIU7I8AJy3cPQ	qbQPIU7I8AJy3cPQ	0qvzXomUDJVaUboy2wMfiS	71.0	2017	0.6779999999999999	0.401	6.0	0.0	0.194	111.855	232852
onion::qieoaF8oKYuI5cur	qieoaF8oKYuI5cur	4JXfNOePhdgMOI7KZ1L25U	57.0	2006	0.35100000000000003	0.8690000000000001	5.0	0.0	0.355	182.811	218467
onion::ql2191d6uNCVM932	ql2191d6uNCVM932	7nnWIPM5hwE3DaUBkvOIpy	69.0	1999	0.645	0.792	4.0	0.0	0.6659999999999999	90.565	232453
onion::qm02WH4CryQ28UNH	qm02WH4CryQ28UNH	4QoehCdhTb5688Y3BwZn9t	37.0	2017	0.481	0.857	9.0	0.0	0.297	129.0	267281
onion::qmVsMtn6A1vf9xMu	qmVsMtn6A1vf9xMu	0JkIre0YxNmKGMU5V7ZiDx	56.0	1979	0.6509999999999999	0.433	7.0	1.0	0.6759999999999999	91.483	258733
onion::qpqWWT0zOdT0d6rV	qpqWWT0zOdT0d6rV	30HCB1FoE77IfGRyNv4eFq	60.0	1991	0.496	0.878	10.0	0.0	0.5479999999999999	79.029	255080
onion::qq5vzfzinhePpehj	qq5vzfzinhePpehj	6Kkt27YmFyIFrcX3QXFi2o	66.0	2017	0.5870000000000001	0.229	10.0	0.0	0.379	75.67	171728
onion::qqVwOWc9fba07hR4	qqVwOWc9fba07hR4	1TJjgZ1iQOErt8CRKdVtaf	36.0	2015	0.5489999999999999	0.762	7.0	0.0	0.121	108.026	261467
onion::qqenQFCYW5s92daC	qqenQFCYW5s92daC	7zbX1txfcs42K2PlhFJNNE	48.0	2016	0.507	0.466	1.0	1.0	0.11	157.013	194253
onion::qr7l3zZju9kS4Azs	qr7l3zZju9kS4Azs	52K4Nl7eVNqUpUeJeWJlwT	55.0	2007	0.7120000000000001	0.911	5.0	0.0	0.85	117.533	196053
onion::qsDZnfO3O7udZui7	qsDZnfO3O7udZui7	2J6qr3pC10jeEg7dSN9YHG	49.0	2009	0.521	0.951	7.0	1.0	0.35100000000000003	115.029	215093
onion::qvRQmTW9BEtK67ci	qvRQmTW9BEtK67ci	35YZB3NoKwJezIXb1OWaJd	49.0	2007	0.396	0.863	11.0	1.0	0.438	150.778	203640
onion::r09yTLCgCYuKogob	r09yTLCgCYuKogob	6Hcndog0AsDvnZDyLF7WwS	37.0	2017	0.423	0.949	10.0	0.0	0.369	109.048	264358
onion::r3pr2kYlqff5XHuK	r3pr2kYlqff5XHuK	11EX5yhxr9Ihl3IN1asrfK	63.0	2010	0.5870000000000001	0.622	4.0	1.0	0.231	107.943	277573
onion::r56ah8WvwyHScW50	r56ah8WvwyHScW50	15VojnPQuAQleWQCBkcS5i	39.0	2004	0.454	0.926	10.0	0.0	0.574	159.845	219840
onion::r5kGB7E8H1eFUQQ9	r5kGB7E8H1eFUQQ9	1fgvJXlcZ7uIddMpqsqw0L	56.0	2001	0.7859999999999999	0.8420000000000001	4.0	0.0	0.685	97.577	221227
onion::r9U4ZIVp57LOJFh5	r9U4ZIVp57LOJFh5	2PAhcPwab2sJz340QHtunD	47.0	2005	0.453	0.938	0.0	1.0	0.261	160.005	265707
onion::rBL21jDfPKoEqrX6	rBL21jDfPKoEqrX6	05uGBKRCuePsf43Hfm0JwX	62.0	1973	0.322	0.265	2.0	1.0	0.207	133.577	226667
onion::rF1TatTVbXfh8N9m	rF1TatTVbXfh8N9m	2f6s0AcBRBE0vIOU0NMdXw	46.0	2008	0.5589999999999999	0.957	7.0	0.0	0.762	144.00799999999995	151800
onion::rM34SdJtkGaIxRHy	rM34SdJtkGaIxRHy	3xXBsjrbG1xQIm1xv1cKOt	71.0	2017	0.593	0.2	8.0	1.0	0.17	83.96600000000002	255067
onion::rUcvSa4S5TWMdEmo	rUcvSa4S5TWMdEmo	2K4h2jMvqQ8VEKPP7F7MWg	23.0	2013	0.375	0.58	2.0	1.0	0.403	140.015	220451
onion::rVx4Uy4O3w2MkAKV	rVx4Uy4O3w2MkAKV	5fIGsUTmNIfJLZhqCd4D5h	35.0	2003	0.561	0.911	9.0	1.0	0.6609999999999999	112.015	204627
onion::rXH5BNYLNrqLzR0Y	rXH5BNYLNrqLzR0Y	3RLC8jJmDOZwrJ5izaISXr	48.0	2011	0.662	0.8190000000000001	6.0	1.0	0.8009999999999999	122.951	210200
onion::rZ8By2I0wKNm1r0t	rZ8By2I0wKNm1r0t	55h7vJchibLdUkxdlX3fK7	72.0	2012	0.8740000000000001	0.6920000000000001	5.0	0.0	0.937	116.017	178560
onion::rfDLkLFt8hEVdMKD	rfDLkLFt8hEVdMKD	453QwgDIG95NmmLqSxnPsR	54.0	2016	0.339	0.56	11.0	1.0	0.278	206.112	208659
onion::rgm9fY9tigHXUzzD	rgm9fY9tigHXUzzD	7iMI1Z3h8H5UdKeA3rBqlP	43.0	2010	0.598	0.754	9.0	1.0	0.438	88.006	189680
onion::rgu547R8C85Si9OM	rgu547R8C85Si9OM	7j2Bmzpnf6RwEWEQ2sv8Ho	56.0	2006	0.445	0.977	0.0	1.0	0.239	105.825	184000
onion::rizXd5RJ65w3oq8s	rizXd5RJ65w3oq8s	6QaOU7xPK3UJKsoNroRCWn	50.0	2001	0.665	0.551	2.0	0.0	0.848	79.99	277307
onion::rnKbpA7p8JZFwNvm	rnKbpA7p8JZFwNvm	151fZ3UNx6cNSR3kFsJiEo	17.0	2012	0.746	0.68	6.0	0.0	0.199	136.041	248346
onion::rnhoeloouUaUEKki	rnhoeloouUaUEKki	7hrQx8C3rT5R447bmNnq5Y	25.0	1990	0.3720000000000001	0.809	6.0	1.0	0.279	136.668	255427
onion::rrdk3UXEdIqQA1dP	rrdk3UXEdIqQA1dP	05oETzWbd4SI33qK2gbJfR	65.0	1975	0.723	0.49	9.0	0.0	0.795	129.012	252773
onion::rrsXRmaMir5yOrZf	rrsXRmaMir5yOrZf	51QEyJI5M7uyd8DOh9tqQY	60.0	2013	0.7290000000000001	0.62	1.0	1.0	0.257	111.015	246755
onion::rsf4OjYdT32XzoMN	rsf4OjYdT32XzoMN	6eT2fNwiVD04D3R4uP5qOv	50.0	1972	0.8029999999999999	0.531	0.0	1.0	0.965	130.05	177533
onion::rvlSuJzVkamRqcQQ	rvlSuJzVkamRqcQQ	3b6A9CRGEIFU4NzSZt4rQY	32.0	1987	0.443	0.701	9.0	1.0	0.485	93.465	231947
onion::s8jJJEeNKB5WAn7H	s8jJJEeNKB5WAn7H	2O6X9nPVVQSefg3xOQAo5u	48.0	1994	0.649	0.488	11.0	1.0	0.469	164.236	306200
onion::sBGO9XjNVHoSuINa	sBGO9XjNVHoSuINa	6WaYiQUPel70HUaCZj5eND	63.0	2016	0.506	0.965	7.0	1.0	0.588	138.035	229773
onion::sD1YIwvPTeg9cbA1	sD1YIwvPTeg9cbA1	0vFMQi8ZnOM2y8cuReZTZ2	60.0	2012	0.531	0.843	9.0	0.0	0.392	136.991	240133
onion::sDW48b1hchCUlMc9	sDW48b1hchCUlMc9	1k5Jr3Ir3tXJLrI5ZsJ0fo	43.0	1996	0.475	0.942	1.0	0.0	0.17800000000000002	80.35600000000002	255400
onion::sEGBgaw9QdOHu2ht	sEGBgaw9QdOHu2ht	2VOomzT6VavJOGBeySqaMc	67.0	2008	0.7070000000000001	0.813	11.0	0.0	0.722	124.921	238627
onion::sFqCHGK5lz4pgEvg	sFqCHGK5lz4pgEvg	6PypGyiu0Y2lCDBN1XZEnP	69.0	1992	0.467	0.324	2.0	1.0	0.166	94.301	320267
onion::sGKWDsiPo709BKco	sGKWDsiPo709BKco	6ysklgrcAcmUFItLQzWAdz	43.0	2011	0.604	0.687	11.0	0.0	0.76	175.88099999999997	203933
onion::sHjRLbqjyK5du0VJ	sHjRLbqjyK5du0VJ	2tLbE0bYuG2Nf4tl8dKlNy	37.0	2000	0.597	0.87	0.0	0.0	0.563	129.947	212973
onion::sHrYm3CcNEf674yA	sHrYm3CcNEf674yA	0xd9Nf9PQTrssA4wHH4z2v	39.0	2018	0.718	0.237	9.0	0.0	0.123	117.99	242542
onion::sJ1U8EUHksZcyFW8	sJ1U8EUHksZcyFW8	13VDHbpoKlRhtgUaWTE2Ld	50.0	2011	0.879	0.83	7.0	1.0	0.7190000000000001	100.014	196893
onion::sJNWj0R3bVE6gmBO	sJNWj0R3bVE6gmBO	0A6LTvYMRZ9Yr9smhUnZoO	22.0	2004	0.3	0.942	7.0	1.0	0.505	189.879	314307
onion::sLzprA9tBJRZ10Lm	sLzprA9tBJRZ10Lm	0TCmhnbMpw5zwPsTvlXTJi	54.0	2014	0.421	0.277	11.0	1.0	0.13	115.153	248827
onion::sNPbN3kHMz0H08S7	sNPbN3kHMz0H08S7	3Gf5nttwcX9aaSQXRWidEZ	71.0	2000	0.85	0.7	7.0	1.0	0.722	101.875	291782
onion::sOekdGBmffcsrxxZ	sOekdGBmffcsrxxZ	405SQUJdQut02dxtuQ0CZ3	56.0	2015	0.754	0.7879999999999999	2.0	1.0	0.961	124.992	224258
onion::sP0L6JGZHJ075alT	sP0L6JGZHJ075alT	6Qn5zhYkTa37e91HC1D7lb	79.0	2017	0.672	0.655	10.0	0.0	0.556	134.945	201240
onion::sQUu224qaM0oXnsD	sQUu224qaM0oXnsD	5xRP5iyVdGglqlY4Vcjhkx	59.0	1965	0.436	0.5429999999999999	11.0	0.0	0.6629999999999999	148.282	622000
onion::sSd57NMtVTvR4XNY	sSd57NMtVTvR4XNY	5dFvprlP5JS7gxeaMhMOWS	49.0	1975	0.617	0.335	9.0	0.0	0.655	113.226	412040
onion::sT08WjTOOJaCho67	sT08WjTOOJaCho67	6J1sxaRmlhqYMx9REYEyi0	29.0	2009	0.27	0.931	1.0	0.0	0.41	87.35799999999998	217867
onion::sVVewlN6cbgaTAdt	sVVewlN6cbgaTAdt	3Y4rNagSf2IukhcOTWYJuV	48.0	2000	0.275	0.974	6.0	0.0	0.237	174.095	291933
onion::sYnrRGRJQFiwSmg8	sYnrRGRJQFiwSmg8	7oxnK2wg8qFv8EXyyxKDJ4	55.0	2017	0.423	0.921	7.0	1.0	0.187	131.011	214351
onion::sajt3IqLTr7L5uju	sajt3IqLTr7L5uju	3RI7hSJl6R0AJ1F2iYZqyB	34.0	1993	0.5820000000000001	0.64	1.0	1.0	0.7509999999999999	85.01100000000002	298293
onion::sb8ULf4OH9FatySd	sb8ULf4OH9FatySd	0QZ5yyl6B6utIWkxeBDxQN	71.0	2015	0.441	0.379	2.0	1.0	0.105	174.118	208227
onion::scOSIrmJxTgtuQrt	scOSIrmJxTgtuQrt	1V7fOHz3Vjh1kgRYm5uum2	26.0	2006	0.49	0.5589999999999999	5.0	1.0	0.7340000000000001	97.02	129706
onion::sgZmqxE12jqHAwPc	sgZmqxE12jqHAwPc	1GfwrTKOzOxK2cfPcrMyuP	50.0	2015	0.378	0.679	2.0	1.0	0.129	132.046	303971
onion::shRm9hpwmMMuPXaE	shRm9hpwmMMuPXaE	4GGbJ60q5HIN8wKOp9Xabz	47.0	1995	0.794	0.873	11.0	1.0	0.602	90.841	279200
onion::sjM6cS5DmIGqr1tN	sjM6cS5DmIGqr1tN	5bu0yhV03nzMrjsqOfHgAF	37.0	2017	0.608	0.473	9.0	1.0	0.604	80.01100000000002	250069
onion::snt9SEhwfyJMFBjV	snt9SEhwfyJMFBjV	3P3UA61WRQqwCXaoFOTENd	60.0	2017	0.428	0.313	8.0	1.0	0.284	78.723	253293
onion::sscaq8VXU14Cy2Y0	sscaq8VXU14Cy2Y0	30UFDCw1p6Nb19eVVzckIp	31.0	2009	0.588	0.943	0.0	1.0	0.557	121.986	216973
onion::sxBnePHulJs8w719	sxBnePHulJs8w719	6m0c7u4Qab093BFvciooWg	25.0	2007	0.424	0.5870000000000001	10.0	1.0	0.107	82.05	248720
onion::sydh90xV0OfdOwka	sydh90xV0OfdOwka	11qh54D0PKkBwelpDxxiEU	64.0	2014	0.5	0.225	0.0	1.0	0.355	173.78799999999995	193320
onion::t1b7YPpeg6JkWNgN	t1b7YPpeg6JkWNgN	6GTbGrlpYkPDJCGjCiwjEa	32.0	2005	0.6940000000000001	0.861	2.0	1.0	0.383	129.981	213733
onion::t380pB5woEB1iWOn	t380pB5woEB1iWOn	5qII2n90lVdPDcgXEEVHNy	68.0	2002	0.605	0.782	0.0	1.0	0.8009999999999999	88.051	244880
onion::t3ii22DX9lbXblqc	t3ii22DX9lbXblqc	7cOLm2VMd1hKadKzw41dmB	47.0	2012	0.476	0.953	8.0	1.0	0.244	124.929	236267
onion::t6Sus28YZiISkUne	t6Sus28YZiISkUne	6dr7ekfhlbquvsVY8D7gyk	63.0	2015	0.6459999999999999	0.438	8.0	1.0	0.524	160.433	156631
onion::t6lXy0VMsVf8Cfbj	t6lXy0VMsVf8Cfbj	5iHK8VI9XkJJdXQHCBXeM4	54.0	2011	0.563	0.8590000000000001	5.0	1.0	0.419	79.947	224987
onion::tCAmo7blJ8Pjv6QQ	tCAmo7blJ8Pjv6QQ	2Iq6HhIquO7JKr0KfTNLzU	66.0	2014	0.596	0.897	10.0	1.0	0.578	118.0	206394
onion::tDHL9mA8H5qpqqO7	tDHL9mA8H5qpqqO7	1WywY6JdJcMlswZpqUPhSM	40.0	1986	0.315	0.994	3.0	0.0	0.197	138.14	207467
onion::tEro5JPIXi3XATHL	tEro5JPIXi3XATHL	5P9sWmvGTSxgpS5GXGpOYs	22.0	2001	0.7	0.8340000000000001	11.0	1.0	0.581	119.979	225253
onion::tFnBI15yBSAUVW7D	tFnBI15yBSAUVW7D	1xQE0QHrmJUQweLoMB0ZWC	50.0	1981	0.231	0.962	4.0	1.0	0.534	189.29	186627
onion::tGBNp4usCUEnIS9U	tGBNp4usCUEnIS9U	51R5mPcJjOnfv9lKY1u5sW	53.0	1999	0.436	0.8190000000000001	0.0	1.0	0.405	144.26	268333
onion::tJCqaZcGgiaEMVLA	tJCqaZcGgiaEMVLA	6o39Ln9118FKTMbM4BvcEy	62.0	2015	0.405	0.94	1.0	0.0	0.24	143.126	222093
onion::tPRs02dtjC8USfpM	tPRs02dtjC8USfpM	1Rezzt36ybaT2ZbDZpv83D	49.0	1998	0.56	0.455	1.0	0.0	0.44	168.081	381667
onion::tPtD2D5GB2YE56D0	tPtD2D5GB2YE56D0	4OkPamOn5GofkOQu64Z4eR	50.0	2007	0.637	0.973	9.0	1.0	0.8	150.22299999999996	160640
onion::tXWpV7OF0Y270Gne	tXWpV7OF0Y270Gne	4wbDALtjwuwBxtMgjuumoi	29.0	1992	0.293	0.853	9.0	1.0	0.424	135.915	284840
onion::takJqL6iQzLdjdLa	takJqL6iQzLdjdLa	7aDotQpUKpGFrOsrfQAxNc	43.0	1981	0.441	0.977	2.0	1.0	0.35200000000000004	93.032	327067
onion::tf3wHJZ2UoB2rhl3	tf3wHJZ2UoB2rhl3	6M14BiCN00nOsba4JaYsHW	63.0	1997	0.72	0.912	4.0	1.0	0.973	122.782	126947
onion::tra4duGP5HNGj9a0	tra4duGP5HNGj9a0	2jvuMDqBK04WvCYYz5qjvG	56.0	1977	0.321	0.479	2.0	0.0	0.139	109.239	1025280
onion::ts06Mc2ZwjG9P9Y6	ts06Mc2ZwjG9P9Y6	3tlXDvaNrrOmdvG0XVUOcv	53.0	1991	0.8290000000000001	0.371	2.0	0.0	0.562	121.136	173853
onion::tsfNqYUasxwRnMAZ	tsfNqYUasxwRnMAZ	5RQkpNfMv1kQ3Z4Cncoaqr	17.0	2004	0.557	0.959	0.0	1.0	0.645	120.092	251440
onion::tukdZJygz6xHH9uz	tukdZJygz6xHH9uz	1gzWd0ILFaCoHUfQSkCIvl	54.0	2003	0.349	0.934	3.0	0.0	0.0788	124.055	257813
onion::u1onEj1Z0B22uep5	u1onEj1Z0B22uep5	2jggaUpOvn2G6Pv2HCEU6m	58.0	1994	0.738	0.418	6.0	0.0	0.5920000000000001	134.855	206373
onion::u5x3CRUAhNwEJuqt	u5x3CRUAhNwEJuqt	6Lmx6bz3PGYuNSjKMnYBOa	60.0	1996	0.607	0.815	4.0	1.0	0.57	136.94899999999998	209760
onion::u7UP2Kg2Mp9QCGT1	u7UP2Kg2Mp9QCGT1	7GLhi97oEIROgtVkdraJPq	31.0	2010	0.6829999999999999	0.879	2.0	1.0	0.643	126.997	208120
onion::uG1Ul1GFkicQoY3b	uG1Ul1GFkicQoY3b	0YAMQSmHk6BSUGTYpaoqTJ	56.0	2010	0.379	0.69	4.0	1.0	0.28800000000000003	173.71599999999995	295600
onion::uGC0kSvB5NCHp8br	uGC0kSvB5NCHp8br	1AZXNAVDD9ZFIEKySgflFz	42.0	2001	0.706	0.685	11.0	1.0	0.444	117.448	288533
onion::uHRTJQVhY5HnHVHB	uHRTJQVhY5HnHVHB	7iu0WYLdo4yksKf3seaxzI	68.0	2008	0.637	0.73	5.0	0.0	0.732	93.867	218947
onion::uJnSqpL12Yjjvj88	uJnSqpL12Yjjvj88	6Wx88Mv6b9ofjKMKkdwOJd	65.0	2009	0.493	0.8079999999999999	5.0	0.0	0.38	117.971	268613
onion::uNRdezyBpSK13fgR	uNRdezyBpSK13fgR	5FRmsiVS8ybJHQCV0fjuI1	38.0	2009	0.479	0.7140000000000001	7.0	1.0	0.28300000000000003	132.966	199227
onion::uOXsp4hweTXpxp3V	uOXsp4hweTXpxp3V	3kaK1EohdhDXT5ICBMRGkz	48.0	2002	0.5529999999999999	0.8959999999999999	1.0	1.0	0.589	107.02	252958
onion::uQQw5XTm4WLcsMvU	uQQw5XTm4WLcsMvU	2enPRFda84VE2wtI8c86Uf	56.0	2013	0.174	0.742	8.0	1.0	0.36	163.378	223747
onion::uU38CUWKoRQ7BOmt	uU38CUWKoRQ7BOmt	3c4bJL7mARZvd387847GsC	53.0	2005	0.568	0.838	1.0	1.0	0.852	104.988	245867
onion::uV1ib4MqzJWTgDkD	uV1ib4MqzJWTgDkD	1Jl74ao9nBADj4KtQmwCIF	39.0	2016	0.647	0.627	7.0	0.0	0.5589999999999999	144.959	231107
onion::uWXnjjbf1I0hJPIA	uWXnjjbf1I0hJPIA	4d6eqRtpDX7tydHJGDZUBQ	68.0	1988	0.799	0.687	2.0	1.0	0.965	108.804	215773
onion::uXGFCuAUSmYy5QdJ	uXGFCuAUSmYy5QdJ	7EDJpyh6KIiZKq0Mew0Zbe	35.0	2004	0.524	0.81	2.0	1.0	0.41	125.022	232960
onion::ubhTP8eoPbIesdN2	ubhTP8eoPbIesdN2	1DbX8bRauglTfR7buCMetJ	36.0	2014	0.473	0.995	4.0	1.0	0.0481	112.519	267413
onion::udvVMBnqUndqgc7R	udvVMBnqUndqgc7R	0pwl1c9XMMZnBolkmX2ORb	28.0	1992	0.326	0.8640000000000001	11.0	1.0	0.272	140.72299999999998	342333
onion::ue0P9LE1cUJ3nkcF	ue0P9LE1cUJ3nkcF	0bPSRn4crnh5f1JhELPlyL	53.0	2017	0.685	0.9	5.0	0.0	0.779	111.991	272813
onion::uiGi5UJ0PqY1t2C3	uiGi5UJ0PqY1t2C3	3lpDrxUkr0tIe1kmJvdK7d	54.0	1981	0.51	0.919	7.0	1.0	0.386	141.053	265840
onion::umWYRPyJw3pkEFzG	umWYRPyJw3pkEFzG	536bkD2pabwDI6kHCzHv5T	51.0	2015	0.34600000000000003	0.846	1.0	0.0	0.28	143.15200000000004	231053
onion::usJI97shXEq6YJ7Y	usJI97shXEq6YJ7Y	1Syl1VDsZ2z1raR131fMCA	47.0	1997	0.448	0.971	4.0	0.0	0.677	87.947	204787
onion::utfMCwd1SdVbA3oo	utfMCwd1SdVbA3oo	2gNfxysfBRfl9Lvi9T3v6R	60.0	2015	0.6609999999999999	0.8690000000000001	5.0	1.0	0.8	126.971	108547
onion::v2Gc5sOrPogObvS7	v2Gc5sOrPogObvS7	3i0CTZmifPahTx3CSIx3LF	25.0	2010	0.595	0.908	2.0	1.0	0.0392	120.019	224000
onion::v2ToYBkCI8s9M8MH	v2ToYBkCI8s9M8MH	6cVxGzo7214XabSXFGasNl	38.0	1996	0.306	0.297	9.0	0.0	0.14800000000000002	137.516	234707
onion::v3IhMi29Z2pGWyk6	v3IhMi29Z2pGWyk6	5y2K7jr9M8t1HRAu9jzssT	55.0	2017	0.8590000000000001	0.624	1.0	1.0	0.635	149.94799999999995	219737
onion::v4wkLvkmsrX0W5FK	v4wkLvkmsrX0W5FK	1MM0GentBIq8TlYqcdrQlA	13.0	1998	0.236	0.885	8.0	1.0	0.147	135.561	572267
onion::vBBGaSjosEYNIu5K	vBBGaSjosEYNIu5K	2J4QqJixapCurPMi2SfX7n	30.0	2012	0.513	0.875	11.0	0.0	0.433	139.989	209467
onion::vEZJ0PY1vKiFNbAi	vEZJ0PY1vKiFNbAi	2TeYAizye4GlmzQq5zyf91	41.0	2017	0.363	0.499	5.0	0.0	0.532	137.804	284770
onion::vJOgd6WChrmC4Vi5	vJOgd6WChrmC4Vi5	7LaI3mRTJu66r9HKdv7iBx	57.0	2017	0.7809999999999999	0.277	8.0	1.0	0.302	163.987	204841
onion::vLC3T6Tg1Me6QUNC	vLC3T6Tg1Me6QUNC	3YVj9LLq5GMvBvoKubnUp0	52.0	2017	0.774	0.81	1.0	0.0	0.975	146.95	146709
onion::vLcLw2wIsr1F3esl	vLcLw2wIsr1F3esl	63OC8cNa4ZnFB3bbvbWCOc	57.0	2014	0.675	0.409	0.0	0.0	0.308	79.954	248920
onion::vRbxLTEHX5RRQfZn	vRbxLTEHX5RRQfZn	509WYHf783KwTdzh5w3iEh	50.0	2015	0.525	0.512	6.0	0.0	0.161	133.436	218476
onion::vSCXYItx2du4zMg5	vSCXYItx2du4zMg5	5hc71nKsUgtwQ3z52KEKQk	70.0	2016	0.611	0.799	0.0	1.0	0.51	101.038	347520
onion::vVILZQzr43AUzeH9	vVILZQzr43AUzeH9	5yjWQWPLGUXwmreEPGF5JD	27.0	2013	0.541	0.115	6.0	1.0	0.112	126.008	244880
onion::vZ39ecJ4YaUGuxPE	vZ39ecJ4YaUGuxPE	5J19HPdmJHOEu32iyZEt5k	51.0	1993	0.329	0.861	11.0	0.0	0.599	195.303	297173
onion::vapAxtZqKXVklJPi	vapAxtZqKXVklJPi	5fPLMDfVlN0iisTz4Muen7	48.0	2009	0.901	0.772	3.0	0.0	0.955	130.96200000000002	213869
onion::vcfCYD1fYIL6wIf1	vcfCYD1fYIL6wIf1	64aO8TbjJew43QHwgHJ2Jy	45.0	2017	0.419	0.977	3.0	0.0	0.388	153.03	249227
onion::vgQeY9f1Y5LPmvM9	vgQeY9f1Y5LPmvM9	6xqCTPxYnRf8X0p6N5Vw2T	42.0	2006	0.5429999999999999	0.873	10.0	0.0	0.7859999999999999	150.891	208973
onion::vhpaQQuoWxowrbQH	vhpaQQuoWxowrbQH	7zeCIWu37bKFJuem8MTyM1	49.0	2005	0.8640000000000001	0.398	1.0	1.0	0.5329999999999999	74.99	248840
onion::vkEraulVKTT179Ca	vkEraulVKTT179Ca	69Ej1xrGjOcHvIMtMKxK0G	68.0	2003	0.831	0.716	9.0	1.0	0.655	94.027	204600
onion::vl97j88dTLilICmG	vl97j88dTLilICmG	3LRJbFT9rKoKv4aW7PuBJC	63.0	1994	0.381	0.732	10.0	0.0	0.8140000000000001	142.504	233240
onion::vqFYS6LzsyiT21RG	vqFYS6LzsyiT21RG	1ExfPZEiahqhLyajhybFeS	67.0	2010	0.738	0.804	11.0	1.0	0.949	174.94299999999996	190213
onion::vrF9OXPKPzT53SUw	vrF9OXPKPzT53SUw	4a36plr4LAg42ECHPiGQbj	45.0	2015	0.445	0.747	0.0	1.0	0.5329999999999999	135.219	164286
onion::vrgAfvzXKtwknKcb	vrgAfvzXKtwknKcb	5gWtkdgdyt5bZt9i6n3Kqd	67.0	2015	0.568	0.6920000000000001	8.0	1.0	0.5770000000000001	92.023	201520
onion::vtvEv5dVNGlj5axf	vtvEv5dVNGlj5axf	4S8kmLxfwBufN1wFuUAtG2	32.0	2000	0.4	0.88	6.0	0.0	0.8340000000000001	171.88	148067
onion::vxWFZbu91hL3u4cw	vxWFZbu91hL3u4cw	5O2P9iiztwhomNh8xkR9lJ	72.0	2014	0.672	0.52	8.0	1.0	0.37	120.001	226600
onion::vxcy2Ra2SLg5a1Zo	vxcy2Ra2SLg5a1Zo	0QV83q2vzzOM4uODVyXf7i	54.0	2018	0.6	0.562	7.0	0.0	0.0393	79.94	283000
onion::w53OOrCRFci0wvRQ	w53OOrCRFci0wvRQ	5OQGeJ1ceykovrykZsGhqL	64.0	2000	0.607	0.82	11.0	1.0	0.768	126.988	207507
onion::w5y1THbmbvzzBRBs	w5y1THbmbvzzBRBs	2JzI278tX8YUCelGMZjPO8	47.0	1998	0.546	0.929	10.0	1.0	0.7090000000000001	167.543	160893
onion::wCAPVZT05ss5sINO	wCAPVZT05ss5sINO	64yrDBpcdwEdNY9loyEGbX	71.0	2009	0.268	0.742	5.0	1.0	0.416	159.779	321093
onion::wFds67Htt062AqSN	wFds67Htt062AqSN	41xM6iQXk0cRhhFagxqPon	20.0	2015	0.77	0.494	1.0	1.0	0.67	124.023	253573
onion::wGZlbJSZULPW8fji	wGZlbJSZULPW8fji	3b3PnE1ROIZzILjmCGjVib	45.0	1992	0.5920000000000001	0.642	10.0	1.0	0.16	92.419	328987
onion::wQGOFTJt34fzi2ON	wQGOFTJt34fzi2ON	63mnZ0zF5fBwJzYg2pDo9e	53.0	2014	0.625	0.945	11.0	0.0	0.846	139.994	183002
onion::wQslujoSQH5yPqKC	wQslujoSQH5yPqKC	4CZ8nFoCsNNXuaX0qBm8LX	40.0	2010	0.655	0.726	9.0	1.0	0.102	119.924	220800
onion::wRXjGkMQ6oNBt5Sn	wRXjGkMQ6oNBt5Sn	3vHy5cXBvRlsPqSeFoBGyR	23.0	1999	0.51	0.6629999999999999	2.0	0.0	0.12	127.006	271133
onion::wXcMv63aWS4KEPm8	wXcMv63aWS4KEPm8	3lWuagNhAzcqOikD5KnBku	50.0	1962	0.61	0.378	2.0	1.0	0.48	97.166	120307
onion::wZ0p4OYnMpz2QNTQ	wZ0p4OYnMpz2QNTQ	3fibIzbkYbvTmdoD5u2nPm	50.0	2013	0.71	0.8220000000000001	1.0	1.0	0.353	129.967	235733
onion::wbVvno8PaLyGicEv	wbVvno8PaLyGicEv	7FRfYOql61DGDp9VPPe2qA	57.0	1992	0.359	0.794	6.0	1.0	0.423	97.188	338227
onion::wbmMChuG3ps66EmR	wbmMChuG3ps66EmR	2M4PVaTJGjXV91X8HAVQEx	37.0	2001	0.517	0.893	6.0	1.0	0.248	135.862	410027
onion::wbsVd0dM1fk5VbXa	wbsVd0dM1fk5VbXa	2oDqmfa2g8W893LlwJG1qu	61.0	1994	0.585	0.718	10.0	0.0	0.573	90.009	373000
onion::wii7fyX6QbQCzMHR	wii7fyX6QbQCzMHR	1jNMWDFVigkHjN5zbhVpJu	19.0	2005	0.453	0.968	2.0	1.0	0.374	141.028	206960
onion::wo3249plMXd8cM0R	wo3249plMXd8cM0R	6SUHMSU9EBORT2fskEirQE	47.0	2014	0.5920000000000001	0.8420000000000001	1.0	0.0	0.708	121.077	216756
onion::wqdE9DkWgjMdGwOn	wqdE9DkWgjMdGwOn	77UXyXy6qie0sOtLdEIH4A	65.0	2018	0.464	0.378	2.0	0.0	0.037000000000000005	164.486	176804
onion::wu4kvRsjkV101PS2	wu4kvRsjkV101PS2	1XEvAm9FBQYevZ2GEMlmZq	32.0	2017	0.647	0.976	1.0	1.0	0.65	142.015	152150
onion::wv31PcNiaYRZjBo2	wv31PcNiaYRZjBo2	76JhicgPtW4zbN72tpnMyA	40.0	1993	0.387	0.599	4.0	0.0	0.443	137.936	357373
onion::x8pdh3PERW7ItJWL	x8pdh3PERW7ItJWL	2wNK1PjIS9NbBIchakaL7k	41.0	2010	0.305	0.77	2.0	1.0	0.374	107.367	729680
onion::x9QADuY7eitRpqs3	x9QADuY7eitRpqs3	4AIYKuKYHRsBKWuvpmBt51	37.0	2006	0.407	0.851	9.0	0.0	0.238	141.97899999999996	270893
onion::xAlR1SGuIfOWfwyb	xAlR1SGuIfOWfwyb	7nCdeDrv9Tu4nsT3K638em	35.0	1957	0.458	0.402	5.0	0.0	0.77	94.09	154341
onion::xBSWF5nNmhEWWfXj	xBSWF5nNmhEWWfXj	4SPi5Pl7aAtauFsH9Lk5LB	45.0	1990	0.625	0.593	7.0	1.0	0.835	109.048	234907
onion::xE6axyRbxW825J3E	xE6axyRbxW825J3E	27zJBz0YnuZO69U69z96vd	56.0	2017	0.7859999999999999	0.807	0.0	1.0	0.8140000000000001	92.502	214160
onion::xFHCmNKbwm8pAFuD	xFHCmNKbwm8pAFuD	6e13443Ve7RGcAUScTgYtl	63.0	2018	0.5760000000000001	0.872	8.0	1.0	0.5589999999999999	115.042	230400
onion::xFz8tcUiaDPHp1jO	xFz8tcUiaDPHp1jO	0Zh3tKIphLOvQux4dA6PFZ	61.0	2006	0.236	0.799	4.0	0.0	0.303	208.951	279027
onion::xGFWAjvdOVINkodS	xGFWAjvdOVINkodS	5wNo8LEPPEs9HSYh0A63CB	37.0	1969	0.653	0.123	7.0	1.0	0.374	108.99	308240
onion::xGhHh3tmkcuye6Iu	xGhHh3tmkcuye6Iu	3NRrvr3ctGwpV1wLRjgSSs	48.0	2016	0.622	0.622	10.0	1.0	0.257	102.055	186507
onion::xH5b4Azw0qllsdbT	xH5b4Azw0qllsdbT	7p0Pk7IJw1c494Qz5lXopE	32.0	1977	0.463	0.465	4.0	0.0	0.306	110.189	416507
onion::xJL1ejQNeMCFMY3k	xJL1ejQNeMCFMY3k	5MvDLRf2GxSMlDYV8m6Ivj	33.0	2009	0.524	0.911	3.0	1.0	0.6	137.36	202573
onion::xOyScgiztu4p6Jgk	xOyScgiztu4p6Jgk	23OXdR7YuUBVWh5hSnYJau	78.0	2018	0.609	0.674	10.0	0.0	0.315	90.009	324467
onion::xUfHTFQPP6YA3CUD	xUfHTFQPP6YA3CUD	1yryMsXAGBK79VOrGe1qEe	50.0	2016	0.482	0.963	1.0	1.0	0.648	154.083	212893
onion::xWT0pAALYsjyepzU	xWT0pAALYsjyepzU	3CmmpL8wqulrHzp0g6LBwo	43.0	2015	0.293	0.765	11.0	0.0	0.523	158.928	249480
onion::xXuRT5zDQRwT35Fa	xXuRT5zDQRwT35Fa	22VdIZQfgXJea34mQxlt81	75.0	2015	0.705	0.769	9.0	0.0	0.59	107.939	213520
onion::xZfKhGT9dEbT1ESv	xZfKhGT9dEbT1ESv	4Lxn1JlGJwmmXpODrNvPA6	50.0	2002	0.575	0.906	8.0	1.0	0.672	92.693	178667
onion::xbAlcMWi8e1RgvUf	xbAlcMWi8e1RgvUf	30j2ZsXF9MpdbDrCwYwPNk	29.0	2008	0.0961	0.21	8.0	1.0	0.0921	83.882	240040
onion::xcfbmtHsNCtpiDTS	xcfbmtHsNCtpiDTS	6uCmU6ldcsVpLAKNCojVg8	52.0	2017	0.5820000000000001	0.856	4.0	1.0	0.45	106.04	204840
onion::xdjze2DKiLRHZPax	xdjze2DKiLRHZPax	2qJkesdHu9sMMVFgkRkqhQ	64.0	2014	0.443	0.8440000000000001	11.0	0.0	0.452	76.001	202213
onion::xhR5W3K53lEOizCM	xhR5W3K53lEOizCM	6bfPo8Ge3VoD4dEGSDs0R9	49.0	2007	0.4920000000000001	0.611	0.0	1.0	0.933	182.529	74960
onion::xitsc46CbunHhPlI	xitsc46CbunHhPlI	5GGP2S487OmXSQ8Vp2sJHb	32.0	2016	0.472	0.5660000000000001	11.0	1.0	0.29	115.03	381107
onion::xjoRNlOQfWJx128j	xjoRNlOQfWJx128j	1BwrMGGhPA6GarWIYaFrW8	63.0	2016	0.81	0.703	0.0	0.0	0.8690000000000001	104.051	278867
onion::xmTKq21pXlAkclLc	xmTKq21pXlAkclLc	2s9M78CDrQDjB2D827XXr4	48.0	2016	0.463	0.7659999999999999	6.0	1.0	0.173	184.075	230747
onion::xnuKXoU2XPmt6hqs	xnuKXoU2XPmt6hqs	5Q4H1XkVHxQjnrHCUpS61d	63.0	2013	0.5920000000000001	0.8909999999999999	5.0	0.0	0.5710000000000001	127.955	186600
onion::xoySJyhi3YX7KIJ0	xoySJyhi3YX7KIJ0	48zUFsio0IV0KQxnpqAaEm	36.0	1986	0.691	0.157	10.0	0.0	0.201	101.466	130640
onion::xpAHEJOhAc7XQZP2	xpAHEJOhAc7XQZP2	11UaQaEp2LvdspTyyuE3ur	46.0	2010	0.436	0.95	5.0	1.0	0.35200000000000004	162.088	242080
onion::xr1HkbplUycZcEZX	xr1HkbplUycZcEZX	3geFzA6VBSNZUTmV3bCry6	54.0	2006	0.634	0.599	2.0	1.0	0.312	112.215	175440
onion::xz1WHUfa47rZxmKo	xz1WHUfa47rZxmKo	6I6HGolx5ycuqVmEM1qNiE	13.0	2013	0.508	0.914	0.0	0.0	0.406	102.009	257326
onion::y0Ec4OEOXY3HIRRB	y0Ec4OEOXY3HIRRB	21CJvM7HXrI80aDHz2MES4	49.0	2012	0.741	0.959	9.0	1.0	0.41	110.016	217887
onion::y15PxmDsr87Ul3AB	y15PxmDsr87Ul3AB	5q4BpnMrYEFzLO0dYODj6J	59.0	2017	0.664	0.382	0.0	1.0	0.126	123.214	271088
onion::y2e8Hs6cQUMrLZkt	y2e8Hs6cQUMrLZkt	2eqyjSNjjTmq8A0P69nEQF	35.0	2018	0.401	0.897	2.0	1.0	0.511	144.863	118707
onion::y31mLN3QdeOINHrX	y31mLN3QdeOINHrX	2DAxu8f0ZupOzkFEZz8kqE	29.0	2003	0.772	0.845	6.0	1.0	0.573	114.997	193667
onion::y5nlpGu4jMLE0Wqd	y5nlpGu4jMLE0Wqd	6Uy6K3KdmUdAfelUp0SeXn	67.0	2013	0.551	0.836	10.0	0.0	0.758	185.063	220573
onion::y5nxO10EceQTVEqD	y5nxO10EceQTVEqD	3mokABTMvRjILYV9iuvW5e	38.0	2006	0.475	0.838	2.0	0.0	0.38	140.093	166000
onion::y67WVI8CtkhYv9Br	y67WVI8CtkhYv9Br	3ZtC9ZDhPJj0E043tmlOgx	45.0	1996	0.575	0.202	9.0	0.0	0.284	149.509	243867
onion::y6rKE6mJqZE1SFli	y6rKE6mJqZE1SFli	0KD6jtb6aJONOh3wrClVRk	46.0	2016	0.325	0.967	2.0	1.0	0.127	124.617	218068
onion::y71pnqFOW9Ftxn7C	y71pnqFOW9Ftxn7C	0PGxTaUcMggyJxTyLy0uOx	48.0	2007	0.7340000000000001	0.856	6.0	0.0	0.67	115.027	285080
onion::y9B0ce3qRJi0WEfB	y9B0ce3qRJi0WEfB	3V4LTMmu764I724y0ToD2d	41.0	2007	0.392	0.954	1.0	0.0	0.224	76.05	215720
onion::yAnDRle4In4XlRfR	yAnDRle4In4XlRfR	0UBZE3FPRyNxsRndWr2d3r	35.0	2005	0.508	0.777	4.0	1.0	0.598	92.236	292680
onion::yCgTJVaAMaTPEUGA	yCgTJVaAMaTPEUGA	1nNPoG2hygEvrFGlHdhvJ9	51.0	2008	0.753	0.454	9.0	1.0	0.173	106.177	238773
onion::yEbjUv5FN9kHGC7e	yEbjUv5FN9kHGC7e	16DhvbuyvJob4Q9GHNYu2n	66.0	2001	0.58	0.748	4.0	1.0	0.584	109.781	216760
onion::yEcNwU1IhPJB1Awz	yEcNwU1IhPJB1Awz	43FkY9svV70r8PmBL7ypUh	46.0	2017	0.7609999999999999	0.529	1.0	0.0	0.855	95.004	178351
onion::yIw2qcuxdNC9GOPE	yIw2qcuxdNC9GOPE	4l2Edgdj4vla02GCh7YyAv	56.0	1987	0.698	0.792	11.0	0.0	0.7959999999999999	119.082	276667
onion::yK9w62D6sDohfEhU	yK9w62D6sDohfEhU	3vPdanGZRJILGXC3jzIgYc	29.0	2005	0.55	0.733	11.0	0.0	0.6920000000000001	119.993	210840
onion::yKSK3z6kBv2YJfjx	yKSK3z6kBv2YJfjx	7nzsY8vlnKdvGOEE0rjAXZ	69.0	2013	0.579	0.5579999999999999	2.0	1.0	0.506	179.949	207357
onion::yL0M1wcJnpFlovMX	yL0M1wcJnpFlovMX	1UREw2MCfU0xwBzCAjxlUD	60.0	2004	0.384	0.921	11.0	1.0	0.471	89.92200000000003	208186
onion::yUa5uu5wFCGwl2PK	yUa5uu5wFCGwl2PK	5Fli1xRi01bvCjsZvKWro0	65.0	2011	0.632	0.908	8.0	1.0	0.764	110.024	202467
onion::yWRhfm4JZ4VqIuS8	yWRhfm4JZ4VqIuS8	5zA8vzDGqPl2AzZkEYQGKh	75.0	1983	0.701	0.943	4.0	1.0	0.7909999999999999	128.99200000000002	197707
onion::yXmnmWVzuwa9Cepw	yXmnmWVzuwa9Cepw	2AuU35arXZdYoscOIxHWSc	46.0	2004	0.826	0.493	9.0	0.0	0.478	88.042	313947
onion::yYXRLsjEdOsxhSXL	yYXRLsjEdOsxhSXL	7rvF9L6OiGeKI6SgZYQIg7	40.0	1993	0.599	0.578	2.0	0.0	0.696	111.198	128133
onion::yfm7RER1PWTqgjIp	yfm7RER1PWTqgjIp	2dLLR6qlu5UJ5gk0dKz0h3	74.0	2013	0.616	0.4320000000000001	7.0	1.0	0.302	84.77799999999998	190185
onion::yi0b4IPUyaExW3rW	yi0b4IPUyaExW3rW	0cad378gGsvZfnmE7Sxe9w	32.0	2007	0.295	0.123	2.0	1.0	0.0458	135.083	288960
onion::yja0sQGbchiJ9gEJ	yja0sQGbchiJ9gEJ	6FLwmdmW77N1Pxb1aWsZmO	65.0	2000	0.418	0.249	3.0	1.0	0.213	82.803	218547
onion::yjycTXTXvelYcSrp	yjycTXTXvelYcSrp	5TbDM1PBTyODDCTGEoDCxL	48.0	1995	0.515	0.748	2.0	1.0	0.394	110.571	216881
onion::ykv5xRERVB3u6W3w	ykv5xRERVB3u6W3w	5yaCquc7koPqtgj7v0lwHX	58.0	1999	0.695	0.945	10.0	0.0	0.84	125.013	246427
onion::ylwSAxZRAEBzIx3p	ylwSAxZRAEBzIx3p	0GgN4MhR5GKn5IcKN0e0rG	61.0	2006	0.457	0.515	4.0	1.0	0.222	74.984	142973
onion::yrw5gspJGeB74K5J	yrw5gspJGeB74K5J	0oxYB9GoOIDrdzniNdKC44	48.0	1993	0.33	0.532	2.0	1.0	0.218	93.512	285907
onion::yspG3O3y8atU4RbT	yspG3O3y8atU4RbT	0bniwt4hxPkWnbi5aAGI63	21.0	2013	0.8	0.373	3.0	1.0	0.614	131.998	247933
onion::yt4mzg9XU1eOd5Uu	yt4mzg9XU1eOd5Uu	3L8sfv4Fb8pONhiMA4nAKJ	50.0	2011	0.154	0.972	7.0	1.0	0.213	205.467	192920
onion::yydHsobO3zbVjAFs	yydHsobO3zbVjAFs	1fDUds6Gcl87WHMvGUxmn4	43.0	2014	0.6559999999999999	0.696	7.0	1.0	0.258	123.068	274411
onion::yymMz6dVlY8OXptl	yymMz6dVlY8OXptl	787rCZF9i4L1cXGMkdyIk4	56.0	2013	0.595	0.4270000000000001	5.0	0.0	0.0994	120.085	220133
onion::yz4dWakxCX4o7VRm	yz4dWakxCX4o7VRm	35PYCZLdGi3gRMdA26dZ59	37.0	1997	0.565	0.429	9.0	1.0	0.266	95.701	262493
onion::yzGqtQW9BPGe258w	yzGqtQW9BPGe258w	3PTKa8qgM7axIkatKDxVft	36.0	2009	0.56	0.7340000000000001	2.0	1.0	0.72	111.984	311400
onion::z1X5VHHEsSpjkT6I	z1X5VHHEsSpjkT6I	3YVPpVJvJG2EauXurPA90F	63.0	1988	0.638	0.988	1.0	1.0	0.723	117.955	220880
onion::z3EiE0NmcDImyh3B	z3EiE0NmcDImyh3B	10eBRyImhfqVvkiVEGf0N0	54.0	2010	0.455	0.623	8.0	1.0	0.208	163.893	352187
onion::z3qLNXT80hJXAmY5	z3qLNXT80hJXAmY5	3HyDpKAuR3e4l6QB7hSB2l	54.0	2012	0.407	0.459	7.0	1.0	0.113	75.016	312760
onion::z5eVg04EjJrFvx07	z5eVg04EjJrFvx07	3xCsHloPBl211Yi4UEUUcm	56.0	2017	0.589	0.777	0.0	1.0	0.5720000000000001	114.867	232787
onion::zFoMS1lXCTCpQNEq	zFoMS1lXCTCpQNEq	25BSBxpCtoDbOpVd7cpqbw	52.0	2016	0.308	0.234	2.0	0.0	0.123	87.98200000000001	370773
onion::zIZSvOapdL86W6fA	zIZSvOapdL86W6fA	3UygY7qW2cvG9Llkay6i1i	65.0	2003	0.3670000000000001	0.86	11.0	0.0	0.461	175.021	214947
onion::zIdEdZAmE1dZ4UIS	zIdEdZAmE1dZ4UIS	7FjITxlcgw9rsUiFgkxCeL	42.0	1994	0.442	0.675	5.0	1.0	0.425	95.885	266360
onion::zMJrtVfHDJaHztrw	zMJrtVfHDJaHztrw	1F43XlPBiwAUUIhrUGzylO	67.0	2009	0.599	0.622	0.0	1.0	0.851	122.312	212173
onion::zWGyZxLDUvMFJScf	zWGyZxLDUvMFJScf	5mYjL1KmNh5c1vuuCATFFu	26.0	1998	0.438	0.7659999999999999	0.0	1.0	0.611	169.847	247827
onion::zXTYY2wJP4LJ6lo1	zXTYY2wJP4LJ6lo1	3oyf4dalm17kzTE8LJDbgR	72.0	2017	0.326	0.685	10.0	1.0	0.409	86.882	312000
onion::zYWaKyOukIclucIw	zYWaKyOukIclucIw	06poVjkonFIQsidwKlxbD2	19.0	2008	0.267	0.935	1.0	1.0	0.504	110.056	212360
onion::zZxJ0rAxf4MhJnCQ	zZxJ0rAxf4MhJnCQ	0a96MZrTDKwvl1MTYvDP3o	50.0	2013	0.233	0.99	8.0	1.0	0.213	121.084	172386
onion::zbI3TrMSY2chqzRz	zbI3TrMSY2chqzRz	3adnLFXKO5rC1lhUNSeg3N	51.0	2003	0.509	0.5379999999999999	5.0	1.0	0.284	170.111	240600
onion::zcGgkzqDhMbM2SLa	zcGgkzqDhMbM2SLa	50PHi5BOQPjTng4JRKvm2L	35.0	2000	0.462	0.713	7.0	1.0	0.67	133.736	210600
onion::zdzy2ihJo3NuBDje	zdzy2ihJo3NuBDje	1OKkG3vxEuBBwLw1gCqdNW	40.0	2003	0.565	0.8390000000000001	4.0	0.0	0.855	134.98	191133
onion::zehJH5S4Y4DjoitQ	zehJH5S4Y4DjoitQ	5NlFXQ0si6U87gXs6hq81B	57.0	2012	0.715	0.7909999999999999	10.0	1.0	0.879	116.043	201053
onion::zhZ3QAXFn6Z0OKLs	zhZ3QAXFn6Z0OKLs	1ng36571Iyov4HBxUClySn	56.0	1996	0.631	0.804	7.0	1.0	0.6709999999999999	79.898	297267
onion::zmHVoqe06LDuWPk6	zmHVoqe06LDuWPk6	6DuX3rs3gHCEHMyDwC856c	39.0	1996	0.35600000000000004	0.27	7.0	0.0	0.121	141.936	356400
onion::zp4zYVjiH2Tm3gTM	zp4zYVjiH2Tm3gTM	2s1sdSqGcKxpPr5lCl7jAV	67.0	2015	0.399	0.787	1.0	1.0	0.5720000000000001	117.089	216120
onion::zq4iGQ6XY9e62zxw	zq4iGQ6XY9e62zxw	3mvE6342MSu7wJvXUpTamG	16.0	2005	0.462	0.67	9.0	0.0	0.35200000000000004	133.024	272307
onion::zqVHy6XdsrZIMGZE	zqVHy6XdsrZIMGZE	3uCSeeyxDa91TzIB2hqHTz	27.0	2013	0.5479999999999999	0.6890000000000001	1.0	0.0	0.482	118.948	282480
onion::ztSdsAe8DknzAusg	ztSdsAe8DknzAusg	2ox1STg6AbcEHoHWlFtFwr	56.0	2014	0.46	0.81	11.0	0.0	0.38	139.671	326667
onion::zxqKvtGMOMGE2ZeX	zxqKvtGMOMGE2ZeX	0VgkVdmE4gld66l8iyGjgx	77.0	2017	0.833	0.434	2.0	1.0	0.281	150.062	204600
onion::zz8r9NlX7t11pEw8	zz8r9NlX7t11pEw8	4y1LsJpmMti1PfRQV9AWWe	73.0	1983	0.71	0.799	6.0	1.0	0.725	120.372	238267
