onion_id	id	intent_id	track_id	artist_name	track_uri	artist_uri	track_name	album_uri	duration_ms	album_name	intent_name	intent_group_name	intent_user_id	intent_how_often	intent_how_imp	music4all_id
onion::314::3781676f-50cb-4301-89e0-6eaddbea9f2c	1793	314	3781676f-50cb-4301-89e0-6eaddbea9f2c	Adele	https://www.last.fm/music/Adele/_/Skyfall	https://www.last.fm/music/Adele	Skyfall	https://www.last.fm/music/Adele/Skyfall	0.0	Skyfall	Exploration	Exploration	a5b9f7a7-1222-42fd-9687-259bee291e30	4	5	fyTPYIaKV4tfEYvk
onion::314::89568694-dfe1-4d08-9ee2-3fadaedf7553	1799	314	89568694-dfe1-4d08-9ee2-3fadaedf7553	League of Legends	https://www.last.fm/music/League+of+Legends/_/Braum	https://www.last.fm/music/League%20of%20Legends	Braum	https://www.last.fm/music/League%20of%20Legends/The%20Music%20Of%20League%20Of%20Legends%20Vol.%201	0.0	The Music Of League Of Legends Vol. 1	Exploration	Exploration	a5b9f7a7-1222-42fd-9687-259bee291e30	4	5	mjnSvdh8qdPuLh4p
onion::219::5yxghrFKJbU7pcaUFEv1Sg	1209	219	5yxghrFKJbU7pcaUFEv1Sg	Ariana Grande			Tattooed Heart			Yours Truly	Entertainment	Singing Along	ea63fae3-d42a-4e13-907f-261c8aaf1a96	2	5	PmhzZvQYdf01MuVa
onion::1213::custom-1772129118953	10964	1213	custom-1772129118953	Prettymuch			Blind		0.0		Escape	Letting Go	eb0de0a6-04fe-443d-8cb7-d53e86e6a2ac	5	5	hkMBgqiZHMCGPkJG
onion::155::0e0df2a9-78ff-43ba-a13f-b61dd8d3d5b0	770	155	0e0df2a9-78ff-43ba-a13f-b61dd8d3d5b0	Tom Tom Club	https://www.last.fm/music/Tom+Tom+Club/_/Genius+of+Love	https://www.last.fm/music/Tom%20Tom%20Club	Genius of Love		0.0		Relaxing	Comfort and Security	906ed429-6e6a-43ae-a82b-2abcee327de3	3	4	Z1NtUgfD1t8GpUeb
onion::155::08105659-ac51-49ef-9e19-fb2cb38c73e8	772	155	08105659-ac51-49ef-9e19-fb2cb38c73e8	LCD Soundsystem	https://www.last.fm/music/LCD+Soundsystem/_/Someone+Great	https://www.last.fm/music/LCD%20Soundsystem	Someone Great		0.0		Relaxing	Comfort and Security	906ed429-6e6a-43ae-a82b-2abcee327de3	3	4	T25sOQFGjGgy1DCm
onion::155::7a97341f-ebfb-4945-8924-d98571353b5c	774	155	7a97341f-ebfb-4945-8924-d98571353b5c	Zero 7	https://www.last.fm/music/Zero+7/_/Destiny	https://www.last.fm/music/Zero%207	Destiny	https://www.last.fm/music/Zero%207/Simple%20Things%20Special%20Edition	0.0	Simple Things Special Edition	Relaxing	Comfort and Security	906ed429-6e6a-43ae-a82b-2abcee327de3	3	4	ac6wmKasI8UeC1R9
onion::156::39bf253c-d9dc-4e59-a4ee-9b4df1caadd1	775	156	39bf253c-d9dc-4e59-a4ee-9b4df1caadd1	Goldfrapp	https://www.last.fm/music/Goldfrapp/_/Alive	https://www.last.fm/music/Goldfrapp	Alive		0.0		Well-Being	Pleasure & Enjoyment	906ed429-6e6a-43ae-a82b-2abcee327de3	1	3	u7UP2Kg2Mp9QCGT1
onion::156::0e0df2a9-78ff-43ba-a13f-b61dd8d3d5b0	776	156	0e0df2a9-78ff-43ba-a13f-b61dd8d3d5b0	Tom Tom Club	https://www.last.fm/music/Tom+Tom+Club/_/Genius+of+Love	https://www.last.fm/music/Tom%20Tom%20Club	Genius of Love		0.0		Well-Being	Pleasure & Enjoyment	906ed429-6e6a-43ae-a82b-2abcee327de3	1	3	Z1NtUgfD1t8GpUeb
onion::156::162e15fb-af1b-4e7b-a12e-de89547c90df	779	156	162e15fb-af1b-4e7b-a12e-de89547c90df	Goldfrapp	https://www.last.fm/music/Goldfrapp/_/Anymore	https://www.last.fm/music/Goldfrapp	Anymore		0.0		Well-Being	Pleasure & Enjoyment	906ed429-6e6a-43ae-a82b-2abcee327de3	1	3	5puEuHuDvFBi7Qj2
onion::157::39bf253c-d9dc-4e59-a4ee-9b4df1caadd1	780	157	39bf253c-d9dc-4e59-a4ee-9b4df1caadd1	Goldfrapp	https://www.last.fm/music/Goldfrapp/_/Alive	https://www.last.fm/music/Goldfrapp	Alive		0.0		Awareness	Bodily Sensation	906ed429-6e6a-43ae-a82b-2abcee327de3	2	4	u7UP2Kg2Mp9QCGT1
onion::157::f119c1db-fc63-4499-a51d-53b39764ffc4	782	157	f119c1db-fc63-4499-a51d-53b39764ffc4	Dru Hill	https://www.last.fm/music/Dru+Hill/_/Beauty	https://www.last.fm/music/Dru%20Hill	Beauty		0.0		Awareness	Bodily Sensation	906ed429-6e6a-43ae-a82b-2abcee327de3	2	4	6RHLOKbCV6BT3s1o
onion::157::431c22b0-6795-488f-bc0d-e7e95e0749dd	785	157	431c22b0-6795-488f-bc0d-e7e95e0749dd	Lemon Demon	https://www.last.fm/music/Lemon+Demon/_/Cabinet+Man	https://www.last.fm/music/Lemon%20Demon	Cabinet Man	https://www.last.fm/music/Lemon%20Demon/Spirit%20Phone	0.0	Spirit Phone	Awareness	Bodily Sensation	906ed429-6e6a-43ae-a82b-2abcee327de3	2	4	HXR67d9mHNTVWMUq
onion::158::860ad0f0-d269-4c60-8143-f9c6792aed0c	787	158	860ad0f0-d269-4c60-8143-f9c6792aed0c	Lana Del Rey	https://www.last.fm/music/Lana+Del+Rey/_/White+Mustang	https://www.last.fm/music/Lana%20Del%20Rey	White Mustang		0.0		Creativity	Creative Visualization	906ed429-6e6a-43ae-a82b-2abcee327de3	2	4	4R1LOOq2sAnvmUhS
onion::158::79567c8e-db1e-4b16-ab40-8f2686008d31	788	158	79567c8e-db1e-4b16-ab40-8f2686008d31	Lana Del Rey	https://www.last.fm/music/Lana+Del+Rey/_/Heroin	https://www.last.fm/music/Lana%20Del%20Rey	Heroin		0.0		Creativity	Creative Visualization	906ed429-6e6a-43ae-a82b-2abcee327de3	2	4	pXf2yi6HYFCTfg8g
onion::158::7AkQVlVzkZMCCHLtIzUT9d	789	158	7AkQVlVzkZMCCHLtIzUT9d	Lazerhawk			Shoulder of Orion			Visitors	Creativity	Creative Visualization	906ed429-6e6a-43ae-a82b-2abcee327de3	2	4	eQl6A8Bzl1WHyFR0
onion::158::3e08c36a-7279-3c1e-bd63-a7ec1290067d	790	158	3e08c36a-7279-3c1e-bd63-a7ec1290067d	Crystal Castles	https://www.last.fm/music/Crystal+Castles/_/Affection	https://www.last.fm/music/Crystal%20Castles	Affection		0.0		Creativity	Creative Visualization	906ed429-6e6a-43ae-a82b-2abcee327de3	2	4	TmhEi0Z91beKiZgT
onion::159::43f4419c-2c8c-485b-8c7a-42246c5edf5f	791	159	43f4419c-2c8c-485b-8c7a-42246c5edf5f	Lana Del Rey	https://www.last.fm/music/Lana+Del+Rey/_/In+My+Feelings	https://www.last.fm/music/Lana%20Del%20Rey	In My Feelings		0.0		Relief	Relief	906ed429-6e6a-43ae-a82b-2abcee327de3	1	5	N66qXFCABaCiso3R
onion::159::bbbcc53f-388e-4984-b266-390faea0fe48	794	159	bbbcc53f-388e-4984-b266-390faea0fe48	Milky Chance	https://www.last.fm/music/Milky+Chance/_/Stolen+Dance	https://www.last.fm/music/Milky%20Chance	Stolen Dance		0.0		Relief	Relief	906ed429-6e6a-43ae-a82b-2abcee327de3	1	5	nL5OISo1ClBQrJ2y
onion::162::4fo7zZTzAJd66iUxDQ5xUD	809	162	4fo7zZTzAJd66iUxDQ5xUD	Lazerhawk			Overdrive			Redline	Escape	Letting Go	906ed429-6e6a-43ae-a82b-2abcee327de3	1	3	aR0wo7I5yDjrpid9
onion::163::39bf253c-d9dc-4e59-a4ee-9b4df1caadd1	811	163	39bf253c-d9dc-4e59-a4ee-9b4df1caadd1	Goldfrapp	https://www.last.fm/music/Goldfrapp/_/Alive	https://www.last.fm/music/Goldfrapp	Alive		0.0		Motivation	Background Utility	906ed429-6e6a-43ae-a82b-2abcee327de3	2	2	u7UP2Kg2Mp9QCGT1
onion::163::3qSlbAE7VfK1AVyxfoHNJZ	813	163	3qSlbAE7VfK1AVyxfoHNJZ	Yes	spotify:track:3qSlbAE7VfK1AVyxfoHNJZ	spotify:artist:7AC976RDJzL2asmZuz7qil	Leave It	spotify:album:6nNlTIiFd3J06W0rJiiwlz	253800.0	90125	Motivation	Background Utility	906ed429-6e6a-43ae-a82b-2abcee327de3	2	2	G7eWAmS16ClFyMJW
onion::164::0e0df2a9-78ff-43ba-a13f-b61dd8d3d5b0	816	164	0e0df2a9-78ff-43ba-a13f-b61dd8d3d5b0	Tom Tom Club	https://www.last.fm/music/Tom+Tom+Club/_/Genius+of+Love	https://www.last.fm/music/Tom%20Tom%20Club	Genius of Love		0.0		Passion / Pleasure	Habitual Listening	906ed429-6e6a-43ae-a82b-2abcee327de3	3	5	Z1NtUgfD1t8GpUeb
onion::164::6ZrmCwf4QA180ygKzSVcrj	818	164	6ZrmCwf4QA180ygKzSVcrj	Yelle			Chimie Physique			Safari Disco Club	Passion / Pleasure	Habitual Listening	906ed429-6e6a-43ae-a82b-2abcee327de3	3	5	H9b9aNxTRQr9evet
onion::164::5B9XiJvYFOk3lRoMFsgkfA	819	164	5B9XiJvYFOk3lRoMFsgkfA	Peaches			Pickles			Rub	Passion / Pleasure	Habitual Listening	906ed429-6e6a-43ae-a82b-2abcee327de3	3	5	pA4GYy7eeRo60I7s
onion::165::The Cure-One Hundred Years-1-16	823	165	The Cure-One Hundred Years-1-16	The Cure	https://www.last.fm/music/The+Cure/_/One+Hundred+Years	https://www.last.fm/music/The%20Cure	One Hundred Years	https://www.last.fm/music/The%20Cure/Pornography%20(Deluxe%20Edition)	0.0	Pornography (Deluxe Edition)	Well-Being	Pleasure & Enjoyment	df08c80b-1e81-40c6-aa97-04c5587cf993	2	5	lQ4EP9uTUXBDRD8K
onion::165::035efd99-2c43-40b5-8b51-63052affecbf	824	165	035efd99-2c43-40b5-8b51-63052affecbf	Nick Drake	https://www.last.fm/music/Nick+Drake/_/Rider+On+The+Wheel	https://www.last.fm/music/Nick%20Drake	Rider On The Wheel	https://www.last.fm/music/Nick%20Drake/Made%20To%20Love%20Magic	0.0	Made To Love Magic	Well-Being	Pleasure & Enjoyment	df08c80b-1e81-40c6-aa97-04c5587cf993	2	5	nv6rUMOgRaLZ269V
onion::165::00ab0c89-2d90-4cc0-91d8-d52c5c0765b5	825	165	00ab0c89-2d90-4cc0-91d8-d52c5c0765b5	The Cure	https://www.last.fm/music/The+Cure/_/39	https://www.last.fm/music/The%20Cure	39	https://www.last.fm/music/The%20Cure/Bloodflowers	0.0	Bloodflowers	Well-Being	Pleasure & Enjoyment	df08c80b-1e81-40c6-aa97-04c5587cf993	2	5	bryPKYPYuD9vCj9g
onion::166::2OIca10vMnqiJyDELHiPJb	829	166	2OIca10vMnqiJyDELHiPJb	The Mars Volta			Goliath			The Bedlam in Goliath	Meaningful Engagement / Purpose	Life Meaning & Structure	1451dd34-e1b2-462a-837f-7015ea85e2ee	2	5	0L7SiX9rxLK9FaP5
onion::169::0LSux441PXL5WsVo5nTcER	858	169	0LSux441PXL5WsVo5nTcER	Dream Theater	spotify:track:0LSux441PXL5WsVo5nTcER	spotify:artist:2aaLAng2L2aWD2FClzwiep	False Awakening Suite	spotify:album:2yzeTza4DXX5XpzJYY7CXO	162106.0	Dream Theater	Passion / Pleasure	Habitual Listening	daa1ec87-af36-43a3-b005-37e20e2c31e0	4	5	6jxhsZz4CbWhnjMq
onion::169::4ghtc1qkwPW5CIjYrac1MJ	860	169	4ghtc1qkwPW5CIjYrac1MJ	Opeth	spotify:track:4ghtc1qkwPW5CIjYrac1MJ	spotify:artist:0ybFZ2Ab08V8hueghSXm6E	Blackwater Park	spotify:album:3CCkWrqhWcKU7qXK3ooEEo	728333.0	Blackwater Park	Passion / Pleasure	Habitual Listening	daa1ec87-af36-43a3-b005-37e20e2c31e0	4	5	1ai2olK0wSUvotep
onion::169::3i0CTZmifPahTx3CSIx3LF	863	169	3i0CTZmifPahTx3CSIx3LF	White Ring	spotify:track:3i0CTZmifPahTx3CSIx3LF	spotify:artist:64AV09dDdCGBGv11QlGOJN	Suffocation	spotify:album:3ugtU0UeDrA5g5J6V4GHLW	224000.0	Suffocation	Passion / Pleasure	Habitual Listening	daa1ec87-af36-43a3-b005-37e20e2c31e0	4	5	v2Gc5sOrPogObvS7
onion::170::2THerIPLtOsAZEfNZ3Ol42	877	170	2THerIPLtOsAZEfNZ3Ol42	The Pineapple Thief			Take Your Shot			Your Wilderness	Admiration / Connection to artist	Musician Identification	daa1ec87-af36-43a3-b005-37e20e2c31e0	3	5	JJ75FJUIJsUtFGII
onion::170::4avI265YMyXBoSHP7dp8jr	883	170	4avI265YMyXBoSHP7dp8jr	In Flames	spotify:track:4avI265YMyXBoSHP7dp8jr	spotify:artist:57ylwQTnFnIhJh4nu4rxCs	Filtered Truth	spotify:album:7MHG58Oi3nTsmVLVyArnJi	210026.0	Siren Charms (Deluxe)	Admiration / Connection to artist	Musician Identification	daa1ec87-af36-43a3-b005-37e20e2c31e0	3	5	l1g0N3XsWoVPh3dA
onion::170::3xd4OtPleFw78mi4rh3Lmh	884	170	3xd4OtPleFw78mi4rh3Lmh	Dream Theater	spotify:track:3xd4OtPleFw78mi4rh3Lmh	spotify:artist:2aaLAng2L2aWD2FClzwiep	Outcry	spotify:album:6nTSYgih82tTwdWvmbtPHW	684200.0	A Dramatic Turn Of Events	Admiration / Connection to artist	Musician Identification	daa1ec87-af36-43a3-b005-37e20e2c31e0	3	5	9XUrK87leHWt5o7Q
onion::170::72egonEInxwcu81bWdobRh	885	170	72egonEInxwcu81bWdobRh	The Pineapple Thief			That Shore			Your Wilderness	Admiration / Connection to artist	Musician Identification	daa1ec87-af36-43a3-b005-37e20e2c31e0	3	5	MxyIlGvbvQxTDKIL
onion::171::7qc9PaK7JeTgMkLwaXgW0q	887	171	7qc9PaK7JeTgMkLwaXgW0q	Breaking Benjamin	spotify:track:7qc9PaK7JeTgMkLwaXgW0q	spotify:artist:5BtHciL0e0zOP7prIHn3pP	Had Enough	spotify:album:2usyeZYdUHKlNHKDKgAYSo	228213.0	Phobia	Practicing and Musical Creativity	Practicing and Musical Creativity	daa1ec87-af36-43a3-b005-37e20e2c31e0	2	3	0wosIeFRMmhokumK
onion::171::3lpDrxUkr0tIe1kmJvdK7d	888	171	3lpDrxUkr0tIe1kmJvdK7d	Rush	spotify:track:3lpDrxUkr0tIe1kmJvdK7d	spotify:artist:2Hkut4rAAyrQxRdof7FVJq	YYZ	spotify:album:2xg7iIKoSqaDNpDbJnyCjY	265840.0	Moving Pictures	Practicing and Musical Creativity	Practicing and Musical Creativity	daa1ec87-af36-43a3-b005-37e20e2c31e0	2	3	uiGi5UJ0PqY1t2C3
onion::171::1Ph2EtzV2wW7I4AC2YjoJn	889	171	1Ph2EtzV2wW7I4AC2YjoJn	Mastodon	spotify:track:1Ph2EtzV2wW7I4AC2YjoJn	spotify:artist:1Dvfqq39HxvCJ3GvfeIFuT	Sleeping Giant	spotify:album:1n8QZFcwx5aQ2LIIlj0iYe	336293.0	Blood Mountain	Practicing and Musical Creativity	Practicing and Musical Creativity	daa1ec87-af36-43a3-b005-37e20e2c31e0	2	3	BTh29tDGLn9deIf8
onion::171::1DbX8bRauglTfR7buCMetJ	892	171	1DbX8bRauglTfR7buCMetJ	Mors Principium Est	spotify:track:1DbX8bRauglTfR7buCMetJ	spotify:artist:1k0jnWb55QS6FjTU9LzMhi	God Has Fallen	spotify:album:1REyIvv1UcAveTpdmVi12d	267413.0	Dawn of the 5TH Era	Practicing and Musical Creativity	Practicing and Musical Creativity	daa1ec87-af36-43a3-b005-37e20e2c31e0	2	3	ubhTP8eoPbIesdN2
onion::171::0miS15DAUt0eNtVAszSo8A	893	171	0miS15DAUt0eNtVAszSo8A	The Dear Hunter	spotify:track:0miS15DAUt0eNtVAszSo8A	spotify:artist:51lE580QM13Anmb3mK2j1e	Remembered	spotify:album:0TCkVVN1AfEtMP3IjVD1Zi	230873.0	Act Iv: Rebirth in Reprise	Practicing and Musical Creativity	Practicing and Musical Creativity	daa1ec87-af36-43a3-b005-37e20e2c31e0	2	3	pHGvyXbazK9DP6V1
onion::171::3Tgo5Ucay80sGvph0uedTS	894	171	3Tgo5Ucay80sGvph0uedTS	Gojira	spotify:track:3Tgo5Ucay80sGvph0uedTS	spotify:artist:0GDGKpJFhVpcjIGF8N6Ewt	Liberation	spotify:album:7D7V6M05UIOTjLdqbwRX0w	215373.0	Magma	Practicing and Musical Creativity	Practicing and Musical Creativity	daa1ec87-af36-43a3-b005-37e20e2c31e0	2	3	VGTm9b4DyIvbbi33
onion::172::3i0CTZmifPahTx3CSIx3LF	897	172	3i0CTZmifPahTx3CSIx3LF	White Ring	spotify:track:3i0CTZmifPahTx3CSIx3LF	spotify:artist:64AV09dDdCGBGv11QlGOJN	Suffocation	spotify:album:3ugtU0UeDrA5g5J6V4GHLW	224000.0	Suffocation	Bonding / Connection to others	Shared Taste	daa1ec87-af36-43a3-b005-37e20e2c31e0	4	5	v2Gc5sOrPogObvS7
onion::172::5r37NetsrDZOMuOev51PHL	899	172	5r37NetsrDZOMuOev51PHL	Killswitch Engage	spotify:track:5r37NetsrDZOMuOev51PHL	spotify:artist:37394IP6uhnjIpsawpMu4l	Eye of the Storm	spotify:album:6iJEtgHTEbVlSS5isIS71z	236013.0	As Daylight Dies	Bonding / Connection to others	Shared Taste	daa1ec87-af36-43a3-b005-37e20e2c31e0	4	5	ZXWct312iySKsSfV
onion::172::4JZw9iPZpOQetcFnssohqT	904	172	4JZw9iPZpOQetcFnssohqT	Insomnium	spotify:track:4JZw9iPZpOQetcFnssohqT	spotify:artist:3uIgLG971oRM5fe6v8lvQS	Every Hour Wounds	spotify:album:6S9o3p0iwrVcXfL5Yi4LOp	324840.0	One For Sorrow	Bonding / Connection to others	Shared Taste	daa1ec87-af36-43a3-b005-37e20e2c31e0	4	5	ah5SdnvHRrM54zos
onion::172::2LbMR2ALLfhUt4FA1gqLtq	906	172	2LbMR2ALLfhUt4FA1gqLtq	Haken	spotify:track:2LbMR2ALLfhUt4FA1gqLtq	spotify:artist:2SRIVGDkdqQnrQdaXxDkJt	Somebody	spotify:album:3RBULTZJ97bvVzZLpxcB0j	540640.0	The Mountain	Bonding / Connection to others	Shared Taste	daa1ec87-af36-43a3-b005-37e20e2c31e0	4	5	kyF3vs3mCQiMjPTM
onion::172::2AgwHCE9KGRvA8ftSA15td	907	172	2AgwHCE9KGRvA8ftSA15td	Dream Theater	spotify:track:2AgwHCE9KGRvA8ftSA15td	spotify:artist:2aaLAng2L2aWD2FClzwiep	Power Down	spotify:album:6SRlWxC7lMPu2qlwOMslrk	85200.0	The Astonishing	Bonding / Connection to others	Shared Taste	daa1ec87-af36-43a3-b005-37e20e2c31e0	4	5	50o7VBkQApF5C6nb
onion::172::4yhbOiucGhU5JuGRlglzRA	908	172	4yhbOiucGhU5JuGRlglzRA	In Flames	spotify:track:4yhbOiucGhU5JuGRlglzRA	spotify:artist:57ylwQTnFnIhJh4nu4rxCs	Versus Terminus	spotify:album:5qNcLXli5rVmRtYSb0IgzP	198960.0	Come Clarity	Bonding / Connection to others	Shared Taste	daa1ec87-af36-43a3-b005-37e20e2c31e0	4	5	3OYGrSVx0Ogp4EX6
onion::173::34vun8pktEjWVd6wXUDbn8	913	173	34vun8pktEjWVd6wXUDbn8	Dark Tranquillity	spotify:track:34vun8pktEjWVd6wXUDbn8	spotify:artist:5EHvXKnNz78jkAVgTQLQ5O	The Fatalist	spotify:album:36dEkcuRN9bt1GWyY9OCjk	272346.0	We Are the Void	Entertainment	Singing Along	daa1ec87-af36-43a3-b005-37e20e2c31e0	4	5	SmMj4TmRkYkJdhSW
onion::173::3KnCdGGbBSFyinn31k4DDZ	914	173	3KnCdGGbBSFyinn31k4DDZ	Insomnium	spotify:track:3KnCdGGbBSFyinn31k4DDZ	spotify:artist:3uIgLG971oRM5fe6v8lvQS	Only One Who Waits	spotify:album:6S9o3p0iwrVcXfL5Yi4LOp	318720.0	One For Sorrow	Entertainment	Singing Along	daa1ec87-af36-43a3-b005-37e20e2c31e0	4	5	EyFgsiXXJ5lFeqk1
onion::173::1uqGSvSc207Zlgi4sGr9RQ	915	173	1uqGSvSc207Zlgi4sGr9RQ	Rush	spotify:track:1uqGSvSc207Zlgi4sGr9RQ	spotify:artist:2Hkut4rAAyrQxRdof7FVJq	Time Stand Still	spotify:album:3OSQvwW2BElGZfjhsHJEru	308893.0	Hold Your Fire	Entertainment	Singing Along	daa1ec87-af36-43a3-b005-37e20e2c31e0	4	5	bsLMMYztWo0jMzvV
onion::173::4xELsobOM8anjSazClgU6B	916	173	4xELsobOM8anjSazClgU6B	In Flames	spotify:track:4xELsobOM8anjSazClgU6B	spotify:artist:57ylwQTnFnIhJh4nu4rxCs	Ropes	spotify:album:5sntGYi5etQESPeKSa89JR	223001.0	Sounds of a Playground Fading	Entertainment	Singing Along	daa1ec87-af36-43a3-b005-37e20e2c31e0	4	5	jUoAPWpeLbt7yE37
onion::174::536bkD2pabwDI6kHCzHv5T	919	174	536bkD2pabwDI6kHCzHv5T	Breaking Benjamin	spotify:track:536bkD2pabwDI6kHCzHv5T	spotify:artist:5BtHciL0e0zOP7prIHn3pP	Hollow	spotify:album:09asAAZJ7rXedp9J8wqvBR	231053.0	Dark Before Dawn	Community	Community	daa1ec87-af36-43a3-b005-37e20e2c31e0	3	4	umWYRPyJw3pkEFzG
onion::174::3qE7RMgTYWF1Eeiz8eFzbg	920	174	3qE7RMgTYWF1Eeiz8eFzbg	In Flames	spotify:track:3qE7RMgTYWF1Eeiz8eFzbg	spotify:artist:57ylwQTnFnIhJh4nu4rxCs	In Plain View	spotify:album:7MHG58Oi3nTsmVLVyArnJi	245413.0	Siren Charms (Deluxe)	Community	Community	daa1ec87-af36-43a3-b005-37e20e2c31e0	3	4	WIqtiSJw7dRnNpgl
onion::175::6kq7Rd2zaoypphqvYgyliQ	927	175	6kq7Rd2zaoypphqvYgyliQ	Dark Tranquillity	spotify:track:6kq7Rd2zaoypphqvYgyliQ	spotify:artist:5EHvXKnNz78jkAVgTQLQ5O	Damage Done	spotify:album:1BXwUgaOkooiLK3zO4X6AJ	207226.0	Damage Done (Reissue)	Well-Being	Pleasure & Enjoyment	daa1ec87-af36-43a3-b005-37e20e2c31e0	5	5	sT08WjTOOJaCho67
onion::175::27vvtjfuOGiXPRAxm3nDOM	928	175	27vvtjfuOGiXPRAxm3nDOM	Dream Theater	spotify:track:27vvtjfuOGiXPRAxm3nDOM	spotify:artist:2aaLAng2L2aWD2FClzwiep	As I Am	spotify:album:6jZmSESlazZBmqucZlN3mP	433145.0	Greatest Hit (...and 21 other pretty cool songs)	Well-Being	Pleasure & Enjoyment	daa1ec87-af36-43a3-b005-37e20e2c31e0	5	5	ALUPimS38hGFkBfm
onion::175::2rvQ8M4T6rbpc2c63pwNMu	929	175	2rvQ8M4T6rbpc2c63pwNMu	Lamb of God	spotify:track:2rvQ8M4T6rbpc2c63pwNMu	spotify:artist:3JFsVIxOn7STeilPICkkB2	Descending	spotify:album:1cikCss5SRQLrIAmpyHoVw	215240.0	Sacrament	Well-Being	Pleasure & Enjoyment	daa1ec87-af36-43a3-b005-37e20e2c31e0	5	5	p5iS3i9iTY3oz6dW
onion::175::4qZuFtghvQvmkVTzt7rAw1	930	175	4qZuFtghvQvmkVTzt7rAw1	In Flames	spotify:track:4qZuFtghvQvmkVTzt7rAw1	spotify:artist:57ylwQTnFnIhJh4nu4rxCs	Take This Life	spotify:album:5qNcLXli5rVmRtYSb0IgzP	215200.0	Come Clarity	Well-Being	Pleasure & Enjoyment	daa1ec87-af36-43a3-b005-37e20e2c31e0	5	5	lmahAtN6hekEYNeF
onion::175::64VLqyvVCCAXyqKCqs40z8	931	175	64VLqyvVCCAXyqKCqs40z8	Insomnium	spotify:track:64VLqyvVCCAXyqKCqs40z8	spotify:artist:3uIgLG971oRM5fe6v8lvQS	While We Sleep	spotify:album:0iYAnDAQLAOXIl5bUAfYG3	380613.0	Shadows of the Dying Sun	Well-Being	Pleasure & Enjoyment	daa1ec87-af36-43a3-b005-37e20e2c31e0	5	5	6qkBRUTftKj9QkyX
onion::175::09d4cc76-be7a-4c56-bf57-264073b0d5e1	932	175	09d4cc76-be7a-4c56-bf57-264073b0d5e1	Gregory Alan Isakov	https://www.last.fm/music/Gregory+Alan+Isakov/_/Living+Proof	https://www.last.fm/music/Gregory%20Alan%20Isakov	Living Proof	https://www.last.fm/music/Gregory%20Alan%20Isakov/The%20Weatherman	0.0	The Weatherman	Well-Being	Pleasure & Enjoyment	daa1ec87-af36-43a3-b005-37e20e2c31e0	5	5	HGwvnAMdGSSmphjE
onion::175::Insomnium-Winter's Gate, Pt. 2-4-48	935	175	Insomnium-Winter's Gate, Pt. 2-4-48	Insomnium	https://www.last.fm/music/Insomnium/_/Winter%27s+Gate,+Pt.+2	https://www.last.fm/music/Insomnium	Winter's Gate, Pt. 2	https://www.last.fm/music/Insomnium/Winter's%20Gate	0.0	Winter's Gate	Well-Being	Pleasure & Enjoyment	daa1ec87-af36-43a3-b005-37e20e2c31e0	5	5	OsbBdNdl2DRFKCnq
onion::176::5vK6UrXYeQ1MuMKnMHr05W	938	176	5vK6UrXYeQ1MuMKnMHr05W	Katatonia	spotify:track:5vK6UrXYeQ1MuMKnMHr05W	spotify:artist:2CWWgbxApjbyByxBBCvGTm	The Racing Heart	spotify:album:5y2DKGSDytuCsr7LQ2t64F	205080.0	Dethroned & Uncrowned	Emotion (regulation)	Emotional Resonance	daa1ec87-af36-43a3-b005-37e20e2c31e0	3	5	IbUmOdpOF5ikHYbr
onion::176::0gr97EET1vP85jcFESMYRK	940	176	0gr97EET1vP85jcFESMYRK	Mastodon	spotify:track:0gr97EET1vP85jcFESMYRK	spotify:artist:1Dvfqq39HxvCJ3GvfeIFuT	I Am Ahab	spotify:album:6khFoLWnJZDQvZ7Pijym3b	165853.0	Leviathan	Emotion (regulation)	Emotional Resonance	daa1ec87-af36-43a3-b005-37e20e2c31e0	3	5	BjgXm1QJfXdkoJ1Y
onion::176::6JQn528UrHks2tKHAKPLG0	941	176	6JQn528UrHks2tKHAKPLG0	In Flames	spotify:track:6JQn528UrHks2tKHAKPLG0	spotify:artist:57ylwQTnFnIhJh4nu4rxCs	Scream	spotify:album:5qNcLXli5rVmRtYSb0IgzP	192866.0	Come Clarity	Emotion (regulation)	Emotional Resonance	daa1ec87-af36-43a3-b005-37e20e2c31e0	3	5	qa12EGH2ZW4i6OAC
onion::176::5r37NetsrDZOMuOev51PHL	942	176	5r37NetsrDZOMuOev51PHL	Killswitch Engage	spotify:track:5r37NetsrDZOMuOev51PHL	spotify:artist:37394IP6uhnjIpsawpMu4l	Eye of the Storm	spotify:album:6iJEtgHTEbVlSS5isIS71z	236013.0	As Daylight Dies	Emotion (regulation)	Emotional Resonance	daa1ec87-af36-43a3-b005-37e20e2c31e0	3	5	ZXWct312iySKsSfV
onion::176::2lR3REI1dq2Q64d9yeaaGN	944	176	2lR3REI1dq2Q64d9yeaaGN	The Black Dahlia Murder	spotify:track:2lR3REI1dq2Q64d9yeaaGN	spotify:artist:4xTDPgk4jHCF0qui3dH6BS	Nightbringers	spotify:album:3M9PaUc9DND0HiziKbnedS	215706.0	Nightbringers	Emotion (regulation)	Emotional Resonance	daa1ec87-af36-43a3-b005-37e20e2c31e0	3	5	NmJRqoipEN80wJot
onion::176::0eps0pcp3pDdm4i1W44H5E	947	176	0eps0pcp3pDdm4i1W44H5E	Meshuggah	spotify:track:0eps0pcp3pDdm4i1W44H5E	spotify:artist:3ggwAqZD3lyT2sbovlmfQY	Dancers to a Discordant System	spotify:album:1Z4MdbyboIEZhwSZKsIA0Z	576066.0	ObZen	Emotion (regulation)	Emotional Resonance	daa1ec87-af36-43a3-b005-37e20e2c31e0	3	5	FFVQbO4rkmvEwOnV
onion::176::0jPLDCNOPHKjdwMIRRS9NR	948	176	0jPLDCNOPHKjdwMIRRS9NR	Sepultura	spotify:track:0jPLDCNOPHKjdwMIRRS9NR	spotify:artist:6JW8wliOEwaDZ231ZY7cf4	Ambush	spotify:album:5JjnPCfpp6redrkKpXZAs8	278373.0	Roots	Emotion (regulation)	Emotional Resonance	daa1ec87-af36-43a3-b005-37e20e2c31e0	3	5	RA2YjPPv2IIStw61
onion::177::0ZJ3raOAZl4rZYVOAqIXjv	949	177	0ZJ3raOAZl4rZYVOAqIXjv	Echo & the Bunnymen	spotify:track:0ZJ3raOAZl4rZYVOAqIXjv	spotify:artist:0fgYKF9Avljex0L9Wt5b8Z	Heads Will Roll	spotify:album:4brJ6hWYqPj1sccgk390dC	213106.0	Porcupine	Well-Being	Pleasure & Enjoyment	928500eb-5b5a-4274-bc59-51018a753e15	2	5	2GGoHq96n6nnoPRm
onion::177::24436eea-e79f-4592-b7f8-3e9bfe01f483	950	177	24436eea-e79f-4592-b7f8-3e9bfe01f483	MGMT	https://www.last.fm/music/MGMT/_/Time+to+Pretend	https://www.last.fm/music/MGMT	Time to Pretend	https://www.last.fm/music/MGMT/Oracular%20Spectacular	0.0	Oracular Spectacular	Well-Being	Pleasure & Enjoyment	928500eb-5b5a-4274-bc59-51018a753e15	2	5	S7RFdCOEy8yX1StR
onion::177::17983eac-b790-401e-9723-2eb0c47c73c8	959	177	17983eac-b790-401e-9723-2eb0c47c73c8	Tamaryn	https://www.last.fm/music/Tamaryn/_/Hands+All+Over+Me	https://www.last.fm/music/Tamaryn	Hands All Over Me	https://www.last.fm/music/Tamaryn/Cranekiss	0.0	Cranekiss	Well-Being	Pleasure & Enjoyment	928500eb-5b5a-4274-bc59-51018a753e15	2	5	TiBl6UFeDTNcVkVB
onion::178::02bc1c49-d401-4fe7-8a39-540fc0d8d2f3	967	178	02bc1c49-d401-4fe7-8a39-540fc0d8d2f3	Kanye West	https://www.last.fm/music/Kanye+West/_/RoboCop	https://www.last.fm/music/Kanye%20West	RoboCop	https://www.last.fm/music/Kanye%20West/808s%20%26%20Heartbreak%20(Softpak)	0.0	808s & Heartbreak (Softpak)	Motivation	Background Utility	d4e0ce1d-f9de-45d8-8d5e-e73b111525e4	3	3	PiyCkX6IHCTpEgF5
onion::178::16db729e-84b1-42d6-a46f-ed3bc1df49c6	968	178	16db729e-84b1-42d6-a46f-ed3bc1df49c6	Andrew McMahon in the Wilderness	https://www.last.fm/music/Andrew+McMahon+in+the+Wilderness/_/Fire+Escape	https://www.last.fm/music/Andrew%20McMahon%20in%20the%20Wilderness	Fire Escape	https://www.last.fm/music/Andrew%20McMahon%20in%20the%20Wilderness/Zombies%20on%20Broadway	0.0	Zombies on Broadway	Motivation	Background Utility	d4e0ce1d-f9de-45d8-8d5e-e73b111525e4	3	3	xcfbmtHsNCtpiDTS
onion::178::b286b752-61b5-46de-83a2-ccc1bccce023	970	178	b286b752-61b5-46de-83a2-ccc1bccce023	Cake	https://www.last.fm/music/Cake/_/Shadow+Stabbing	https://www.last.fm/music/Cake	Shadow Stabbing	https://www.last.fm/music/Cake/Comfort%20Eagle	0.0	Comfort Eagle	Motivation	Background Utility	d4e0ce1d-f9de-45d8-8d5e-e73b111525e4	3	3	Dq1qpMbTMQebqmmH
onion::180::17983eac-b790-401e-9723-2eb0c47c73c8	977	180	17983eac-b790-401e-9723-2eb0c47c73c8	Tamaryn	https://www.last.fm/music/Tamaryn/_/Hands+All+Over+Me	https://www.last.fm/music/Tamaryn	Hands All Over Me	https://www.last.fm/music/Tamaryn/Cranekiss	0.0	Cranekiss	Distraction	Distraction	928500eb-5b5a-4274-bc59-51018a753e15	5	5	TiBl6UFeDTNcVkVB
onion::181::4u5ofLk8CMrtQnRaiIVH4O	983	181	4u5ofLk8CMrtQnRaiIVH4O	Mazzy Star			Cry, Cry			Among My Swan	Relaxing	Comfort and Security	928500eb-5b5a-4274-bc59-51018a753e15	3	5	KTu7M5LPPDSU4tf6
onion::184::Britney Spears-Toxic-2-177	999	184	Britney Spears-Toxic-2-177	Britney Spears	https://www.last.fm/music/Britney+Spears/_/Toxic	https://www.last.fm/music/Britney%20Spears	Toxic	https://www.last.fm/music/Britney%20Spears/In%20the%20Zone	0.0	In the Zone	Nostalgia	Nostalgia	928500eb-5b5a-4274-bc59-51018a753e15	1	5	CAcfgsvOODhPqShX
onion::184::52414171-1ae5-4972-abbb-d9317a03fd0e	1002	184	52414171-1ae5-4972-abbb-d9317a03fd0e	Zedd	https://www.last.fm/music/Zedd/_/Clarity	https://www.last.fm/music/Zedd	Clarity	https://www.last.fm/music/Zedd/Clarity	0.0	Clarity	Nostalgia	Nostalgia	928500eb-5b5a-4274-bc59-51018a753e15	1	5	jnEsfVqrNF5laFgL
onion::185::1b9a103b-8501-4bdf-88c6-cd2a366bb67c	1005	185	1b9a103b-8501-4bdf-88c6-cd2a366bb67c	Café Tacvba	https://www.last.fm/music/Caf%C3%A9+Tacvba/_/Mar%C3%ADa	https://www.last.fm/music/Caf%C3%A9%20Tacvba	María	https://www.last.fm/music/Caf%C3%A9%20Tacvba/Caf%C3%A9%20Tacvba	0.0	Café Tacvba	Relief	Relief	928500eb-5b5a-4274-bc59-51018a753e15	3	5	LfH6zVwgYhch7mXN
onion::185::beb91e6e-2a6e-460c-8bc0-11d52bbe5dac	1006	185	beb91e6e-2a6e-460c-8bc0-11d52bbe5dac	Café Tacvba	https://www.last.fm/music/Caf%C3%A9+Tacvba/_/Esa+Noche	https://www.last.fm/music/Caf%C3%A9%20Tacvba	Esa Noche	https://www.last.fm/music/Caf%C3%A9%20Tacvba/Re	0.0	Re	Relief	Relief	928500eb-5b5a-4274-bc59-51018a753e15	3	5	u1onEj1Z0B22uep5
onion::185::294e061d-08c7-423d-aff7-36d4cdca8f7f	1008	185	294e061d-08c7-423d-aff7-36d4cdca8f7f	Caifanes	https://www.last.fm/music/Caifanes/_/Viento	https://www.last.fm/music/Caifanes	Viento	https://www.last.fm/music/Caifanes/Caifanes	0.0	Caifanes	Relief	Relief	928500eb-5b5a-4274-bc59-51018a753e15	3	5	1r7K5QLOQqz8TcFh
onion::185::Michael Jackson-Human Nature-2-117	1009	185	Michael Jackson-Human Nature-2-117	Michael Jackson	https://www.last.fm/music/Michael+Jackson/_/Human+Nature	https://www.last.fm/music/Michael%20Jackson	Human Nature	https://www.last.fm/music/Michael%20Jackson/Thriller	0.0	Thriller	Relief	Relief	928500eb-5b5a-4274-bc59-51018a753e15	3	5	i8l6q33l8IJhEGbp
onion::186::custom-1764958264810	1013	186	custom-1764958264810	Taylor Swift			Enchanted		0.0		Well-Being	Pleasure & Enjoyment	d4e0ce1d-f9de-45d8-8d5e-e73b111525e4	4	5	z3EiE0NmcDImyh3B
onion::186::16db729e-84b1-42d6-a46f-ed3bc1df49c6	1014	186	16db729e-84b1-42d6-a46f-ed3bc1df49c6	Andrew McMahon in the Wilderness	https://www.last.fm/music/Andrew+McMahon+in+the+Wilderness/_/Fire+Escape	https://www.last.fm/music/Andrew%20McMahon%20in%20the%20Wilderness	Fire Escape	https://www.last.fm/music/Andrew%20McMahon%20in%20the%20Wilderness/Zombies%20on%20Broadway	0.0	Zombies on Broadway	Well-Being	Pleasure & Enjoyment	d4e0ce1d-f9de-45d8-8d5e-e73b111525e4	4	5	xcfbmtHsNCtpiDTS
onion::187::Britney Spears-Toxic-2-177	1016	187	Britney Spears-Toxic-2-177	Britney Spears	https://www.last.fm/music/Britney+Spears/_/Toxic	https://www.last.fm/music/Britney%20Spears	Toxic	https://www.last.fm/music/Britney%20Spears/In%20the%20Zone	0.0	In the Zone	Entertainment	Singing Along	928500eb-5b5a-4274-bc59-51018a753e15	2	5	CAcfgsvOODhPqShX
onion::187::2b9241b3-a7c4-4866-a15d-17344cf44541	1018	187	2b9241b3-a7c4-4866-a15d-17344cf44541	Britney Spears	https://www.last.fm/music/Britney+Spears/_/Circus	https://www.last.fm/music/Britney%20Spears	Circus	https://www.last.fm/music/Britney%20Spears/Circus%20(Deluxe%20Version)	0.0	Circus (Deluxe Version)	Entertainment	Singing Along	928500eb-5b5a-4274-bc59-51018a753e15	2	5	cWXpvnMaoOLOcPZx
onion::187::Nirvana-Something in the Way-2-183	1019	187	Nirvana-Something in the Way-2-183	Nirvana	https://www.last.fm/music/Nirvana/_/Something+in+the+Way	https://www.last.fm/music/Nirvana	Something in the Way	https://www.last.fm/music/Nirvana/Nevermind%20(Deluxe%20Edition)	0.0	Nevermind (Deluxe Edition)	Entertainment	Singing Along	928500eb-5b5a-4274-bc59-51018a753e15	2	5	Nl1sEvzj94qavDXi
onion::188::Nirvana-Something in the Way-2-183	1021	188	Nirvana-Something in the Way-2-183	Nirvana	https://www.last.fm/music/Nirvana/_/Something+in+the+Way	https://www.last.fm/music/Nirvana	Something in the Way	https://www.last.fm/music/Nirvana/Nevermind%20(Deluxe%20Edition)	0.0	Nevermind (Deluxe Edition)	(Self-) Reflection / Introspection	Self-Reflection	928500eb-5b5a-4274-bc59-51018a753e15	2	4	Nl1sEvzj94qavDXi
onion::190::5df7eabb-983e-3db4-abfc-4bf22562abd1	1034	190	5df7eabb-983e-3db4-abfc-4bf22562abd1	She Wants Revenge	https://www.last.fm/music/She+Wants+Revenge/_/I+Don%27t+Want+To+Fall+In+Love	https://www.last.fm/music/She%20Wants%20Revenge	I Don't Want To Fall In Love	https://www.last.fm/music/She%20Wants%20Revenge/She%20Wants%20Revenge	0.0	She Wants Revenge	Emotion (regulation)	Emotional Resonance	928500eb-5b5a-4274-bc59-51018a753e15	2	5	dVPFNMZc3quRY93K
onion::190::1a1606a1-15d0-4393-a797-ce2cd5ef373f	1035	190	1a1606a1-15d0-4393-a797-ce2cd5ef373f	Green Day	https://www.last.fm/music/Green+Day/_/Last+Night+on+Earth	https://www.last.fm/music/Green%20Day	Last Night on Earth	https://www.last.fm/music/Green%20Day/21st%20Century%20Breakdown	0.0	21st Century Breakdown	Emotion (regulation)	Emotional Resonance	928500eb-5b5a-4274-bc59-51018a753e15	2	5	48VdPLCPJnZaYlBX
onion::190::17983eac-b790-401e-9723-2eb0c47c73c8	1036	190	17983eac-b790-401e-9723-2eb0c47c73c8	Tamaryn	https://www.last.fm/music/Tamaryn/_/Hands+All+Over+Me	https://www.last.fm/music/Tamaryn	Hands All Over Me	https://www.last.fm/music/Tamaryn/Cranekiss	0.0	Cranekiss	Emotion (regulation)	Emotional Resonance	928500eb-5b5a-4274-bc59-51018a753e15	2	5	TiBl6UFeDTNcVkVB
onion::190::24436eea-e79f-4592-b7f8-3e9bfe01f483	1038	190	24436eea-e79f-4592-b7f8-3e9bfe01f483	MGMT	https://www.last.fm/music/MGMT/_/Time+to+Pretend	https://www.last.fm/music/MGMT	Time to Pretend	https://www.last.fm/music/MGMT/Oracular%20Spectacular	0.0	Oracular Spectacular	Emotion (regulation)	Emotional Resonance	928500eb-5b5a-4274-bc59-51018a753e15	2	5	S7RFdCOEy8yX1StR
onion::191::a847bc14-7d8e-4009-ae3c-e7b60ecc71d3	1041	191	a847bc14-7d8e-4009-ae3c-e7b60ecc71d3	Cigarettes After Sex	https://www.last.fm/music/Cigarettes+After+Sex/_/Apocalypse	https://www.last.fm/music/Cigarettes%20After%20Sex	Apocalypse	https://www.last.fm/music/Cigarettes%20After%20Sex/Cigarettes%20After%20Sex	0.0	Cigarettes After Sex	Emotion (regulation)	Emotional Resonance	d4e0ce1d-f9de-45d8-8d5e-e73b111525e4	2	3	9EOUvfzk6eOb8KBd
onion::192::custom-1764958805641	1045	192	custom-1764958805641	Modest Mouse			Float On		0.0		Relaxing	Comfort and Security	d4e0ce1d-f9de-45d8-8d5e-e73b111525e4	2	3	j8qrlsfqWAPqzqD9
onion::194::custom-1764959219408	1056	194	custom-1764959219408	My Chemical Romance			Helena		0.0		Distraction	Distraction	d4e0ce1d-f9de-45d8-8d5e-e73b111525e4	2	3	NCS5Uhityjy77E7a
onion::194::7d0de23c-7734-38fb-b5be-5f426a41866a	1060	194	7d0de23c-7734-38fb-b5be-5f426a41866a	3OH!3	https://www.last.fm/music/3OH!3/_/We+Are+Young	https://www.last.fm/music/3OH!3	We Are Young	https://www.last.fm/music/3OH!3/Streets%20of%20Gold	0.0	Streets of Gold	Distraction	Distraction	d4e0ce1d-f9de-45d8-8d5e-e73b111525e4	2	3	oH2l8wmpZ8MuUV36
onion::195::0696d3c3-cbf1-4af1-9dfb-e2da7118d490	1061	195	0696d3c3-cbf1-4af1-9dfb-e2da7118d490	David Gray	https://www.last.fm/music/David+Gray/_/Please+Forgive+Me	https://www.last.fm/music/David%20Gray	Please Forgive Me	https://www.last.fm/music/David%20Gray/White%20Ladder%20(2020%20Remaster)	0.0	White Ladder (2020 Remaster)	Motivation	Background Utility	aab7ae9e-c615-4ef0-9524-fdea27b6b3f4	3	5	XxOxA63RlBLw1IPR
onion::195::0ddf4509-73fa-4796-98ac-5c9075c5e6dd	1062	195	0ddf4509-73fa-4796-98ac-5c9075c5e6dd	Local Natives	https://www.last.fm/music/Local+Natives/_/Dark+Days	https://www.last.fm/music/Local%20Natives	Dark Days	https://www.last.fm/music/Local%20Natives/Dark%20Days%20%5BFeat.%20Sylvan%20Esso%5D	0.0	Dark Days [Feat. Sylvan Esso]	Motivation	Background Utility	aab7ae9e-c615-4ef0-9524-fdea27b6b3f4	3	5	87uGSydAWWfdKmOi
onion::320::090a2fd7-c8d2-3409-beae-14af2b1e7c6f	1852	320	090a2fd7-c8d2-3409-beae-14af2b1e7c6f	Enya	https://www.last.fm/music/Enya/_/Exile	https://www.last.fm/music/Enya	Exile	https://www.last.fm/music/Enya/Watermark	0.0	Watermark	Motivation	Background Utility	a5b9f7a7-1222-42fd-9687-259bee291e30	4	5	94ulCHe8MwDtWRkR
onion::195::15105945-c208-32b9-b852-e28929f2528a	1063	195	15105945-c208-32b9-b852-e28929f2528a	LCD Soundsystem	https://www.last.fm/music/LCD+Soundsystem/_/All+My+Friends	https://www.last.fm/music/LCD%20Soundsystem	All My Friends	https://www.last.fm/music/LCD%20Soundsystem/Sound%20of%20Silver	0.0	Sound of Silver	Motivation	Background Utility	aab7ae9e-c615-4ef0-9524-fdea27b6b3f4	3	5	6pdbEwVFE1Rz1XNk
onion::195::183ab2ec-7006-4893-9f64-700d075131b8	1069	195	183ab2ec-7006-4893-9f64-700d075131b8	Bombay Bicycle Club	https://www.last.fm/music/Bombay+Bicycle+Club/_/Shuffle	https://www.last.fm/music/Bombay%20Bicycle%20Club	Shuffle	https://www.last.fm/music/Bombay%20Bicycle%20Club/A%20Different%20Kind%20of%20Fix	0.0	A Different Kind of Fix	Motivation	Background Utility	aab7ae9e-c615-4ef0-9524-fdea27b6b3f4	3	5	Al4npdK1PtYfEgHw
onion::196::39sICagGOiysHxoIBRyLLi	1071	196	39sICagGOiysHxoIBRyLLi	Lit			My Own Worst Enemy			My Own Worst Enemy - Single	Nostalgia	Nostalgia	d4e0ce1d-f9de-45d8-8d5e-e73b111525e4	2	5	H1bM3eivsnVL3oO0
onion::196::custom-1764959348524	1072	196	custom-1764959348524	Sublime			Santeria		0.0		Nostalgia	Nostalgia	d4e0ce1d-f9de-45d8-8d5e-e73b111525e4	2	5	GdW0dqJ7HV7iQrRx
onion::196::custom-1764959376995	1073	196	custom-1764959376995	Snow Patrol			Chasing Cars		0.0		Nostalgia	Nostalgia	d4e0ce1d-f9de-45d8-8d5e-e73b111525e4	2	5	CiLFjUJvYWGmyr2d
onion::197::183ab2ec-7006-4893-9f64-700d075131b8	1078	197	183ab2ec-7006-4893-9f64-700d075131b8	Bombay Bicycle Club	https://www.last.fm/music/Bombay+Bicycle+Club/_/Shuffle	https://www.last.fm/music/Bombay%20Bicycle%20Club	Shuffle	https://www.last.fm/music/Bombay%20Bicycle%20Club/A%20Different%20Kind%20of%20Fix	0.0	A Different Kind of Fix	Awareness	Bodily Sensation	aab7ae9e-c615-4ef0-9524-fdea27b6b3f4	1	5	Al4npdK1PtYfEgHw
onion::198::0696d3c3-cbf1-4af1-9dfb-e2da7118d490	1081	198	0696d3c3-cbf1-4af1-9dfb-e2da7118d490	David Gray	https://www.last.fm/music/David+Gray/_/Please+Forgive+Me	https://www.last.fm/music/David%20Gray	Please Forgive Me	https://www.last.fm/music/David%20Gray/White%20Ladder%20(2020%20Remaster)	0.0	White Ladder (2020 Remaster)	Well-Being	Pleasure & Enjoyment	aab7ae9e-c615-4ef0-9524-fdea27b6b3f4	2	5	XxOxA63RlBLw1IPR
onion::198::0ddf4509-73fa-4796-98ac-5c9075c5e6dd	1082	198	0ddf4509-73fa-4796-98ac-5c9075c5e6dd	Local Natives	https://www.last.fm/music/Local+Natives/_/Dark+Days	https://www.last.fm/music/Local%20Natives	Dark Days	https://www.last.fm/music/Local%20Natives/Dark%20Days%20%5BFeat.%20Sylvan%20Esso%5D	0.0	Dark Days [Feat. Sylvan Esso]	Well-Being	Pleasure & Enjoyment	aab7ae9e-c615-4ef0-9524-fdea27b6b3f4	2	5	87uGSydAWWfdKmOi
onion::200::0efb3970-2c5c-470c-9c47-75fedb25b6d0	1097	200	0efb3970-2c5c-470c-9c47-75fedb25b6d0	Roberta Flack	https://www.last.fm/music/Roberta+Flack/_/Tryin%27+Times	https://www.last.fm/music/Roberta%20Flack	Tryin' Times	https://www.last.fm/music/Roberta%20Flack/First%20Take	0.0	First Take	Exploration	Exploration	aab7ae9e-c615-4ef0-9524-fdea27b6b3f4	1	4	xGFWAjvdOVINkodS
onion::200::2kfeABw8w2Zo9A2VKH34v0	1098	200	2kfeABw8w2Zo9A2VKH34v0	Elliott Smith	spotify:track:2kfeABw8w2Zo9A2VKH34v0	spotify:artist:2ApaG60P4r0yhBoDCGD8YG	Placeholder	spotify:album:7shC5Rf3b9a2rTEFP0Fel3	149880.0	New Moon	Exploration	Exploration	aab7ae9e-c615-4ef0-9524-fdea27b6b3f4	1	4	jdSKj4AkgLZUYpKe
onion::201::07ed29af-ffee-3726-aa16-6939d1eba8f6	1100	201	07ed29af-ffee-3726-aa16-6939d1eba8f6	Doves	https://www.last.fm/music/Doves/_/There+Goes+The+Fear	https://www.last.fm/music/Doves	There Goes The Fear	https://www.last.fm/music/Doves/The%20Last%20Broadcast	0.0	The Last Broadcast	Nostalgia	Nostalgia	be2acf26-cace-4d19-8bf7-1684a4668455	2	5	phXUZCYgjAJ9aY8z
onion::201::89afd6fe-46a2-4c27-a2dd-a275aff71529	1106	201	89afd6fe-46a2-4c27-a2dd-a275aff71529	The Hoosiers	https://www.last.fm/music/The+Hoosiers/_/Worried+About+Ray	https://www.last.fm/music/The%20Hoosiers	Worried About Ray	https://www.last.fm/music/The%20Hoosiers/The%20Trick%20To%20Life	0.0	The Trick To Life	Nostalgia	Nostalgia	be2acf26-cace-4d19-8bf7-1684a4668455	2	5	XVRVcL5BhbYuvzE8
onion::201::b13e7586-1fd1-4f53-b9f8-ad060c85a051	1107	201	b13e7586-1fd1-4f53-b9f8-ad060c85a051	Pulp	https://www.last.fm/music/Pulp/_/Disco+2000	https://www.last.fm/music/Pulp	Disco 2000	https://www.last.fm/music/Pulp/Different%20Class	0.0	Different Class	Nostalgia	Nostalgia	be2acf26-cace-4d19-8bf7-1684a4668455	2	5	pmypwnn42IpyCIi1
onion::203::ef7a25fc-a83c-370f-ab1f-788525daf6f9	1115	203	ef7a25fc-a83c-370f-ab1f-788525daf6f9	The Kooks	https://www.last.fm/music/The+Kooks/_/Ooh+La	https://www.last.fm/music/The%20Kooks	Ooh La	https://www.last.fm/music/The%20Kooks/Inside%20In%20%2F%20Inside%20Out	0.0	Inside In / Inside Out	Mood Enhancement	Cheerfulness	be2acf26-cace-4d19-8bf7-1684a4668455	2	5	vgQeY9f1Y5LPmvM9
onion::203::061b3a05-9e9a-4680-ab1b-5483a73b6354	1116	203	061b3a05-9e9a-4680-ab1b-5483a73b6354	Noel Gallagher's High Flying Birds	https://www.last.fm/music/Noel+Gallagher%27s+High+Flying+Birds/_/Holy+Mountain	https://www.last.fm/music/Noel%20Gallagher's%20High%20Flying%20Birds	Holy Mountain	https://www.last.fm/music/Noel%20Gallagher's%20High%20Flying%20Birds/Who%20Built%20the%20Moon%3F	0.0	Who Built the Moon?	Mood Enhancement	Cheerfulness	be2acf26-cace-4d19-8bf7-1684a4668455	2	5	7KG9VYeMEzp4Z7ej
onion::205::custom-1764961251735	1124	205	custom-1764961251735	Orange Juice			Rip it Up		0.0		Relaxing	Comfort and Security	be2acf26-cace-4d19-8bf7-1684a4668455	2	4	53sECkBeNy9mkUNy
onion::205::custom-1764961331445	1126	205	custom-1764961331445	Thirteen Senses			Into The Fire		0.0		Relaxing	Comfort and Security	be2acf26-cace-4d19-8bf7-1684a4668455	2	4	oFhFK35QOPofNEE5
onion::207::89afd6fe-46a2-4c27-a2dd-a275aff71529	1139	207	89afd6fe-46a2-4c27-a2dd-a275aff71529	The Hoosiers	https://www.last.fm/music/The+Hoosiers/_/Worried+About+Ray	https://www.last.fm/music/The%20Hoosiers	Worried About Ray	https://www.last.fm/music/The%20Hoosiers/The%20Trick%20To%20Life	0.0	The Trick To Life	Emotion (regulation)	Emotional Resonance	be2acf26-cace-4d19-8bf7-1684a4668455	2	4	XVRVcL5BhbYuvzE8
onion::219::06EL94D0TA27Ik0Ke5usbj	1208	219	06EL94D0TA27Ik0Ke5usbj	Ariana Grande			The Way			Yours Truly	Entertainment	Singing Along	ea63fae3-d42a-4e13-907f-261c8aaf1a96	2	5	39YdqZgV0dk86vFO
onion::211::0696d3c3-cbf1-4af1-9dfb-e2da7118d490	1157	211	0696d3c3-cbf1-4af1-9dfb-e2da7118d490	David Gray	https://www.last.fm/music/David+Gray/_/Please+Forgive+Me	https://www.last.fm/music/David%20Gray	Please Forgive Me	https://www.last.fm/music/David%20Gray/White%20Ladder%20(2020%20Remaster)	0.0	White Ladder (2020 Remaster)	Enjoyment	Time Passing	aab7ae9e-c615-4ef0-9524-fdea27b6b3f4	2	4	XxOxA63RlBLw1IPR
onion::211::15105945-c208-32b9-b852-e28929f2528a	1158	211	15105945-c208-32b9-b852-e28929f2528a	LCD Soundsystem	https://www.last.fm/music/LCD+Soundsystem/_/All+My+Friends	https://www.last.fm/music/LCD%20Soundsystem	All My Friends	https://www.last.fm/music/LCD%20Soundsystem/Sound%20of%20Silver	0.0	Sound of Silver	Enjoyment	Time Passing	aab7ae9e-c615-4ef0-9524-fdea27b6b3f4	2	4	6pdbEwVFE1Rz1XNk
onion::211::0ddf4509-73fa-4796-98ac-5c9075c5e6dd	1159	211	0ddf4509-73fa-4796-98ac-5c9075c5e6dd	Local Natives	https://www.last.fm/music/Local+Natives/_/Dark+Days	https://www.last.fm/music/Local%20Natives	Dark Days	https://www.last.fm/music/Local%20Natives/Dark%20Days%20%5BFeat.%20Sylvan%20Esso%5D	0.0	Dark Days [Feat. Sylvan Esso]	Enjoyment	Time Passing	aab7ae9e-c615-4ef0-9524-fdea27b6b3f4	2	4	87uGSydAWWfdKmOi
onion::211::183ab2ec-7006-4893-9f64-700d075131b8	1162	211	183ab2ec-7006-4893-9f64-700d075131b8	Bombay Bicycle Club	https://www.last.fm/music/Bombay+Bicycle+Club/_/Shuffle	https://www.last.fm/music/Bombay%20Bicycle%20Club	Shuffle	https://www.last.fm/music/Bombay%20Bicycle%20Club/A%20Different%20Kind%20of%20Fix	0.0	A Different Kind of Fix	Enjoyment	Time Passing	aab7ae9e-c615-4ef0-9524-fdea27b6b3f4	2	4	Al4npdK1PtYfEgHw
onion::212::0f97d058-5ee3-3d6a-a685-b9db1719397d	1168	212	0f97d058-5ee3-3d6a-a685-b9db1719397d	The Decemberists	https://www.last.fm/music/The+Decemberists/_/Calamity+Song	https://www.last.fm/music/The%20Decemberists	Calamity Song	https://www.last.fm/music/The%20Decemberists/The%20King%20Is%20Dead	0.0	The King Is Dead	Connection / Belonging	Connection / Belonging	be2acf26-cace-4d19-8bf7-1684a4668455	2	5	lczXdinRbQyhIEad
onion::213::ef7a25fc-a83c-370f-ab1f-788525daf6f9	1173	213	ef7a25fc-a83c-370f-ab1f-788525daf6f9	The Kooks	https://www.last.fm/music/The+Kooks/_/Ooh+La	https://www.last.fm/music/The%20Kooks	Ooh La	https://www.last.fm/music/The%20Kooks/Inside%20In%20%2F%20Inside%20Out	0.0	Inside In / Inside Out	Well-Being	Pleasure & Enjoyment	be2acf26-cace-4d19-8bf7-1684a4668455	2	4	vgQeY9f1Y5LPmvM9
onion::213::5e659359-056b-3161-ac2a-c2f7fbc6582a	1175	213	5e659359-056b-3161-ac2a-c2f7fbc6582a	Arcade Fire	https://www.last.fm/music/Arcade+Fire/_/Keep+the+Car+Running	https://www.last.fm/music/Arcade%20Fire	Keep the Car Running	https://www.last.fm/music/Arcade%20Fire/Neon%20Bible	0.0	Neon Bible	Well-Being	Pleasure & Enjoyment	be2acf26-cace-4d19-8bf7-1684a4668455	2	4	16RyPaV6dHRot8sb
onion::214::custom-1764962271908	1179	214	custom-1764962271908	They Might Be Giants			Birdhouse in your soul		0.0		Relief	Relief	be2acf26-cace-4d19-8bf7-1684a4668455	2	4	MKPDwvGPAXXXoEFg
onion::216::6255IIBwKySv6RYrOeHfQh	1187	216	6255IIBwKySv6RYrOeHfQh	Caamp			All the Debts I Owe			Caamp	Exploration	Exploration	be2acf26-cace-4d19-8bf7-1684a4668455	1	3	XLwCwVGxrag0STCB
onion::218::aceda42b-4ae0-433c-8dbf-0569b0a95a72	1204	218	aceda42b-4ae0-433c-8dbf-0569b0a95a72	Miley Cyrus	https://www.last.fm/music/Miley+Cyrus/_/Fly+on+the+Wall	https://www.last.fm/music/Miley%20Cyrus	Fly on the Wall	https://www.last.fm/music/Miley%20Cyrus/Breakout	0.0	Breakout	Stimulation	Empowerment	ea63fae3-d42a-4e13-907f-261c8aaf1a96	1	5	rF1TatTVbXfh8N9m
onion::220::0948f5da-9bd8-46c9-ae43-3018c14df04a	1219	220	0948f5da-9bd8-46c9-ae43-3018c14df04a	Nicki Minaj	https://www.last.fm/music/Nicki+Minaj/_/Va+Va+Voom	https://www.last.fm/music/Nicki%20Minaj	Va Va Voom	https://www.last.fm/music/Nicki%20Minaj/Pink%20Friday%20...%20Roman%20Reloaded%20(Deluxe%20Edition)	0.0	Pink Friday ... Roman Reloaded (Deluxe Edition)	Mood Enhancement	Cheerfulness	ea63fae3-d42a-4e13-907f-261c8aaf1a96	2	4	lGyL0iMHYyOrk5nR
onion::220::88fb6b56-d2e4-48bb-8960-a6300086846c	1220	220	88fb6b56-d2e4-48bb-8960-a6300086846c	Gwen Stefani	https://www.last.fm/music/Gwen+Stefani/_/Wind+It+Up	https://www.last.fm/music/Gwen%20Stefani	Wind It Up	https://www.last.fm/music/Gwen%20Stefani/The%20Sweet%20Escape	0.0	The Sweet Escape	Mood Enhancement	Cheerfulness	ea63fae3-d42a-4e13-907f-261c8aaf1a96	2	4	HVfEjOVx2RkooC3u
onion::221::d75932ed-59cc-40f7-a87f-6f0ae651c195	1225	221	d75932ed-59cc-40f7-a87f-6f0ae651c195	Bic Runga	https://www.last.fm/music/Bic+Runga/_/Sway	https://www.last.fm/music/Bic%20Runga	Sway	https://www.last.fm/music/Bic%20Runga/Drive	0.0	Drive	Motivation	Background Utility	2bd06717-b618-4b50-8450-f90d6bf2a930	5	5	yz4dWakxCX4o7VRm
onion::221::7788261d-9494-380b-b0ea-30383a22aa24	1226	221	7788261d-9494-380b-b0ea-30383a22aa24	Mariah Carey	https://www.last.fm/music/Mariah+Carey/_/Fantasy	https://www.last.fm/music/Mariah%20Carey	Fantasy	https://www.last.fm/music/Mariah%20Carey/Daydream	0.0	Daydream	Motivation	Background Utility	2bd06717-b618-4b50-8450-f90d6bf2a930	5	5	a8m0CJpNKmf905WS
onion::221::9ec68159-2f25-4b1e-9874-deb618c8e297	1227	221	9ec68159-2f25-4b1e-9874-deb618c8e297	Rostam	https://www.last.fm/music/Rostam/_/Bike+Dream	https://www.last.fm/music/Rostam	Bike Dream	https://www.last.fm/music/Rostam/Bike%20Dream	0.0	Bike Dream	Motivation	Background Utility	2bd06717-b618-4b50-8450-f90d6bf2a930	5	5	1p81fwDoJOVZuiTN
onion::221::08347c84-36e5-44f0-8baf-5cdb46bb60a0	1228	221	08347c84-36e5-44f0-8baf-5cdb46bb60a0	Mariah Carey	https://www.last.fm/music/Mariah+Carey/_/Always+Be+My+Baby	https://www.last.fm/music/Mariah%20Carey	Always Be My Baby	https://www.last.fm/music/Mariah%20Carey/Daydream	0.0	Daydream	Motivation	Background Utility	2bd06717-b618-4b50-8450-f90d6bf2a930	5	5	2PrZCSCgbDBYv8vl
onion::222::custom-1764966355303	1231	222	custom-1764966355303	Ariana Grande			Get Well Soon		0.0	Sweetener	Support	Support	ea63fae3-d42a-4e13-907f-261c8aaf1a96	1	5	KAcIrb86pTPLDq54
onion::223::2979bcde-ae43-3020-94ce-04b764fa57bb	1237	223	2979bcde-ae43-3020-94ce-04b764fa57bb	Liz Phair	https://www.last.fm/music/Liz+Phair/_/Red+Light+Fever	https://www.last.fm/music/Liz%20Phair	Red Light Fever	https://www.last.fm/music/Liz%20Phair/Liz%20Phair	0.0	Liz Phair	Well-Being	Pleasure & Enjoyment	2bd06717-b618-4b50-8450-f90d6bf2a930	3	5	h2uAyVavFwVFUIsJ
onion::223::d75932ed-59cc-40f7-a87f-6f0ae651c195	1239	223	d75932ed-59cc-40f7-a87f-6f0ae651c195	Bic Runga	https://www.last.fm/music/Bic+Runga/_/Sway	https://www.last.fm/music/Bic%20Runga	Sway	https://www.last.fm/music/Bic%20Runga/Drive	0.0	Drive	Well-Being	Pleasure & Enjoyment	2bd06717-b618-4b50-8450-f90d6bf2a930	3	5	yz4dWakxCX4o7VRm
onion::223::08347c84-36e5-44f0-8baf-5cdb46bb60a0	1240	223	08347c84-36e5-44f0-8baf-5cdb46bb60a0	Mariah Carey	https://www.last.fm/music/Mariah+Carey/_/Always+Be+My+Baby	https://www.last.fm/music/Mariah%20Carey	Always Be My Baby	https://www.last.fm/music/Mariah%20Carey/Daydream	0.0	Daydream	Well-Being	Pleasure & Enjoyment	2bd06717-b618-4b50-8450-f90d6bf2a930	3	5	2PrZCSCgbDBYv8vl
onion::223::12b11d07-3ba8-3adf-a84f-7df97560b163	1241	223	12b11d07-3ba8-3adf-a84f-7df97560b163	New Found Glory	https://www.last.fm/music/New+Found+Glory/_/Failure%27s+Not+Flattering	https://www.last.fm/music/New%20Found%20Glory	Failure's Not Flattering	https://www.last.fm/music/New%20Found%20Glory/Catalyst	0.0	Catalyst	Well-Being	Pleasure & Enjoyment	2bd06717-b618-4b50-8450-f90d6bf2a930	3	5	FyRF6Cr8fZdInh8R
onion::224::1b388682-a889-444d-872b-a203377f9d77	1244	224	1b388682-a889-444d-872b-a203377f9d77	Britney Spears	https://www.last.fm/music/Britney+Spears/_/Get+Naked+(I+Got+a+Plan)	https://www.last.fm/music/Britney%20Spears	Get Naked (I Got a Plan)	https://www.last.fm/music/Britney%20Spears/Blackout	0.0	Blackout	Awareness	Bodily Sensation	ea63fae3-d42a-4e13-907f-261c8aaf1a96	3	5	y71pnqFOW9Ftxn7C
onion::224::5hwGMBQ4dL1k8ybCGuZVuu	1246	224	5hwGMBQ4dL1k8ybCGuZVuu	Britney Spears			Do Somethin'			Glory : Japan Tour Edition	Awareness	Bodily Sensation	ea63fae3-d42a-4e13-907f-261c8aaf1a96	3	5	bHgc75T9woUNcCoI
onion::227::18XGB5eO51nCJY9hOoc114	1265	227	18XGB5eO51nCJY9hOoc114	Avril Lavigne	spotify:track:18XGB5eO51nCJY9hOoc114	spotify:artist:0p4nmQO2msCgU4IF37Wi3j	Keep Holding On	spotify:album:0XypvgyeJm4mNjH4QRHmYR	240466.0	The Best Damn Thing	Emotion (regulation)	Emotional Resonance	ea63fae3-d42a-4e13-907f-261c8aaf1a96	1	5	nwCwIkN83De1v9tK
onion::227::3a6a1f98-739e-4c70-bece-6d788e9c6e59	1269	227	3a6a1f98-739e-4c70-bece-6d788e9c6e59	Ariana Grande			better off			Sweetener	Emotion (regulation)	Emotional Resonance	ea63fae3-d42a-4e13-907f-261c8aaf1a96	1	5	GntFJlqMwBie6NEU
onion::227::custom-1764967728805	1270	227	custom-1764967728805	Ariana Grande			Goodnight n Go		0.0	Sweetener	Emotion (regulation)	Emotional Resonance	ea63fae3-d42a-4e13-907f-261c8aaf1a96	1	5	JrjFRJUJyXxxgEyg
onion::227::custom-1764967796548	1271	227	custom-1764967796548	Ariana Grande			ghostin		0.0	thank u, next	Emotion (regulation)	Emotional Resonance	ea63fae3-d42a-4e13-907f-261c8aaf1a96	1	5	6YdzDwnoQ34wZoyv
onion::230::Bobby Hutcherson-Stardust-1-2	1286	230	Bobby Hutcherson-Stardust-1-2	Bobby Hutcherson	https://www.last.fm/music/Bobby+Hutcherson/_/Stardust	https://www.last.fm/music/Bobby%20Hutcherson	Stardust	https://www.last.fm/music/Bobby%20Hutcherson/Candy	0.0	Candy	Enjoyment	Time Passing	967f10fa-314a-46e0-9fdf-875d4204eaca	4	3	iZvXX7qZOESzOnj0
onion::231::Billie Holiday-I'll Be Seeing You-1-174	1293	231	Billie Holiday-I'll Be Seeing You-1-174	Billie Holiday	https://www.last.fm/music/Billie+Holiday/_/I%27ll+Be+Seeing+You	https://www.last.fm/music/Billie%20Holiday	I'll Be Seeing You	https://www.last.fm/music/Billie%20Holiday/Billie%20Holiday	0.0	Billie Holiday	Nostalgia	Nostalgia	967f10fa-314a-46e0-9fdf-875d4204eaca	3	5	nRzokZAN96ExZDQD
onion::252::425V6031WixVcKAtn3rhPB	1429	252	425V6031WixVcKAtn3rhPB	Evanescence			Tourniquet			Fallen	Nostalgia	Nostalgia	41fed8db-5be0-4260-9933-315ee3d9bfb5	3	3	TF0PczzkJ8TphGKE
onion::232::Billie Holiday-I'll Be Seeing You-1-174	1303	232	Billie Holiday-I'll Be Seeing You-1-174	Billie Holiday	https://www.last.fm/music/Billie+Holiday/_/I%27ll+Be+Seeing+You	https://www.last.fm/music/Billie%20Holiday	I'll Be Seeing You	https://www.last.fm/music/Billie%20Holiday/Billie%20Holiday	0.0	Billie Holiday	(Self-) Reflection / Introspection	Self-Reflection	967f10fa-314a-46e0-9fdf-875d4204eaca	4	5	nRzokZAN96ExZDQD
onion::232::Pedro Infante-Cien Años-2-129	1304	232	Pedro Infante-Cien Años-2-129	Pedro Infante	https://www.last.fm/music/Pedro+Infante/_/Cien+A%C3%B1os	https://www.last.fm/music/Pedro%20Infante	Cien Años	https://www.last.fm/music/Pedro%20Infante/15%20Inmortales%20de%20Pedro%20Infante	0.0	15 Inmortales de Pedro Infante	(Self-) Reflection / Introspection	Self-Reflection	967f10fa-314a-46e0-9fdf-875d4204eaca	4	5	icJTg9FiA6bGLMLJ
onion::233::custom-1764974369842	1307	233	custom-1764974369842	Alice In Chains			Don't follow		0.0		Emotion (regulation)	Emotional Resonance	967f10fa-314a-46e0-9fdf-875d4204eaca	4	4	cCOUmgbwSXmjA78l
onion::234::2vEPmW5BnsnXNVV29laPsu	1312	234	2vEPmW5BnsnXNVV29laPsu	S.H.E	spotify:track:2vEPmW5BnsnXNVV29laPsu	spotify:artist:2lWShxOL8iTlI0pmtVKvEh	你曾是少年	spotify:album:0WMB0BgnPWkU6d5pSY4pRS	266651.0	你曾是少年	(Self-) Reflection / Introspection	Self-Reflection	aa126650-ef8e-4128-a14e-eb08e622d1b9	5	3	n4iUiGoUZBSP8I1v
onion::234::13pG2aMM5FWBvVgSfp08fv	1313	234	13pG2aMM5FWBvVgSfp08fv	Christina Aguilera	spotify:track:13pG2aMM5FWBvVgSfp08fv	spotify:artist:1l7ZsJRRS8wlW3WfJfPfNS	I Turn to You	spotify:album:2alhzWaLZ5wXZ0oJAo38aS	273706.0	Christina Aguilera	(Self-) Reflection / Introspection	Self-Reflection	aa126650-ef8e-4128-a14e-eb08e622d1b9	5	3	lA4uKcdRkuVZyj03
onion::234::3ZuiIFm9nRnkRz8AZAekjJ	1314	234	3ZuiIFm9nRnkRz8AZAekjJ	Far East Movement	spotify:track:3ZuiIFm9nRnkRz8AZAekjJ	spotify:artist:698hF4vcwHwPy8ltmXermq	Rocketeer	spotify:album:4axgysRjIB7ToC0DA7uxXC	211253.0	Free Wired	(Self-) Reflection / Introspection	Self-Reflection	aa126650-ef8e-4128-a14e-eb08e622d1b9	5	3	BhUE6vXjwoC48F21
onion::235::0e3fa304-1e7b-334a-96bf-450940bc4a7d	1320	235	0e3fa304-1e7b-334a-96bf-450940bc4a7d	Orbital	https://www.last.fm/music/Orbital/_/Monday	https://www.last.fm/music/Orbital	Monday	https://www.last.fm/music/Orbital/Orbital%202	0.0	Orbital 2	Well-Being	Pleasure & Enjoyment	620928c0-ca88-41ed-b3a2-2a1a82d88d4d	3	4	i22H6HxnFGfp1zxk
onion::236::6zbFlDUqDdLbHikceCg64h	1324	236	6zbFlDUqDdLbHikceCg64h	Protomartyr			Half Sister			Relatives In Descent	Emotion (regulation)	Emotional Resonance	620928c0-ca88-41ed-b3a2-2a1a82d88d4d	2	4	OXnG80bq3I0KhoYT
onion::237::08914e1b-ddfc-3fdf-89aa-094e018f8f2f	1330	237	08914e1b-ddfc-3fdf-89aa-094e018f8f2f	Tears for Fears	https://www.last.fm/music/Tears+for+Fears/_/Elemental	https://www.last.fm/music/Tears%20for%20Fears	Elemental	https://www.last.fm/music/Tears%20for%20Fears/Elemental	0.0	Elemental	Relief	Relief	49dc2620-ab27-4826-9dfe-6292fbf232e9	2	5	iQWKwXebf8Fm5OxE
onion::238::2548f677-3973-4564-ae43-12870bd1b519	1336	238	2548f677-3973-4564-ae43-12870bd1b519	Dave Gahan	https://www.last.fm/music/Dave+Gahan/_/Saw+Something	https://www.last.fm/music/Dave%20Gahan	Saw Something	https://www.last.fm/music/Dave%20Gahan/Hourglass%20(Deluxe)	0.0	Hourglass (Deluxe)	Emotion (regulation)	Emotional Resonance	49dc2620-ab27-4826-9dfe-6292fbf232e9	2	5	8xyotpN995FpQ4Ns
onion::238::88b6f3f7-c667-45af-9002-680b84482846	1337	238	88b6f3f7-c667-45af-9002-680b84482846	Julee Cruise	https://www.last.fm/music/Julee+Cruise/_/The+World+Spins	https://www.last.fm/music/Julee%20Cruise	The World Spins	https://www.last.fm/music/Julee%20Cruise/Floating%20Into%20the%20Night	0.0	Floating Into the Night	Emotion (regulation)	Emotional Resonance	49dc2620-ab27-4826-9dfe-6292fbf232e9	2	5	VkxvKHacOt0QMWEG
onion::239::03dde14a-aed4-4b67-95b2-b4c25c2076aa	1339	239	03dde14a-aed4-4b67-95b2-b4c25c2076aa	Depeche Mode	https://www.last.fm/music/Depeche+Mode/_/Cover+Me	https://www.last.fm/music/Depeche%20Mode	Cover Me	https://www.last.fm/music/Depeche%20Mode/Spirit%20(Deluxe)	0.0	Spirit (Deluxe)	Relaxing	Comfort and Security	49dc2620-ab27-4826-9dfe-6292fbf232e9	2	5	jdbO59yTFZcyEvPm
onion::239::20d07803-9abe-3c27-9f16-429f72db5582	1340	239	20d07803-9abe-3c27-9f16-429f72db5582	Martin L. Gore	https://www.last.fm/music/Martin+L.+Gore/_/Never+Turn+Your+Back+On+Mother+Earth	https://www.last.fm/music/Martin%20L.%20Gore	Never Turn Your Back On Mother Earth	https://www.last.fm/music/Martin%20L.%20Gore/Counterfeit%20E.P.	0.0	Counterfeit E.P.	Relaxing	Comfort and Security	49dc2620-ab27-4826-9dfe-6292fbf232e9	2	5	hxQZWm2p3HkqOENv
onion::239::0f3a19eb-9f6d-41a0-a526-4e6cd15a2143	1341	239	0f3a19eb-9f6d-41a0-a526-4e6cd15a2143	Tears for Fears	https://www.last.fm/music/Tears+for+Fears/_/Mr.+Pessimist	https://www.last.fm/music/Tears%20for%20Fears	Mr. Pessimist	https://www.last.fm/music/Tears%20for%20Fears/Elemental	0.0	Elemental	Relaxing	Comfort and Security	49dc2620-ab27-4826-9dfe-6292fbf232e9	2	5	iC2hjAVlHa4bjiY1
onion::240::ba305189-a85a-4ada-83bc-b75e204cba85	1345	240	ba305189-a85a-4ada-83bc-b75e204cba85	Lady Gaga	https://www.last.fm/music/Lady+Gaga/_/Bloody+Mary	https://www.last.fm/music/Lady%20Gaga	Bloody Mary	https://www.last.fm/music/Lady%20Gaga/Born%20This%20Way	0.0	Born This Way	Well-Being	Pleasure & Enjoyment	49dc2620-ab27-4826-9dfe-6292fbf232e9	2	4	NLFq6BDW2f1VDfq6
onion::241::18aea04d-06fd-311a-a441-b9748d39f373	1350	241	18aea04d-06fd-311a-a441-b9748d39f373	Martin L. Gore	https://www.last.fm/music/Martin+L.+Gore/_/Compulsion	https://www.last.fm/music/Martin%20L.%20Gore	Compulsion	https://www.last.fm/music/Martin%20L.%20Gore/Counterfeit%20E.P.	0.0	Counterfeit E.P.	(Self-) Reflection / Introspection	Self-Reflection	49dc2620-ab27-4826-9dfe-6292fbf232e9	2	4	EccvlyNtdTAoJVc5
onion::241::Tears for Fears-Mad World-1-172	1352	241	Tears for Fears-Mad World-1-172	Tears for Fears	https://www.last.fm/music/Tears+for+Fears/_/Mad+World	https://www.last.fm/music/Tears%20for%20Fears	Mad World	https://www.last.fm/music/Tears%20for%20Fears/The%20Hurting	0.0	The Hurting	(Self-) Reflection / Introspection	Self-Reflection	49dc2620-ab27-4826-9dfe-6292fbf232e9	2	4	TKCScJ2KJ78HCRcB
onion::242::29Srmzqyig5Tg5EitFXsb8	1353	242	29Srmzqyig5Tg5EitFXsb8	Britney Spears	spotify:track:29Srmzqyig5Tg5EitFXsb8	spotify:artist:26dSoYclwsYLMAKD3tpOr4	Radar	spotify:album:1ePkYcH5ZQCb1b4tQeiEDj	229213.0	Blackout	Stimulation	Empowerment	49dc2620-ab27-4826-9dfe-6292fbf232e9	1	3	OSPgUqe5JqKrLsnN
onion::243::88b6f3f7-c667-45af-9002-680b84482846	1360	243	88b6f3f7-c667-45af-9002-680b84482846	Julee Cruise	https://www.last.fm/music/Julee+Cruise/_/The+World+Spins	https://www.last.fm/music/Julee%20Cruise	The World Spins	https://www.last.fm/music/Julee%20Cruise/Floating%20Into%20the%20Night	0.0	Floating Into the Night	Escape	Letting Go	49dc2620-ab27-4826-9dfe-6292fbf232e9	1	3	VkxvKHacOt0QMWEG
onion::244::22Ca1a5rQ5g2UFEZ3pp4tL	1363	244	22Ca1a5rQ5g2UFEZ3pp4tL	a-ha	spotify:track:22Ca1a5rQ5g2UFEZ3pp4tL	spotify:artist:2jzc5TC5TVFLXQlBNiIUzE	The Blue Sky	spotify:album:1ER3B6zev5JEAaqhnyyfbf	156733.0	Hunting High And Low	Exploration	Exploration	49dc2620-ab27-4826-9dfe-6292fbf232e9	1	2	jUeURUaan2IRVurY
onion::244::4HdtRdT9ZR00pradUZvvdq	1365	244	4HdtRdT9ZR00pradUZvvdq	Visage	spotify:track:4HdtRdT9ZR00pradUZvvdq	spotify:artist:0EPf9vAXPdFV5Ezp1sMX8B	Tar	spotify:album:5LE6PG8LCZXYIfJJ5UESgT	212106.0	Visage	Exploration	Exploration	49dc2620-ab27-4826-9dfe-6292fbf232e9	1	2	1KIcWXy82tt3vTBZ
onion::244::2548f677-3973-4564-ae43-12870bd1b519	1367	244	2548f677-3973-4564-ae43-12870bd1b519	Dave Gahan	https://www.last.fm/music/Dave+Gahan/_/Saw+Something	https://www.last.fm/music/Dave%20Gahan	Saw Something	https://www.last.fm/music/Dave%20Gahan/Hourglass%20(Deluxe)	0.0	Hourglass (Deluxe)	Exploration	Exploration	49dc2620-ab27-4826-9dfe-6292fbf232e9	1	2	8xyotpN995FpQ4Ns
onion::245::537yo062QIz16oQOgxmul3	1368	245	537yo062QIz16oQOgxmul3	The Human League	spotify:track:537yo062QIz16oQOgxmul3	spotify:artist:1aX2dmV8XoHYCOQRxjPESG	Human	spotify:album:5PHV7kFMuDYufMWOy68gNx	265320.0	Crash	Support	Support	49dc2620-ab27-4826-9dfe-6292fbf232e9	1	3	dkWTr2wb1Njj6jPV
onion::245::727e84c6-1b56-31dd-a958-a5f46305cec0	1371	245	727e84c6-1b56-31dd-a958-a5f46305cec0	New Order	https://www.last.fm/music/New+Order/_/Blue+Monday	https://www.last.fm/music/New%20Order	Blue Monday	https://www.last.fm/music/New%20Order/Power%2C%20Corruption%20%26%20Lies%20%5BCollector's%20Edition%5D	0.0	Power, Corruption & Lies [Collector's Edition]	Support	Support	49dc2620-ab27-4826-9dfe-6292fbf232e9	1	3	CL18DH7pcAiKBxWq
onion::246::7c1d7c46-ed15-370a-a5f1-50bfd5b7cbf1	1374	246	7c1d7c46-ed15-370a-a5f1-50bfd5b7cbf1	Erasure	https://www.last.fm/music/Erasure/_/Love+to+Hate+You	https://www.last.fm/music/Erasure	Love to Hate You	https://www.last.fm/music/Erasure/Chorus	0.0	Chorus	Admiration / Connection to artist	Musician Identification	49dc2620-ab27-4826-9dfe-6292fbf232e9	2	5	Ox8Cbvs3VcKdEax5
onion::246::e54e472d-388e-4d4c-89cd-8f627e57366b	1375	246	e54e472d-388e-4d4c-89cd-8f627e57366b	Ulver	https://www.last.fm/music/Ulver/_/Nemoralia	https://www.last.fm/music/Ulver	Nemoralia	https://www.last.fm/music/Ulver/The%20Assassination%20of%20Julius%20Caesar%20(Five-Year%20Anniversary%20Edition)	0.0	The Assassination of Julius Caesar (Five-Year Anniversary Edition)	Admiration / Connection to artist	Musician Identification	49dc2620-ab27-4826-9dfe-6292fbf232e9	2	5	sjM6cS5DmIGqr1tN
onion::381::20b0cbf8-12bd-4b69-a089-de2994b5a6d5	2553	381	20b0cbf8-12bd-4b69-a089-de2994b5a6d5	Lord Huron	https://www.last.fm/music/Lord+Huron/_/The+Night+We+Met	https://www.last.fm/music/Lord%20Huron	The Night We Met		0.0		Escape	Letting Go	0993fd1b-27b0-43a3-9683-936ef8759c4a	1	2	sb8ULf4OH9FatySd
onion::248::4VtiqG418FJ7BtApmld9LQ	1395	248	4VtiqG418FJ7BtApmld9LQ	Portugal. The Man			My Mind			Church Mouth	Well-Being	Pleasure & Enjoyment	41fed8db-5be0-4260-9933-315ee3d9bfb5	4	5	V9rHqyye8SkKGmEh
onion::248::0a5IY60a8Ejwjdi1RIqpbh	1396	248	0a5IY60a8Ejwjdi1RIqpbh	Evanescence	spotify:track:0a5IY60a8Ejwjdi1RIqpbh	spotify:artist:5nGIFgo0shDenQYSE0Sn7c	Hello	spotify:album:20mh1X1FQQidKMu2XypyMI	220360.0	Fallen	Well-Being	Pleasure & Enjoyment	41fed8db-5be0-4260-9933-315ee3d9bfb5	4	5	oednds584KJ6MLm6
onion::248::6IvJzqlKRjOaJwe85k4PHK	1399	248	6IvJzqlKRjOaJwe85k4PHK	Metronomy			Trick or Treatz			Pip Paine [Pay The £5000 You Owe]	Well-Being	Pleasure & Enjoyment	41fed8db-5be0-4260-9933-315ee3d9bfb5	4	5	n7ztaEdEONz8579H
onion::249::6Ey4n9xdtS61rZRBy1LNzh	1403	249	6Ey4n9xdtS61rZRBy1LNzh	of Montreal	spotify:track:6Ey4n9xdtS61rZRBy1LNzh	spotify:artist:5xeBMeW0YzWIXSVzAxhM8O	An Eluardian Instance	spotify:album:4ArxsasLaFdXC23qXVOxfw	275186.0	Skeletal Lamping	Creativity	Creative Visualization	41fed8db-5be0-4260-9933-315ee3d9bfb5	3	4	ZAafbXwem2GMcESg
onion::249::2bKSOqtAQ7xSoxQ87If4jq	1406	249	2bKSOqtAQ7xSoxQ87If4jq	Crystal Castles			Suffocation			Crystal Castles (II)	Creativity	Creative Visualization	41fed8db-5be0-4260-9933-315ee3d9bfb5	3	4	0h8G1bhVFVP6G9Km
onion::249::5rxlIz8JZYGSySU2FRJztR	1408	249	5rxlIz8JZYGSySU2FRJztR	Crystal Castles			Empathy			Crystal Castles (II)	Creativity	Creative Visualization	41fed8db-5be0-4260-9933-315ee3d9bfb5	3	4	5Zn834QHgvahleW7
onion::249::0Fao855T3klV3REFRFHRF3	1410	249	0Fao855T3klV3REFRFHRF3	David Bowie			Blackstar			Blackstar	Creativity	Creative Visualization	41fed8db-5be0-4260-9933-315ee3d9bfb5	3	4	CZgE6qZWTgosz0DS
onion::250::41LmqBEQojWdLobJyf2xjG	1411	250	41LmqBEQojWdLobJyf2xjG	Oliver Tree			Cheapskate			Cheapskate	Mood Enhancement	Cheerfulness	41fed8db-5be0-4260-9933-315ee3d9bfb5	2	3	1FHsbrJnBPPP0g0k
onion::250::4q604hQba5940BbOoaenmz	1413	250	4q604hQba5940BbOoaenmz	K.Flay			Blood In The Cut			Every Where Is Some Where	Mood Enhancement	Cheerfulness	41fed8db-5be0-4260-9933-315ee3d9bfb5	2	3	HsJdoVUIydvt3hDh
onion::250::3eau9emSvsZ8cspbnxI9x1	1415	250	3eau9emSvsZ8cspbnxI9x1	MGMT			Time To Pretend			Time To Pretend	Mood Enhancement	Cheerfulness	41fed8db-5be0-4260-9933-315ee3d9bfb5	2	3	S7RFdCOEy8yX1StR
onion::250::2XeRuL5V5bLRLqT6xDwUOn	1416	250	2XeRuL5V5bLRLqT6xDwUOn	MGMT			Indie Rokkers			Time To Pretend	Mood Enhancement	Cheerfulness	41fed8db-5be0-4260-9933-315ee3d9bfb5	2	3	A0lSu1NtFRBKY2e9
onion::250::3u1Er1rkjn1oSz1xdZH3ZD	1418	250	3u1Er1rkjn1oSz1xdZH3ZD	Foster The People			Call It What You Want			Torches	Mood Enhancement	Cheerfulness	41fed8db-5be0-4260-9933-315ee3d9bfb5	2	3	lj6ySCyFmRM53Kg1
onion::252::5D33O3HTYeP1fQpiT67tBO	1436	252	5D33O3HTYeP1fQpiT67tBO	Electric Light Orchestra	spotify:track:5D33O3HTYeP1fQpiT67tBO	spotify:artist:7jefIIksOi1EazgRTfW2Pk	The Lights Go Down	spotify:album:4k1GJg2poyo6hwWLqJn9C2	213360.0	Time	Nostalgia	Nostalgia	41fed8db-5be0-4260-9933-315ee3d9bfb5	3	3	g6hbvik3ftzwswnl
onion::252::6MdqqkQ8sSC0WB4i8PyRuQ	1437	252	6MdqqkQ8sSC0WB4i8PyRuQ	Blackstreet	spotify:track:6MdqqkQ8sSC0WB4i8PyRuQ	spotify:artist:2P3cjUru4H3fhSXXNxE9kA	No Diggity	spotify:album:2zGZLQiFl9UubtrVmtIkbi	304600.0	Another Level	Nostalgia	Nostalgia	41fed8db-5be0-4260-9933-315ee3d9bfb5	3	3	kUpKZvqw7TMafVOq
onion::253::0GO8y8jQk1PkHzS31d699N	1441	253	0GO8y8jQk1PkHzS31d699N	Grouplove	spotify:track:0GO8y8jQk1PkHzS31d699N	spotify:artist:3kVUvbeRdcrqQ3oHk5hPdx	Tongue Tied	spotify:album:3oylWMc9TTC6Nx4I6U3axc	218013.0	Never Trust A Happy Song	(Self-) Reflection / Introspection	Self-Reflection	41fed8db-5be0-4260-9933-315ee3d9bfb5	3	2	nfVNJlHreFIa7gZN
onion::255::6AevYDd63Dt1A1IIbNwxfP	1451	255	6AevYDd63Dt1A1IIbNwxfP	Crystal Castles	spotify:track:6AevYDd63Dt1A1IIbNwxfP	spotify:artist:7K3zpFXBvPcvzhj7zlGJdO	Pale Flesh	spotify:album:1NIfkZIYVAO6vnfmFOilHc	178800.0	(III)	Distraction	Distraction	41fed8db-5be0-4260-9933-315ee3d9bfb5	4	4	lbq1A6sWhP4HcLvq
onion::255::26T7C1NMXKE7hCWhKH2l0o	1452	255	26T7C1NMXKE7hCWhKH2l0o	Ghostland Observatory	spotify:track:26T7C1NMXKE7hCWhKH2l0o	spotify:artist:2waNUwuthEgcBTFvYo26vo	Sad Sad City	spotify:album:2ZNqGfW6cwMGAX5Bu0A92s	185360.0	Paparazzi Lightning	Distraction	Distraction	41fed8db-5be0-4260-9933-315ee3d9bfb5	4	4	12dt1sEhPPalH4lq
onion::255::2sbZWEiRVqJpSitzVK9Owi	1456	255	2sbZWEiRVqJpSitzVK9Owi	Metronomy			Night Owl			Summer 08	Distraction	Distraction	41fed8db-5be0-4260-9933-315ee3d9bfb5	4	4	SI7vB3M69YcxYXA2
onion::255::1L8mKRY099qFN8HoRhMAV7	1457	255	1L8mKRY099qFN8HoRhMAV7	Metronomy			I'm Aquarius			Love Letters	Distraction	Distraction	41fed8db-5be0-4260-9933-315ee3d9bfb5	4	4	QizhJCl5WkENbRPK
onion::256::4Rc4r5WRsNDQqZn45b0sje	1459	256	4Rc4r5WRsNDQqZn45b0sje	of Montreal	spotify:track:4Rc4r5WRsNDQqZn45b0sje	spotify:artist:5xeBMeW0YzWIXSVzAxhM8O	Hydra Fancies	spotify:album:5SFAreGbKibBApvimb4srL	205906.0	False Priest	Entertainment	Singing Along	41fed8db-5be0-4260-9933-315ee3d9bfb5	3	4	ZLN3e0k2wN7RAT8a
onion::256::34fVGakwbBRMPf6VrIvfCg	1460	256	34fVGakwbBRMPf6VrIvfCg	Bloc Party	spotify:track:34fVGakwbBRMPf6VrIvfCg	spotify:artist:3MM8mtgFzaEJsqbjZBSsHJ	Compliments	spotify:album:7Bev4LDhFbHGjlzveD8PQh	281379.0	Silent Alarm	Entertainment	Singing Along	41fed8db-5be0-4260-9933-315ee3d9bfb5	3	4	Yn7WseVfyT5I7mb2
onion::256::0BCRg55jHpvPONP7yCm87V	1462	256	0BCRg55jHpvPONP7yCm87V	Portugal. The Man	spotify:track:0BCRg55jHpvPONP7yCm87V	spotify:artist:4kI8Ie27vjvonwaB2ePh8T	Shade	spotify:album:46KiOIqiscE85WAZhDIkPv	238600.0	Church Mouth	Entertainment	Singing Along	41fed8db-5be0-4260-9933-315ee3d9bfb5	3	4	hsPs1qBxNHQD2Cvb
onion::256::38JojmlSYWpjzCsjS3MJcf	1463	256	38JojmlSYWpjzCsjS3MJcf	Brand New			Daisy			Daisy	Entertainment	Singing Along	41fed8db-5be0-4260-9933-315ee3d9bfb5	3	4	083o6BTQGwgM2L49
onion::256::4FSm0Ca6Hzd7Vx7TpSfcSy	1465	256	4FSm0Ca6Hzd7Vx7TpSfcSy	Arctic Monkeys			Arabella			AM	Entertainment	Singing Along	41fed8db-5be0-4260-9933-315ee3d9bfb5	3	4	yKSK3z6kBv2YJfjx
onion::256::56fZFRtOSMIMyVh0ZIF0AT	1466	256	56fZFRtOSMIMyVh0ZIF0AT	Arctic Monkeys			Knee Socks			AM	Entertainment	Singing Along	41fed8db-5be0-4260-9933-315ee3d9bfb5	3	4	CoGHDHi233BbLyDo
onion::257::4hEl2wrneFEJbJ6SDYWd2f	1468	257	4hEl2wrneFEJbJ6SDYWd2f	Eminem	spotify:track:4hEl2wrneFEJbJ6SDYWd2f	spotify:artist:7dGJo4pcD2V6oG8kP0tJRR	Not Afraid	spotify:album:3PogVmhNucYNfyywZvTd7F	248133.0	Recovery	Practicing and Musical Creativity	Practicing and Musical Creativity	41fed8db-5be0-4260-9933-315ee3d9bfb5	3	4	Gm7dngkKBBkl3MJY
onion::257::3vPdanGZRJILGXC3jzIgYc	1470	257	3vPdanGZRJILGXC3jzIgYc	of Montreal			I Was Never Young			The Sunlandic Twins	Practicing and Musical Creativity	Practicing and Musical Creativity	41fed8db-5be0-4260-9933-315ee3d9bfb5	3	4	yK9w62D6sDohfEhU
onion::258::5EKb2E8LGpYb0KrkWKtUHR	1480	258	5EKb2E8LGpYb0KrkWKtUHR	Tim Hecker	spotify:track:5EKb2E8LGpYb0KrkWKtUHR	spotify:artist:1qiwaJwjKod5WhcYZ76O1B	Sketch 9	spotify:album:3Slfl3Ui9sRXobar6rgbKs	332233.0	Dropped Pianos	Exploration	Exploration	140ea462-2ae0-438d-9d05-9d74e4e5d194	2	5	p9FqZK3en62G5hQZ
onion::259::1KnTmhqCtp8UnQz1sV1Bqn	1485	259	1KnTmhqCtp8UnQz1sV1Bqn	Dean Blunt	spotify:track:1KnTmhqCtp8UnQz1sV1Bqn	spotify:artist:5CFSYjc0PAiQvndFjafabk	Papi	spotify:album:7eHYXk2STUYUbQ3yuekcEz	136986.0	The Redeemer	Education	Education	140ea462-2ae0-438d-9d05-9d74e4e5d194	2	4	NI2OoiNlKO7hMKBd
onion::259::6ZTSuZoOva9OPkdV5RmUs4	1486	259	6ZTSuZoOva9OPkdV5RmUs4	Oneohtrix Point Never	spotify:track:6ZTSuZoOva9OPkdV5RmUs4	spotify:artist:2wPDbhaGXCqROrVmwDdCrK	Zones Without People	spotify:album:4yM1HwZ5nvjeZjms8BDF8Z	239790.0	Zones Without People	Education	Education	140ea462-2ae0-438d-9d05-9d74e4e5d194	2	4	mxFugmw1QjgWi2RM
onion::259::0vGNppfTmrK8zDSMxGqM1s	1487	259	0vGNppfTmrK8zDSMxGqM1s	John Maus	spotify:track:0vGNppfTmrK8zDSMxGqM1s	spotify:artist:4R073T3AVJKqAsbzLmLW9u	Navy Seals	spotify:album:0musLdqbTnPsbMCyN1Xytr	136800.0	Love Is Real	Education	Education	140ea462-2ae0-438d-9d05-9d74e4e5d194	2	4	fRsxlZajXVTWM0ya
onion::259::6PcOCcewLz2LCRFxnE4qAD	1488	259	6PcOCcewLz2LCRFxnE4qAD	Scott Walker	spotify:track:6PcOCcewLz2LCRFxnE4qAD	spotify:artist:04tBaW21jyUfeP5iqiKBVq	It's Raining Today	spotify:album:66fEfU0RzqJkzn5ixBNOb5	238933.0	Scott 3	Education	Education	140ea462-2ae0-438d-9d05-9d74e4e5d194	2	4	AQwaUS1ooFNDUf3O
onion::259::6TpZ9vYv48GTNnPKRFEdZd	1489	259	6TpZ9vYv48GTNnPKRFEdZd	The Lounge Lizards	spotify:track:6TpZ9vYv48GTNnPKRFEdZd	spotify:artist:3Oh03Z18MhUeNIY7mwgjYC	Harlem Nocturne	spotify:album:0FVtGzMnkrxY0TJ2evzRvH	127093.0	The Lounge Lizards	Education	Education	140ea462-2ae0-438d-9d05-9d74e4e5d194	2	4	56jKcjdbT4P4mBY6
onion::261::088da2c6-ba4b-453d-b7b5-1b679a13d8ed	1499	261	088da2c6-ba4b-453d-b7b5-1b679a13d8ed	George Strait	https://www.last.fm/music/George+Strait/_/Amarillo+by+Morning	https://www.last.fm/music/George%20Strait	Amarillo by Morning	https://www.last.fm/music/George%20Strait/Strait%20from%20the%20Heart	0.0	Strait from the Heart	Understanding	World Understanding	140ea462-2ae0-438d-9d05-9d74e4e5d194	2	4	EG8fhmNrqpWVZV9k
onion::263::48zUFsio0IV0KQxnpqAaEm	1508	263	48zUFsio0IV0KQxnpqAaEm	Arthur Russell	spotify:track:48zUFsio0IV0KQxnpqAaEm	spotify:artist:3iJJD5v7oIFUevW4N5w5cj	Answers Me	spotify:album:7hodLjVNQZSsNEqvG77ZkI	130639.0	World Of Echo	Relief	Relief	140ea462-2ae0-438d-9d05-9d74e4e5d194	2	4	xoySJyhi3YX7KIJ0
onion::265::1c314a4b-1919-3510-9809-0deeb0fdd172	1521	265	1c314a4b-1919-3510-9809-0deeb0fdd172	Squarepusher	https://www.last.fm/music/Squarepusher/_/Beep+Street	https://www.last.fm/music/Squarepusher	Beep Street	https://www.last.fm/music/Squarepusher/Hard%20Normal%20Daddy	0.0	Hard Normal Daddy	Mood Enhancement	Cheerfulness	140ea462-2ae0-438d-9d05-9d74e4e5d194	1	5	JR3YKiMDMHwUI2KP
onion::267::53kywT4Esk6NRPoMiRfr7r	1532	267	53kywT4Esk6NRPoMiRfr7r	John Maus	spotify:track:53kywT4Esk6NRPoMiRfr7r	spotify:artist:4R073T3AVJKqAsbzLmLW9u	We Can Breakthrough	spotify:album:6lfo4f2EW26I06q2cIMPof	128106.0	We Must Become the Pitiless Censors of Ourselves	Distraction	Distraction	140ea462-2ae0-438d-9d05-9d74e4e5d194	1	3	KnRDmXN8gqzf0fWx
onion::303::50b9cf2b-a908-4b94-9640-6ecd67572dc2	1720	303	50b9cf2b-a908-4b94-9640-6ecd67572dc2	Like Moths to Flames	https://www.last.fm/music/Like+Moths+to+Flames/_/Even+God+Has+A+Hell	https://www.last.fm/music/Like%20Moths%20to%20Flames	Even God Has A Hell	https://www.last.fm/music/Like%20Moths%20to%20Flames/Dark%20Divine	0.0	Dark Divine	Relief	Relief	e5fe8adc-8d2f-4cbe-83d8-19ef203e6f01	1	5	r09yTLCgCYuKogob
onion::304::003bd65f-76e8-4725-9a32-e4ec2aeb9125	1724	304	003bd65f-76e8-4725-9a32-e4ec2aeb9125	Bring Me the Horizon	https://www.last.fm/music/Bring+Me+the+Horizon/_/Doomed	https://www.last.fm/music/Bring%20Me%20the%20Horizon	Doomed	https://www.last.fm/music/Bring%20Me%20the%20Horizon/That's%20the%20Spirit	0.0	That's the Spirit	Calming	Frustration Venting	e5fe8adc-8d2f-4cbe-83d8-19ef203e6f01	1	3	3SD0dkASvfbU4RoX
onion::312::06f8adbb-a19c-380d-9635-0b96ba2ffd88	1770	312	06f8adbb-a19c-380d-9635-0b96ba2ffd88	Enya	https://www.last.fm/music/Enya/_/May+It+Be	https://www.last.fm/music/Enya	May It Be	https://www.last.fm/music/Enya/The%20Very%20Best%20of%20Enya%20(Deluxe%20Edition)	0.0	The Very Best of Enya (Deluxe Edition)	Emotion (regulation)	Emotional Resonance	a5b9f7a7-1222-42fd-9687-259bee291e30	2	3	Nuzb2k15WZSY0wNC
onion::312::4692c7ba-70c2-4986-8f05-ef1d968cd054	1771	312	4692c7ba-70c2-4986-8f05-ef1d968cd054	Tracy Chapman	https://www.last.fm/music/Tracy+Chapman/_/Fast+Car	https://www.last.fm/music/Tracy%20Chapman	Fast Car	https://www.last.fm/music/Tracy%20Chapman/Tracy%20Chapman	0.0	Tracy Chapman	Emotion (regulation)	Emotional Resonance	a5b9f7a7-1222-42fd-9687-259bee291e30	2	3	c0VlO6Z7FmfIJLVV
onion::313::89568694-dfe1-4d08-9ee2-3fadaedf7553	1782	313	89568694-dfe1-4d08-9ee2-3fadaedf7553	League of Legends	https://www.last.fm/music/League+of+Legends/_/Braum	https://www.last.fm/music/League%20of%20Legends	Braum	https://www.last.fm/music/League%20of%20Legends/The%20Music%20Of%20League%20Of%20Legends%20Vol.%201	0.0	The Music Of League Of Legends Vol. 1	Creativity	Creative Visualization	a5b9f7a7-1222-42fd-9687-259bee291e30	3	5	mjnSvdh8qdPuLh4p
onion::313::Mili-Within (Goblin Slayer Episode Twelve inserted song)-1-205	1787	313	Mili-Within (Goblin Slayer Episode Twelve inserted song)-1-205	Mili	https://www.last.fm/music/Mili/_/Within+(Goblin+Slayer+Episode+Twelve+inserted+song)	https://www.last.fm/music/Mili	Within (Goblin Slayer Episode Twelve inserted song)	https://www.last.fm/music/Mili/Within%20(Goblin%20Slayer%20Episode%20Twelve%20inserted%20song)	0.0	Within (Goblin Slayer Episode Twelve inserted song)	Creativity	Creative Visualization	a5b9f7a7-1222-42fd-9687-259bee291e30	3	5	4D0c5jMxcaQGMsKO
onion::320::4be75997-0516-3763-9e28-5e6161929b57	1851	320	4be75997-0516-3763-9e28-5e6161929b57	Enya	https://www.last.fm/music/Enya/_/Fairytale	https://www.last.fm/music/Enya	Fairytale	https://www.last.fm/music/Enya/The%20Celts	0.0	The Celts	Motivation	Background Utility	a5b9f7a7-1222-42fd-9687-259bee291e30	4	5	MG8WfN36QCYZBt98
onion::315::06f8adbb-a19c-380d-9635-0b96ba2ffd88	1810	315	06f8adbb-a19c-380d-9635-0b96ba2ffd88	Enya	https://www.last.fm/music/Enya/_/May+It+Be	https://www.last.fm/music/Enya	May It Be	https://www.last.fm/music/Enya/The%20Very%20Best%20of%20Enya%20(Deluxe%20Edition)	0.0	The Very Best of Enya (Deluxe Edition)	Nostalgia	Nostalgia	a5b9f7a7-1222-42fd-9687-259bee291e30	2	3	Nuzb2k15WZSY0wNC
onion::316::89568694-dfe1-4d08-9ee2-3fadaedf7553	1820	316	89568694-dfe1-4d08-9ee2-3fadaedf7553	League of Legends	https://www.last.fm/music/League+of+Legends/_/Braum	https://www.last.fm/music/League%20of%20Legends	Braum	https://www.last.fm/music/League%20of%20Legends/The%20Music%20Of%20League%20Of%20Legends%20Vol.%201	0.0	The Music Of League Of Legends Vol. 1	Stimulation	Empowerment	a5b9f7a7-1222-42fd-9687-259bee291e30	2	3	mjnSvdh8qdPuLh4p
onion::317::06be8938-2c8a-42ed-86ac-7400084d952a	1824	317	06be8938-2c8a-42ed-86ac-7400084d952a	Enya	https://www.last.fm/music/Enya/_/Amarantine	https://www.last.fm/music/Enya	Amarantine	https://www.last.fm/music/Enya/The%20Very%20Best%20of%20Enya%20(Deluxe%20Edition)	0.0	The Very Best of Enya (Deluxe Edition)	(Self-) Reflection / Introspection	Self-Reflection	a5b9f7a7-1222-42fd-9687-259bee291e30	1	2	VxrhVIrwCzyy0njD
onion::420::0gggjVyUJd90tYzAnmBjFV	3322	420	0gggjVyUJd90tYzAnmBjFV	Real McCoy	spotify:track:0gggjVyUJd90tYzAnmBjFV	spotify:artist:2vRfKzjQYJQd67X8x49MOh	Another Night	spotify:album:0xHHJdnDNOUDmIKqBZnHV9	236933.0	Another Night	Motivation	Background Utility	48d32e3c-8971-4183-a451-733b277e8aa7	4	2	A5VEafdCjSWW2IIK
onion::421::8371b3b7-eb7c-48f7-b1cc-3ea4e60b0ebb	3324	421	8371b3b7-eb7c-48f7-b1cc-3ea4e60b0ebb	Daft Punk	https://www.last.fm/music/Daft+Punk/_/Digital+Love	https://www.last.fm/music/Daft%20Punk	Digital Love	https://www.last.fm/music/Daft%20Punk/Discovery	0.0	Discovery	Emotion (regulation)	Emotional Resonance	07d002fa-f659-4933-8293-86c56a059c6d	2	5	3oJflRW3ftkj1IYu
onion::421::2b2db7a1-85ae-4d55-896b-a0b95f3241e3	3325	421	2b2db7a1-85ae-4d55-896b-a0b95f3241e3	Yes	https://www.last.fm/music/Yes/_/Love+Will+Find+a+Way	https://www.last.fm/music/Yes	Love Will Find a Way	https://www.last.fm/music/Yes/Big%20Generator	0.0	Big Generator	Emotion (regulation)	Emotional Resonance	07d002fa-f659-4933-8293-86c56a059c6d	2	5	5OlhxWshNx0HyQBd
onion::425::2lHSV6e0BohRycuVmKnfHf	3407	425	2lHSV6e0BohRycuVmKnfHf	Drowning Pool	spotify:track:2lHSV6e0BohRycuVmKnfHf	spotify:artist:1E4r4z7ivGUcSAnCbINJ9v	Numb	spotify:album:3F4igS8wy54xKPB3SOqRTt	211973.0	Desensitized	Bonding / Connection to others	Shared Taste	48d32e3c-8971-4183-a451-733b277e8aa7	2	2	4HGggyltc2DcUqYj
onion::319::01492e36-f10e-48ca-8d5c-4aa120da646b	1837	319	01492e36-f10e-48ca-8d5c-4aa120da646b	Justice	https://www.last.fm/music/Justice/_/Genesis	https://www.last.fm/music/Justice	Genesis	https://www.last.fm/music/Justice/Cross	0.0	Cross	Enjoyment	Time Passing	a5b9f7a7-1222-42fd-9687-259bee291e30	2	3	QiT6ut5oBznmxITx
onion::320::06f8adbb-a19c-380d-9635-0b96ba2ffd88	1844	320	06f8adbb-a19c-380d-9635-0b96ba2ffd88	Enya	https://www.last.fm/music/Enya/_/May+It+Be	https://www.last.fm/music/Enya	May It Be	https://www.last.fm/music/Enya/The%20Very%20Best%20of%20Enya%20(Deluxe%20Edition)	0.0	The Very Best of Enya (Deluxe Edition)	Motivation	Background Utility	a5b9f7a7-1222-42fd-9687-259bee291e30	4	5	Nuzb2k15WZSY0wNC
onion::320::8cc4bf80-4d71-3732-9d27-995c71f43605	1845	320	8cc4bf80-4d71-3732-9d27-995c71f43605	Enya	https://www.last.fm/music/Enya/_/Caribbean+Blue	https://www.last.fm/music/Enya	Caribbean Blue	https://www.last.fm/music/Enya/Shepherd%20Moons	0.0	Shepherd Moons	Motivation	Background Utility	a5b9f7a7-1222-42fd-9687-259bee291e30	4	5	oyTlx1RNADpNzRCI
onion::320::5890b10c-4d67-416e-bf92-91e50f96b3a8	1861	320	5890b10c-4d67-416e-bf92-91e50f96b3a8	Enya	https://www.last.fm/music/Enya/_/So+I+Could+Find+My+Way	https://www.last.fm/music/Enya	So I Could Find My Way	https://www.last.fm/music/Enya/Dark%20Sky%20Island%20(Deluxe)	0.0	Dark Sky Island (Deluxe)	Motivation	Background Utility	a5b9f7a7-1222-42fd-9687-259bee291e30	4	5	TDH3DvQHPW6mPPUS
onion::320::683766c0-94b1-3953-b461-c1ec7cd7cde3	1862	320	683766c0-94b1-3953-b461-c1ec7cd7cde3	Enya	https://www.last.fm/music/Enya/_/A+Day+Without+Rain	https://www.last.fm/music/Enya	A Day Without Rain	https://www.last.fm/music/Enya/A%20Day%20Without%20Rain	0.0	A Day Without Rain	Motivation	Background Utility	a5b9f7a7-1222-42fd-9687-259bee291e30	4	5	yja0sQGbchiJ9gEJ
onion::322::1dfeed79-a10b-4277-a40e-7373ee5f26af	1873	322	1dfeed79-a10b-4277-a40e-7373ee5f26af	Skepta	https://www.last.fm/music/Skepta/_/No+Security	https://www.last.fm/music/Skepta	No Security	https://www.last.fm/music/Skepta/No%20Security	0.0	No Security	Well-Being	Pleasure & Enjoyment	0205fb45-9549-43ee-8f1f-0fc9af442244	3	5	v3IhMi29Z2pGWyk6
onion::323::1mRTSIs40qa2L7omBzQd1u	1880	323	1mRTSIs40qa2L7omBzQd1u	Bonobo	spotify:track:1mRTSIs40qa2L7omBzQd1u	spotify:artist:0cmWgDlu9CwTgxPhf403hb	Days To Come	spotify:album:5HLoU4oijKdSIFOk2o7mYn	229520.0	Days To Come	Motivation	Background Utility	0205fb45-9549-43ee-8f1f-0fc9af442244	5	4	YexQxeR024RLVLdi
onion::326::custom-1766097428849	1895	326	custom-1766097428849	Madonna			Vogue		0.0		Escape	Letting Go	0205fb45-9549-43ee-8f1f-0fc9af442244	2	2	i6eRQgNB2UlIVUSw
onion::421::ac270254-5800-4719-a650-014091e855ce	3330	421	ac270254-5800-4719-a650-014091e855ce	Anna Kendrick	https://www.last.fm/music/Anna+Kendrick/_/Get+Back+Up+Again	https://www.last.fm/music/Anna%20Kendrick	Get Back Up Again	https://www.last.fm/music/Anna%20Kendrick/Trolls%20(Original%20Motion%20Picture%20Soundtrack)	0.0	Trolls (Original Motion Picture Soundtrack)	Emotion (regulation)	Emotional Resonance	07d002fa-f659-4933-8293-86c56a059c6d	2	5	6d0O6zBWVlZ4OEla
onion::421::10a269d8-a73f-394e-b872-1d37bf28fb46	3331	421	10a269d8-a73f-394e-b872-1d37bf28fb46	Kanye West	https://www.last.fm/music/Kanye+West/_/Say+You+Will	https://www.last.fm/music/Kanye%20West	Say You Will	https://www.last.fm/music/Kanye%20West/808s%20%26%20Heartbreak	0.0	808s & Heartbreak	Emotion (regulation)	Emotional Resonance	07d002fa-f659-4933-8293-86c56a059c6d	2	5	WHKzYDWqUGfak39R
onion::421::0130f726-56cf-43fb-949c-a616d9caa890	3333	421	0130f726-56cf-43fb-949c-a616d9caa890	Eminem	https://www.last.fm/music/Eminem/_/Criminal	https://www.last.fm/music/Eminem	Criminal	https://www.last.fm/music/Eminem/The%20Marshall%20Mathers%20LP	0.0	The Marshall Mathers LP	Emotion (regulation)	Emotional Resonance	07d002fa-f659-4933-8293-86c56a059c6d	2	5	NEF3uCUMNHnrrSEU
onion::421::cb2cc207-8125-445c-9ef9-6ea44eee959a	3345	421	cb2cc207-8125-445c-9ef9-6ea44eee959a	Ed Sheeran	https://www.last.fm/music/Ed+Sheeran/_/Thinking+Out+Loud	https://www.last.fm/music/Ed%20Sheeran	Thinking Out Loud	https://www.last.fm/music/Ed%20Sheeran/x%20(Deluxe%20Edition)	0.0	x (Deluxe Edition)	Emotion (regulation)	Emotional Resonance	07d002fa-f659-4933-8293-86c56a059c6d	2	5	8xFD1UO8nr1qwOg6
onion::329::1dfeed79-a10b-4277-a40e-7373ee5f26af	1911	329	1dfeed79-a10b-4277-a40e-7373ee5f26af	Skepta	https://www.last.fm/music/Skepta/_/No+Security	https://www.last.fm/music/Skepta	No Security	https://www.last.fm/music/Skepta/No%20Security	0.0	No Security	Energy	Morning Wake-Up	0205fb45-9549-43ee-8f1f-0fc9af442244	3	4	v3IhMi29Z2pGWyk6
onion::331::6fsLjItlUmbpl16SGi2COD	1921	331	6fsLjItlUmbpl16SGi2COD	Fela Kuti	spotify:track:6fsLjItlUmbpl16SGi2COD	spotify:artist:5CG9X521RDFWCuAhlo6QoR	Lady	spotify:album:7325GfKum2hDK231i3LqA7	828360.0	Best of The Black President	Community	Community	0205fb45-9549-43ee-8f1f-0fc9af442244	2	2	0YX2G4DtUgctpJXo
onion::332::b6e569b9-1b7f-46d5-bb2a-d5d897f9ba80	1926	332	b6e569b9-1b7f-46d5-bb2a-d5d897f9ba80	Max Frost	https://www.last.fm/music/Max+Frost/_/Adderall	https://www.last.fm/music/Max%20Frost	Adderall	https://www.last.fm/music/Max%20Frost/Adderall	0.0	Adderall	Entertainment	Singing Along	e421cc84-83b0-46f6-830f-388ecdb76d18	4	5	bhL5fNKJl7BI9JtU
onion::332::f67c5c5a-0b92-3488-8b29-0d869b8ce231	1928	332	f67c5c5a-0b92-3488-8b29-0d869b8ce231	The Monkees	https://www.last.fm/music/The+Monkees/_/Daydream+Believer	https://www.last.fm/music/The%20Monkees	Daydream Believer	https://www.last.fm/music/The%20Monkees/The%20Birds%2C%20The%20Bees%2C%20%26%20The%20Monkees	0.0	The Birds, The Bees, & The Monkees	Entertainment	Singing Along	e421cc84-83b0-46f6-830f-388ecdb76d18	4	5	0aPFuNIOJUF0vdxX
onion::332::0a19e6c0-5e84-47e0-91ae-6f85a677c825	1936	332	0a19e6c0-5e84-47e0-91ae-6f85a677c825	The Kooks	https://www.last.fm/music/The+Kooks/_/Seaside	https://www.last.fm/music/The%20Kooks	Seaside	https://www.last.fm/music/The%20Kooks/Inside%20In%20%2F%20Inside%20Out	0.0	Inside In / Inside Out	Entertainment	Singing Along	e421cc84-83b0-46f6-830f-388ecdb76d18	4	5	UrXvpy9eCGULvKGi
onion::332::Fleetwood Mac-Rhiannon-1-46	1937	332	Fleetwood Mac-Rhiannon-1-46	Fleetwood Mac	https://www.last.fm/music/Fleetwood+Mac/_/Rhiannon	https://www.last.fm/music/Fleetwood%20Mac	Rhiannon	https://www.last.fm/music/Fleetwood%20Mac/Greatest%20Hits	0.0	Greatest Hits	Entertainment	Singing Along	e421cc84-83b0-46f6-830f-388ecdb76d18	4	5	rrdk3UXEdIqQA1dP
onion::332::7e769268-7383-4744-bd77-69da1e9d105e	1938	332	7e769268-7383-4744-bd77-69da1e9d105e	One Direction	https://www.last.fm/music/One+Direction/_/Night+Changes	https://www.last.fm/music/One%20Direction	Night Changes	https://www.last.fm/music/One%20Direction/FOUR%20(Deluxe)	0.0	FOUR (Deluxe)	Entertainment	Singing Along	e421cc84-83b0-46f6-830f-388ecdb76d18	4	5	vxWFZbu91hL3u4cw
onion::332::Buddy Holly-Peggy Sue-1-47	1939	332	Buddy Holly-Peggy Sue-1-47	Buddy Holly	https://www.last.fm/music/Buddy+Holly/_/Peggy+Sue	https://www.last.fm/music/Buddy%20Holly	Peggy Sue	https://www.last.fm/music/Buddy%20Holly/Greatest%20Hits	0.0	Greatest Hits	Entertainment	Singing Along	e421cc84-83b0-46f6-830f-388ecdb76d18	4	5	JHAHkzKaCXTOf9jn
onion::332::fee1e889-a1c0-4734-8678-267766f498c3	1941	332	fee1e889-a1c0-4734-8678-267766f498c3	Dolly Parton	https://www.last.fm/music/Dolly+Parton/_/Jolene	https://www.last.fm/music/Dolly%20Parton	Jolene	https://www.last.fm/music/Dolly%20Parton/Jolene	0.0	Jolene	Entertainment	Singing Along	e421cc84-83b0-46f6-830f-388ecdb76d18	4	5	IQ18pAadvThQNBDX
onion::332::817a4f47-9355-3db5-b3b3-b5162dba91ec	1947	332	817a4f47-9355-3db5-b3b3-b5162dba91ec	OutKast	https://www.last.fm/music/OutKast/_/Roses	https://www.last.fm/music/OutKast	Roses	https://www.last.fm/music/OutKast/Speakerboxxx%2FThe%20Love%20Below	0.0	Speakerboxxx/The Love Below	Entertainment	Singing Along	e421cc84-83b0-46f6-830f-388ecdb76d18	4	5	BkvRhnEqbcLSBEI7
onion::332::d119365a-cecc-4f8e-ba16-61e3db9cf964	1956	332	d119365a-cecc-4f8e-ba16-61e3db9cf964	Twenty One Pilots	https://www.last.fm/music/Twenty+One+Pilots/_/Ride	https://www.last.fm/music/Twenty%20One%20Pilots	Ride	https://www.last.fm/music/Twenty%20One%20Pilots/Blurryface	0.0	Blurryface	Entertainment	Singing Along	e421cc84-83b0-46f6-830f-388ecdb76d18	4	5	0yECeqcY1EWblSB0
onion::332::46bb3e3a-eb7a-4092-90dd-b705292f49d7	1957	332	46bb3e3a-eb7a-4092-90dd-b705292f49d7	Twenty One Pilots	https://www.last.fm/music/Twenty+One+Pilots/_/Stressed+Out	https://www.last.fm/music/Twenty%20One%20Pilots	Stressed Out	https://www.last.fm/music/Twenty%20One%20Pilots/Blurryface	0.0	Blurryface	Entertainment	Singing Along	e421cc84-83b0-46f6-830f-388ecdb76d18	4	5	BBaha1obZecGL5TC
onion::332::ABC-Poison Arrow-1-198	1961	332	ABC-Poison Arrow-1-198	ABC	https://www.last.fm/music/ABC/_/Poison+Arrow	https://www.last.fm/music/ABC	Poison Arrow	https://www.last.fm/music/ABC/The%20Lexicon%20of%20Love	0.0	The Lexicon of Love	Entertainment	Singing Along	e421cc84-83b0-46f6-830f-388ecdb76d18	4	5	gzaaKDMmuTLkGJ62
onion::332::0e7de57e-1dbd-404d-a247-deb55956b063	1970	332	0e7de57e-1dbd-404d-a247-deb55956b063	Ed Sheeran	https://www.last.fm/music/Ed+Sheeran/_/I%27m+a+Mess	https://www.last.fm/music/Ed%20Sheeran	I'm a Mess	https://www.last.fm/music/Ed%20Sheeran/x%20(Deluxe%20Edition)	0.0	x (Deluxe Edition)	Entertainment	Singing Along	e421cc84-83b0-46f6-830f-388ecdb76d18	4	5	bvfYHP5VsvtzEpi0
onion::332::Backstreet Boys-As Long as You Love Me-1-262	1971	332	Backstreet Boys-As Long as You Love Me-1-262	Backstreet Boys	https://www.last.fm/music/Backstreet+Boys/_/As+Long+as+You+Love+Me	https://www.last.fm/music/Backstreet%20Boys	As Long as You Love Me	https://www.last.fm/music/Backstreet%20Boys/Backstreet%20Boys	0.0	Backstreet Boys	Entertainment	Singing Along	e421cc84-83b0-46f6-830f-388ecdb76d18	4	5	pwj5TsPXQ5l0dgnf
onion::332::f80eb2ec-32f4-49a7-955a-afa601d81770	1977	332	f80eb2ec-32f4-49a7-955a-afa601d81770	Bill Withers	https://www.last.fm/music/Bill+Withers/_/Ain%27t+No+Sunshine	https://www.last.fm/music/Bill%20Withers	Ain't No Sunshine	https://www.last.fm/music/Bill%20Withers/Just%20as%20I%20Am	0.0	Just as I Am	Entertainment	Singing Along	e421cc84-83b0-46f6-830f-388ecdb76d18	4	5	WWXkHEiWJuBoE9bj
onion::332::1c748301-4579-4229-af01-c4563faea3ad	1981	332	1c748301-4579-4229-af01-c4563faea3ad	New Edition	https://www.last.fm/music/New+Edition/_/If+It+Isn%27t+Love	https://www.last.fm/music/New%20Edition	If It Isn't Love	https://www.last.fm/music/New%20Edition/Heart%20Break	0.0	Heart Break	Entertainment	Singing Along	e421cc84-83b0-46f6-830f-388ecdb76d18	4	5	kOlrqh3KDvmaG5qm
onion::332::0397eb2b-910c-35c7-9c99-93e4395d61ba	1995	332	0397eb2b-910c-35c7-9c99-93e4395d61ba	J. Frank Wilson & The Cavaliers	https://www.last.fm/music/J.+Frank+Wilson+&+The+Cavaliers/_/Last+Kiss	https://www.last.fm/music/J.%20Frank%20Wilson%20%26%20The%20Cavaliers	Last Kiss	https://www.last.fm/music/J.%20Frank%20Wilson%20%26%20The%20Cavaliers/Last%20Kiss	0.0	Last Kiss	Entertainment	Singing Along	e421cc84-83b0-46f6-830f-388ecdb76d18	4	5	9Qagf6cchv8p4Mq1
onion::332::d0090d8e-3f81-413f-b382-5d32f6057245	1996	332	d0090d8e-3f81-413f-b382-5d32f6057245	Blondie	https://www.last.fm/music/Blondie/_/Heart+of+Glass	https://www.last.fm/music/Blondie	Heart of Glass	https://www.last.fm/music/Blondie/Parallel%20Lines	0.0	Parallel Lines	Entertainment	Singing Along	e421cc84-83b0-46f6-830f-388ecdb76d18	4	5	itK24FswQ3p2cpgZ
onion::332::Mary Wells-My Guy-2-79	1999	332	Mary Wells-My Guy-2-79	Mary Wells	https://www.last.fm/music/Mary+Wells/_/My+Guy	https://www.last.fm/music/Mary%20Wells	My Guy	https://www.last.fm/music/Mary%20Wells/Mary%20Wells%20Sings%20My%20Guy	0.0	Mary Wells Sings My Guy	Entertainment	Singing Along	e421cc84-83b0-46f6-830f-388ecdb76d18	4	5	9c0fLWLOQrRNqzuU
onion::332::018eb88c-75ca-4e9b-9957-cf6fceb596af	2000	332	018eb88c-75ca-4e9b-9957-cf6fceb596af	Ed Sheeran	https://www.last.fm/music/Ed+Sheeran/_/Drunk	https://www.last.fm/music/Ed%20Sheeran	Drunk	https://www.last.fm/music/Ed%20Sheeran/%2B	0.0	+	Entertainment	Singing Along	e421cc84-83b0-46f6-830f-388ecdb76d18	4	5	lYjaoVxr6iA5xoTu
onion::332::ff48b5c5-f759-4b0f-a434-084c59f4d2a6	2001	332	ff48b5c5-f759-4b0f-a434-084c59f4d2a6	Bastille	https://www.last.fm/music/Bastille/_/Of+the+Night	https://www.last.fm/music/Bastille	Of the Night	https://www.last.fm/music/Bastille/All%20This%20Bad%20Blood	0.0	All This Bad Blood	Entertainment	Singing Along	e421cc84-83b0-46f6-830f-388ecdb76d18	4	5	NxDuAw545ivgXqgP
onion::332::Bobby Darin-Dream Lover-2-86	2002	332	Bobby Darin-Dream Lover-2-86	Bobby Darin	https://www.last.fm/music/Bobby+Darin/_/Dream+Lover	https://www.last.fm/music/Bobby%20Darin	Dream Lover	https://www.last.fm/music/Bobby%20Darin/The%20Ultimate%20Bobby%20Darin	0.0	The Ultimate Bobby Darin	Entertainment	Singing Along	e421cc84-83b0-46f6-830f-388ecdb76d18	4	5	393YyCL4dOzjeDXO
onion::332::0e18a982-136f-411f-9c10-073edd0d7f17	2004	332	0e18a982-136f-411f-9c10-073edd0d7f17	One Direction	https://www.last.fm/music/One+Direction/_/What+a+Feeling	https://www.last.fm/music/One%20Direction	What a Feeling	https://www.last.fm/music/One%20Direction/Made%20in%20the%20A.M.%20(Deluxe%20Edition)	0.0	Made in the A.M. (Deluxe Edition)	Entertainment	Singing Along	e421cc84-83b0-46f6-830f-388ecdb76d18	4	5	9MKBhd08MbxZbfTt
onion::332::Niall Horan-This Town-2-168	2014	332	Niall Horan-This Town-2-168	Niall Horan	https://www.last.fm/music/Niall+Horan/_/This+Town	https://www.last.fm/music/Niall%20Horan	This Town	https://www.last.fm/music/Niall%20Horan/Flicker%20(Deluxe)	0.0	Flicker (Deluxe)	Entertainment	Singing Along	e421cc84-83b0-46f6-830f-388ecdb76d18	4	5	qbQPIU7I8AJy3cPQ
onion::332::03aebee9-27f5-4759-acf1-a58af93909ab	2017	332	03aebee9-27f5-4759-acf1-a58af93909ab	Of Monsters and Men	https://www.last.fm/music/Of+Monsters+and+Men/_/Dirty+Paws	https://www.last.fm/music/Of%20Monsters%20and%20Men	Dirty Paws	https://www.last.fm/music/Of%20Monsters%20and%20Men/My%20Head%20Is%20an%20Animal	0.0	My Head Is an Animal	Entertainment	Singing Along	e421cc84-83b0-46f6-830f-388ecdb76d18	4	5	PZEgbQhTHMMrKRLv
onion::332::fb8153b3-8376-49af-930b-22815719b495	2021	332	fb8153b3-8376-49af-930b-22815719b495	Foreigner	https://www.last.fm/music/Foreigner/_/Waiting+for+a+Girl+Like+You	https://www.last.fm/music/Foreigner	Waiting for a Girl Like You	https://www.last.fm/music/Foreigner/4%20(Expanded)	0.0	4 (Expanded)	Entertainment	Singing Along	e421cc84-83b0-46f6-830f-388ecdb76d18	4	5	1AFxSR456HFd6MmV
onion::332::The Mamas & the Papas-I Call Your Name-2-252	2028	332	The Mamas & the Papas-I Call Your Name-2-252	The Mamas & the Papas	https://www.last.fm/music/The+Mamas+&+the+Papas/_/I+Call+Your+Name	https://www.last.fm/music/The%20Mamas%20%26%20the%20Papas	I Call Your Name	https://www.last.fm/music/The%20Mamas%20%26%20the%20Papas/Greatest%20Hits%3A%20The%20Mamas%20%26%20The%20Papas	0.0	Greatest Hits: The Mamas & The Papas	Entertainment	Singing Along	e421cc84-83b0-46f6-830f-388ecdb76d18	4	5	7ww20ceSKgGu9PhG
onion::335::349fea18-5394-3a42-8b2e-fa0b53250131	2056	335	349fea18-5394-3a42-8b2e-fa0b53250131	The Everly Brothers	https://www.last.fm/music/The+Everly+Brothers/_/Crying+in+the+Rain	https://www.last.fm/music/The%20Everly%20Brothers	Crying in the Rain	https://www.last.fm/music/The%20Everly%20Brothers/The%20Golden%20Hits%20of%20the%20Everly%20Brothers	0.0	The Golden Hits of the Everly Brothers	Emotion (regulation)	Emotional Resonance	e421cc84-83b0-46f6-830f-388ecdb76d18	2	3	wXcMv63aWS4KEPm8
onion::335::3f88828f-4dec-4c11-a206-c4d7464632c3	2058	335	3f88828f-4dec-4c11-a206-c4d7464632c3	Declan McKenna	https://www.last.fm/music/Declan+McKenna/_/Make+Me+Your+Queen	https://www.last.fm/music/Declan%20McKenna	Make Me Your Queen	https://www.last.fm/music/Declan%20McKenna/What%20Do%20You%20Think%20About%20the%20Car%3F	0.0	What Do You Think About the Car?	Emotion (regulation)	Emotional Resonance	e421cc84-83b0-46f6-830f-388ecdb76d18	2	3	GAjjAPjh4tuSJ2jM
onion::337::Fleetwood Mac-Rhiannon-1-46	2065	337	Fleetwood Mac-Rhiannon-1-46	Fleetwood Mac	https://www.last.fm/music/Fleetwood+Mac/_/Rhiannon	https://www.last.fm/music/Fleetwood%20Mac	Rhiannon	https://www.last.fm/music/Fleetwood%20Mac/Greatest%20Hits	0.0	Greatest Hits	Relief	Relief	e421cc84-83b0-46f6-830f-388ecdb76d18	5	5	rrdk3UXEdIqQA1dP
onion::337::fee1e889-a1c0-4734-8678-267766f498c3	2066	337	fee1e889-a1c0-4734-8678-267766f498c3	Dolly Parton	https://www.last.fm/music/Dolly+Parton/_/Jolene	https://www.last.fm/music/Dolly%20Parton	Jolene	https://www.last.fm/music/Dolly%20Parton/Jolene	0.0	Jolene	Relief	Relief	e421cc84-83b0-46f6-830f-388ecdb76d18	5	5	IQ18pAadvThQNBDX
onion::337::d119365a-cecc-4f8e-ba16-61e3db9cf964	2071	337	d119365a-cecc-4f8e-ba16-61e3db9cf964	Twenty One Pilots	https://www.last.fm/music/Twenty+One+Pilots/_/Ride	https://www.last.fm/music/Twenty%20One%20Pilots	Ride	https://www.last.fm/music/Twenty%20One%20Pilots/Blurryface	0.0	Blurryface	Relief	Relief	e421cc84-83b0-46f6-830f-388ecdb76d18	5	5	0yECeqcY1EWblSB0
onion::339::0e18a982-136f-411f-9c10-073edd0d7f17	2092	339	0e18a982-136f-411f-9c10-073edd0d7f17	One Direction	https://www.last.fm/music/One+Direction/_/What+a+Feeling	https://www.last.fm/music/One%20Direction	What a Feeling	https://www.last.fm/music/One%20Direction/Made%20in%20the%20A.M.%20(Deluxe%20Edition)	0.0	Made in the A.M. (Deluxe Edition)	Nostalgia	Nostalgia	e421cc84-83b0-46f6-830f-388ecdb76d18	4	4	9MKBhd08MbxZbfTt
onion::339::7e769268-7383-4744-bd77-69da1e9d105e	2093	339	7e769268-7383-4744-bd77-69da1e9d105e	One Direction	https://www.last.fm/music/One+Direction/_/Night+Changes	https://www.last.fm/music/One%20Direction	Night Changes	https://www.last.fm/music/One%20Direction/FOUR%20(Deluxe)	0.0	FOUR (Deluxe)	Nostalgia	Nostalgia	e421cc84-83b0-46f6-830f-388ecdb76d18	4	4	vxWFZbu91hL3u4cw
onion::340::0e7de57e-1dbd-404d-a247-deb55956b063	2097	340	0e7de57e-1dbd-404d-a247-deb55956b063	Ed Sheeran	https://www.last.fm/music/Ed+Sheeran/_/I%27m+a+Mess	https://www.last.fm/music/Ed%20Sheeran	I'm a Mess	https://www.last.fm/music/Ed%20Sheeran/x%20(Deluxe%20Edition)	0.0	x (Deluxe Edition)	Admiration / Connection to artist	Musician Identification	e421cc84-83b0-46f6-830f-388ecdb76d18	4	4	bvfYHP5VsvtzEpi0
onion::341::0e7de57e-1dbd-404d-a247-deb55956b063	2102	341	0e7de57e-1dbd-404d-a247-deb55956b063	Ed Sheeran	https://www.last.fm/music/Ed+Sheeran/_/I%27m+a+Mess	https://www.last.fm/music/Ed%20Sheeran	I'm a Mess	https://www.last.fm/music/Ed%20Sheeran/x%20(Deluxe%20Edition)	0.0	x (Deluxe Edition)	Motivation	Background Utility	e421cc84-83b0-46f6-830f-388ecdb76d18	4	4	bvfYHP5VsvtzEpi0
onion::342::85c6006b-cde2-42f2-9226-0eb6e5a4f680	2115	342	85c6006b-cde2-42f2-9226-0eb6e5a4f680	The Struts	https://www.last.fm/music/The+Struts/_/Could+Have+Been+Me	https://www.last.fm/music/The%20Struts	Could Have Been Me	https://www.last.fm/music/The%20Struts/Everybody%20Wants	0.0	Everybody Wants	Creativity	Creative Visualization	041b081e-2506-49df-9d53-6b31d6b8ff33	2	5	QG2CgAe8bng1516t
onion::342::0432faf0-ea4f-4530-b117-5d456116a48f	2116	342	0432faf0-ea4f-4530-b117-5d456116a48f	Melanie Martinez	https://www.last.fm/music/Melanie+Martinez/_/Soap	https://www.last.fm/music/Melanie%20Martinez	Soap	https://www.last.fm/music/Melanie%20Martinez/Cry%20Baby%20(Deluxe%20Edition)	0.0	Cry Baby (Deluxe Edition)	Creativity	Creative Visualization	041b081e-2506-49df-9d53-6b31d6b8ff33	2	5	GggQl40XVYwUXsTZ
onion::342::1295ef5a-3f6a-441b-a496-f393f3a3f792	2121	342	1295ef5a-3f6a-441b-a496-f393f3a3f792	Paramore	https://www.last.fm/music/Paramore/_/Hard+Times	https://www.last.fm/music/Paramore	Hard Times	https://www.last.fm/music/Paramore/After%20Laughter	0.0	After Laughter	Creativity	Creative Visualization	041b081e-2506-49df-9d53-6b31d6b8ff33	2	5	dDsLB7Nej5vtSRei
onion::342::57db746c-4b76-4d93-8684-17de937aad8c	2123	342	57db746c-4b76-4d93-8684-17de937aad8c	Gang of Youths	https://www.last.fm/music/Gang+of+Youths/_/Achilles+Come+Down	https://www.last.fm/music/Gang%20of%20Youths	Achilles Come Down	https://www.last.fm/music/Gang%20of%20Youths/Go%20Farther%20In%20Lightness	0.0	Go Farther In Lightness	Creativity	Creative Visualization	041b081e-2506-49df-9d53-6b31d6b8ff33	2	5	F1Xw1fJvVFIjOgLc
onion::342::7e8e1b36-0d98-4e1c-bda8-8834a8649455	2124	342	7e8e1b36-0d98-4e1c-bda8-8834a8649455	AJJ	https://www.last.fm/music/AJJ/_/brave+as+a+noun	https://www.last.fm/music/AJJ	brave as a noun	https://www.last.fm/music/AJJ/People%20Who%20Can%20Eat%20People%20are%20the%20Luckiest%20People%20in%20the%20World	0.0	People Who Can Eat People are the Luckiest People in the World	Creativity	Creative Visualization	041b081e-2506-49df-9d53-6b31d6b8ff33	2	5	xhR5W3K53lEOizCM
onion::342::177de5de-a2ff-4c8b-b0b0-01286589ad35	2127	342	177de5de-a2ff-4c8b-b0b0-01286589ad35	Arctic Monkeys	https://www.last.fm/music/Arctic+Monkeys/_/Fluorescent+Adolescent	https://www.last.fm/music/Arctic%20Monkeys	Fluorescent Adolescent	https://www.last.fm/music/Arctic%20Monkeys/Favourite%20Worst%20Nightmare%20(Standard%20Version)	0.0	Favourite Worst Nightmare (Standard Version)	Creativity	Creative Visualization	041b081e-2506-49df-9d53-6b31d6b8ff33	2	5	hn1Z3OcZ4HM3hcIi
onion::343::02ff5645-4161-49e1-be7b-c66af800c4b8	2135	343	02ff5645-4161-49e1-be7b-c66af800c4b8	Kelsea Ballerini	https://www.last.fm/music/Kelsea+Ballerini/_/Miss+Me+More	https://www.last.fm/music/Kelsea%20Ballerini	Miss Me More	https://www.last.fm/music/Kelsea%20Ballerini/Unapologetically%20(Deluxe%20Edition)	0.0	Unapologetically (Deluxe Edition)	Well-Being	Pleasure & Enjoyment	041b081e-2506-49df-9d53-6b31d6b8ff33	5	5	fIaSWakyo48N8NBD
onion::343::198d2d8b-cb91-47b5-9b78-8315ab622293	2138	343	198d2d8b-cb91-47b5-9b78-8315ab622293	dodie	https://www.last.fm/music/dodie/_/Absolutely+Smitten	https://www.last.fm/music/dodie	Absolutely Smitten	https://www.last.fm/music/dodie/Intertwined%20-%20EP	0.0	Intertwined - EP	Well-Being	Pleasure & Enjoyment	041b081e-2506-49df-9d53-6b31d6b8ff33	5	5	JAtWnz9r4QhCYYtY
onion::343::b620fae2-ada5-4134-89a3-09180d583cb7	2150	343	b620fae2-ada5-4134-89a3-09180d583cb7	Halsey	https://www.last.fm/music/Halsey/_/Colors	https://www.last.fm/music/Halsey	Colors	https://www.last.fm/music/Halsey/BADLANDS	0.0	BADLANDS	Well-Being	Pleasure & Enjoyment	041b081e-2506-49df-9d53-6b31d6b8ff33	5	5	hzro8A2xxNRBXahj
onion::343::85c6006b-cde2-42f2-9226-0eb6e5a4f680	2156	343	85c6006b-cde2-42f2-9226-0eb6e5a4f680	The Struts	https://www.last.fm/music/The+Struts/_/Could+Have+Been+Me	https://www.last.fm/music/The%20Struts	Could Have Been Me	https://www.last.fm/music/The%20Struts/Everybody%20Wants	0.0	Everybody Wants	Well-Being	Pleasure & Enjoyment	041b081e-2506-49df-9d53-6b31d6b8ff33	5	5	QG2CgAe8bng1516t
onion::343::0432faf0-ea4f-4530-b117-5d456116a48f	2157	343	0432faf0-ea4f-4530-b117-5d456116a48f	Melanie Martinez	https://www.last.fm/music/Melanie+Martinez/_/Soap	https://www.last.fm/music/Melanie%20Martinez	Soap	https://www.last.fm/music/Melanie%20Martinez/Cry%20Baby%20(Deluxe%20Edition)	0.0	Cry Baby (Deluxe Edition)	Well-Being	Pleasure & Enjoyment	041b081e-2506-49df-9d53-6b31d6b8ff33	5	5	GggQl40XVYwUXsTZ
onion::343::97b74967-98ad-44f7-94e2-b20dd90ac393	2166	343	97b74967-98ad-44f7-94e2-b20dd90ac393	Modern Baseball	https://www.last.fm/music/Modern+Baseball/_/I+Think+You+Were+in+My+Profile+Picture+Once	https://www.last.fm/music/Modern%20Baseball	I Think You Were in My Profile Picture Once	https://www.last.fm/music/Modern%20Baseball/Sports	0.0	Sports	Well-Being	Pleasure & Enjoyment	041b081e-2506-49df-9d53-6b31d6b8ff33	5	5	TSBiu0XhnbCHPI9x
onion::344::02ff5645-4161-49e1-be7b-c66af800c4b8	2170	344	02ff5645-4161-49e1-be7b-c66af800c4b8	Kelsea Ballerini	https://www.last.fm/music/Kelsea+Ballerini/_/Miss+Me+More	https://www.last.fm/music/Kelsea%20Ballerini	Miss Me More	https://www.last.fm/music/Kelsea%20Ballerini/Unapologetically%20(Deluxe%20Edition)	0.0	Unapologetically (Deluxe Edition)	Entertainment	Singing Along	041b081e-2506-49df-9d53-6b31d6b8ff33	3	3	fIaSWakyo48N8NBD
onion::345::2063a41f-0693-33d7-aa16-d6d70089cccb	2205	345	2063a41f-0693-33d7-aa16-d6d70089cccb	Marianas Trench	https://www.last.fm/music/Marianas+Trench/_/Sing+Sing	https://www.last.fm/music/Marianas%20Trench	Sing Sing	https://www.last.fm/music/Marianas%20Trench/Masterpiece%20Theatre	0.0	Masterpiece Theatre	Escape	Letting Go	041b081e-2506-49df-9d53-6b31d6b8ff33	3	3	Yk2h0FtzKJOwJNyT
onion::344::b620fae2-ada5-4134-89a3-09180d583cb7	2181	344	b620fae2-ada5-4134-89a3-09180d583cb7	Halsey	https://www.last.fm/music/Halsey/_/Colors	https://www.last.fm/music/Halsey	Colors	https://www.last.fm/music/Halsey/BADLANDS	0.0	BADLANDS	Entertainment	Singing Along	041b081e-2506-49df-9d53-6b31d6b8ff33	3	3	hzro8A2xxNRBXahj
onion::344::85c6006b-cde2-42f2-9226-0eb6e5a4f680	2186	344	85c6006b-cde2-42f2-9226-0eb6e5a4f680	The Struts	https://www.last.fm/music/The+Struts/_/Could+Have+Been+Me	https://www.last.fm/music/The%20Struts	Could Have Been Me	https://www.last.fm/music/The%20Struts/Everybody%20Wants	0.0	Everybody Wants	Entertainment	Singing Along	041b081e-2506-49df-9d53-6b31d6b8ff33	3	3	QG2CgAe8bng1516t
onion::344::0432faf0-ea4f-4530-b117-5d456116a48f	2187	344	0432faf0-ea4f-4530-b117-5d456116a48f	Melanie Martinez	https://www.last.fm/music/Melanie+Martinez/_/Soap	https://www.last.fm/music/Melanie%20Martinez	Soap	https://www.last.fm/music/Melanie%20Martinez/Cry%20Baby%20(Deluxe%20Edition)	0.0	Cry Baby (Deluxe Edition)	Entertainment	Singing Along	041b081e-2506-49df-9d53-6b31d6b8ff33	3	3	GggQl40XVYwUXsTZ
onion::344::06e723c2-5e21-4764-adef-696c5d11d0a0	2193	344	06e723c2-5e21-4764-adef-696c5d11d0a0	Falling in Reverse	https://www.last.fm/music/Falling+in+Reverse/_/Just+Like+You	https://www.last.fm/music/Falling%20in%20Reverse	Just Like You	https://www.last.fm/music/Falling%20in%20Reverse/Just%20Like%20You%20(Deluxe%20Edition)	0.0	Just Like You (Deluxe Edition)	Entertainment	Singing Along	041b081e-2506-49df-9d53-6b31d6b8ff33	3	3	CtqUFNhztZ2xqDot
onion::344::0311343d-6d15-4e94-b707-fd4addd77d75	2195	344	0311343d-6d15-4e94-b707-fd4addd77d75	Panic! at the Disco	https://www.last.fm/music/Panic!+at+the+Disco/_/LA+Devotee	https://www.last.fm/music/Panic!%20at%20the%20Disco	LA Devotee	https://www.last.fm/music/Panic!%20at%20the%20Disco/Death%20of%20a%20Bachelor	0.0	Death of a Bachelor	Entertainment	Singing Along	041b081e-2506-49df-9d53-6b31d6b8ff33	3	3	jJK7jXeK568R802h
onion::345::02ff5645-4161-49e1-be7b-c66af800c4b8	2198	345	02ff5645-4161-49e1-be7b-c66af800c4b8	Kelsea Ballerini	https://www.last.fm/music/Kelsea+Ballerini/_/Miss+Me+More	https://www.last.fm/music/Kelsea%20Ballerini	Miss Me More	https://www.last.fm/music/Kelsea%20Ballerini/Unapologetically%20(Deluxe%20Edition)	0.0	Unapologetically (Deluxe Edition)	Escape	Letting Go	041b081e-2506-49df-9d53-6b31d6b8ff33	3	3	fIaSWakyo48N8NBD
onion::345::85c6006b-cde2-42f2-9226-0eb6e5a4f680	2200	345	85c6006b-cde2-42f2-9226-0eb6e5a4f680	The Struts	https://www.last.fm/music/The+Struts/_/Could+Have+Been+Me	https://www.last.fm/music/The%20Struts	Could Have Been Me	https://www.last.fm/music/The%20Struts/Everybody%20Wants	0.0	Everybody Wants	Escape	Letting Go	041b081e-2506-49df-9d53-6b31d6b8ff33	3	3	QG2CgAe8bng1516t
onion::345::06e723c2-5e21-4764-adef-696c5d11d0a0	2203	345	06e723c2-5e21-4764-adef-696c5d11d0a0	Falling in Reverse	https://www.last.fm/music/Falling+in+Reverse/_/Just+Like+You	https://www.last.fm/music/Falling%20in%20Reverse	Just Like You	https://www.last.fm/music/Falling%20in%20Reverse/Just%20Like%20You%20(Deluxe%20Edition)	0.0	Just Like You (Deluxe Edition)	Escape	Letting Go	041b081e-2506-49df-9d53-6b31d6b8ff33	3	3	CtqUFNhztZ2xqDot
onion::345::0311343d-6d15-4e94-b707-fd4addd77d75	2204	345	0311343d-6d15-4e94-b707-fd4addd77d75	Panic! at the Disco	https://www.last.fm/music/Panic!+at+the+Disco/_/LA+Devotee	https://www.last.fm/music/Panic!%20at%20the%20Disco	LA Devotee	https://www.last.fm/music/Panic!%20at%20the%20Disco/Death%20of%20a%20Bachelor	0.0	Death of a Bachelor	Escape	Letting Go	041b081e-2506-49df-9d53-6b31d6b8ff33	3	3	jJK7jXeK568R802h
onion::345::af0661f2-47f6-3b4a-9dbb-c21532c2850a	2207	345	af0661f2-47f6-3b4a-9dbb-c21532c2850a	Bowling for Soup	https://www.last.fm/music/Bowling+for+Soup/_/1985	https://www.last.fm/music/Bowling%20for%20Soup	1985	https://www.last.fm/music/Bowling%20for%20Soup/A%20Hangover%20You%20Don't%20Deserve	0.0	A Hangover You Don't Deserve	Escape	Letting Go	041b081e-2506-49df-9d53-6b31d6b8ff33	3	3	UQETWJ8f69Kkkgn5
onion::345::1295ef5a-3f6a-441b-a496-f393f3a3f792	2210	345	1295ef5a-3f6a-441b-a496-f393f3a3f792	Paramore	https://www.last.fm/music/Paramore/_/Hard+Times	https://www.last.fm/music/Paramore	Hard Times	https://www.last.fm/music/Paramore/After%20Laughter	0.0	After Laughter	Escape	Letting Go	041b081e-2506-49df-9d53-6b31d6b8ff33	3	3	dDsLB7Nej5vtSRei
onion::345::174f85c1-7b09-4a36-9a83-5371f310bf88	2212	345	174f85c1-7b09-4a36-9a83-5371f310bf88	Falling in Reverse	https://www.last.fm/music/Falling+in+Reverse/_/Fashionably+Late	https://www.last.fm/music/Falling%20in%20Reverse	Fashionably Late	https://www.last.fm/music/Falling%20in%20Reverse/Fashionably%20Late%20(Deluxe%20Edition)	0.0	Fashionably Late (Deluxe Edition)	Escape	Letting Go	041b081e-2506-49df-9d53-6b31d6b8ff33	3	3	YS055gvVpTUjlfVE
onion::345::03587128-9a40-31c2-b08d-eb13bfb9c653	2214	345	03587128-9a40-31c2-b08d-eb13bfb9c653	Robbie Williams	https://www.last.fm/music/Robbie+Williams/_/Candy	https://www.last.fm/music/Robbie%20Williams	Candy	https://www.last.fm/music/Robbie%20Williams/Take%20the%20Crown%20(Deluxe%20Edition)	0.0	Take the Crown (Deluxe Edition)	Escape	Letting Go	041b081e-2506-49df-9d53-6b31d6b8ff33	3	3	zehJH5S4Y4DjoitQ
onion::345::8433db36-6de9-4efe-b838-0902ef8bef00	2218	345	8433db36-6de9-4efe-b838-0902ef8bef00	Marianas Trench	https://www.last.fm/music/Marianas+Trench/_/Celebrity+Status	https://www.last.fm/music/Marianas%20Trench	Celebrity Status	https://www.last.fm/music/Marianas%20Trench/Masterpiece%20Theatre	0.0	Masterpiece Theatre	Escape	Letting Go	041b081e-2506-49df-9d53-6b31d6b8ff33	3	3	828V5aP6tVssWMuX
onion::345::b73f17bf-463a-418b-90e6-7f4436097b2f	2222	345	b73f17bf-463a-418b-90e6-7f4436097b2f	Saint Motel	https://www.last.fm/music/Saint+Motel/_/My+Type	https://www.last.fm/music/Saint%20Motel	My Type	https://www.last.fm/music/Saint%20Motel/My%20Type%20EP	0.0	My Type EP	Escape	Letting Go	041b081e-2506-49df-9d53-6b31d6b8ff33	3	3	tCAmo7blJ8Pjv6QQ
onion::346::02ff5645-4161-49e1-be7b-c66af800c4b8	2228	346	02ff5645-4161-49e1-be7b-c66af800c4b8	Kelsea Ballerini	https://www.last.fm/music/Kelsea+Ballerini/_/Miss+Me+More	https://www.last.fm/music/Kelsea%20Ballerini	Miss Me More	https://www.last.fm/music/Kelsea%20Ballerini/Unapologetically%20(Deluxe%20Edition)	0.0	Unapologetically (Deluxe Edition)	Passion / Pleasure	Habitual Listening	041b081e-2506-49df-9d53-6b31d6b8ff33	5	2	fIaSWakyo48N8NBD
onion::346::198d2d8b-cb91-47b5-9b78-8315ab622293	2229	346	198d2d8b-cb91-47b5-9b78-8315ab622293	dodie	https://www.last.fm/music/dodie/_/Absolutely+Smitten	https://www.last.fm/music/dodie	Absolutely Smitten	https://www.last.fm/music/dodie/Intertwined%20-%20EP	0.0	Intertwined - EP	Passion / Pleasure	Habitual Listening	041b081e-2506-49df-9d53-6b31d6b8ff33	5	2	JAtWnz9r4QhCYYtY
onion::347::198d2d8b-cb91-47b5-9b78-8315ab622293	2257	347	198d2d8b-cb91-47b5-9b78-8315ab622293	dodie	https://www.last.fm/music/dodie/_/Absolutely+Smitten	https://www.last.fm/music/dodie	Absolutely Smitten	https://www.last.fm/music/dodie/Intertwined%20-%20EP	0.0	Intertwined - EP	Motivation	Background Utility	041b081e-2506-49df-9d53-6b31d6b8ff33	5	3	JAtWnz9r4QhCYYtY
onion::346::b620fae2-ada5-4134-89a3-09180d583cb7	2241	346	b620fae2-ada5-4134-89a3-09180d583cb7	Halsey	https://www.last.fm/music/Halsey/_/Colors	https://www.last.fm/music/Halsey	Colors	https://www.last.fm/music/Halsey/BADLANDS	0.0	BADLANDS	Passion / Pleasure	Habitual Listening	041b081e-2506-49df-9d53-6b31d6b8ff33	5	2	hzro8A2xxNRBXahj
onion::346::85c6006b-cde2-42f2-9226-0eb6e5a4f680	2247	346	85c6006b-cde2-42f2-9226-0eb6e5a4f680	The Struts	https://www.last.fm/music/The+Struts/_/Could+Have+Been+Me	https://www.last.fm/music/The%20Struts	Could Have Been Me	https://www.last.fm/music/The%20Struts/Everybody%20Wants	0.0	Everybody Wants	Passion / Pleasure	Habitual Listening	041b081e-2506-49df-9d53-6b31d6b8ff33	5	2	QG2CgAe8bng1516t
onion::346::0432faf0-ea4f-4530-b117-5d456116a48f	2248	346	0432faf0-ea4f-4530-b117-5d456116a48f	Melanie Martinez	https://www.last.fm/music/Melanie+Martinez/_/Soap	https://www.last.fm/music/Melanie%20Martinez	Soap	https://www.last.fm/music/Melanie%20Martinez/Cry%20Baby%20(Deluxe%20Edition)	0.0	Cry Baby (Deluxe Edition)	Passion / Pleasure	Habitual Listening	041b081e-2506-49df-9d53-6b31d6b8ff33	5	2	GggQl40XVYwUXsTZ
onion::347::02ff5645-4161-49e1-be7b-c66af800c4b8	2255	347	02ff5645-4161-49e1-be7b-c66af800c4b8	Kelsea Ballerini	https://www.last.fm/music/Kelsea+Ballerini/_/Miss+Me+More	https://www.last.fm/music/Kelsea%20Ballerini	Miss Me More	https://www.last.fm/music/Kelsea%20Ballerini/Unapologetically%20(Deluxe%20Edition)	0.0	Unapologetically (Deluxe Edition)	Motivation	Background Utility	041b081e-2506-49df-9d53-6b31d6b8ff33	5	3	fIaSWakyo48N8NBD
onion::347::b620fae2-ada5-4134-89a3-09180d583cb7	2269	347	b620fae2-ada5-4134-89a3-09180d583cb7	Halsey	https://www.last.fm/music/Halsey/_/Colors	https://www.last.fm/music/Halsey	Colors	https://www.last.fm/music/Halsey/BADLANDS	0.0	BADLANDS	Motivation	Background Utility	041b081e-2506-49df-9d53-6b31d6b8ff33	5	3	hzro8A2xxNRBXahj
onion::347::85c6006b-cde2-42f2-9226-0eb6e5a4f680	2275	347	85c6006b-cde2-42f2-9226-0eb6e5a4f680	The Struts	https://www.last.fm/music/The+Struts/_/Could+Have+Been+Me	https://www.last.fm/music/The%20Struts	Could Have Been Me	https://www.last.fm/music/The%20Struts/Everybody%20Wants	0.0	Everybody Wants	Motivation	Background Utility	041b081e-2506-49df-9d53-6b31d6b8ff33	5	3	QG2CgAe8bng1516t
onion::347::0432faf0-ea4f-4530-b117-5d456116a48f	2276	347	0432faf0-ea4f-4530-b117-5d456116a48f	Melanie Martinez	https://www.last.fm/music/Melanie+Martinez/_/Soap	https://www.last.fm/music/Melanie%20Martinez	Soap	https://www.last.fm/music/Melanie%20Martinez/Cry%20Baby%20(Deluxe%20Edition)	0.0	Cry Baby (Deluxe Edition)	Motivation	Background Utility	041b081e-2506-49df-9d53-6b31d6b8ff33	5	3	GggQl40XVYwUXsTZ
onion::348::0TZ1MAPCWb2jpaKzS5Muyz	2281	348	0TZ1MAPCWb2jpaKzS5Muyz	Streetlight Manifesto			Everything Went Numb			Everything Goes Numb	Beliefs	Political Expression	041b081e-2506-49df-9d53-6b31d6b8ff33	3	3	Xeg0EdihyYTTUHpr
onion::348::1e991f19-8062-3629-8dac-ca362dbbe461	2288	348	1e991f19-8062-3629-8dac-ca362dbbe461	Dead Kennedys	https://www.last.fm/music/Dead+Kennedys/_/Soup+Is+Good+Food	https://www.last.fm/music/Dead%20Kennedys	Soup Is Good Food	https://www.last.fm/music/Dead%20Kennedys/Frankenchrist	0.0	Frankenchrist	Beliefs	Political Expression	041b081e-2506-49df-9d53-6b31d6b8ff33	3	3	oT314YSBkzR88BFD
onion::348::5eI55IZN3ZtGp0p8J1THe0	2292	348	5eI55IZN3ZtGp0p8J1THe0	Dead Kennedys			Kill The Poor			Fresh Fruit For Rotting Vegetables	Beliefs	Political Expression	041b081e-2506-49df-9d53-6b31d6b8ff33	3	3	MpLAg4a4xmPClhV9
onion::348::3RNlXmY0mgiTXWwn0BIudY	2293	348	3RNlXmY0mgiTXWwn0BIudY	Dead Kennedys			Holiday In Cambodia			Fresh Fruit For Rotting Vegetables	Beliefs	Political Expression	041b081e-2506-49df-9d53-6b31d6b8ff33	3	3	gvw1l0oFPVpViBxv
onion::349::85c6006b-cde2-42f2-9226-0eb6e5a4f680	2299	349	85c6006b-cde2-42f2-9226-0eb6e5a4f680	The Struts	https://www.last.fm/music/The+Struts/_/Could+Have+Been+Me	https://www.last.fm/music/The%20Struts	Could Have Been Me	https://www.last.fm/music/The%20Struts/Everybody%20Wants	0.0	Everybody Wants	Emotion (regulation)	Emotional Resonance	041b081e-2506-49df-9d53-6b31d6b8ff33	4	3	QG2CgAe8bng1516t
onion::349::4d61e1f7-ba21-43e1-b841-807a07c3b180	2302	349	4d61e1f7-ba21-43e1-b841-807a07c3b180	Wrabel	https://www.last.fm/music/Wrabel/_/The+Village	https://www.last.fm/music/Wrabel	The Village	https://www.last.fm/music/Wrabel/The%20Village	0.0	The Village	Emotion (regulation)	Emotional Resonance	041b081e-2506-49df-9d53-6b31d6b8ff33	4	3	WT95PUdT8zRmJd9q
onion::349::19416b83-8ac0-41f0-8478-8cb3daac1bcf	2303	349	19416b83-8ac0-41f0-8478-8cb3daac1bcf	Mitski	https://www.last.fm/music/Mitski/_/Goodbye,+My+Danish+Sweetheart	https://www.last.fm/music/Mitski	Goodbye, My Danish Sweetheart	https://www.last.fm/music/Mitski/Retired%20from%20Sad%2C%20New%20Career%20in%20Business	0.0	Retired from Sad, New Career in Business	Emotion (regulation)	Emotional Resonance	041b081e-2506-49df-9d53-6b31d6b8ff33	4	3	NlE6greyN9xK2Goq
onion::349::57db746c-4b76-4d93-8684-17de937aad8c	2306	349	57db746c-4b76-4d93-8684-17de937aad8c	Gang of Youths	https://www.last.fm/music/Gang+of+Youths/_/Achilles+Come+Down	https://www.last.fm/music/Gang%20of%20Youths	Achilles Come Down	https://www.last.fm/music/Gang%20of%20Youths/Go%20Farther%20In%20Lightness	0.0	Go Farther In Lightness	Emotion (regulation)	Emotional Resonance	041b081e-2506-49df-9d53-6b31d6b8ff33	4	3	F1Xw1fJvVFIjOgLc
onion::349::379c9af0-97bd-497f-b4a2-65e155bdb68b	2308	349	379c9af0-97bd-497f-b4a2-65e155bdb68b	Mitski	https://www.last.fm/music/Mitski/_/Strawberry+Blond	https://www.last.fm/music/Mitski	Strawberry Blond	https://www.last.fm/music/Mitski/Retired%20from%20Sad%2C%20New%20Career%20in%20Business	0.0	Retired from Sad, New Career in Business	Emotion (regulation)	Emotional Resonance	041b081e-2506-49df-9d53-6b31d6b8ff33	4	3	H5Wee4Mqz8hHRYUs
onion::350::85c6006b-cde2-42f2-9226-0eb6e5a4f680	2324	350	85c6006b-cde2-42f2-9226-0eb6e5a4f680	The Struts	https://www.last.fm/music/The+Struts/_/Could+Have+Been+Me	https://www.last.fm/music/The%20Struts	Could Have Been Me	https://www.last.fm/music/The%20Struts/Everybody%20Wants	0.0	Everybody Wants	Stimulation	Empowerment	041b081e-2506-49df-9d53-6b31d6b8ff33	3	3	QG2CgAe8bng1516t
onion::350::177de5de-a2ff-4c8b-b0b0-01286589ad35	2327	350	177de5de-a2ff-4c8b-b0b0-01286589ad35	Arctic Monkeys	https://www.last.fm/music/Arctic+Monkeys/_/Fluorescent+Adolescent	https://www.last.fm/music/Arctic%20Monkeys	Fluorescent Adolescent	https://www.last.fm/music/Arctic%20Monkeys/Favourite%20Worst%20Nightmare%20(Standard%20Version)	0.0	Favourite Worst Nightmare (Standard Version)	Stimulation	Empowerment	041b081e-2506-49df-9d53-6b31d6b8ff33	3	3	hn1Z3OcZ4HM3hcIi
onion::350::8433db36-6de9-4efe-b838-0902ef8bef00	2328	350	8433db36-6de9-4efe-b838-0902ef8bef00	Marianas Trench	https://www.last.fm/music/Marianas+Trench/_/Celebrity+Status	https://www.last.fm/music/Marianas%20Trench	Celebrity Status	https://www.last.fm/music/Marianas%20Trench/Masterpiece%20Theatre	0.0	Masterpiece Theatre	Stimulation	Empowerment	041b081e-2506-49df-9d53-6b31d6b8ff33	3	3	828V5aP6tVssWMuX
onion::350::5a1cd5fc-58ed-47f4-ac16-7fae6b6db9bd	2332	350	5a1cd5fc-58ed-47f4-ac16-7fae6b6db9bd	Train	https://www.last.fm/music/Train/_/50+Ways+to+Say+Goodbye	https://www.last.fm/music/Train	50 Ways to Say Goodbye	https://www.last.fm/music/Train/California%2037	0.0	California 37	Stimulation	Empowerment	041b081e-2506-49df-9d53-6b31d6b8ff33	3	3	nENSBKFPxwzDHdqI
onion::351::57db746c-4b76-4d93-8684-17de937aad8c	2355	351	57db746c-4b76-4d93-8684-17de937aad8c	Gang of Youths	https://www.last.fm/music/Gang+of+Youths/_/Achilles+Come+Down	https://www.last.fm/music/Gang%20of%20Youths	Achilles Come Down	https://www.last.fm/music/Gang%20of%20Youths/Go%20Farther%20In%20Lightness	0.0	Go Farther In Lightness	Community	Community	041b081e-2506-49df-9d53-6b31d6b8ff33	4	3	F1Xw1fJvVFIjOgLc
onion::351::379c9af0-97bd-497f-b4a2-65e155bdb68b	2357	351	379c9af0-97bd-497f-b4a2-65e155bdb68b	Mitski	https://www.last.fm/music/Mitski/_/Strawberry+Blond	https://www.last.fm/music/Mitski	Strawberry Blond	https://www.last.fm/music/Mitski/Retired%20from%20Sad%2C%20New%20Career%20in%20Business	0.0	Retired from Sad, New Career in Business	Community	Community	041b081e-2506-49df-9d53-6b31d6b8ff33	4	3	H5Wee4Mqz8hHRYUs
onion::352::0a12c26b-c3be-4c9e-a963-a8719f7f2dcc	2387	352	0a12c26b-c3be-4c9e-a963-a8719f7f2dcc	TV Girl	https://www.last.fm/music/TV+Girl/_/Lovers+Rock	https://www.last.fm/music/TV%20Girl	Lovers Rock	https://www.last.fm/music/TV%20Girl/French%20Exit	0.0	French Exit	Emotion (regulation)	Emotional Resonance	304f815b-b618-40f2-b8a9-2425a9c64796	3	3	2HFsFMY433xQqSUM
onion::353::Nirvana-Radio Friendly Unit Shifter-1-43	2395	353	Nirvana-Radio Friendly Unit Shifter-1-43	Nirvana	https://www.last.fm/music/Nirvana/_/Radio+Friendly+Unit+Shifter	https://www.last.fm/music/Nirvana	Radio Friendly Unit Shifter	https://www.last.fm/music/Nirvana/In%20Utero%20(20th%20Anniversary%20Remaster)	0.0	In Utero (20th Anniversary Remaster)	Passion / Pleasure	Habitual Listening	304f815b-b618-40f2-b8a9-2425a9c64796	2	2	AEcuKpm2WKKS1KKV
onion::353::a12d01af-067b-46f5-87c3-8172d139189e	2397	353	a12d01af-067b-46f5-87c3-8172d139189e	Mick Gordon	https://www.last.fm/music/Mick+Gordon/_/BFG+Division	https://www.last.fm/music/Mick%20Gordon	BFG Division	https://www.last.fm/music/Mick%20Gordon/DOOM%20(Original%20Game%20Soundtrack)	0.0	DOOM (Original Game Soundtrack)	Passion / Pleasure	Habitual Listening	304f815b-b618-40f2-b8a9-2425a9c64796	2	2	Uz1AfrTUlwzyskyv
onion::353::28edb307-c212-3622-98b1-30db3a771028	2398	353	28edb307-c212-3622-98b1-30db3a771028	Daft Punk	https://www.last.fm/music/Daft+Punk/_/Voyager	https://www.last.fm/music/Daft%20Punk	Voyager	https://www.last.fm/music/Daft%20Punk/Discovery	0.0	Discovery	Passion / Pleasure	Habitual Listening	304f815b-b618-40f2-b8a9-2425a9c64796	2	2	6h80Ld7gYsfaRlJn
onion::354::4709d987-78ac-4b94-94fa-86c815801346	2400	354	4709d987-78ac-4b94-94fa-86c815801346	Sibylle Baier	https://www.last.fm/music/Sibylle+Baier/_/I+Lost+Something+in+the+Hills	https://www.last.fm/music/Sibylle%20Baier	I Lost Something in the Hills	https://www.last.fm/music/Sibylle%20Baier/Colour%20Green	0.0	Colour Green	(Self-) Reflection / Introspection	Self-Reflection	304f815b-b618-40f2-b8a9-2425a9c64796	2	3	Uop8gPCwESlxWLBg
onion::354::defbfcb2-7a5c-4456-be28-b7e5ccf92cc2	2401	354	defbfcb2-7a5c-4456-be28-b7e5ccf92cc2	Daft Punk	https://www.last.fm/music/Daft+Punk/_/Something+About+Us	https://www.last.fm/music/Daft%20Punk	Something About Us		0.0		(Self-) Reflection / Introspection	Self-Reflection	304f815b-b618-40f2-b8a9-2425a9c64796	2	3	SZI6pFbowlUQvZ2r
onion::354::21d7210e-7071-4b5b-abd7-2526a8808ceb	2406	354	21d7210e-7071-4b5b-abd7-2526a8808ceb	The Marías	https://www.last.fm/music/The+Mar%C3%ADas/_/Cari%C3%B1o	https://www.last.fm/music/The%20Mar%C3%ADas	Cariño	https://www.last.fm/music/The%20Mar%C3%ADas/Superclean%2C%20Vol.%20II	0.0	Superclean, Vol. II	(Self-) Reflection / Introspection	Self-Reflection	304f815b-b618-40f2-b8a9-2425a9c64796	2	3	ciRdTG6RBihqEaRe
onion::355::d612bbba-b6f9-471d-802f-bc340c93f30b	2408	355	d612bbba-b6f9-471d-802f-bc340c93f30b	elijah who	https://www.last.fm/music/elijah+who/_/this+girl	https://www.last.fm/music/elijah%20who	this girl		0.0		Motivation	Background Utility	304f815b-b618-40f2-b8a9-2425a9c64796	1	1	GPsuzzcT0hIXQ2pX
onion::356::a12d01af-067b-46f5-87c3-8172d139189e	2412	356	a12d01af-067b-46f5-87c3-8172d139189e	Mick Gordon	https://www.last.fm/music/Mick+Gordon/_/BFG+Division	https://www.last.fm/music/Mick%20Gordon	BFG Division	https://www.last.fm/music/Mick%20Gordon/DOOM%20(Original%20Game%20Soundtrack)	0.0	DOOM (Original Game Soundtrack)	Stimulation	Empowerment	304f815b-b618-40f2-b8a9-2425a9c64796	1	1	Uz1AfrTUlwzyskyv
onion::356::f3678bcf-f2f3-454b-9dac-cd7932187ee5	2413	356	f3678bcf-f2f3-454b-9dac-cd7932187ee5	Soundgarden	https://www.last.fm/music/Soundgarden/_/Mailman	https://www.last.fm/music/Soundgarden	Mailman		0.0		Stimulation	Empowerment	304f815b-b618-40f2-b8a9-2425a9c64796	1	1	zIdEdZAmE1dZ4UIS
onion::356::Nirvana-Milk It-3-19	2414	356	Nirvana-Milk It-3-19	Nirvana	https://www.last.fm/music/Nirvana/_/Milk+It	https://www.last.fm/music/Nirvana	Milk It	https://www.last.fm/music/Nirvana/In%20Utero%20(20th%20Anniversary%20Remaster)	0.0	In Utero (20th Anniversary Remaster)	Stimulation	Empowerment	304f815b-b618-40f2-b8a9-2425a9c64796	1	1	X9C8abU2VMxHdtlr
onion::357::fc98cef7-9655-4ae2-b781-3b9d98ba81d2	2421	357	fc98cef7-9655-4ae2-b781-3b9d98ba81d2	Rosemary Fairweather	https://www.last.fm/music/Rosemary+Fairweather/_/Chemicals	https://www.last.fm/music/Rosemary%20Fairweather	Chemicals	https://www.last.fm/music/Rosemary%20Fairweather/Heavenly	0.0	Heavenly	Relief	Relief	304f815b-b618-40f2-b8a9-2425a9c64796	2	4	uV1ib4MqzJWTgDkD
onion::358::28edb307-c212-3622-98b1-30db3a771028	2429	358	28edb307-c212-3622-98b1-30db3a771028	Daft Punk	https://www.last.fm/music/Daft+Punk/_/Voyager	https://www.last.fm/music/Daft%20Punk	Voyager	https://www.last.fm/music/Daft%20Punk/Discovery	0.0	Discovery	Nostalgia	Nostalgia	304f815b-b618-40f2-b8a9-2425a9c64796	1	1	6h80Ld7gYsfaRlJn
onion::360::Queens of the Stone Age-No One Knows-1-52	2438	360	Queens of the Stone Age-No One Knows-1-52	Queens of the Stone Age	https://www.last.fm/music/Queens+of+the+Stone+Age/_/No+One+Knows	https://www.last.fm/music/Queens%20of%20the%20Stone%20Age	No One Knows	https://www.last.fm/music/Queens%20of%20the%20Stone%20Age/Songs%20for%20the%20Deaf	0.0	Songs for the Deaf	Well-Being	Pleasure & Enjoyment	304f815b-b618-40f2-b8a9-2425a9c64796	2	3	LUJpPjIsr4d4IvqM
onion::360::f3678bcf-f2f3-454b-9dac-cd7932187ee5	2439	360	f3678bcf-f2f3-454b-9dac-cd7932187ee5	Soundgarden	https://www.last.fm/music/Soundgarden/_/Mailman	https://www.last.fm/music/Soundgarden	Mailman		0.0		Well-Being	Pleasure & Enjoyment	304f815b-b618-40f2-b8a9-2425a9c64796	2	3	zIdEdZAmE1dZ4UIS
onion::361::Nirvana-Something in the Way-1-257	2443	361	Nirvana-Something in the Way-1-257	Nirvana	https://www.last.fm/music/Nirvana/_/Something+in+the+Way	https://www.last.fm/music/Nirvana	Something in the Way	https://www.last.fm/music/Nirvana/Nevermind%20(Deluxe%20Edition)	0.0	Nevermind (Deluxe Edition)	Creativity	Creative Visualization	304f815b-b618-40f2-b8a9-2425a9c64796	1	1	Nl1sEvzj94qavDXi
onion::361::49790cf0-b1b4-3ff4-bb52-1fce1723ec46	2444	361	49790cf0-b1b4-3ff4-bb52-1fce1723ec46	Nirvana	https://www.last.fm/music/Nirvana/_/Polly	https://www.last.fm/music/Nirvana	Polly	https://www.last.fm/music/Nirvana/Nevermind	0.0	Nevermind	Creativity	Creative Visualization	304f815b-b618-40f2-b8a9-2425a9c64796	1	1	ts06Mc2ZwjG9P9Y6
onion::362::d54ad2cf-cc5b-4c8d-881d-f4685e12553c	2449	362	d54ad2cf-cc5b-4c8d-881d-f4685e12553c	Sia	https://www.last.fm/music/Sia/_/Chandelier	https://www.last.fm/music/Sia	Chandelier	https://www.last.fm/music/Sia/1000%20Forms%20of%20Fear%20(Deluxe%20Version)	0.0	1000 Forms of Fear (Deluxe Version)	Entertainment	Singing Along	905cf7d1-28d1-44fb-8da0-ae2e7d98fb91	3	5	zp4zYVjiH2Tm3gTM
onion::387::1a773c81-fef1-3d86-bb08-ff0a5a5879a8	2633	387	1a773c81-fef1-3d86-bb08-ff0a5a5879a8	Shiny Toy Guns	https://www.last.fm/music/Shiny+Toy+Guns/_/You+Are+the+One	https://www.last.fm/music/Shiny%20Toy%20Guns	You Are the One		0.0		Relaxing	Comfort and Security	0040039e-51a3-4545-9ca2-573a36fdd3d0	2	5	x9QADuY7eitRpqs3
onion::362::462fcc5c-30f4-43c9-83cb-c84377ab460a	2450	362	462fcc5c-30f4-43c9-83cb-c84377ab460a	Fefe Dobson	https://www.last.fm/music/Fefe+Dobson/_/Stuttering	https://www.last.fm/music/Fefe%20Dobson	Stuttering	https://www.last.fm/music/Fefe%20Dobson/Joy	0.0	Joy	Entertainment	Singing Along	905cf7d1-28d1-44fb-8da0-ae2e7d98fb91	3	5	rgm9fY9tigHXUzzD
onion::362::Imagine Dragons-Demons-1-155	2452	362	Imagine Dragons-Demons-1-155	Imagine Dragons	https://www.last.fm/music/Imagine+Dragons/_/Demons	https://www.last.fm/music/Imagine%20Dragons	Demons	https://www.last.fm/music/Imagine%20Dragons/Night%20Visions	0.0	Night Visions	Entertainment	Singing Along	905cf7d1-28d1-44fb-8da0-ae2e7d98fb91	3	5	lZDk11KaRskQqhWf
onion::363::5WQQIDU3HRaMyPkob8mpFb	2455	363	5WQQIDU3HRaMyPkob8mpFb	Rihanna	spotify:track:5WQQIDU3HRaMyPkob8mpFb	spotify:artist:5pKCCKE2ajJHZ9KAiaK11H	Where Have You Been	spotify:album:2g1EakEaW7fPTZC6vBmBCn	242680.0	Talk That Talk	Well-Being	Pleasure & Enjoyment	905cf7d1-28d1-44fb-8da0-ae2e7d98fb91	4	5	lfh4KdUXOLvYYrTi
onion::363::02856e1d-eac1-46d9-b0a8-8a01d6b7800e	2456	363	02856e1d-eac1-46d9-b0a8-8a01d6b7800e	Avril Lavigne	https://www.last.fm/music/Avril+Lavigne/_/Smile	https://www.last.fm/music/Avril%20Lavigne	Smile	https://www.last.fm/music/Avril%20Lavigne/Goodbye%20Lullaby%20(Expanded%20Edition)	0.0	Goodbye Lullaby (Expanded Edition)	Well-Being	Pleasure & Enjoyment	905cf7d1-28d1-44fb-8da0-ae2e7d98fb91	4	5	d7vF3ohcsKQRg5ii
onion::365::Imagine Dragons-Demons-1-155	2468	365	Imagine Dragons-Demons-1-155	Imagine Dragons	https://www.last.fm/music/Imagine+Dragons/_/Demons	https://www.last.fm/music/Imagine%20Dragons	Demons	https://www.last.fm/music/Imagine%20Dragons/Night%20Visions	0.0	Night Visions	Relaxing	Comfort and Security	905cf7d1-28d1-44fb-8da0-ae2e7d98fb91	2	4	lZDk11KaRskQqhWf
onion::366::Train-Drive By-1-132	2471	366	Train-Drive By-1-132	Train	https://www.last.fm/music/Train/_/Drive+By	https://www.last.fm/music/Train	Drive By	https://www.last.fm/music/Train/California%2037	0.0	California 37	Nostalgia	Nostalgia	905cf7d1-28d1-44fb-8da0-ae2e7d98fb91	2	4	3CMAkskNLzJlfREr
onion::366::Lukas Graham-7 Years-1-151	2472	366	Lukas Graham-7 Years-1-151	Lukas Graham	https://www.last.fm/music/Lukas+Graham/_/7+Years	https://www.last.fm/music/Lukas%20Graham	7 Years	https://www.last.fm/music/Lukas%20Graham/Lukas%20Graham	0.0	Lukas Graham	Nostalgia	Nostalgia	905cf7d1-28d1-44fb-8da0-ae2e7d98fb91	2	4	cQhRyoaFQ1aol9sh
onion::366::Justin Bieber-Beauty and a Beat-1-222	2473	366	Justin Bieber-Beauty and a Beat-1-222	Justin Bieber	https://www.last.fm/music/Justin+Bieber/_/Beauty+and+a+Beat	https://www.last.fm/music/Justin%20Bieber	Beauty and a Beat	https://www.last.fm/music/Justin%20Bieber/Believe%20(Deluxe%20Edition)	0.0	Believe (Deluxe Edition)	Nostalgia	Nostalgia	905cf7d1-28d1-44fb-8da0-ae2e7d98fb91	2	4	cdU4raLxkAChxEE4
onion::367::e25ec73c-2b28-4a5e-a269-f5131167ed27	2480	367	e25ec73c-2b28-4a5e-a269-f5131167ed27	Wheatus	https://www.last.fm/music/Wheatus/_/Teenage+Dirtbag	https://www.last.fm/music/Wheatus	Teenage Dirtbag	https://www.last.fm/music/Wheatus/Wheatus	0.0	Wheatus	Admiration / Connection to artist	Musician Identification	905cf7d1-28d1-44fb-8da0-ae2e7d98fb91	3	4	CGNhtZMctV4KfLwO
onion::367::018f3868-f2cf-3be4-926e-9bb73529d39a	2481	367	018f3868-f2cf-3be4-926e-9bb73529d39a	Panic! at the Disco	https://www.last.fm/music/Panic!+at+the+Disco/_/Hurricane	https://www.last.fm/music/Panic!%20at%20the%20Disco	Hurricane	https://www.last.fm/music/Panic!%20at%20the%20Disco/Vices%20%26%20Virtues	0.0	Vices & Virtues	Admiration / Connection to artist	Musician Identification	905cf7d1-28d1-44fb-8da0-ae2e7d98fb91	3	4	czEp8aGZsN9e45Ko
onion::368::0fca482b-893d-4cdf-ad41-c5ca900fab7b	2486	368	0fca482b-893d-4cdf-ad41-c5ca900fab7b	Camila Cabello	https://www.last.fm/music/Camila+Cabello/_/Real+Friends	https://www.last.fm/music/Camila%20Cabello	Real Friends	https://www.last.fm/music/Camila%20Cabello/Real%20Friends	0.0	Real Friends	Motivation	Background Utility	905cf7d1-28d1-44fb-8da0-ae2e7d98fb91	2	3	7Eanr6RbbsFL4KSn
onion::370::ea31f8e4-9925-40dd-b37d-bd37ef3918c6	2495	370	ea31f8e4-9925-40dd-b37d-bd37ef3918c6	Zara Larsson	https://www.last.fm/music/Zara+Larsson/_/Lush+Life	https://www.last.fm/music/Zara%20Larsson	Lush Life	https://www.last.fm/music/Zara%20Larsson/So%20Good	0.0	So Good	Mood Enhancement	Cheerfulness	905cf7d1-28d1-44fb-8da0-ae2e7d98fb91	3	3	mUw1ozrXvG4WXXlk
onion::370::1ab5a945-b17a-438f-b217-20e34126cf73	2496	370	1ab5a945-b17a-438f-b217-20e34126cf73	Nicki Minaj	https://www.last.fm/music/Nicki+Minaj/_/Starships	https://www.last.fm/music/Nicki%20Minaj	Starships	https://www.last.fm/music/Nicki%20Minaj/Pink%20Friday%20...%20Roman%20Reloaded	0.0	Pink Friday ... Roman Reloaded	Mood Enhancement	Cheerfulness	905cf7d1-28d1-44fb-8da0-ae2e7d98fb91	3	3	9ZtfD8gBZXonrJKX
onion::371::018f3868-f2cf-3be4-926e-9bb73529d39a	2500	371	018f3868-f2cf-3be4-926e-9bb73529d39a	Panic! at the Disco	https://www.last.fm/music/Panic!+at+the+Disco/_/Hurricane	https://www.last.fm/music/Panic!%20at%20the%20Disco	Hurricane	https://www.last.fm/music/Panic!%20at%20the%20Disco/Vices%20%26%20Virtues	0.0	Vices & Virtues	Bonding / Connection to others	Shared Taste	905cf7d1-28d1-44fb-8da0-ae2e7d98fb91	2	4	czEp8aGZsN9e45Ko
onion::371::025deb53-07b3-4531-90ff-7915f9416611	2501	371	025deb53-07b3-4531-90ff-7915f9416611	Paramore	https://www.last.fm/music/Paramore/_/Misery+Business	https://www.last.fm/music/Paramore	Misery Business	https://www.last.fm/music/Paramore/RIOT!	0.0	RIOT!	Bonding / Connection to others	Shared Taste	905cf7d1-28d1-44fb-8da0-ae2e7d98fb91	2	4	JdKYM8BZEjL8VmSe
onion::372::9189cd43-6dc4-4711-a286-ebd76989e02a	2507	372	9189cd43-6dc4-4711-a286-ebd76989e02a	Queens of the Stone Age	https://www.last.fm/music/Queens+of+the+Stone+Age/_/Go+With+the+Flow	https://www.last.fm/music/Queens%20of%20the%20Stone%20Age	Go With the Flow	https://www.last.fm/music/Queens%20of%20the%20Stone%20Age/Songs%20for%20the%20Deaf	0.0	Songs for the Deaf	Well-Being	Pleasure & Enjoyment	0993fd1b-27b0-43a3-9683-936ef8759c4a	2	4	RpCDsu2bcEjmqCi9
onion::373::8d3e88ff-e3df-488a-a447-c85c072faa9f	2511	373	8d3e88ff-e3df-488a-a447-c85c072faa9f	Ensiferum	https://www.last.fm/music/Ensiferum/_/In+My+Sword+I+Trust	https://www.last.fm/music/Ensiferum	In My Sword I Trust	https://www.last.fm/music/Ensiferum/Unsung%20Heroes%20(Japan%20Version)	0.0	Unsung Heroes (Japan Version)	Mood Enhancement	Cheerfulness	0993fd1b-27b0-43a3-9683-936ef8759c4a	2	3	Fy5gtALBciQO5osK
onion::374::67c86035-7b1b-4400-9b65-3e5747a1e78f	2515	374	67c86035-7b1b-4400-9b65-3e5747a1e78f	Smash Mouth	https://www.last.fm/music/Smash+Mouth/_/All+Star	https://www.last.fm/music/Smash%20Mouth	All Star		0.0		Stimulation	Empowerment	0993fd1b-27b0-43a3-9683-936ef8759c4a	1	2	oqLVWJQ5bISwcFRb
onion::374::20b0cbf8-12bd-4b69-a089-de2994b5a6d5	2517	374	20b0cbf8-12bd-4b69-a089-de2994b5a6d5	Lord Huron	https://www.last.fm/music/Lord+Huron/_/The+Night+We+Met	https://www.last.fm/music/Lord%20Huron	The Night We Met		0.0		Stimulation	Empowerment	0993fd1b-27b0-43a3-9683-936ef8759c4a	1	2	sb8ULf4OH9FatySd
onion::376::81105c39-2634-3483-90e7-27b5c733c353	2529	376	81105c39-2634-3483-90e7-27b5c733c353	Metallica	https://www.last.fm/music/Metallica/_/Hero+of+the+Day	https://www.last.fm/music/Metallica	Hero of the Day	https://www.last.fm/music/Metallica/Load	0.0	Load	Motivation	Background Utility	0993fd1b-27b0-43a3-9683-936ef8759c4a	1	2	R6VZ1f88hxV8h2VO
onion::378::Warren G-Regulate-1-273	2538	378	Warren G-Regulate-1-273	Warren G	https://www.last.fm/music/Warren+G/_/Regulate	https://www.last.fm/music/Warren%20G	Regulate	https://www.last.fm/music/Warren%20G/Regulate...G%20Funk%20Era	0.0	Regulate...G Funk Era	Enjoyment	Time Passing	0993fd1b-27b0-43a3-9683-936ef8759c4a	2	3	lbJcVykwLxbW68zC
onion::378::bacecb3d-a57e-44ea-8c2e-fee8932dfd0c	2539	378	bacecb3d-a57e-44ea-8c2e-fee8932dfd0c	Judas Priest	https://www.last.fm/music/Judas+Priest/_/Electric+Eye	https://www.last.fm/music/Judas%20Priest	Electric Eye	https://www.last.fm/music/Judas%20Priest/Screaming%20For%20Vengeance%20(Expanded%20Edition)	0.0	Screaming For Vengeance (Expanded Edition)	Enjoyment	Time Passing	0993fd1b-27b0-43a3-9683-936ef8759c4a	2	3	T2SwNxK670qjCEIR
onion::382::2cb2b0cf-39db-3ed9-bc8d-e92ebe23a76a	2556	382	2cb2b0cf-39db-3ed9-bc8d-e92ebe23a76a	Rush	https://www.last.fm/music/Rush/_/The+Garden	https://www.last.fm/music/Rush	The Garden	https://www.last.fm/music/Rush/Clockwork%20Angels	0.0	Clockwork Angels	Nostalgia	Nostalgia	0040039e-51a3-4545-9ca2-573a36fdd3d0	2	5	OTSPDyJXwnIsqGTi
onion::382::Rush-Subdivisions-2-126	2557	382	Rush-Subdivisions-2-126	Rush	https://www.last.fm/music/Rush/_/Subdivisions	https://www.last.fm/music/Rush	Subdivisions	https://www.last.fm/music/Rush/Signals	0.0	Signals	Nostalgia	Nostalgia	0040039e-51a3-4545-9ca2-573a36fdd3d0	2	5	3F0FtztEXfHzblDe
onion::382::6f5ce751-ba1e-479c-a6db-42bcc9b266a4	2558	382	6f5ce751-ba1e-479c-a6db-42bcc9b266a4	Rush	https://www.last.fm/music/Rush/_/Tom+Sawyer	https://www.last.fm/music/Rush	Tom Sawyer	https://www.last.fm/music/Rush/Moving%20Pictures%20(Original%20Japan%20CD%20FLAC%20EX%20Version)%20(1981)	0.0	Moving Pictures (Original Japan CD FLAC EX Version) (1981)	Nostalgia	Nostalgia	0040039e-51a3-4545-9ca2-573a36fdd3d0	2	5	D9hbL7FCPq1r3x4z
onion::382::Rush-Time Stand Still-1-61	2559	382	Rush-Time Stand Still-1-61	Rush	https://www.last.fm/music/Rush/_/Time+Stand+Still	https://www.last.fm/music/Rush	Time Stand Still	https://www.last.fm/music/Rush/Hold%20Your%20Fire%20(1987)	0.0	Hold Your Fire (1987)	Nostalgia	Nostalgia	0040039e-51a3-4545-9ca2-573a36fdd3d0	2	5	bsLMMYztWo0jMzvV
onion::382::3agtg0x11wPvLIWkYR39nZ	2564	382	3agtg0x11wPvLIWkYR39nZ	Linkin Park			Somewhere I Belong			Meteora	Nostalgia	Nostalgia	0040039e-51a3-4545-9ca2-573a36fdd3d0	2	5	DS9mtQE8hApjqjCz
onion::383::732f7cf2-c09d-3af9-ba35-ac44210fe129	2565	383	732f7cf2-c09d-3af9-ba35-ac44210fe129	Rush	https://www.last.fm/music/Rush/_/Bravado	https://www.last.fm/music/Rush	Bravado	https://www.last.fm/music/Rush/Roll%20the%20Bones	0.0	Roll the Bones	Emotion (regulation)	Emotional Resonance	0040039e-51a3-4545-9ca2-573a36fdd3d0	3	5	k9fQ3cBVGl8LOjmh
onion::383::85e37252-a010-4450-a0dc-de5da8222d69	2567	383	85e37252-a010-4450-a0dc-de5da8222d69	Rush	https://www.last.fm/music/Rush/_/Driven	https://www.last.fm/music/Rush	Driven	https://www.last.fm/music/Rush/Test%20for%20Echo	0.0	Test for Echo	Emotion (regulation)	Emotional Resonance	0040039e-51a3-4545-9ca2-573a36fdd3d0	3	5	BUL6RzlljNaf6S3T
onion::383::0b9db2ef-7847-3bf2-b28a-789f41c3d451	2568	383	0b9db2ef-7847-3bf2-b28a-789f41c3d451	Rush	https://www.last.fm/music/Rush/_/Prime+Mover	https://www.last.fm/music/Rush	Prime Mover	https://www.last.fm/music/Rush/Hold%20Your%20Fire	0.0	Hold Your Fire	Emotion (regulation)	Emotional Resonance	0040039e-51a3-4545-9ca2-573a36fdd3d0	3	5	o3Z55a2wdvE3s8ms
onion::383::Rush-Time Stand Still-1-61	2569	383	Rush-Time Stand Still-1-61	Rush	https://www.last.fm/music/Rush/_/Time+Stand+Still	https://www.last.fm/music/Rush	Time Stand Still	https://www.last.fm/music/Rush/Hold%20Your%20Fire%20(1987)	0.0	Hold Your Fire (1987)	Emotion (regulation)	Emotional Resonance	0040039e-51a3-4545-9ca2-573a36fdd3d0	3	5	bsLMMYztWo0jMzvV
onion::383::3xXBsjrbG1xQIm1xv1cKOt	2573	383	3xXBsjrbG1xQIm1xv1cKOt	Linkin Park			One More Light			One More Light	Emotion (regulation)	Emotional Resonance	0040039e-51a3-4545-9ca2-573a36fdd3d0	3	5	rM34SdJtkGaIxRHy
onion::383::1a773c81-fef1-3d86-bb08-ff0a5a5879a8	2574	383	1a773c81-fef1-3d86-bb08-ff0a5a5879a8	Shiny Toy Guns	https://www.last.fm/music/Shiny+Toy+Guns/_/You+Are+the+One	https://www.last.fm/music/Shiny%20Toy%20Guns	You Are the One		0.0		Emotion (regulation)	Emotional Resonance	0040039e-51a3-4545-9ca2-573a36fdd3d0	3	5	x9QADuY7eitRpqs3
onion::383::2cb2b0cf-39db-3ed9-bc8d-e92ebe23a76a	2575	383	2cb2b0cf-39db-3ed9-bc8d-e92ebe23a76a	Rush	https://www.last.fm/music/Rush/_/The+Garden	https://www.last.fm/music/Rush	The Garden	https://www.last.fm/music/Rush/Clockwork%20Angels	0.0	Clockwork Angels	Emotion (regulation)	Emotional Resonance	0040039e-51a3-4545-9ca2-573a36fdd3d0	3	5	OTSPDyJXwnIsqGTi
onion::383::17e20220-e3cf-4555-b9c5-a60d8493bb70	2577	383	17e20220-e3cf-4555-b9c5-a60d8493bb70	Rush	https://www.last.fm/music/Rush/_/Mission	https://www.last.fm/music/Rush	Mission	https://www.last.fm/music/Rush/Hold%20Your%20Fire	0.0	Hold Your Fire	Emotion (regulation)	Emotional Resonance	0040039e-51a3-4545-9ca2-573a36fdd3d0	3	5	JTbvJI8lNUTib1O5
onion::383::0d478eb9-d959-3371-b9be-8c0b829f787f	2580	383	0d478eb9-d959-3371-b9be-8c0b829f787f	Rush	https://www.last.fm/music/Rush/_/BU2B	https://www.last.fm/music/Rush	BU2B	https://www.last.fm/music/Rush/Clockwork%20Angels	0.0	Clockwork Angels	Emotion (regulation)	Emotional Resonance	0040039e-51a3-4545-9ca2-573a36fdd3d0	3	5	4W3D6JZ2XeBFekMk
onion::383::065e82d4-14b8-40f4-a071-cb05624761b1	2581	383	065e82d4-14b8-40f4-a071-cb05624761b1	Rush	https://www.last.fm/music/Rush/_/The+Anarchist	https://www.last.fm/music/Rush	The Anarchist	https://www.last.fm/music/Rush/Clockwork%20Angels	0.0	Clockwork Angels	Emotion (regulation)	Emotional Resonance	0040039e-51a3-4545-9ca2-573a36fdd3d0	3	5	D5UGmfg3Wf8IM1M7
onion::383::11006873-7356-490c-8f53-adfb1fc42fad	2582	383	11006873-7356-490c-8f53-adfb1fc42fad	Rush	https://www.last.fm/music/Rush/_/Middletown+Dreams	https://www.last.fm/music/Rush	Middletown Dreams	https://www.last.fm/music/Rush/Power%20Windows	0.0	Power Windows	Emotion (regulation)	Emotional Resonance	0040039e-51a3-4545-9ca2-573a36fdd3d0	3	5	AMYrqm3QgrbLmUZ6
onion::383::94b526e2-05c9-4d7b-ab2b-0774fd0f4e70	2583	383	94b526e2-05c9-4d7b-ab2b-0774fd0f4e70	Rush	https://www.last.fm/music/Rush/_/Witch+Hunt	https://www.last.fm/music/Rush	Witch Hunt	https://www.last.fm/music/Rush/A%20Show%20Of%20Hands	0.0	A Show Of Hands	Emotion (regulation)	Emotional Resonance	0040039e-51a3-4545-9ca2-573a36fdd3d0	3	5	kQIt2ne07iBeEmQB
onion::383::058eec98-c257-3c13-9f89-6ff4def52ec5	2584	383	058eec98-c257-3c13-9f89-6ff4def52ec5	Rush	https://www.last.fm/music/Rush/_/Territories	https://www.last.fm/music/Rush	Territories	https://www.last.fm/music/Rush/Power%20Windows	0.0	Power Windows	Emotion (regulation)	Emotional Resonance	0040039e-51a3-4545-9ca2-573a36fdd3d0	3	5	C7TXpNVwnPQKuMR7
onion::383::021a6f25-697c-3149-bc61-1638e0cfa868	2585	383	021a6f25-697c-3149-bc61-1638e0cfa868	Rush	https://www.last.fm/music/Rush/_/Mystic+Rhythms	https://www.last.fm/music/Rush	Mystic Rhythms	https://www.last.fm/music/Rush/Power%20Windows	0.0	Power Windows	Emotion (regulation)	Emotional Resonance	0040039e-51a3-4545-9ca2-573a36fdd3d0	3	5	M2U3z3OqV8u6T8FT
onion::384::114fa23d-0966-371a-8955-e303b9083826	2588	384	114fa23d-0966-371a-8955-e303b9083826	Rush	https://www.last.fm/music/Rush/_/Open+Secrets	https://www.last.fm/music/Rush	Open Secrets	https://www.last.fm/music/Rush/Hold%20Your%20Fire%20(1987)	0.0	Hold Your Fire (1987)	(Self-) Reflection / Introspection	Self-Reflection	0040039e-51a3-4545-9ca2-573a36fdd3d0	2	5	jwsubef8YSRz8SAo
onion::384::Rush-Subdivisions-1-82	2590	384	Rush-Subdivisions-1-82	Rush	https://www.last.fm/music/Rush/_/Subdivisions	https://www.last.fm/music/Rush	Subdivisions	https://www.last.fm/music/Rush/A%20Show%20Of%20Hands	0.0	A Show Of Hands	(Self-) Reflection / Introspection	Self-Reflection	0040039e-51a3-4545-9ca2-573a36fdd3d0	2	5	3F0FtztEXfHzblDe
onion::384::03886a13-d7c1-3e0b-87e9-8ca42627c2e8	2591	384	03886a13-d7c1-3e0b-87e9-8ca42627c2e8	Rush	https://www.last.fm/music/Rush/_/Losing+It	https://www.last.fm/music/Rush	Losing It	https://www.last.fm/music/Rush/Signals%20(Japan%20First%20Issue%20CD%20FLAC%20EX%20Version)%20(1982)	0.0	Signals (Japan First Issue CD FLAC EX Version) (1982)	(Self-) Reflection / Introspection	Self-Reflection	0040039e-51a3-4545-9ca2-573a36fdd3d0	2	5	U0aWE15iG1qFq5oI
onion::384::fdb4a7e9-7418-45a7-b8a2-a553ab77d9b2	2593	384	fdb4a7e9-7418-45a7-b8a2-a553ab77d9b2	Rush	https://www.last.fm/music/Rush/_/Entre+Nous	https://www.last.fm/music/Rush	Entre Nous	https://www.last.fm/music/Rush/Permanent%20Waves	0.0	Permanent Waves	(Self-) Reflection / Introspection	Self-Reflection	0040039e-51a3-4545-9ca2-573a36fdd3d0	2	5	6UbZl1t1dY2BnJsw
onion::384::1a773c81-fef1-3d86-bb08-ff0a5a5879a8	2599	384	1a773c81-fef1-3d86-bb08-ff0a5a5879a8	Shiny Toy Guns	https://www.last.fm/music/Shiny+Toy+Guns/_/You+Are+the+One	https://www.last.fm/music/Shiny%20Toy%20Guns	You Are the One		0.0		(Self-) Reflection / Introspection	Self-Reflection	0040039e-51a3-4545-9ca2-573a36fdd3d0	2	5	x9QADuY7eitRpqs3
onion::384::custom-1766355406863	2600	384	custom-1766355406863	Shiny Toy Guns			Stripped		0.0		(Self-) Reflection / Introspection	Self-Reflection	0040039e-51a3-4545-9ca2-573a36fdd3d0	2	5	GEHqrzXojqOo3pKD
onion::384::6f28ef7c-7da4-4408-9ec5-b66d95c2592c	2602	384	6f28ef7c-7da4-4408-9ec5-b66d95c2592c	Rush	https://www.last.fm/music/Rush/_/Virtuality	https://www.last.fm/music/Rush	Virtuality	https://www.last.fm/music/Rush/Test%20for%20Echo	0.0	Test for Echo	(Self-) Reflection / Introspection	Self-Reflection	0040039e-51a3-4545-9ca2-573a36fdd3d0	2	5	8hPAjdpB6JHkbbf2
onion::384::3e968c82-8449-3249-a5c3-180d14f1268b	2603	384	3e968c82-8449-3249-a5c3-180d14f1268b	Shiny Toy Guns	https://www.last.fm/music/Shiny+Toy+Guns/_/Rainy+Monday	https://www.last.fm/music/Shiny%20Toy%20Guns	Rainy Monday	https://www.last.fm/music/Shiny%20Toy%20Guns/We%20Are%20Pilots	0.0	We Are Pilots	(Self-) Reflection / Introspection	Self-Reflection	0040039e-51a3-4545-9ca2-573a36fdd3d0	2	5	XfNurIuPSNa8dQ6Q
onion::385::6e25e058-766a-4f98-a1ae-036acfe5a74f	2604	385	6e25e058-766a-4f98-a1ae-036acfe5a74f	Rush	https://www.last.fm/music/Rush/_/Red+Barchetta	https://www.last.fm/music/Rush	Red Barchetta	https://www.last.fm/music/Rush/Moving%20Pictures	0.0	Moving Pictures	Well-Being	Pleasure & Enjoyment	0040039e-51a3-4545-9ca2-573a36fdd3d0	3	5	28gEuy7QQgp9gNNx
onion::385::6f5ce751-ba1e-479c-a6db-42bcc9b266a4	2605	385	6f5ce751-ba1e-479c-a6db-42bcc9b266a4	Rush	https://www.last.fm/music/Rush/_/Tom+Sawyer	https://www.last.fm/music/Rush	Tom Sawyer	https://www.last.fm/music/Rush/Moving%20Pictures%20(Original%20Japan%20CD%20FLAC%20EX%20Version)%20(1981)	0.0	Moving Pictures (Original Japan CD FLAC EX Version) (1981)	Well-Being	Pleasure & Enjoyment	0040039e-51a3-4545-9ca2-573a36fdd3d0	3	5	D9hbL7FCPq1r3x4z
onion::385::8d75eebb-a623-31a1-88df-24c99613c961	2606	385	8d75eebb-a623-31a1-88df-24c99613c961	Rush	https://www.last.fm/music/Rush/_/Freewill	https://www.last.fm/music/Rush	Freewill	https://www.last.fm/music/Rush/Permanent%20Waves	0.0	Permanent Waves	Well-Being	Pleasure & Enjoyment	0040039e-51a3-4545-9ca2-573a36fdd3d0	3	5	2fMVrcGwcE2faINe
onion::385::Rush-Time Stand Still-1-61	2608	385	Rush-Time Stand Still-1-61	Rush	https://www.last.fm/music/Rush/_/Time+Stand+Still	https://www.last.fm/music/Rush	Time Stand Still	https://www.last.fm/music/Rush/Hold%20Your%20Fire%20(1987)	0.0	Hold Your Fire (1987)	Well-Being	Pleasure & Enjoyment	0040039e-51a3-4545-9ca2-573a36fdd3d0	3	5	bsLMMYztWo0jMzvV
onion::385::1a773c81-fef1-3d86-bb08-ff0a5a5879a8	2612	385	1a773c81-fef1-3d86-bb08-ff0a5a5879a8	Shiny Toy Guns	https://www.last.fm/music/Shiny+Toy+Guns/_/You+Are+the+One	https://www.last.fm/music/Shiny%20Toy%20Guns	You Are the One		0.0		Well-Being	Pleasure & Enjoyment	0040039e-51a3-4545-9ca2-573a36fdd3d0	3	5	x9QADuY7eitRpqs3
onion::385::0b9db2ef-7847-3bf2-b28a-789f41c3d451	2614	385	0b9db2ef-7847-3bf2-b28a-789f41c3d451	Rush	https://www.last.fm/music/Rush/_/Prime+Mover	https://www.last.fm/music/Rush	Prime Mover	https://www.last.fm/music/Rush/Hold%20Your%20Fire	0.0	Hold Your Fire	Well-Being	Pleasure & Enjoyment	0040039e-51a3-4545-9ca2-573a36fdd3d0	3	5	o3Z55a2wdvE3s8ms
onion::385::29bf1b24-6f8a-46be-b510-e1c8160423c3	2616	385	29bf1b24-6f8a-46be-b510-e1c8160423c3	Rush	https://www.last.fm/music/Rush/_/Grand+Designs	https://www.last.fm/music/Rush	Grand Designs	https://www.last.fm/music/Rush/Power%20Windows	0.0	Power Windows	Well-Being	Pleasure & Enjoyment	0040039e-51a3-4545-9ca2-573a36fdd3d0	3	5	Lgxr23kxIralNyF2
onion::386::6fc346e8-dc4d-470f-bd45-348484580707	2618	386	6fc346e8-dc4d-470f-bd45-348484580707	Incubus	https://www.last.fm/music/Incubus/_/Wish+You+Were+Here	https://www.last.fm/music/Incubus	Wish You Were Here	https://www.last.fm/music/Incubus/Wish%20You%20Were%20Here	0.0	Wish You Were Here	Relief	Relief	0040039e-51a3-4545-9ca2-573a36fdd3d0	2	5	XqOV1T6nanrsoqh0
onion::386::03886a13-d7c1-3e0b-87e9-8ca42627c2e8	2623	386	03886a13-d7c1-3e0b-87e9-8ca42627c2e8	Rush	https://www.last.fm/music/Rush/_/Losing+It	https://www.last.fm/music/Rush	Losing It	https://www.last.fm/music/Rush/Signals%20(Japan%20First%20Issue%20CD%20FLAC%20EX%20Version)%20(1982)	0.0	Signals (Japan First Issue CD FLAC EX Version) (1982)	Relief	Relief	0040039e-51a3-4545-9ca2-573a36fdd3d0	2	5	U0aWE15iG1qFq5oI
onion::386::2cb2b0cf-39db-3ed9-bc8d-e92ebe23a76a	2624	386	2cb2b0cf-39db-3ed9-bc8d-e92ebe23a76a	Rush	https://www.last.fm/music/Rush/_/The+Garden	https://www.last.fm/music/Rush	The Garden	https://www.last.fm/music/Rush/Clockwork%20Angels	0.0	Clockwork Angels	Relief	Relief	0040039e-51a3-4545-9ca2-573a36fdd3d0	2	5	OTSPDyJXwnIsqGTi
onion::387::6e25e058-766a-4f98-a1ae-036acfe5a74f	2627	387	6e25e058-766a-4f98-a1ae-036acfe5a74f	Rush	https://www.last.fm/music/Rush/_/Red+Barchetta	https://www.last.fm/music/Rush	Red Barchetta	https://www.last.fm/music/Rush/Moving%20Pictures	0.0	Moving Pictures	Relaxing	Comfort and Security	0040039e-51a3-4545-9ca2-573a36fdd3d0	2	5	28gEuy7QQgp9gNNx
onion::387::51199a4e-ee3c-3d4e-a028-abd227a25a00	2630	387	51199a4e-ee3c-3d4e-a028-abd227a25a00	Rush	https://www.last.fm/music/Rush/_/Vital+Signs	https://www.last.fm/music/Rush	Vital Signs	https://www.last.fm/music/Rush/Moving%20Pictures%20(Original%20Japan%20CD%20FLAC%20EX%20Version)%20(1981)	0.0	Moving Pictures (Original Japan CD FLAC EX Version) (1981)	Relaxing	Comfort and Security	0040039e-51a3-4545-9ca2-573a36fdd3d0	2	5	V16eWj1Wb8MRIShx
onion::387::afdd18a5-3fd8-4407-93e9-8445298aaf6f	2634	387	afdd18a5-3fd8-4407-93e9-8445298aaf6f	Evanescence	https://www.last.fm/music/Evanescence/_/Going+Under	https://www.last.fm/music/Evanescence	Going Under	https://www.last.fm/music/Evanescence/Fallen	0.0	Fallen	Relaxing	Comfort and Security	0040039e-51a3-4545-9ca2-573a36fdd3d0	2	5	zIZSvOapdL86W6fA
onion::387::7a777d0e-2639-47f5-bfcb-347a669a9396	2635	387	7a777d0e-2639-47f5-bfcb-347a669a9396	Duran Duran	https://www.last.fm/music/Duran+Duran/_/Come+Undone	https://www.last.fm/music/Duran%20Duran	Come Undone	https://www.last.fm/music/Duran%20Duran/Duran%20Duran	0.0	Duran Duran	Relaxing	Comfort and Security	0040039e-51a3-4545-9ca2-573a36fdd3d0	2	5	f87VuyyZBMlzKCEu
onion::388::16b4dade-ce43-3273-8eca-463edd901607	2637	388	16b4dade-ce43-3273-8eca-463edd901607	Kylie Minogue	https://www.last.fm/music/Kylie+Minogue/_/Koocachoo	https://www.last.fm/music/Kylie%20Minogue	Koocachoo	https://www.last.fm/music/Kylie%20Minogue/Light%20Years	0.0	Light Years	Well-Being	Pleasure & Enjoyment	5cc0e07c-1db2-4222-bc95-2c8be1878a9d	5	5	3qUCyk5yGaWFv5Gk
onion::388::a8d07bf7-e557-4057-b503-d9d3181e7151	2639	388	a8d07bf7-e557-4057-b503-d9d3181e7151	Madonna	https://www.last.fm/music/Madonna/_/Dress+You+Up	https://www.last.fm/music/Madonna	Dress You Up	https://www.last.fm/music/Madonna/Like%20a%20Virgin	0.0	Like a Virgin	Well-Being	Pleasure & Enjoyment	5cc0e07c-1db2-4222-bc95-2c8be1878a9d	5	5	P5PhnAUrO7gutVQe
onion::388::0d95ae0c-87d8-49e3-a690-12f5de5cd156	2640	388	0d95ae0c-87d8-49e3-a690-12f5de5cd156	Janet Jackson	https://www.last.fm/music/Janet+Jackson/_/Rhythm+Nation	https://www.last.fm/music/Janet%20Jackson	Rhythm Nation	https://www.last.fm/music/Janet%20Jackson/Rhythm%20Nation%201814	0.0	Rhythm Nation 1814	Well-Being	Pleasure & Enjoyment	5cc0e07c-1db2-4222-bc95-2c8be1878a9d	5	5	kVWyV5G2YUGlkSEu
onion::389::6193b553-c2bf-410d-9bfc-d950681510ea	2647	389	6193b553-c2bf-410d-9bfc-d950681510ea	Linkin Park	https://www.last.fm/music/Linkin+Park/_/Papercut	https://www.last.fm/music/Linkin%20Park	Papercut	https://www.last.fm/music/Linkin%20Park/Hybrid%20Theory%20(Bonus%20Edition)	0.0	Hybrid Theory (Bonus Edition)	Connection / Belonging	Connection / Belonging	0040039e-51a3-4545-9ca2-573a36fdd3d0	2	4	Z7QnpPTgYsc4TVLA
onion::389::Rush-Time Stand Still-1-61	2648	389	Rush-Time Stand Still-1-61	Rush	https://www.last.fm/music/Rush/_/Time+Stand+Still	https://www.last.fm/music/Rush	Time Stand Still	https://www.last.fm/music/Rush/Hold%20Your%20Fire%20(1987)	0.0	Hold Your Fire (1987)	Connection / Belonging	Connection / Belonging	0040039e-51a3-4545-9ca2-573a36fdd3d0	2	4	bsLMMYztWo0jMzvV
onion::390::5f2f525d-971c-4698-a515-bab4bd609121	2653	390	5f2f525d-971c-4698-a515-bab4bd609121	Rush	https://www.last.fm/music/Rush/_/Superconductor	https://www.last.fm/music/Rush	Superconductor	https://www.last.fm/music/Rush/Presto	0.0	Presto	Mood Enhancement	Cheerfulness	0040039e-51a3-4545-9ca2-573a36fdd3d0	2	5	e3gQFiidNo6nttBX
onion::390::51199a4e-ee3c-3d4e-a028-abd227a25a00	2654	390	51199a4e-ee3c-3d4e-a028-abd227a25a00	Rush	https://www.last.fm/music/Rush/_/Vital+Signs	https://www.last.fm/music/Rush	Vital Signs	https://www.last.fm/music/Rush/Moving%20Pictures%20(Original%20Japan%20CD%20FLAC%20EX%20Version)%20(1981)	0.0	Moving Pictures (Original Japan CD FLAC EX Version) (1981)	Mood Enhancement	Cheerfulness	0040039e-51a3-4545-9ca2-573a36fdd3d0	2	5	V16eWj1Wb8MRIShx
onion::391::1bb1da50-b15b-34c2-ad38-f77fee865bbf	2658	391	1bb1da50-b15b-34c2-ad38-f77fee865bbf	Madonna	https://www.last.fm/music/Madonna/_/Nobody+Knows+Me	https://www.last.fm/music/Madonna	Nobody Knows Me	https://www.last.fm/music/Madonna/American%20Life	0.0	American Life	Emotion (regulation)	Emotional Resonance	5cc0e07c-1db2-4222-bc95-2c8be1878a9d	2	5	ehddQB3fgNJXFYf5
onion::392::8d75eebb-a623-31a1-88df-24c99613c961	2662	392	8d75eebb-a623-31a1-88df-24c99613c961	Rush	https://www.last.fm/music/Rush/_/Freewill	https://www.last.fm/music/Rush	Freewill	https://www.last.fm/music/Rush/Permanent%20Waves	0.0	Permanent Waves	Stimulation	Empowerment	0040039e-51a3-4545-9ca2-573a36fdd3d0	2	5	2fMVrcGwcE2faINe
onion::392::0d478eb9-d959-3371-b9be-8c0b829f787f	2667	392	0d478eb9-d959-3371-b9be-8c0b829f787f	Rush	https://www.last.fm/music/Rush/_/BU2B	https://www.last.fm/music/Rush	BU2B	https://www.last.fm/music/Rush/Clockwork%20Angels	0.0	Clockwork Angels	Stimulation	Empowerment	0040039e-51a3-4545-9ca2-573a36fdd3d0	2	5	4W3D6JZ2XeBFekMk
onion::392::014bb18c-5949-4a86-a867-e36ffca461d4	2668	392	014bb18c-5949-4a86-a867-e36ffca461d4	Volbeat	https://www.last.fm/music/Volbeat/_/Seal+The+Deal	https://www.last.fm/music/Volbeat	Seal The Deal	https://www.last.fm/music/Volbeat/Seal%20the%20Deal%20%26%20Let's%20Boogie	0.0	Seal the Deal & Let's Boogie	Stimulation	Empowerment	0040039e-51a3-4545-9ca2-573a36fdd3d0	2	5	fPd44gFXveH8QNmt
onion::392::023dcf4c-6a94-35d0-b700-650c2e9e2d42	2669	392	023dcf4c-6a94-35d0-b700-650c2e9e2d42	Slipknot	https://www.last.fm/music/Slipknot/_/Duality	https://www.last.fm/music/Slipknot	Duality	https://www.last.fm/music/Slipknot/Vol.%203%3A%20The%20Subliminal%20Verses%20(Special%20Edition)	0.0	Vol. 3: The Subliminal Verses (Special Edition)	Stimulation	Empowerment	0040039e-51a3-4545-9ca2-573a36fdd3d0	2	5	LB2ETNbmphEzXBKd
onion::393::a8d07bf7-e557-4057-b503-d9d3181e7151	2672	393	a8d07bf7-e557-4057-b503-d9d3181e7151	Madonna	https://www.last.fm/music/Madonna/_/Dress+You+Up	https://www.last.fm/music/Madonna	Dress You Up	https://www.last.fm/music/Madonna/Like%20a%20Virgin	0.0	Like a Virgin	Relaxing	Comfort and Security	5cc0e07c-1db2-4222-bc95-2c8be1878a9d	3	5	P5PhnAUrO7gutVQe
onion::393::dbfcc7df-98e5-4ded-a960-866f3f52e536	2674	393	dbfcc7df-98e5-4ded-a960-866f3f52e536	Janet Jackson	https://www.last.fm/music/Janet+Jackson/_/Miss+You+Much	https://www.last.fm/music/Janet%20Jackson	Miss You Much	https://www.last.fm/music/Janet%20Jackson/Rhythm%20Nation%201814	0.0	Rhythm Nation 1814	Relaxing	Comfort and Security	5cc0e07c-1db2-4222-bc95-2c8be1878a9d	3	5	PZ5hPyNGGjcUNwK5
onion::393::04d71ef7-3c29-3ec6-b361-d2afc011ab74	2675	393	04d71ef7-3c29-3ec6-b361-d2afc011ab74	Madonna	https://www.last.fm/music/Madonna/_/Angel	https://www.last.fm/music/Madonna	Angel	https://www.last.fm/music/Madonna/Like%20a%20Virgin	0.0	Like a Virgin	Relaxing	Comfort and Security	5cc0e07c-1db2-4222-bc95-2c8be1878a9d	3	5	HJsgyjaQNMG0o9Ce
onion::395::16b4dade-ce43-3273-8eca-463edd901607	2685	395	16b4dade-ce43-3273-8eca-463edd901607	Kylie Minogue	https://www.last.fm/music/Kylie+Minogue/_/Koocachoo	https://www.last.fm/music/Kylie%20Minogue	Koocachoo	https://www.last.fm/music/Kylie%20Minogue/Light%20Years	0.0	Light Years	Mood Enhancement	Cheerfulness	5cc0e07c-1db2-4222-bc95-2c8be1878a9d	3	5	3qUCyk5yGaWFv5Gk
onion::396::420bbc50-6352-47ca-83b9-400365889376	2694	396	420bbc50-6352-47ca-83b9-400365889376	Kylie Minogue	https://www.last.fm/music/Kylie+Minogue/_/Spinning+Around	https://www.last.fm/music/Kylie%20Minogue	Spinning Around	https://www.last.fm/music/Kylie%20Minogue/Light%20Years	0.0	Light Years	Relief	Relief	5cc0e07c-1db2-4222-bc95-2c8be1878a9d	4	5	S01XbRlCQXDMJv1I
onion::397::6868fe5d-33d7-4426-a3fd-ce2470721d1b	2695	397	6868fe5d-33d7-4426-a3fd-ce2470721d1b	Kylie Minogue	https://www.last.fm/music/Kylie+Minogue/_/This+Wheel%27s+on+Fire	https://www.last.fm/music/Kylie%20Minogue	This Wheel's on Fire	https://www.last.fm/music/Kylie%20Minogue/This%20Wheel's%20on%20Fire	0.0	This Wheel's on Fire	Escape	Letting Go	5cc0e07c-1db2-4222-bc95-2c8be1878a9d	5	5	GQKQRgfH83A2eaLN
onion::397::2a9f40f6-b7f8-4adf-a814-4e5d917191b6	2697	397	2a9f40f6-b7f8-4adf-a814-4e5d917191b6	Tori Amos	https://www.last.fm/music/Tori+Amos/_/iieee	https://www.last.fm/music/Tori%20Amos	iieee	https://www.last.fm/music/Tori%20Amos/From%20the%20Choir%20Girl%20Hotel	0.0	From the Choir Girl Hotel	Escape	Letting Go	5cc0e07c-1db2-4222-bc95-2c8be1878a9d	5	5	zWGyZxLDUvMFJScf
onion::397::5c4b93bf-3450-4fc8-8610-b071b49b50e8	2699	397	5c4b93bf-3450-4fc8-8610-b071b49b50e8	Madonna	https://www.last.fm/music/Madonna/_/Over+and+Over	https://www.last.fm/music/Madonna	Over and Over	https://www.last.fm/music/Madonna/Like%20a%20Virgin	0.0	Like a Virgin	Escape	Letting Go	5cc0e07c-1db2-4222-bc95-2c8be1878a9d	5	5	62aYfkFL4ifVIwfx
onion::398::26356eb8-e09e-4b49-bae1-117664bb6cf1	2700	398	26356eb8-e09e-4b49-bae1-117664bb6cf1	Kylie Minogue	https://www.last.fm/music/Kylie+Minogue/_/Disco+Down	https://www.last.fm/music/Kylie%20Minogue	Disco Down	https://www.last.fm/music/Kylie%20Minogue/Light%20Years	0.0	Light Years	Enjoyment	Time Passing	5cc0e07c-1db2-4222-bc95-2c8be1878a9d	4	5	oyR23PnOEo5tVoUG
onion::398::16b4dade-ce43-3273-8eca-463edd901607	2701	398	16b4dade-ce43-3273-8eca-463edd901607	Kylie Minogue	https://www.last.fm/music/Kylie+Minogue/_/Koocachoo	https://www.last.fm/music/Kylie%20Minogue	Koocachoo	https://www.last.fm/music/Kylie%20Minogue/Light%20Years	0.0	Light Years	Enjoyment	Time Passing	5cc0e07c-1db2-4222-bc95-2c8be1878a9d	4	5	3qUCyk5yGaWFv5Gk
onion::399::123eeb03-e212-41da-b843-20a196bbd993	2707	399	123eeb03-e212-41da-b843-20a196bbd993	Cyndi Lauper	https://www.last.fm/music/Cyndi+Lauper/_/One+Track+Mind	https://www.last.fm/music/Cyndi%20Lauper	One Track Mind	https://www.last.fm/music/Cyndi%20Lauper/True%20Colors	0.0	True Colors	Motivation	Background Utility	5cc0e07c-1db2-4222-bc95-2c8be1878a9d	2	5	nZbnak46DzAMneiU
onion::399::cea121aa-6f7d-4dba-8e70-2af535ab8a59	2708	399	cea121aa-6f7d-4dba-8e70-2af535ab8a59	Madonna	https://www.last.fm/music/Madonna/_/Like+a+Virgin	https://www.last.fm/music/Madonna	Like a Virgin	https://www.last.fm/music/Madonna/Like%20a%20Virgin	0.0	Like a Virgin	Motivation	Background Utility	5cc0e07c-1db2-4222-bc95-2c8be1878a9d	2	5	0Y5TcGlWJnW7IVdK
onion::399::b7413171-830c-4d26-87f2-ad1e471709fa	2709	399	b7413171-830c-4d26-87f2-ad1e471709fa	Meshuggah	https://www.last.fm/music/Meshuggah/_/obZen	https://www.last.fm/music/Meshuggah	obZen	https://www.last.fm/music/Meshuggah/obZen	0.0	obZen	Motivation	Background Utility	5cc0e07c-1db2-4222-bc95-2c8be1878a9d	2	5	jYgTZz7PJ6lup5BL
onion::400::ef684a17-09ec-32a4-8b46-d4ac1d37c9ed	2713	400	ef684a17-09ec-32a4-8b46-d4ac1d37c9ed	Meshuggah	https://www.last.fm/music/Meshuggah/_/Future+Breed+Machine	https://www.last.fm/music/Meshuggah	Future Breed Machine	https://www.last.fm/music/Meshuggah/Destroy%20Erase%20Improve%20(RELOADED)	0.0	Destroy Erase Improve (RELOADED)	Distraction	Distraction	5cc0e07c-1db2-4222-bc95-2c8be1878a9d	1	5	HGuUoazRVKBTkRNd
onion::400::0e4bf0c7-6d80-3efd-8dec-d4f50482e381	2714	400	0e4bf0c7-6d80-3efd-8dec-d4f50482e381	Meshuggah	https://www.last.fm/music/Meshuggah/_/Beneath	https://www.last.fm/music/Meshuggah	Beneath	https://www.last.fm/music/Meshuggah/Destroy%20Erase%20Improve%20(RELOADED)	0.0	Destroy Erase Improve (RELOADED)	Distraction	Distraction	5cc0e07c-1db2-4222-bc95-2c8be1878a9d	1	5	Gt776hIf2l9eLLXQ
onion::402::01dfee04-aa14-493d-8bec-3121789ba72d	2720	402	01dfee04-aa14-493d-8bec-3121789ba72d	C418	https://www.last.fm/music/C418/_/Haggstrom	https://www.last.fm/music/C418	Haggstrom	https://www.last.fm/music/C418/Minecraft%20-%20Volume%20Alpha	0.0	Minecraft - Volume Alpha	Enjoyment	Time Passing	536bb370-1c3b-46d6-8660-4aace6b6af23	2	1	FPN24HrCay3pxpl8
onion::402::0915b6a9-647e-334b-b6a3-7f519698c830	2731	402	0915b6a9-647e-334b-b6a3-7f519698c830	Yellowcard	https://www.last.fm/music/Yellowcard/_/Ocean+Avenue	https://www.last.fm/music/Yellowcard	Ocean Avenue	https://www.last.fm/music/Yellowcard/Ocean%20Avenue	0.0	Ocean Avenue	Enjoyment	Time Passing	536bb370-1c3b-46d6-8660-4aace6b6af23	2	1	30t0E6VjzZNzBgIN
onion::402::a82838b5-ea2c-41c8-b1b0-b9daa547f70d	2736	402	a82838b5-ea2c-41c8-b1b0-b9daa547f70d	Lynyrd Skynyrd	https://www.last.fm/music/Lynyrd+Skynyrd/_/Free+Bird	https://www.last.fm/music/Lynyrd%20Skynyrd	Free Bird	https://www.last.fm/music/Lynyrd%20Skynyrd/Pronounced%20Leh-Nerd%20Skin-Nerd	0.0	Pronounced Leh-Nerd Skin-Nerd	Enjoyment	Time Passing	536bb370-1c3b-46d6-8660-4aace6b6af23	2	1	CHg9GmMQ74rgJjhq
onion::402::20a2520e-2d73-4caf-ba14-0c6837585667	2741	402	20a2520e-2d73-4caf-ba14-0c6837585667	Porter Robinson	https://www.last.fm/music/Porter+Robinson/_/Sad+Machine	https://www.last.fm/music/Porter%20Robinson	Sad Machine	https://www.last.fm/music/Porter%20Robinson/Worlds	0.0	Worlds	Enjoyment	Time Passing	536bb370-1c3b-46d6-8660-4aace6b6af23	2	1	OgWDV82JkbGlam41
onion::402::05e2cc5f-a633-48eb-abde-6663b673f74e	2745	402	05e2cc5f-a633-48eb-abde-6663b673f74e	Daft Punk	https://www.last.fm/music/Daft+Punk/_/Around+the+World	https://www.last.fm/music/Daft%20Punk	Around the World	https://www.last.fm/music/Daft%20Punk/Homework	0.0	Homework	Enjoyment	Time Passing	536bb370-1c3b-46d6-8660-4aace6b6af23	2	1	iikufrfKJAAwTjFv
onion::402::Green Day-Basket Case-2-281	2752	402	Green Day-Basket Case-2-281	Green Day	https://www.last.fm/music/Green+Day/_/Basket+Case	https://www.last.fm/music/Green%20Day	Basket Case	https://www.last.fm/music/Green%20Day/Dookie	0.0	Dookie	Enjoyment	Time Passing	536bb370-1c3b-46d6-8660-4aace6b6af23	2	1	cC1MB9fo6jK3h8Wb
onion::402::d54ad2cf-cc5b-4c8d-881d-f4685e12553c	2757	402	d54ad2cf-cc5b-4c8d-881d-f4685e12553c	Sia	https://www.last.fm/music/Sia/_/Chandelier	https://www.last.fm/music/Sia	Chandelier	https://www.last.fm/music/Sia/1000%20Forms%20of%20Fear	0.0	1000 Forms of Fear	Enjoyment	Time Passing	536bb370-1c3b-46d6-8660-4aace6b6af23	2	1	zp4zYVjiH2Tm3gTM
onion::402::07c2487e-4154-4f4d-86b4-f4546389704f	2758	402	07c2487e-4154-4f4d-86b4-f4546389704f	Daft Punk	https://www.last.fm/music/Daft+Punk/_/Giorgio+by+Moroder	https://www.last.fm/music/Daft%20Punk	Giorgio by Moroder	https://www.last.fm/music/Daft%20Punk/Random%20Access%20Memories	0.0	Random Access Memories	Enjoyment	Time Passing	536bb370-1c3b-46d6-8660-4aace6b6af23	2	1	Qd13tDDRvOVNjlBy
onion::402::7e4623ee-d9fc-442b-9df5-01e098e3ed8f	2760	402	7e4623ee-d9fc-442b-9df5-01e098e3ed8f	Jennifer Lopez	https://www.last.fm/music/Jennifer+Lopez/_/Love+Don%27t+Cost+a+Thing	https://www.last.fm/music/Jennifer%20Lopez	Love Don't Cost a Thing	https://www.last.fm/music/Jennifer%20Lopez/J.Lo	0.0	J.Lo	Enjoyment	Time Passing	536bb370-1c3b-46d6-8660-4aace6b6af23	2	1	r5kGB7E8H1eFUQQ9
onion::402::5848b67f-3f26-3363-81e6-804e9727870e	2763	402	5848b67f-3f26-3363-81e6-804e9727870e	Junior Senior	https://www.last.fm/music/Junior+Senior/_/Move+Your+Feet	https://www.last.fm/music/Junior%20Senior	Move Your Feet	https://www.last.fm/music/Junior%20Senior/D-D-Don't%20Don't%20Stop%20the%20Beat	0.0	D-D-Don't Don't Stop the Beat	Enjoyment	Time Passing	536bb370-1c3b-46d6-8660-4aace6b6af23	2	1	fpspvnC1jELCCN1C
onion::402::Calvin Harris-Summer-3-227	2769	402	Calvin Harris-Summer-3-227	Calvin Harris	https://www.last.fm/music/Calvin+Harris/_/Summer	https://www.last.fm/music/Calvin%20Harris	Summer	https://www.last.fm/music/Calvin%20Harris/Motion	0.0	Motion	Enjoyment	Time Passing	536bb370-1c3b-46d6-8660-4aace6b6af23	2	1	H1BeXyX2P5g6ZVJZ
onion::402::1ab5a945-b17a-438f-b217-20e34126cf73	2774	402	1ab5a945-b17a-438f-b217-20e34126cf73	Nicki Minaj	https://www.last.fm/music/Nicki+Minaj/_/Starships	https://www.last.fm/music/Nicki%20Minaj	Starships	https://www.last.fm/music/Nicki%20Minaj/Pink%20Friday%20...%20Roman%20Reloaded	0.0	Pink Friday ... Roman Reloaded	Enjoyment	Time Passing	536bb370-1c3b-46d6-8660-4aace6b6af23	2	1	9ZtfD8gBZXonrJKX
onion::402::The Weeknd-Can't Feel My Face-3-263	2775	402	The Weeknd-Can't Feel My Face-3-263	The Weeknd	https://www.last.fm/music/The+Weeknd/_/Can%27t+Feel+My+Face	https://www.last.fm/music/The%20Weeknd	Can't Feel My Face	https://www.last.fm/music/The%20Weeknd/Beauty%20Behind%20the%20Madness	0.0	Beauty Behind the Madness	Enjoyment	Time Passing	536bb370-1c3b-46d6-8660-4aace6b6af23	2	1	xXuRT5zDQRwT35Fa
onion::402::Linkin Park-In the End-4-2	2780	402	Linkin Park-In the End-4-2	Linkin Park	https://www.last.fm/music/Linkin+Park/_/In+the+End	https://www.last.fm/music/Linkin%20Park	In the End	https://www.last.fm/music/Linkin%20Park/Hybrid%20Theory%20(Bonus%20Track%20Version)	0.0	Hybrid Theory (Bonus Track Version)	Enjoyment	Time Passing	536bb370-1c3b-46d6-8660-4aace6b6af23	2	1	VKvF5oSWmxCDL97f
onion::402::7860dc38-2230-4a13-9fd5-c006789449ab	2781	402	7860dc38-2230-4a13-9fd5-c006789449ab	Avenged Sevenfold	https://www.last.fm/music/Avenged+Sevenfold/_/Nightmare	https://www.last.fm/music/Avenged%20Sevenfold	Nightmare	https://www.last.fm/music/Avenged%20Sevenfold/Nightmare	0.0	Nightmare	Enjoyment	Time Passing	536bb370-1c3b-46d6-8660-4aace6b6af23	2	1	5GSd1v6vniYTia3x
onion::403::01dfee04-aa14-493d-8bec-3121789ba72d	2801	403	01dfee04-aa14-493d-8bec-3121789ba72d	C418	https://www.last.fm/music/C418/_/Haggstrom	https://www.last.fm/music/C418	Haggstrom	https://www.last.fm/music/C418/Minecraft%20-%20Volume%20Alpha	0.0	Minecraft - Volume Alpha	Passion / Pleasure	Habitual Listening	536bb370-1c3b-46d6-8660-4aace6b6af23	2	1	FPN24HrCay3pxpl8
onion::403::0915b6a9-647e-334b-b6a3-7f519698c830	2802	403	0915b6a9-647e-334b-b6a3-7f519698c830	Yellowcard	https://www.last.fm/music/Yellowcard/_/Ocean+Avenue	https://www.last.fm/music/Yellowcard	Ocean Avenue	https://www.last.fm/music/Yellowcard/Ocean%20Avenue	0.0	Ocean Avenue	Passion / Pleasure	Habitual Listening	536bb370-1c3b-46d6-8660-4aace6b6af23	2	1	30t0E6VjzZNzBgIN
onion::405::d281ef4e-fbb4-4ffe-805f-2d4603aa825a	2857	405	d281ef4e-fbb4-4ffe-805f-2d4603aa825a	Demi Lovato	https://www.last.fm/music/Demi+Lovato/_/Heart+Attack	https://www.last.fm/music/Demi%20Lovato	Heart Attack	https://www.last.fm/music/Demi%20Lovato/Demi	0.0	Demi	Distraction	Distraction	536bb370-1c3b-46d6-8660-4aace6b6af23	2	1	H6KOOYa1kGPpZvn9
onion::403::20a2520e-2d73-4caf-ba14-0c6837585667	2804	403	20a2520e-2d73-4caf-ba14-0c6837585667	Porter Robinson	https://www.last.fm/music/Porter+Robinson/_/Sad+Machine	https://www.last.fm/music/Porter%20Robinson	Sad Machine	https://www.last.fm/music/Porter%20Robinson/Worlds	0.0	Worlds	Passion / Pleasure	Habitual Listening	536bb370-1c3b-46d6-8660-4aace6b6af23	2	1	OgWDV82JkbGlam41
onion::403::05e2cc5f-a633-48eb-abde-6663b673f74e	2805	403	05e2cc5f-a633-48eb-abde-6663b673f74e	Daft Punk	https://www.last.fm/music/Daft+Punk/_/Around+the+World	https://www.last.fm/music/Daft%20Punk	Around the World	https://www.last.fm/music/Daft%20Punk/Homework	0.0	Homework	Passion / Pleasure	Habitual Listening	536bb370-1c3b-46d6-8660-4aace6b6af23	2	1	iikufrfKJAAwTjFv
onion::403::07c2487e-4154-4f4d-86b4-f4546389704f	2807	403	07c2487e-4154-4f4d-86b4-f4546389704f	Daft Punk	https://www.last.fm/music/Daft+Punk/_/Giorgio+by+Moroder	https://www.last.fm/music/Daft%20Punk	Giorgio by Moroder	https://www.last.fm/music/Daft%20Punk/Random%20Access%20Memories	0.0	Random Access Memories	Passion / Pleasure	Habitual Listening	536bb370-1c3b-46d6-8660-4aace6b6af23	2	1	Qd13tDDRvOVNjlBy
onion::403::Calvin Harris-Summer-3-227	2813	403	Calvin Harris-Summer-3-227	Calvin Harris	https://www.last.fm/music/Calvin+Harris/_/Summer	https://www.last.fm/music/Calvin%20Harris	Summer	https://www.last.fm/music/Calvin%20Harris/Motion	0.0	Motion	Passion / Pleasure	Habitual Listening	536bb370-1c3b-46d6-8660-4aace6b6af23	2	1	H1BeXyX2P5g6ZVJZ
onion::404::01dfee04-aa14-493d-8bec-3121789ba72d	2820	404	01dfee04-aa14-493d-8bec-3121789ba72d	C418	https://www.last.fm/music/C418/_/Haggstrom	https://www.last.fm/music/C418	Haggstrom	https://www.last.fm/music/C418/Minecraft%20-%20Volume%20Alpha	0.0	Minecraft - Volume Alpha	Motivation	Background Utility	536bb370-1c3b-46d6-8660-4aace6b6af23	2	1	FPN24HrCay3pxpl8
onion::404::0915b6a9-647e-334b-b6a3-7f519698c830	2821	404	0915b6a9-647e-334b-b6a3-7f519698c830	Yellowcard	https://www.last.fm/music/Yellowcard/_/Ocean+Avenue	https://www.last.fm/music/Yellowcard	Ocean Avenue	https://www.last.fm/music/Yellowcard/Ocean%20Avenue	0.0	Ocean Avenue	Motivation	Background Utility	536bb370-1c3b-46d6-8660-4aace6b6af23	2	1	30t0E6VjzZNzBgIN
onion::404::20a2520e-2d73-4caf-ba14-0c6837585667	2824	404	20a2520e-2d73-4caf-ba14-0c6837585667	Porter Robinson	https://www.last.fm/music/Porter+Robinson/_/Sad+Machine	https://www.last.fm/music/Porter%20Robinson	Sad Machine	https://www.last.fm/music/Porter%20Robinson/Worlds	0.0	Worlds	Motivation	Background Utility	536bb370-1c3b-46d6-8660-4aace6b6af23	2	1	OgWDV82JkbGlam41
onion::404::05e2cc5f-a633-48eb-abde-6663b673f74e	2826	404	05e2cc5f-a633-48eb-abde-6663b673f74e	Daft Punk	https://www.last.fm/music/Daft+Punk/_/Around+the+World	https://www.last.fm/music/Daft%20Punk	Around the World	https://www.last.fm/music/Daft%20Punk/Homework	0.0	Homework	Motivation	Background Utility	536bb370-1c3b-46d6-8660-4aace6b6af23	2	1	iikufrfKJAAwTjFv
onion::404::4819d960-51be-4947-b4b3-b89fd00582ca	2829	404	4819d960-51be-4947-b4b3-b89fd00582ca	Dan Salvato	https://www.last.fm/music/Dan+Salvato/_/Your+Reality	https://www.last.fm/music/Dan%20Salvato	Your Reality	https://www.last.fm/music/Dan%20Salvato/Doki%20Doki%20Literature%20Club!%20(Original%20Soundtrack)	0.0	Doki Doki Literature Club! (Original Soundtrack)	Motivation	Background Utility	536bb370-1c3b-46d6-8660-4aace6b6af23	2	1	UppwmIOhovfm7oAT
onion::404::07c2487e-4154-4f4d-86b4-f4546389704f	2830	404	07c2487e-4154-4f4d-86b4-f4546389704f	Daft Punk	https://www.last.fm/music/Daft+Punk/_/Giorgio+by+Moroder	https://www.last.fm/music/Daft%20Punk	Giorgio by Moroder	https://www.last.fm/music/Daft%20Punk/Random%20Access%20Memories	0.0	Random Access Memories	Motivation	Background Utility	536bb370-1c3b-46d6-8660-4aace6b6af23	2	1	Qd13tDDRvOVNjlBy
onion::404::b2ca93c1-a01a-32e5-a409-1da7ea58b484	2833	404	b2ca93c1-a01a-32e5-a409-1da7ea58b484	Feint	https://www.last.fm/music/Feint/_/Atlas	https://www.last.fm/music/Feint	Atlas	https://www.last.fm/music/Feint/Monstercat%20001%20-%20Launch%20Week	0.0	Monstercat 001 - Launch Week	Motivation	Background Utility	536bb370-1c3b-46d6-8660-4aace6b6af23	2	1	0wwpblJ9JkW1sjpc
onion::404::Calvin Harris-Summer-3-227	2838	404	Calvin Harris-Summer-3-227	Calvin Harris	https://www.last.fm/music/Calvin+Harris/_/Summer	https://www.last.fm/music/Calvin%20Harris	Summer	https://www.last.fm/music/Calvin%20Harris/Motion	0.0	Motion	Motivation	Background Utility	536bb370-1c3b-46d6-8660-4aace6b6af23	2	1	H1BeXyX2P5g6ZVJZ
onion::404::The Weeknd-Can't Feel My Face-3-263	2840	404	The Weeknd-Can't Feel My Face-3-263	The Weeknd	https://www.last.fm/music/The+Weeknd/_/Can%27t+Feel+My+Face	https://www.last.fm/music/The%20Weeknd	Can't Feel My Face	https://www.last.fm/music/The%20Weeknd/Beauty%20Behind%20the%20Madness	0.0	Beauty Behind the Madness	Motivation	Background Utility	536bb370-1c3b-46d6-8660-4aace6b6af23	2	1	xXuRT5zDQRwT35Fa
onion::405::0915b6a9-647e-334b-b6a3-7f519698c830	2865	405	0915b6a9-647e-334b-b6a3-7f519698c830	Yellowcard	https://www.last.fm/music/Yellowcard/_/Ocean+Avenue	https://www.last.fm/music/Yellowcard	Ocean Avenue	https://www.last.fm/music/Yellowcard/Ocean%20Avenue	0.0	Ocean Avenue	Distraction	Distraction	536bb370-1c3b-46d6-8660-4aace6b6af23	2	1	30t0E6VjzZNzBgIN
onion::405::a82838b5-ea2c-41c8-b1b0-b9daa547f70d	2868	405	a82838b5-ea2c-41c8-b1b0-b9daa547f70d	Lynyrd Skynyrd	https://www.last.fm/music/Lynyrd+Skynyrd/_/Free+Bird	https://www.last.fm/music/Lynyrd%20Skynyrd	Free Bird	https://www.last.fm/music/Lynyrd%20Skynyrd/Pronounced%20Leh-Nerd%20Skin-Nerd	0.0	Pronounced Leh-Nerd Skin-Nerd	Distraction	Distraction	536bb370-1c3b-46d6-8660-4aace6b6af23	2	1	CHg9GmMQ74rgJjhq
onion::405::05e2cc5f-a633-48eb-abde-6663b673f74e	2875	405	05e2cc5f-a633-48eb-abde-6663b673f74e	Daft Punk	https://www.last.fm/music/Daft+Punk/_/Around+the+World	https://www.last.fm/music/Daft%20Punk	Around the World	https://www.last.fm/music/Daft%20Punk/Homework	0.0	Homework	Distraction	Distraction	536bb370-1c3b-46d6-8660-4aace6b6af23	2	1	iikufrfKJAAwTjFv
onion::405::Aqua-Barbie Girl-2-208	2876	405	Aqua-Barbie Girl-2-208	Aqua	https://www.last.fm/music/Aqua/_/Barbie+Girl	https://www.last.fm/music/Aqua	Barbie Girl	https://www.last.fm/music/Aqua/Aquarium	0.0	Aquarium	Distraction	Distraction	536bb370-1c3b-46d6-8660-4aace6b6af23	2	1	OUb23fwEUhwC3Uec
onion::406::03a0ee8a-9a3a-42d8-b8be-c151715986b1	2938	406	03a0ee8a-9a3a-42d8-b8be-c151715986b1	INXS	https://www.last.fm/music/INXS/_/Disappear	https://www.last.fm/music/INXS	Disappear	https://www.last.fm/music/INXS/X	0.0	X	Exploration	Exploration	536bb370-1c3b-46d6-8660-4aace6b6af23	1	1	BJG2OIrToMNZa4xy
onion::405::4819d960-51be-4947-b4b3-b89fd00582ca	2888	405	4819d960-51be-4947-b4b3-b89fd00582ca	Dan Salvato	https://www.last.fm/music/Dan+Salvato/_/Your+Reality	https://www.last.fm/music/Dan%20Salvato	Your Reality	https://www.last.fm/music/Dan%20Salvato/Doki%20Doki%20Literature%20Club!%20(Original%20Soundtrack)	0.0	Doki Doki Literature Club! (Original Soundtrack)	Distraction	Distraction	536bb370-1c3b-46d6-8660-4aace6b6af23	2	1	UppwmIOhovfm7oAT
onion::405::d54ad2cf-cc5b-4c8d-881d-f4685e12553c	2890	405	d54ad2cf-cc5b-4c8d-881d-f4685e12553c	Sia	https://www.last.fm/music/Sia/_/Chandelier	https://www.last.fm/music/Sia	Chandelier	https://www.last.fm/music/Sia/1000%20Forms%20of%20Fear	0.0	1000 Forms of Fear	Distraction	Distraction	536bb370-1c3b-46d6-8660-4aace6b6af23	2	1	zp4zYVjiH2Tm3gTM
onion::405::Sum 41-In Too Deep-3-36	2891	405	Sum 41-In Too Deep-3-36	Sum 41	https://www.last.fm/music/Sum+41/_/In+Too+Deep	https://www.last.fm/music/Sum%2041	In Too Deep	https://www.last.fm/music/Sum%2041/All%20Killer%20No%20Filler	0.0	All Killer No Filler	Distraction	Distraction	536bb370-1c3b-46d6-8660-4aace6b6af23	2	1	owPjxatK3F2kLYTx
onion::405::7e4623ee-d9fc-442b-9df5-01e098e3ed8f	2893	405	7e4623ee-d9fc-442b-9df5-01e098e3ed8f	Jennifer Lopez	https://www.last.fm/music/Jennifer+Lopez/_/Love+Don%27t+Cost+a+Thing	https://www.last.fm/music/Jennifer%20Lopez	Love Don't Cost a Thing	https://www.last.fm/music/Jennifer%20Lopez/J.Lo	0.0	J.Lo	Distraction	Distraction	536bb370-1c3b-46d6-8660-4aace6b6af23	2	1	r5kGB7E8H1eFUQQ9
onion::405::5848b67f-3f26-3363-81e6-804e9727870e	2897	405	5848b67f-3f26-3363-81e6-804e9727870e	Junior Senior	https://www.last.fm/music/Junior+Senior/_/Move+Your+Feet	https://www.last.fm/music/Junior%20Senior	Move Your Feet	https://www.last.fm/music/Junior%20Senior/D-D-Don't%20Don't%20Stop%20the%20Beat	0.0	D-D-Don't Don't Stop the Beat	Distraction	Distraction	536bb370-1c3b-46d6-8660-4aace6b6af23	2	1	fpspvnC1jELCCN1C
onion::1333::custom-1772681212583	12040	1333	custom-1772681212583	Phoenix			Too Young		0.0	United	Motivation	Background Utility	8c5a6ecc-10f9-4281-8e88-c0f74b2310b9	3	4	gxIjJjjWFe39dmXd
onion::405::Calvin Harris-Summer-3-227	2901	405	Calvin Harris-Summer-3-227	Calvin Harris	https://www.last.fm/music/Calvin+Harris/_/Summer	https://www.last.fm/music/Calvin%20Harris	Summer	https://www.last.fm/music/Calvin%20Harris/Motion	0.0	Motion	Distraction	Distraction	536bb370-1c3b-46d6-8660-4aace6b6af23	2	1	H1BeXyX2P5g6ZVJZ
onion::405::The Weeknd-Can't Feel My Face-3-263	2906	405	The Weeknd-Can't Feel My Face-3-263	The Weeknd	https://www.last.fm/music/The+Weeknd/_/Can%27t+Feel+My+Face	https://www.last.fm/music/The%20Weeknd	Can't Feel My Face	https://www.last.fm/music/The%20Weeknd/Beauty%20Behind%20the%20Madness	0.0	Beauty Behind the Madness	Distraction	Distraction	536bb370-1c3b-46d6-8660-4aace6b6af23	2	1	xXuRT5zDQRwT35Fa
onion::405::1ab5a945-b17a-438f-b217-20e34126cf73	2907	405	1ab5a945-b17a-438f-b217-20e34126cf73	Nicki Minaj	https://www.last.fm/music/Nicki+Minaj/_/Starships	https://www.last.fm/music/Nicki%20Minaj	Starships	https://www.last.fm/music/Nicki%20Minaj/Pink%20Friday%20...%20Roman%20Reloaded	0.0	Pink Friday ... Roman Reloaded	Distraction	Distraction	536bb370-1c3b-46d6-8660-4aace6b6af23	2	1	9ZtfD8gBZXonrJKX
onion::405::823d37c2-82dd-4b0a-be77-41df7604d15a	2908	405	823d37c2-82dd-4b0a-be77-41df7604d15a	Estelle	https://www.last.fm/music/Estelle/_/American+Boy	https://www.last.fm/music/Estelle	American Boy	https://www.last.fm/music/Estelle/Ultimate%20R%26B%202008%20(Double%20Album)	0.0	Ultimate R&B 2008 (Double Album)	Distraction	Distraction	536bb370-1c3b-46d6-8660-4aace6b6af23	2	1	TqfQLJGD3ycda4Wx
onion::405::Linkin Park-In the End-4-2	2912	405	Linkin Park-In the End-4-2	Linkin Park	https://www.last.fm/music/Linkin+Park/_/In+the+End	https://www.last.fm/music/Linkin%20Park	In the End	https://www.last.fm/music/Linkin%20Park/Hybrid%20Theory%20(Bonus%20Track%20Version)	0.0	Hybrid Theory (Bonus Track Version)	Distraction	Distraction	536bb370-1c3b-46d6-8660-4aace6b6af23	2	1	VKvF5oSWmxCDL97f
onion::405::7860dc38-2230-4a13-9fd5-c006789449ab	2913	405	7860dc38-2230-4a13-9fd5-c006789449ab	Avenged Sevenfold	https://www.last.fm/music/Avenged+Sevenfold/_/Nightmare	https://www.last.fm/music/Avenged%20Sevenfold	Nightmare	https://www.last.fm/music/Avenged%20Sevenfold/Nightmare	0.0	Nightmare	Distraction	Distraction	536bb370-1c3b-46d6-8660-4aace6b6af23	2	1	5GSd1v6vniYTia3x
onion::405::dac4b7da-2585-4a4a-a1a6-d6da7415abd9	2915	405	dac4b7da-2585-4a4a-a1a6-d6da7415abd9	Nelly	https://www.last.fm/music/Nelly/_/Hot+in+Herre	https://www.last.fm/music/Nelly	Hot in Herre	https://www.last.fm/music/Nelly/Nellyville	0.0	Nellyville	Distraction	Distraction	536bb370-1c3b-46d6-8660-4aace6b6af23	2	1	ltuqdl7RA2AnWOCR
onion::407::7860dc38-2230-4a13-9fd5-c006789449ab	2945	407	7860dc38-2230-4a13-9fd5-c006789449ab	Avenged Sevenfold	https://www.last.fm/music/Avenged+Sevenfold/_/Nightmare	https://www.last.fm/music/Avenged%20Sevenfold	Nightmare	https://www.last.fm/music/Avenged%20Sevenfold/Nightmare	0.0	Nightmare	Fitness Motivation	Fitness & Performance	536bb370-1c3b-46d6-8660-4aace6b6af23	2	2	5GSd1v6vniYTia3x
onion::407::5848b67f-3f26-3363-81e6-804e9727870e	2952	407	5848b67f-3f26-3363-81e6-804e9727870e	Junior Senior	https://www.last.fm/music/Junior+Senior/_/Move+Your+Feet	https://www.last.fm/music/Junior%20Senior	Move Your Feet	https://www.last.fm/music/Junior%20Senior/D-D-Don't%20Don't%20Stop%20the%20Beat	0.0	D-D-Don't Don't Stop the Beat	Fitness Motivation	Fitness & Performance	536bb370-1c3b-46d6-8660-4aace6b6af23	2	2	fpspvnC1jELCCN1C
onion::813::custom-1770836107296	6903	813	custom-1770836107296	TV on the Radio			Wolf Like Me		0.0	Return to Cookie Mountain	Stimulation	Empowerment	fd3abaf7-f5e8-43cb-bdc3-2ec9875a2c89	2	3	OMc0rNuXEYnXvWZo
onion::407::a82838b5-ea2c-41c8-b1b0-b9daa547f70d	2965	407	a82838b5-ea2c-41c8-b1b0-b9daa547f70d	Lynyrd Skynyrd	https://www.last.fm/music/Lynyrd+Skynyrd/_/Free+Bird	https://www.last.fm/music/Lynyrd%20Skynyrd	Free Bird	https://www.last.fm/music/Lynyrd%20Skynyrd/Pronounced%20Leh-Nerd%20Skin-Nerd	0.0	Pronounced Leh-Nerd Skin-Nerd	Fitness Motivation	Fitness & Performance	536bb370-1c3b-46d6-8660-4aace6b6af23	2	2	CHg9GmMQ74rgJjhq
onion::407::81dd5319-8d09-4c25-9d74-3182ad2f1f97	2966	407	81dd5319-8d09-4c25-9d74-3182ad2f1f97	Marshmello	https://www.last.fm/music/Marshmello/_/Alone	https://www.last.fm/music/Marshmello	Alone	https://www.last.fm/music/Marshmello/Alone%20-%20Single	0.0	Alone - Single	Fitness Motivation	Fitness & Performance	536bb370-1c3b-46d6-8660-4aace6b6af23	2	2	bh3LVKvBT7kKdIEH
onion::408::7860dc38-2230-4a13-9fd5-c006789449ab	2985	408	7860dc38-2230-4a13-9fd5-c006789449ab	Avenged Sevenfold	https://www.last.fm/music/Avenged+Sevenfold/_/Nightmare	https://www.last.fm/music/Avenged%20Sevenfold	Nightmare	https://www.last.fm/music/Avenged%20Sevenfold/Nightmare	0.0	Nightmare	Well-Being	Pleasure & Enjoyment	536bb370-1c3b-46d6-8660-4aace6b6af23	2	1	5GSd1v6vniYTia3x
onion::408::The Weeknd-Can't Feel My Face-3-263	2988	408	The Weeknd-Can't Feel My Face-3-263	The Weeknd	https://www.last.fm/music/The+Weeknd/_/Can%27t+Feel+My+Face	https://www.last.fm/music/The%20Weeknd	Can't Feel My Face	https://www.last.fm/music/The%20Weeknd/Beauty%20Behind%20the%20Madness	0.0	Beauty Behind the Madness	Well-Being	Pleasure & Enjoyment	536bb370-1c3b-46d6-8660-4aace6b6af23	2	1	xXuRT5zDQRwT35Fa
onion::408::1ab5a945-b17a-438f-b217-20e34126cf73	2990	408	1ab5a945-b17a-438f-b217-20e34126cf73	Nicki Minaj	https://www.last.fm/music/Nicki+Minaj/_/Starships	https://www.last.fm/music/Nicki%20Minaj	Starships	https://www.last.fm/music/Nicki%20Minaj/Pink%20Friday%20...%20Roman%20Reloaded	0.0	Pink Friday ... Roman Reloaded	Well-Being	Pleasure & Enjoyment	536bb370-1c3b-46d6-8660-4aace6b6af23	2	1	9ZtfD8gBZXonrJKX
onion::409::Aqua-Barbie Girl-2-208	3067	409	Aqua-Barbie Girl-2-208	Aqua	https://www.last.fm/music/Aqua/_/Barbie+Girl	https://www.last.fm/music/Aqua	Barbie Girl	https://www.last.fm/music/Aqua/Aquarium	0.0	Aquarium	Mood Enhancement	Cheerfulness	536bb370-1c3b-46d6-8660-4aace6b6af23	2	1	OUb23fwEUhwC3Uec
onion::408::Calvin Harris-Summer-3-227	2993	408	Calvin Harris-Summer-3-227	Calvin Harris	https://www.last.fm/music/Calvin+Harris/_/Summer	https://www.last.fm/music/Calvin%20Harris	Summer	https://www.last.fm/music/Calvin%20Harris/Motion	0.0	Motion	Well-Being	Pleasure & Enjoyment	536bb370-1c3b-46d6-8660-4aace6b6af23	2	1	H1BeXyX2P5g6ZVJZ
onion::408::5848b67f-3f26-3363-81e6-804e9727870e	3000	408	5848b67f-3f26-3363-81e6-804e9727870e	Junior Senior	https://www.last.fm/music/Junior+Senior/_/Move+Your+Feet	https://www.last.fm/music/Junior%20Senior	Move Your Feet	https://www.last.fm/music/Junior%20Senior/D-D-Don't%20Don't%20Stop%20the%20Beat	0.0	D-D-Don't Don't Stop the Beat	Well-Being	Pleasure & Enjoyment	536bb370-1c3b-46d6-8660-4aace6b6af23	2	1	fpspvnC1jELCCN1C
onion::408::7e4623ee-d9fc-442b-9df5-01e098e3ed8f	3004	408	7e4623ee-d9fc-442b-9df5-01e098e3ed8f	Jennifer Lopez	https://www.last.fm/music/Jennifer+Lopez/_/Love+Don%27t+Cost+a+Thing	https://www.last.fm/music/Jennifer%20Lopez	Love Don't Cost a Thing	https://www.last.fm/music/Jennifer%20Lopez/J.Lo	0.0	J.Lo	Well-Being	Pleasure & Enjoyment	536bb370-1c3b-46d6-8660-4aace6b6af23	2	1	r5kGB7E8H1eFUQQ9
onion::503::6jn46QaU0LusKc0TePPuoy	4232	503	6jn46QaU0LusKc0TePPuoy	Candlebox	spotify:track:6jn46QaU0LusKc0TePPuoy	spotify:artist:3R6c2tWDBeYB1GncjLMn9n	You	spotify:album:7lyABbW5MPbMotjOEEUqwV	316933.0	Alive in Seattle	Exploration	Exploration	e11f1e2a-1496-4bc8-ac4f-8aadca93273f	1	2	vZ39ecJ4YaUGuxPE
onion::408::07c2487e-4154-4f4d-86b4-f4546389704f	3007	408	07c2487e-4154-4f4d-86b4-f4546389704f	Daft Punk	https://www.last.fm/music/Daft+Punk/_/Giorgio+by+Moroder	https://www.last.fm/music/Daft%20Punk	Giorgio by Moroder	https://www.last.fm/music/Daft%20Punk/Random%20Access%20Memories	0.0	Random Access Memories	Well-Being	Pleasure & Enjoyment	536bb370-1c3b-46d6-8660-4aace6b6af23	2	1	Qd13tDDRvOVNjlBy
onion::408::d54ad2cf-cc5b-4c8d-881d-f4685e12553c	3009	408	d54ad2cf-cc5b-4c8d-881d-f4685e12553c	Sia	https://www.last.fm/music/Sia/_/Chandelier	https://www.last.fm/music/Sia	Chandelier	https://www.last.fm/music/Sia/1000%20Forms%20of%20Fear	0.0	1000 Forms of Fear	Well-Being	Pleasure & Enjoyment	536bb370-1c3b-46d6-8660-4aace6b6af23	2	1	zp4zYVjiH2Tm3gTM
onion::408::Green Day-Basket Case-2-281	3015	408	Green Day-Basket Case-2-281	Green Day	https://www.last.fm/music/Green+Day/_/Basket+Case	https://www.last.fm/music/Green%20Day	Basket Case	https://www.last.fm/music/Green%20Day/Dookie	0.0	Dookie	Well-Being	Pleasure & Enjoyment	536bb370-1c3b-46d6-8660-4aace6b6af23	2	1	cC1MB9fo6jK3h8Wb
onion::408::ba305189-a85a-4ada-83bc-b75e204cba85	3018	408	ba305189-a85a-4ada-83bc-b75e204cba85	Lady Gaga	https://www.last.fm/music/Lady+Gaga/_/Bloody+Mary	https://www.last.fm/music/Lady%20Gaga	Bloody Mary	https://www.last.fm/music/Lady%20Gaga/Born%20This%20Way	0.0	Born This Way	Well-Being	Pleasure & Enjoyment	536bb370-1c3b-46d6-8660-4aace6b6af23	2	1	NLFq6BDW2f1VDfq6
onion::408::Aqua-Barbie Girl-2-208	3023	408	Aqua-Barbie Girl-2-208	Aqua	https://www.last.fm/music/Aqua/_/Barbie+Girl	https://www.last.fm/music/Aqua	Barbie Girl	https://www.last.fm/music/Aqua/Aquarium	0.0	Aquarium	Well-Being	Pleasure & Enjoyment	536bb370-1c3b-46d6-8660-4aace6b6af23	2	1	OUb23fwEUhwC3Uec
onion::408::05e2cc5f-a633-48eb-abde-6663b673f74e	3024	408	05e2cc5f-a633-48eb-abde-6663b673f74e	Daft Punk	https://www.last.fm/music/Daft+Punk/_/Around+the+World	https://www.last.fm/music/Daft%20Punk	Around the World	https://www.last.fm/music/Daft%20Punk/Homework	0.0	Homework	Well-Being	Pleasure & Enjoyment	536bb370-1c3b-46d6-8660-4aace6b6af23	2	1	iikufrfKJAAwTjFv
onion::408::20a2520e-2d73-4caf-ba14-0c6837585667	3028	408	20a2520e-2d73-4caf-ba14-0c6837585667	Porter Robinson	https://www.last.fm/music/Porter+Robinson/_/Sad+Machine	https://www.last.fm/music/Porter%20Robinson	Sad Machine	https://www.last.fm/music/Porter%20Robinson/Worlds	0.0	Worlds	Well-Being	Pleasure & Enjoyment	536bb370-1c3b-46d6-8660-4aace6b6af23	2	1	OgWDV82JkbGlam41
onion::408::a82838b5-ea2c-41c8-b1b0-b9daa547f70d	3033	408	a82838b5-ea2c-41c8-b1b0-b9daa547f70d	Lynyrd Skynyrd	https://www.last.fm/music/Lynyrd+Skynyrd/_/Free+Bird	https://www.last.fm/music/Lynyrd%20Skynyrd	Free Bird	https://www.last.fm/music/Lynyrd%20Skynyrd/Pronounced%20Leh-Nerd%20Skin-Nerd	0.0	Pronounced Leh-Nerd Skin-Nerd	Well-Being	Pleasure & Enjoyment	536bb370-1c3b-46d6-8660-4aace6b6af23	2	1	CHg9GmMQ74rgJjhq
onion::408::81dd5319-8d09-4c25-9d74-3182ad2f1f97	3035	408	81dd5319-8d09-4c25-9d74-3182ad2f1f97	Marshmello	https://www.last.fm/music/Marshmello/_/Alone	https://www.last.fm/music/Marshmello	Alone	https://www.last.fm/music/Marshmello/Alone%20-%20Single	0.0	Alone - Single	Well-Being	Pleasure & Enjoyment	536bb370-1c3b-46d6-8660-4aace6b6af23	2	1	bh3LVKvBT7kKdIEH
onion::408::0915b6a9-647e-334b-b6a3-7f519698c830	3037	408	0915b6a9-647e-334b-b6a3-7f519698c830	Yellowcard	https://www.last.fm/music/Yellowcard/_/Ocean+Avenue	https://www.last.fm/music/Yellowcard	Ocean Avenue	https://www.last.fm/music/Yellowcard/Ocean%20Avenue	0.0	Ocean Avenue	Well-Being	Pleasure & Enjoyment	536bb370-1c3b-46d6-8660-4aace6b6af23	2	1	30t0E6VjzZNzBgIN
onion::410::a82838b5-ea2c-41c8-b1b0-b9daa547f70d	3121	410	a82838b5-ea2c-41c8-b1b0-b9daa547f70d	Lynyrd Skynyrd	https://www.last.fm/music/Lynyrd+Skynyrd/_/Free+Bird	https://www.last.fm/music/Lynyrd%20Skynyrd	Free Bird	https://www.last.fm/music/Lynyrd%20Skynyrd/Pronounced%20Leh-Nerd%20Skin-Nerd	0.0	Pronounced Leh-Nerd Skin-Nerd	Nostalgia	Nostalgia	536bb370-1c3b-46d6-8660-4aace6b6af23	1	1	CHg9GmMQ74rgJjhq
onion::409::a82838b5-ea2c-41c8-b1b0-b9daa547f70d	3061	409	a82838b5-ea2c-41c8-b1b0-b9daa547f70d	Lynyrd Skynyrd	https://www.last.fm/music/Lynyrd+Skynyrd/_/Free+Bird	https://www.last.fm/music/Lynyrd%20Skynyrd	Free Bird	https://www.last.fm/music/Lynyrd%20Skynyrd/Pronounced%20Leh-Nerd%20Skin-Nerd	0.0	Pronounced Leh-Nerd Skin-Nerd	Mood Enhancement	Cheerfulness	536bb370-1c3b-46d6-8660-4aace6b6af23	2	1	CHg9GmMQ74rgJjhq
onion::409::5848b67f-3f26-3363-81e6-804e9727870e	3078	409	5848b67f-3f26-3363-81e6-804e9727870e	Junior Senior	https://www.last.fm/music/Junior+Senior/_/Move+Your+Feet	https://www.last.fm/music/Junior%20Senior	Move Your Feet	https://www.last.fm/music/Junior%20Senior/D-D-Don't%20Don't%20Stop%20the%20Beat	0.0	D-D-Don't Don't Stop the Beat	Mood Enhancement	Cheerfulness	536bb370-1c3b-46d6-8660-4aace6b6af23	2	1	fpspvnC1jELCCN1C
onion::409::Calvin Harris-Summer-3-227	3083	409	Calvin Harris-Summer-3-227	Calvin Harris	https://www.last.fm/music/Calvin+Harris/_/Summer	https://www.last.fm/music/Calvin%20Harris	Summer	https://www.last.fm/music/Calvin%20Harris/Motion	0.0	Motion	Mood Enhancement	Cheerfulness	536bb370-1c3b-46d6-8660-4aace6b6af23	2	1	H1BeXyX2P5g6ZVJZ
onion::409::1ab5a945-b17a-438f-b217-20e34126cf73	3088	409	1ab5a945-b17a-438f-b217-20e34126cf73	Nicki Minaj	https://www.last.fm/music/Nicki+Minaj/_/Starships	https://www.last.fm/music/Nicki%20Minaj	Starships	https://www.last.fm/music/Nicki%20Minaj/Pink%20Friday%20...%20Roman%20Reloaded	0.0	Pink Friday ... Roman Reloaded	Mood Enhancement	Cheerfulness	536bb370-1c3b-46d6-8660-4aace6b6af23	2	1	9ZtfD8gBZXonrJKX
onion::409::The Weeknd-Can't Feel My Face-3-263	3089	409	The Weeknd-Can't Feel My Face-3-263	The Weeknd	https://www.last.fm/music/The+Weeknd/_/Can%27t+Feel+My+Face	https://www.last.fm/music/The%20Weeknd	Can't Feel My Face	https://www.last.fm/music/The%20Weeknd/Beauty%20Behind%20the%20Madness	0.0	Beauty Behind the Madness	Mood Enhancement	Cheerfulness	536bb370-1c3b-46d6-8660-4aace6b6af23	2	1	xXuRT5zDQRwT35Fa
onion::409::7860dc38-2230-4a13-9fd5-c006789449ab	3091	409	7860dc38-2230-4a13-9fd5-c006789449ab	Avenged Sevenfold	https://www.last.fm/music/Avenged+Sevenfold/_/Nightmare	https://www.last.fm/music/Avenged%20Sevenfold	Nightmare	https://www.last.fm/music/Avenged%20Sevenfold/Nightmare	0.0	Nightmare	Mood Enhancement	Cheerfulness	536bb370-1c3b-46d6-8660-4aace6b6af23	2	1	5GSd1v6vniYTia3x
onion::410::0915b6a9-647e-334b-b6a3-7f519698c830	3117	410	0915b6a9-647e-334b-b6a3-7f519698c830	Yellowcard	https://www.last.fm/music/Yellowcard/_/Ocean+Avenue	https://www.last.fm/music/Yellowcard	Ocean Avenue	https://www.last.fm/music/Yellowcard/Ocean%20Avenue	0.0	Ocean Avenue	Nostalgia	Nostalgia	536bb370-1c3b-46d6-8660-4aace6b6af23	1	1	30t0E6VjzZNzBgIN
onion::410::81dd5319-8d09-4c25-9d74-3182ad2f1f97	3119	410	81dd5319-8d09-4c25-9d74-3182ad2f1f97	Marshmello	https://www.last.fm/music/Marshmello/_/Alone	https://www.last.fm/music/Marshmello	Alone	https://www.last.fm/music/Marshmello/Alone%20-%20Single	0.0	Alone - Single	Nostalgia	Nostalgia	536bb370-1c3b-46d6-8660-4aace6b6af23	1	1	bh3LVKvBT7kKdIEH
onion::410::20a2520e-2d73-4caf-ba14-0c6837585667	3125	410	20a2520e-2d73-4caf-ba14-0c6837585667	Porter Robinson	https://www.last.fm/music/Porter+Robinson/_/Sad+Machine	https://www.last.fm/music/Porter%20Robinson	Sad Machine	https://www.last.fm/music/Porter%20Robinson/Worlds	0.0	Worlds	Nostalgia	Nostalgia	536bb370-1c3b-46d6-8660-4aace6b6af23	1	1	OgWDV82JkbGlam41
onion::410::05e2cc5f-a633-48eb-abde-6663b673f74e	3129	410	05e2cc5f-a633-48eb-abde-6663b673f74e	Daft Punk	https://www.last.fm/music/Daft+Punk/_/Around+the+World	https://www.last.fm/music/Daft%20Punk	Around the World	https://www.last.fm/music/Daft%20Punk/Homework	0.0	Homework	Nostalgia	Nostalgia	536bb370-1c3b-46d6-8660-4aace6b6af23	1	1	iikufrfKJAAwTjFv
onion::410::Aqua-Barbie Girl-2-208	3130	410	Aqua-Barbie Girl-2-208	Aqua	https://www.last.fm/music/Aqua/_/Barbie+Girl	https://www.last.fm/music/Aqua	Barbie Girl	https://www.last.fm/music/Aqua/Aquarium	0.0	Aquarium	Nostalgia	Nostalgia	536bb370-1c3b-46d6-8660-4aace6b6af23	1	1	OUb23fwEUhwC3Uec
onion::1334::2fyIS6GXMgUcSv4oejx63f	12041	1334	2fyIS6GXMgUcSv4oejx63f	Arctic Monkeys			Mardy Bum			Whatever People Say I Am, That's What I'm Not	Passion / Pleasure	Habitual Listening	8c5a6ecc-10f9-4281-8e88-c0f74b2310b9	3	4	xr1HkbplUycZcEZX
onion::410::ba305189-a85a-4ada-83bc-b75e204cba85	3135	410	ba305189-a85a-4ada-83bc-b75e204cba85	Lady Gaga	https://www.last.fm/music/Lady+Gaga/_/Bloody+Mary	https://www.last.fm/music/Lady%20Gaga	Bloody Mary	https://www.last.fm/music/Lady%20Gaga/Born%20This%20Way	0.0	Born This Way	Nostalgia	Nostalgia	536bb370-1c3b-46d6-8660-4aace6b6af23	1	1	NLFq6BDW2f1VDfq6
onion::410::Green Day-Basket Case-2-281	3139	410	Green Day-Basket Case-2-281	Green Day	https://www.last.fm/music/Green+Day/_/Basket+Case	https://www.last.fm/music/Green%20Day	Basket Case	https://www.last.fm/music/Green%20Day/Dookie	0.0	Dookie	Nostalgia	Nostalgia	536bb370-1c3b-46d6-8660-4aace6b6af23	1	1	cC1MB9fo6jK3h8Wb
onion::410::d54ad2cf-cc5b-4c8d-881d-f4685e12553c	3144	410	d54ad2cf-cc5b-4c8d-881d-f4685e12553c	Sia	https://www.last.fm/music/Sia/_/Chandelier	https://www.last.fm/music/Sia	Chandelier	https://www.last.fm/music/Sia/1000%20Forms%20of%20Fear	0.0	1000 Forms of Fear	Nostalgia	Nostalgia	536bb370-1c3b-46d6-8660-4aace6b6af23	1	1	zp4zYVjiH2Tm3gTM
onion::410::07c2487e-4154-4f4d-86b4-f4546389704f	3145	410	07c2487e-4154-4f4d-86b4-f4546389704f	Daft Punk	https://www.last.fm/music/Daft+Punk/_/Giorgio+by+Moroder	https://www.last.fm/music/Daft%20Punk	Giorgio by Moroder	https://www.last.fm/music/Daft%20Punk/Random%20Access%20Memories	0.0	Random Access Memories	Nostalgia	Nostalgia	536bb370-1c3b-46d6-8660-4aace6b6af23	1	1	Qd13tDDRvOVNjlBy
onion::410::7e4623ee-d9fc-442b-9df5-01e098e3ed8f	3148	410	7e4623ee-d9fc-442b-9df5-01e098e3ed8f	Jennifer Lopez	https://www.last.fm/music/Jennifer+Lopez/_/Love+Don%27t+Cost+a+Thing	https://www.last.fm/music/Jennifer%20Lopez	Love Don't Cost a Thing	https://www.last.fm/music/Jennifer%20Lopez/J.Lo	0.0	J.Lo	Nostalgia	Nostalgia	536bb370-1c3b-46d6-8660-4aace6b6af23	1	1	r5kGB7E8H1eFUQQ9
onion::410::5848b67f-3f26-3363-81e6-804e9727870e	3152	410	5848b67f-3f26-3363-81e6-804e9727870e	Junior Senior	https://www.last.fm/music/Junior+Senior/_/Move+Your+Feet	https://www.last.fm/music/Junior%20Senior	Move Your Feet	https://www.last.fm/music/Junior%20Senior/D-D-Don't%20Don't%20Stop%20the%20Beat	0.0	D-D-Don't Don't Stop the Beat	Nostalgia	Nostalgia	536bb370-1c3b-46d6-8660-4aace6b6af23	1	1	fpspvnC1jELCCN1C
onion::410::Calvin Harris-Summer-3-227	3159	410	Calvin Harris-Summer-3-227	Calvin Harris	https://www.last.fm/music/Calvin+Harris/_/Summer	https://www.last.fm/music/Calvin%20Harris	Summer	https://www.last.fm/music/Calvin%20Harris/Motion	0.0	Motion	Nostalgia	Nostalgia	536bb370-1c3b-46d6-8660-4aace6b6af23	1	1	H1BeXyX2P5g6ZVJZ
onion::410::7860dc38-2230-4a13-9fd5-c006789449ab	3163	410	7860dc38-2230-4a13-9fd5-c006789449ab	Avenged Sevenfold	https://www.last.fm/music/Avenged+Sevenfold/_/Nightmare	https://www.last.fm/music/Avenged%20Sevenfold	Nightmare	https://www.last.fm/music/Avenged%20Sevenfold/Nightmare	0.0	Nightmare	Nostalgia	Nostalgia	536bb370-1c3b-46d6-8660-4aace6b6af23	1	1	5GSd1v6vniYTia3x
onion::410::Linkin Park-In the End-4-2	3164	410	Linkin Park-In the End-4-2	Linkin Park	https://www.last.fm/music/Linkin+Park/_/In+the+End	https://www.last.fm/music/Linkin%20Park	In the End	https://www.last.fm/music/Linkin%20Park/Hybrid%20Theory%20(Bonus%20Track%20Version)	0.0	Hybrid Theory (Bonus Track Version)	Nostalgia	Nostalgia	536bb370-1c3b-46d6-8660-4aace6b6af23	1	1	VKvF5oSWmxCDL97f
onion::410::dac4b7da-2585-4a4a-a1a6-d6da7415abd9	3165	410	dac4b7da-2585-4a4a-a1a6-d6da7415abd9	Nelly	https://www.last.fm/music/Nelly/_/Hot+in+Herre	https://www.last.fm/music/Nelly	Hot in Herre	https://www.last.fm/music/Nelly/Nellyville	0.0	Nellyville	Nostalgia	Nostalgia	536bb370-1c3b-46d6-8660-4aace6b6af23	1	1	ltuqdl7RA2AnWOCR
onion::453::4PFiLGx8jAzcAJxwPLUeZ9	3780	453	4PFiLGx8jAzcAJxwPLUeZ9	Otis Redding			Cigarettes And Coffee			The Soul Album	Relief	Relief	d3701dbb-c14a-4923-8ad7-1d1ce8ec66ae	2	2	UpUgWZhPp9JKw1RC
onion::411::5848b67f-3f26-3363-81e6-804e9727870e	3183	411	5848b67f-3f26-3363-81e6-804e9727870e	Junior Senior	https://www.last.fm/music/Junior+Senior/_/Move+Your+Feet	https://www.last.fm/music/Junior%20Senior	Move Your Feet	https://www.last.fm/music/Junior%20Senior/D-D-Don't%20Don't%20Stop%20the%20Beat	0.0	D-D-Don't Don't Stop the Beat	Creativity	Creative Visualization	536bb370-1c3b-46d6-8660-4aace6b6af23	1	1	fpspvnC1jELCCN1C
onion::411::4819d960-51be-4947-b4b3-b89fd00582ca	3186	411	4819d960-51be-4947-b4b3-b89fd00582ca	Dan Salvato	https://www.last.fm/music/Dan+Salvato/_/Your+Reality	https://www.last.fm/music/Dan%20Salvato	Your Reality	https://www.last.fm/music/Dan%20Salvato/Doki%20Doki%20Literature%20Club!%20(Original%20Soundtrack)	0.0	Doki Doki Literature Club! (Original Soundtrack)	Creativity	Creative Visualization	536bb370-1c3b-46d6-8660-4aace6b6af23	1	1	UppwmIOhovfm7oAT
onion::411::20a2520e-2d73-4caf-ba14-0c6837585667	3192	411	20a2520e-2d73-4caf-ba14-0c6837585667	Porter Robinson	https://www.last.fm/music/Porter+Robinson/_/Sad+Machine	https://www.last.fm/music/Porter%20Robinson	Sad Machine	https://www.last.fm/music/Porter%20Robinson/Worlds	0.0	Worlds	Creativity	Creative Visualization	536bb370-1c3b-46d6-8660-4aace6b6af23	1	1	OgWDV82JkbGlam41
onion::411::0915b6a9-647e-334b-b6a3-7f519698c830	3197	411	0915b6a9-647e-334b-b6a3-7f519698c830	Yellowcard	https://www.last.fm/music/Yellowcard/_/Ocean+Avenue	https://www.last.fm/music/Yellowcard	Ocean Avenue	https://www.last.fm/music/Yellowcard/Ocean%20Avenue	0.0	Ocean Avenue	Creativity	Creative Visualization	536bb370-1c3b-46d6-8660-4aace6b6af23	1	1	30t0E6VjzZNzBgIN
onion::474::7hZuICN5eaCuQyp443RCt6	4023	474	7hZuICN5eaCuQyp443RCt6	Taylor Swift			Dear John			Speak Now	Creativity	Creative Visualization	e25e52c4-d95c-429a-8fd7-0159d672ef48	2	3	4gO7mQOVITAklJOx
onion::412::0ttUuij1GDXSmyKV6PVLDz	3206	412	0ttUuij1GDXSmyKV6PVLDz	The Dickies	spotify:track:0ttUuij1GDXSmyKV6PVLDz	spotify:artist:3xWO6nOrnGGL9hfB2vWxLI	Paranoid	spotify:album:4Ihag1SKHFDIxLFIJUT1Wb	126400.0	The Incredible Shrinking Dickies	Emotion (regulation)	Emotional Resonance	48d32e3c-8971-4183-a451-733b277e8aa7	3	3	MWhGAAWRCTRLuvrD
onion::413::4IhQesK0sjyaqaCHBlhDFd	3208	413	4IhQesK0sjyaqaCHBlhDFd	Elvis Crespo	spotify:track:4IhQesK0sjyaqaCHBlhDFd	spotify:artist:1c22GXH30ijlOfXhfLz9Df	Suavemente	spotify:album:1bzxWsDKxU10I1JtyaO7gN	251718.0	Suavemente	Connection / Belonging	Connection / Belonging	48d32e3c-8971-4183-a451-733b277e8aa7	3	3	KeKbzmQ8Nas7OUHo
onion::413::35JCqJeMOjQwsc1EhMINCC	3209	413	35JCqJeMOjQwsc1EhMINCC	Dead Kennedys	spotify:track:35JCqJeMOjQwsc1EhMINCC	spotify:artist:30U8fYtiNpeA5KH6H87QUV	Police Truck	spotify:album:5UDAJbDljEo9F1G6JU80EB	158035.0	Mutiny on the Bay	Connection / Belonging	Connection / Belonging	48d32e3c-8971-4183-a451-733b277e8aa7	3	3	0LilX8uubIxpMHiJ
onion::413::5fWxm4j1WgVNkYPDwYBoBF	3210	413	5fWxm4j1WgVNkYPDwYBoBF	Bad Religion	spotify:track:5fWxm4j1WgVNkYPDwYBoBF	spotify:artist:2yJwXpWAQOOl5XFzbCxLs9	Come Join Us	spotify:album:3noW0E8h93SBl56WTNu2y5	123666.0	The Gray Race	Connection / Belonging	Connection / Belonging	48d32e3c-8971-4183-a451-733b277e8aa7	3	3	DwWCcyDEF80g6I4G
onion::414::1Syl1VDsZ2z1raR131fMCA	3214	414	1Syl1VDsZ2z1raR131fMCA	Pennywise	spotify:track:1Syl1VDsZ2z1raR131fMCA	spotify:artist:6i0KVTOvm96T55mbp742ks	Society	spotify:album:3B6R5NLi3Lg6pyXUdVf32E	204786.0	Full Circle	Beliefs	Political Expression	48d32e3c-8971-4183-a451-733b277e8aa7	3	3	usJI97shXEq6YJ7Y
onion::414::4KzYRLRdiqrbceTxFtHygg	3215	414	4KzYRLRdiqrbceTxFtHygg	Bad Brains	spotify:track:4KzYRLRdiqrbceTxFtHygg	spotify:artist:1oVj9JmPUPg4SQ2uerV2xc	Leaving Babylon	spotify:album:4NpepcKo9rQ8nkdCB6iWMP	250586.0	Bad Brains	Beliefs	Political Expression	48d32e3c-8971-4183-a451-733b277e8aa7	3	3	21UE9PZhrOcR0X3U
onion::415::1nLbGWpxTx6j1FwI4tgugk	3218	415	1nLbGWpxTx6j1FwI4tgugk	Deftones	spotify:track:1nLbGWpxTx6j1FwI4tgugk	spotify:artist:6Ghvu1VvMGScGpOUJBAHNH	Royal	spotify:album:4RQnFSkkZlA65Xxchhnaha	212626.0	Diamond Eyes	Identity, Culture	Heritage Appreciation	48d32e3c-8971-4183-a451-733b277e8aa7	2	3	Jw4p98tPdDDHgb6W
onion::415::4X3lczz7qoWrQ87By59sPu	3219	415	4X3lczz7qoWrQ87By59sPu	Pepe Aguilar	spotify:track:4X3lczz7qoWrQ87By59sPu	spotify:artist:03Yb3iBy9GCifXiATEFcit	Miedo	spotify:album:5qoV1zhw6RCAfjnu9gwJFt	276355.0	No Soy de Nadie	Identity, Culture	Heritage Appreciation	48d32e3c-8971-4183-a451-733b277e8aa7	2	3	gvyzKcTPtTBFN8HP
onion::415::4FsVB8msXzmemjJdTKUoal	3220	415	4FsVB8msXzmemjJdTKUoal	Yuridia	spotify:track:4FsVB8msXzmemjJdTKUoal	spotify:artist:5B8ApeENp4bE4EE3LI8jK2	Ya Te Olvidé	spotify:album:0nN4sE3MnNnZQSCXcYFiF0	211373.0	Para Mí	Identity, Culture	Heritage Appreciation	48d32e3c-8971-4183-a451-733b277e8aa7	2	3	fg8KyD4O2FmcfExq
onion::415::1ED6dMdVwXGkXAjsJdk5f0	3221	415	1ED6dMdVwXGkXAjsJdk5f0	The Stooges	spotify:track:1ED6dMdVwXGkXAjsJdk5f0	spotify:artist:4BFMTELQyWJU1SwqcXMBm3	L.A. Blues	spotify:album:5qhXaVIC5BdE4a5Kq1FMZG	293866.0	Funhouse	Identity, Culture	Heritage Appreciation	48d32e3c-8971-4183-a451-733b277e8aa7	2	3	cFGXaqjaTDtSkuNZ
onion::416::8371b3b7-eb7c-48f7-b1cc-3ea4e60b0ebb	3223	416	8371b3b7-eb7c-48f7-b1cc-3ea4e60b0ebb	Daft Punk	https://www.last.fm/music/Daft+Punk/_/Digital+Love	https://www.last.fm/music/Daft%20Punk	Digital Love	https://www.last.fm/music/Daft%20Punk/Discovery	0.0	Discovery	Passion / Pleasure	Habitual Listening	07d002fa-f659-4933-8293-86c56a059c6d	2	5	3oJflRW3ftkj1IYu
onion::416::04087fe0-8e12-3bd8-8c2a-d9a3c147ea99	3228	416	04087fe0-8e12-3bd8-8c2a-d9a3c147ea99	Primus	https://www.last.fm/music/Primus/_/My+Name+Is+Mud	https://www.last.fm/music/Primus	My Name Is Mud	https://www.last.fm/music/Primus/Pork%20Soda	0.0	Pork Soda	Passion / Pleasure	Habitual Listening	07d002fa-f659-4933-8293-86c56a059c6d	2	5	7PAc0qJBlSzW7Jlc
onion::416::Dire Straits-Sultans of Swing-3-50	3238	416	Dire Straits-Sultans of Swing-3-50	Dire Straits	https://www.last.fm/music/Dire+Straits/_/Sultans+of+Swing	https://www.last.fm/music/Dire%20Straits	Sultans of Swing	https://www.last.fm/music/Dire%20Straits/Dire%20Straits	0.0	Dire Straits	Passion / Pleasure	Habitual Listening	07d002fa-f659-4933-8293-86c56a059c6d	2	5	PFYen7nm8cFFUub4
onion::416::cf19d08f-f9ca-463f-bb0c-518c9075ce9f	3240	416	cf19d08f-f9ca-463f-bb0c-518c9075ce9f	Future	https://www.last.fm/music/Future/_/Mask+Off	https://www.last.fm/music/Future	Mask Off	https://www.last.fm/music/Future/FUTURE	0.0	FUTURE	Passion / Pleasure	Habitual Listening	07d002fa-f659-4933-8293-86c56a059c6d	2	5	zxqKvtGMOMGE2ZeX
onion::416::cb2cc207-8125-445c-9ef9-6ea44eee959a	3243	416	cb2cc207-8125-445c-9ef9-6ea44eee959a	Ed Sheeran	https://www.last.fm/music/Ed+Sheeran/_/Thinking+Out+Loud	https://www.last.fm/music/Ed%20Sheeran	Thinking Out Loud	https://www.last.fm/music/Ed%20Sheeran/x%20(Deluxe%20Edition)	0.0	x (Deluxe Edition)	Passion / Pleasure	Habitual Listening	07d002fa-f659-4933-8293-86c56a059c6d	2	5	8xFD1UO8nr1qwOg6
onion::417::3mcLbunqWhRqEM80uVxxjW	3249	417	3mcLbunqWhRqEM80uVxxjW	Emmanuel	spotify:track:3mcLbunqWhRqEM80uVxxjW	spotify:artist:2DmYtFBKcxb3ajwWWgA576	Quiero Dormir Cansado	spotify:album:1nPws7dMtvCjp9xTgGVIuq	240506.0	Exitos, Alma, Amor Y Guitarra	(Self-) Reflection / Introspection	Self-Reflection	48d32e3c-8971-4183-a451-733b277e8aa7	3	3	Sh26hjgYr7E0t7SP
onion::417::27ze5t5tIDPlVits0KRbxT	3250	417	27ze5t5tIDPlVits0KRbxT	Aventura	spotify:track:27ze5t5tIDPlVits0KRbxT	spotify:artist:1qto4hHid1P71emI6Fd8xi	El Perdedor	spotify:album:03Sa02WIHEwH8lHfbipmrz	215213.0	K.O.B. Live	(Self-) Reflection / Introspection	Self-Reflection	48d32e3c-8971-4183-a451-733b277e8aa7	3	3	lP765nl3Ds3RsvRo
onion::417::7ybprTSdhXFzGWdtUEyfjG	3252	417	7ybprTSdhXFzGWdtUEyfjG	Gala	spotify:track:7ybprTSdhXFzGWdtUEyfjG	spotify:artist:3OqTvcWgb0xaainosGVvuZ	Let a Boy Cry	spotify:album:3vcwGUl0WiJVssOR1dXEbe	203284.0	Come Into My Life (The Album)	(Self-) Reflection / Introspection	Self-Reflection	48d32e3c-8971-4183-a451-733b277e8aa7	3	3	I696LFToFrDdwsVd
onion::417::4kFfFe38CRVnTsakUTL4E4	3253	417	4kFfFe38CRVnTsakUTL4E4	Black Flag	spotify:track:4kFfFe38CRVnTsakUTL4E4	spotify:artist:5Mhs3Eu8lU6sRCtRYsmABV	Rise Above	spotify:album:34aFnrFRBlErcbU6moRZR3	146560.0	Damaged	(Self-) Reflection / Introspection	Self-Reflection	48d32e3c-8971-4183-a451-733b277e8aa7	3	3	khymRW0B0p6aUuSm
onion::418::4Pb6cFstmgs4E5PIJ5oMd5	3254	418	4Pb6cFstmgs4E5PIJ5oMd5	Andrew W.K.	spotify:track:4Pb6cFstmgs4E5PIJ5oMd5	spotify:artist:4YJR4xviDKHoelt9WKHlBa	We Want Fun	spotify:album:2w4N6trK0pYKVrZXELTT3L	237293.0	Jackass	Well-Being	Pleasure & Enjoyment	48d32e3c-8971-4183-a451-733b277e8aa7	4	2	QPnlsVjq09Jxe2sl
onion::418::7kWmT6l911OFlkhhSV6KlM	3257	418	7kWmT6l911OFlkhhSV6KlM	Culture Beat	spotify:track:7kWmT6l911OFlkhhSV6KlM	spotify:artist:0BZ3BHzfYwpd3k5TDnvAz8	Got to Get It	spotify:album:4WiN45TcjcmOnnk8ZPzIIO	321426.0	Serenity	Well-Being	Pleasure & Enjoyment	48d32e3c-8971-4183-a451-733b277e8aa7	4	2	f5gTrdbFYEfAGajD
onion::419::8371b3b7-eb7c-48f7-b1cc-3ea4e60b0ebb	3259	419	8371b3b7-eb7c-48f7-b1cc-3ea4e60b0ebb	Daft Punk	https://www.last.fm/music/Daft+Punk/_/Digital+Love	https://www.last.fm/music/Daft%20Punk	Digital Love	https://www.last.fm/music/Daft%20Punk/Discovery	0.0	Discovery	Well-Being	Pleasure & Enjoyment	07d002fa-f659-4933-8293-86c56a059c6d	3	5	3oJflRW3ftkj1IYu
onion::419::b8cfa961-8037-4e57-9044-59ac2fbbb6c7	3263	419	b8cfa961-8037-4e57-9044-59ac2fbbb6c7	Yes	https://www.last.fm/music/Yes/_/Changes	https://www.last.fm/music/Yes	Changes	https://www.last.fm/music/Yes/90125%20(Deluxe%20Version)	0.0	90125 (Deluxe Version)	Well-Being	Pleasure & Enjoyment	07d002fa-f659-4933-8293-86c56a059c6d	3	5	CVf0d0un7HE2aMJT
onion::419::ad928ab4-f1bc-4da0-9a37-7840adb460c4	3267	419	ad928ab4-f1bc-4da0-9a37-7840adb460c4	Eminem	https://www.last.fm/music/Eminem/_/Yellow+Brick+Road	https://www.last.fm/music/Eminem	Yellow Brick Road	https://www.last.fm/music/Eminem/Encore%20(Deluxe%20Version)	0.0	Encore (Deluxe Version)	Well-Being	Pleasure & Enjoyment	07d002fa-f659-4933-8293-86c56a059c6d	3	5	akyl6Y3wuZVxWvvZ
onion::419::04087fe0-8e12-3bd8-8c2a-d9a3c147ea99	3268	419	04087fe0-8e12-3bd8-8c2a-d9a3c147ea99	Primus	https://www.last.fm/music/Primus/_/My+Name+Is+Mud	https://www.last.fm/music/Primus	My Name Is Mud	https://www.last.fm/music/Primus/Pork%20Soda	0.0	Pork Soda	Well-Being	Pleasure & Enjoyment	07d002fa-f659-4933-8293-86c56a059c6d	3	5	7PAc0qJBlSzW7Jlc
onion::419::ac270254-5800-4719-a650-014091e855ce	3269	419	ac270254-5800-4719-a650-014091e855ce	Anna Kendrick	https://www.last.fm/music/Anna+Kendrick/_/Get+Back+Up+Again	https://www.last.fm/music/Anna%20Kendrick	Get Back Up Again	https://www.last.fm/music/Anna%20Kendrick/Trolls%20(Original%20Motion%20Picture%20Soundtrack)	0.0	Trolls (Original Motion Picture Soundtrack)	Well-Being	Pleasure & Enjoyment	07d002fa-f659-4933-8293-86c56a059c6d	3	5	6d0O6zBWVlZ4OEla
onion::419::0130f726-56cf-43fb-949c-a616d9caa890	3271	419	0130f726-56cf-43fb-949c-a616d9caa890	Eminem	https://www.last.fm/music/Eminem/_/Criminal	https://www.last.fm/music/Eminem	Criminal	https://www.last.fm/music/Eminem/The%20Marshall%20Mathers%20LP	0.0	The Marshall Mathers LP	Well-Being	Pleasure & Enjoyment	07d002fa-f659-4933-8293-86c56a059c6d	3	5	NEF3uCUMNHnrrSEU
onion::419::0991d6ba-3e41-4f04-85a1-5c35b56bbfc3	3275	419	0991d6ba-3e41-4f04-85a1-5c35b56bbfc3	Skyhill	https://www.last.fm/music/Skyhill/_/Hands+On+The+Water	https://www.last.fm/music/Skyhill	Hands On The Water	https://www.last.fm/music/Skyhill/Run%20With%20The%20Hunted	0.0	Run With The Hunted	Well-Being	Pleasure & Enjoyment	07d002fa-f659-4933-8293-86c56a059c6d	3	5	K9ohvgarNu3KVJN0
onion::419::7623d4ed-1b43-3b7e-bdc8-3f7dfce1f689	3277	419	7623d4ed-1b43-3b7e-bdc8-3f7dfce1f689	Ween	https://www.last.fm/music/Ween/_/Ocean+Man	https://www.last.fm/music/Ween	Ocean Man	https://www.last.fm/music/Ween/The%20Mollusk	0.0	The Mollusk	Well-Being	Pleasure & Enjoyment	07d002fa-f659-4933-8293-86c56a059c6d	3	5	tf3wHJZ2UoB2rhl3
onion::419::20b63d22-c64f-4fc4-bd70-5dcd3644d290	3284	419	20b63d22-c64f-4fc4-bd70-5dcd3644d290	Counting Crows	https://www.last.fm/music/Counting+Crows/_/Round+Here	https://www.last.fm/music/Counting%20Crows	Round Here	https://www.last.fm/music/Counting%20Crows/Rock%20Anthem%20Hits	0.0	Rock Anthem Hits	Well-Being	Pleasure & Enjoyment	07d002fa-f659-4933-8293-86c56a059c6d	3	5	TyPVMe7JLnSWq8QM
onion::419::cf19d08f-f9ca-463f-bb0c-518c9075ce9f	3291	419	cf19d08f-f9ca-463f-bb0c-518c9075ce9f	Future	https://www.last.fm/music/Future/_/Mask+Off	https://www.last.fm/music/Future	Mask Off	https://www.last.fm/music/Future/FUTURE	0.0	FUTURE	Well-Being	Pleasure & Enjoyment	07d002fa-f659-4933-8293-86c56a059c6d	3	5	zxqKvtGMOMGE2ZeX
onion::419::15e900a6-d55c-35d0-a739-2cecbb21add4	3295	419	15e900a6-d55c-35d0-a739-2cecbb21add4	Neil Patrick Harris	https://www.last.fm/music/Neil+Patrick+Harris/_/Brand+New+Day	https://www.last.fm/music/Neil%20Patrick%20Harris	Brand New Day	https://www.last.fm/music/Neil%20Patrick%20Harris/Dr.%20Horrible's%20Sing-along%20Blog%20(Motion%20Picture%20Soundtrack)	0.0	Dr. Horrible's Sing-along Blog (Motion Picture Soundtrack)	Well-Being	Pleasure & Enjoyment	07d002fa-f659-4933-8293-86c56a059c6d	3	5	joty0gKs0YqRLNSU
onion::419::cb2cc207-8125-445c-9ef9-6ea44eee959a	3298	419	cb2cc207-8125-445c-9ef9-6ea44eee959a	Ed Sheeran	https://www.last.fm/music/Ed+Sheeran/_/Thinking+Out+Loud	https://www.last.fm/music/Ed%20Sheeran	Thinking Out Loud	https://www.last.fm/music/Ed%20Sheeran/x%20(Deluxe%20Edition)	0.0	x (Deluxe Edition)	Well-Being	Pleasure & Enjoyment	07d002fa-f659-4933-8293-86c56a059c6d	3	5	8xFD1UO8nr1qwOg6
onion::422::2JzI278tX8YUCelGMZjPO8	3350	422	2JzI278tX8YUCelGMZjPO8	The Vandals	spotify:track:2JzI278tX8YUCelGMZjPO8	spotify:artist:4AqIRTZF6DDmKmdorgFug6	My Girlfriend's Dead	spotify:album:1VDzkX1kHYOhlnHWQjqy05	160893.0	Hitler Bad, Vandals Good	Meaningful Engagement / Purpose	Life Meaning & Structure	48d32e3c-8971-4183-a451-733b277e8aa7	2	2	w5y1THbmbvzzBRBs
onion::422::0w3da9i05leTYI9YwGvOcK	3351	422	0w3da9i05leTYI9YwGvOcK	Fugazi	spotify:track:0w3da9i05leTYI9YwGvOcK	spotify:artist:62sC6lUEWRjbFqXpMmOk4G	Latin Roots	spotify:album:3QpmoxpWCacHLsZMhLn1ag	193346.0	Steady Diet of Nothing	Meaningful Engagement / Purpose	Life Meaning & Structure	48d32e3c-8971-4183-a451-733b277e8aa7	2	2	b5DOcRFKFfBfO9us
onion::422::64aO8TbjJew43QHwgHJ2Jy	3353	422	64aO8TbjJew43QHwgHJ2Jy	Rise Against	spotify:track:64aO8TbjJew43QHwgHJ2Jy	spotify:artist:6Wr3hh341P84m3EI8qdn9O	Politics Of Love	spotify:album:4sz6Fn4BYORRLIc1AvQwQx	249226.0	Wolves	Meaningful Engagement / Purpose	Life Meaning & Structure	48d32e3c-8971-4183-a451-733b277e8aa7	2	2	vcfCYD1fYIL6wIf1
onion::423::2qS2460sCq3ABx8YswboUL	3356	423	2qS2460sCq3ABx8YswboUL	Gorilla Biscuits	spotify:track:2qS2460sCq3ABx8YswboUL	spotify:artist:4dJX4iJ0qbB4gjkeenbK2N	Gorilla Biscuits	spotify:album:1AAn8Qve9N7NET9v1dKceh	82866.0	Start Today	Admiration / Connection to artist	Musician Identification	48d32e3c-8971-4183-a451-733b277e8aa7	2	2	091E0oFGS6sBravV
onion::423::45HCmEjK8RFOlRktjcIQMa	3357	423	45HCmEjK8RFOlRktjcIQMa	Gorilla Biscuits	spotify:track:45HCmEjK8RFOlRktjcIQMa	spotify:artist:4dJX4iJ0qbB4gjkeenbK2N	Time Flies	spotify:album:1AAn8Qve9N7NET9v1dKceh	104733.0	Start Today	Admiration / Connection to artist	Musician Identification	48d32e3c-8971-4183-a451-733b277e8aa7	2	2	Gp2bKCZH3G5kF255
onion::423::7aDotQpUKpGFrOsrfQAxNc	3358	423	7aDotQpUKpGFrOsrfQAxNc	Adolescents	spotify:track:7aDotQpUKpGFrOsrfQAxNc	spotify:artist:2sSmGd0x45FGBtjJwNBSFr	Kids of the Black Hole	spotify:album:4qwDRyH5SwFcjyoOJKbE2d	327066.0	Adolescents	Admiration / Connection to artist	Musician Identification	48d32e3c-8971-4183-a451-733b277e8aa7	2	2	takJqL6iQzLdjdLa
onion::424::8371b3b7-eb7c-48f7-b1cc-3ea4e60b0ebb	3359	424	8371b3b7-eb7c-48f7-b1cc-3ea4e60b0ebb	Daft Punk	https://www.last.fm/music/Daft+Punk/_/Digital+Love	https://www.last.fm/music/Daft%20Punk	Digital Love	https://www.last.fm/music/Daft%20Punk/Discovery	0.0	Discovery	Enjoyment	Time Passing	07d002fa-f659-4933-8293-86c56a059c6d	3	5	3oJflRW3ftkj1IYu
onion::424::ac270254-5800-4719-a650-014091e855ce	3370	424	ac270254-5800-4719-a650-014091e855ce	Anna Kendrick	https://www.last.fm/music/Anna+Kendrick/_/Get+Back+Up+Again	https://www.last.fm/music/Anna%20Kendrick	Get Back Up Again	https://www.last.fm/music/Anna%20Kendrick/Trolls%20(Original%20Motion%20Picture%20Soundtrack)	0.0	Trolls (Original Motion Picture Soundtrack)	Enjoyment	Time Passing	07d002fa-f659-4933-8293-86c56a059c6d	3	5	6d0O6zBWVlZ4OEla
onion::503::1stJclD9IGUbxtUnl8CzG3	4233	503	1stJclD9IGUbxtUnl8CzG3	Duran Duran	spotify:track:1stJclD9IGUbxtUnl8CzG3	spotify:artist:0lZoBs4Pzo7R89JM9lxwoT	Notorious	spotify:album:0XDQSfVgj5DM0P6w9qKQqP	258000.0	Notorious	Exploration	Exploration	e11f1e2a-1496-4bc8-ac4f-8aadca93273f	1	2	Xm179WKmp7ijmhPe
onion::424::20b63d22-c64f-4fc4-bd70-5dcd3644d290	3388	424	20b63d22-c64f-4fc4-bd70-5dcd3644d290	Counting Crows	https://www.last.fm/music/Counting+Crows/_/Round+Here	https://www.last.fm/music/Counting%20Crows	Round Here	https://www.last.fm/music/Counting%20Crows/Rock%20Anthem%20Hits	0.0	Rock Anthem Hits	Enjoyment	Time Passing	07d002fa-f659-4933-8293-86c56a059c6d	3	5	TyPVMe7JLnSWq8QM
onion::474::3DrjZArsPsoqbLzUZZV1Id	4025	474	3DrjZArsPsoqbLzUZZV1Id	Taylor Swift			Back To December			Speak Now	Creativity	Creative Visualization	e25e52c4-d95c-429a-8fd7-0159d672ef48	2	3	Wk8yYIWx81WiAK6M
onion::655::8acfec0d-0e79-4f8a-b2c9-5b622f58361f	5247	655	8acfec0d-0e79-4f8a-b2c9-5b622f58361f	Ween	https://www.last.fm/music/Ween/_/Flutes+of+Chi	https://www.last.fm/music/Ween	Flutes of Chi	https://www.last.fm/music/Ween/White%20Pepper	0.0	White Pepper	Emotion (regulation)	Emotional Resonance	4aba15fe-1446-48f2-a4be-febd944266d9	3	5	zcGgkzqDhMbM2SLa
onion::655::0cf26423-ffac-4ccd-82a2-50c1fc4247b4	5254	655	0cf26423-ffac-4ccd-82a2-50c1fc4247b4	Deathspell Omega	https://www.last.fm/music/Deathspell+Omega/_/Devouring+Famine	https://www.last.fm/music/Deathspell%20Omega	Devouring Famine	https://www.last.fm/music/Deathspell%20Omega/Paracletus	0.0	Paracletus	Emotion (regulation)	Emotional Resonance	4aba15fe-1446-48f2-a4be-febd944266d9	3	5	LEsoWCESdo0w4Jpv
onion::655::172b4acc-31e2-44dc-b3d1-ec48ed05e4fa	5255	655	172b4acc-31e2-44dc-b3d1-ec48ed05e4fa	Ween	https://www.last.fm/music/Ween/_/She%27s+Your+Baby	https://www.last.fm/music/Ween	She's Your Baby	https://www.last.fm/music/Ween/White%20Pepper	0.0	White Pepper	Emotion (regulation)	Emotional Resonance	4aba15fe-1446-48f2-a4be-febd944266d9	3	5	9So7TgZjEYStsGB4
onion::425::5x72ol5TLUO0ymkQr4JuWB	3408	425	5x72ol5TLUO0ymkQr4JuWB	Mindless Self Indulgence	spotify:track:5x72ol5TLUO0ymkQr4JuWB	spotify:artist:5R5MLOQbI4lb7GHYioPqoN	Stupid MF	spotify:album:4fIVLcTjPnagYnDmTivhiY	144986.0	You'll Rebel To Anything (Expanded and Remastered)	Bonding / Connection to others	Shared Taste	48d32e3c-8971-4183-a451-733b277e8aa7	2	2	2DD2dhtxCLKmxff7
onion::426::8371b3b7-eb7c-48f7-b1cc-3ea4e60b0ebb	3413	426	8371b3b7-eb7c-48f7-b1cc-3ea4e60b0ebb	Daft Punk	https://www.last.fm/music/Daft+Punk/_/Digital+Love	https://www.last.fm/music/Daft%20Punk	Digital Love	https://www.last.fm/music/Daft%20Punk/Discovery	0.0	Discovery	Entertainment	Singing Along	07d002fa-f659-4933-8293-86c56a059c6d	3	5	3oJflRW3ftkj1IYu
onion::426::b8cfa961-8037-4e57-9044-59ac2fbbb6c7	3414	426	b8cfa961-8037-4e57-9044-59ac2fbbb6c7	Yes	https://www.last.fm/music/Yes/_/Changes	https://www.last.fm/music/Yes	Changes	https://www.last.fm/music/Yes/90125%20(Deluxe%20Version)	0.0	90125 (Deluxe Version)	Entertainment	Singing Along	07d002fa-f659-4933-8293-86c56a059c6d	3	5	CVf0d0un7HE2aMJT
onion::426::0991d6ba-3e41-4f04-85a1-5c35b56bbfc3	3429	426	0991d6ba-3e41-4f04-85a1-5c35b56bbfc3	Skyhill	https://www.last.fm/music/Skyhill/_/Hands+On+The+Water	https://www.last.fm/music/Skyhill	Hands On The Water	https://www.last.fm/music/Skyhill/Run%20With%20The%20Hunted	0.0	Run With The Hunted	Entertainment	Singing Along	07d002fa-f659-4933-8293-86c56a059c6d	3	5	K9ohvgarNu3KVJN0
onion::426::7623d4ed-1b43-3b7e-bdc8-3f7dfce1f689	3432	426	7623d4ed-1b43-3b7e-bdc8-3f7dfce1f689	Ween	https://www.last.fm/music/Ween/_/Ocean+Man	https://www.last.fm/music/Ween	Ocean Man	https://www.last.fm/music/Ween/The%20Mollusk	0.0	The Mollusk	Entertainment	Singing Along	07d002fa-f659-4933-8293-86c56a059c6d	3	5	tf3wHJZ2UoB2rhl3
onion::426::20b63d22-c64f-4fc4-bd70-5dcd3644d290	3448	426	20b63d22-c64f-4fc4-bd70-5dcd3644d290	Counting Crows	https://www.last.fm/music/Counting+Crows/_/Round+Here	https://www.last.fm/music/Counting%20Crows	Round Here	https://www.last.fm/music/Counting%20Crows/Rock%20Anthem%20Hits	0.0	Rock Anthem Hits	Entertainment	Singing Along	07d002fa-f659-4933-8293-86c56a059c6d	3	5	TyPVMe7JLnSWq8QM
onion::426::cb2cc207-8125-445c-9ef9-6ea44eee959a	3461	426	cb2cc207-8125-445c-9ef9-6ea44eee959a	Ed Sheeran	https://www.last.fm/music/Ed+Sheeran/_/Thinking+Out+Loud	https://www.last.fm/music/Ed%20Sheeran	Thinking Out Loud	https://www.last.fm/music/Ed%20Sheeran/x%20(Deluxe%20Edition)	0.0	x (Deluxe Edition)	Entertainment	Singing Along	07d002fa-f659-4933-8293-86c56a059c6d	3	5	8xFD1UO8nr1qwOg6
onion::427::8371b3b7-eb7c-48f7-b1cc-3ea4e60b0ebb	3469	427	8371b3b7-eb7c-48f7-b1cc-3ea4e60b0ebb	Daft Punk	https://www.last.fm/music/Daft+Punk/_/Digital+Love	https://www.last.fm/music/Daft%20Punk	Digital Love	https://www.last.fm/music/Daft%20Punk/Discovery	0.0	Discovery	Relief	Relief	07d002fa-f659-4933-8293-86c56a059c6d	2	4	3oJflRW3ftkj1IYu
onion::427::0b1662e1-064e-4d44-b2fb-170dae65e390	3480	427	0b1662e1-064e-4d44-b2fb-170dae65e390	The Weeknd	https://www.last.fm/music/The+Weeknd/_/The+Knowing	https://www.last.fm/music/The%20Weeknd	The Knowing	https://www.last.fm/music/The%20Weeknd/House%20of%20Balloons%20(Original)	0.0	House of Balloons (Original)	Relief	Relief	07d002fa-f659-4933-8293-86c56a059c6d	2	4	7kY3WMJTP9n4NOT8
onion::427::20b63d22-c64f-4fc4-bd70-5dcd3644d290	3481	427	20b63d22-c64f-4fc4-bd70-5dcd3644d290	Counting Crows	https://www.last.fm/music/Counting+Crows/_/Round+Here	https://www.last.fm/music/Counting%20Crows	Round Here	https://www.last.fm/music/Counting%20Crows/Rock%20Anthem%20Hits	0.0	Rock Anthem Hits	Relief	Relief	07d002fa-f659-4933-8293-86c56a059c6d	2	4	TyPVMe7JLnSWq8QM
onion::427::cf19d08f-f9ca-463f-bb0c-518c9075ce9f	3487	427	cf19d08f-f9ca-463f-bb0c-518c9075ce9f	Future	https://www.last.fm/music/Future/_/Mask+Off	https://www.last.fm/music/Future	Mask Off	https://www.last.fm/music/Future/FUTURE	0.0	FUTURE	Relief	Relief	07d002fa-f659-4933-8293-86c56a059c6d	2	4	zxqKvtGMOMGE2ZeX
onion::427::e877c1be-937f-4458-a3f8-91c7f2a74452	3490	427	e877c1be-937f-4458-a3f8-91c7f2a74452	Bill Wurtz	https://www.last.fm/music/Bill+Wurtz/_/And+the+Day+Goes+On	https://www.last.fm/music/Bill%20Wurtz	And the Day Goes On	https://www.last.fm/music/Bill%20Wurtz/And%20the%20Day%20Goes%20On	0.0	And the Day Goes On	Relief	Relief	07d002fa-f659-4933-8293-86c56a059c6d	2	4	3HHUCsecgSSZc1L4
onion::428::8371b3b7-eb7c-48f7-b1cc-3ea4e60b0ebb	3494	428	8371b3b7-eb7c-48f7-b1cc-3ea4e60b0ebb	Daft Punk	https://www.last.fm/music/Daft+Punk/_/Digital+Love	https://www.last.fm/music/Daft%20Punk	Digital Love	https://www.last.fm/music/Daft%20Punk/Discovery	0.0	Discovery	Nostalgia	Nostalgia	07d002fa-f659-4933-8293-86c56a059c6d	1	3	3oJflRW3ftkj1IYu
onion::428::0991d6ba-3e41-4f04-85a1-5c35b56bbfc3	3500	428	0991d6ba-3e41-4f04-85a1-5c35b56bbfc3	Skyhill	https://www.last.fm/music/Skyhill/_/Hands+On+The+Water	https://www.last.fm/music/Skyhill	Hands On The Water	https://www.last.fm/music/Skyhill/Run%20With%20The%20Hunted	0.0	Run With The Hunted	Nostalgia	Nostalgia	07d002fa-f659-4933-8293-86c56a059c6d	1	3	K9ohvgarNu3KVJN0
onion::428::cb2cc207-8125-445c-9ef9-6ea44eee959a	3515	428	cb2cc207-8125-445c-9ef9-6ea44eee959a	Ed Sheeran	https://www.last.fm/music/Ed+Sheeran/_/Thinking+Out+Loud	https://www.last.fm/music/Ed%20Sheeran	Thinking Out Loud	https://www.last.fm/music/Ed%20Sheeran/x%20(Deluxe%20Edition)	0.0	x (Deluxe Edition)	Nostalgia	Nostalgia	07d002fa-f659-4933-8293-86c56a059c6d	1	3	8xFD1UO8nr1qwOg6
onion::428::cf19d08f-f9ca-463f-bb0c-518c9075ce9f	3516	428	cf19d08f-f9ca-463f-bb0c-518c9075ce9f	Future	https://www.last.fm/music/Future/_/Mask+Off	https://www.last.fm/music/Future	Mask Off	https://www.last.fm/music/Future/FUTURE	0.0	FUTURE	Nostalgia	Nostalgia	07d002fa-f659-4933-8293-86c56a059c6d	1	3	zxqKvtGMOMGE2ZeX
onion::428::20b63d22-c64f-4fc4-bd70-5dcd3644d290	3517	428	20b63d22-c64f-4fc4-bd70-5dcd3644d290	Counting Crows	https://www.last.fm/music/Counting+Crows/_/Round+Here	https://www.last.fm/music/Counting%20Crows	Round Here	https://www.last.fm/music/Counting%20Crows/Rock%20Anthem%20Hits	0.0	Rock Anthem Hits	Nostalgia	Nostalgia	07d002fa-f659-4933-8293-86c56a059c6d	1	3	TyPVMe7JLnSWq8QM
onion::429::8371b3b7-eb7c-48f7-b1cc-3ea4e60b0ebb	3523	429	8371b3b7-eb7c-48f7-b1cc-3ea4e60b0ebb	Daft Punk	https://www.last.fm/music/Daft+Punk/_/Digital+Love	https://www.last.fm/music/Daft%20Punk	Digital Love	https://www.last.fm/music/Daft%20Punk/Discovery	0.0	Discovery	Distraction	Distraction	07d002fa-f659-4933-8293-86c56a059c6d	2	4	3oJflRW3ftkj1IYu
onion::429::b8cfa961-8037-4e57-9044-59ac2fbbb6c7	3524	429	b8cfa961-8037-4e57-9044-59ac2fbbb6c7	Yes	https://www.last.fm/music/Yes/_/Changes	https://www.last.fm/music/Yes	Changes	https://www.last.fm/music/Yes/90125%20(Deluxe%20Version)	0.0	90125 (Deluxe Version)	Distraction	Distraction	07d002fa-f659-4933-8293-86c56a059c6d	2	4	CVf0d0un7HE2aMJT
onion::429::04087fe0-8e12-3bd8-8c2a-d9a3c147ea99	3537	429	04087fe0-8e12-3bd8-8c2a-d9a3c147ea99	Primus	https://www.last.fm/music/Primus/_/My+Name+Is+Mud	https://www.last.fm/music/Primus	My Name Is Mud	https://www.last.fm/music/Primus/Pork%20Soda	0.0	Pork Soda	Distraction	Distraction	07d002fa-f659-4933-8293-86c56a059c6d	2	4	7PAc0qJBlSzW7Jlc
onion::429::ac270254-5800-4719-a650-014091e855ce	3541	429	ac270254-5800-4719-a650-014091e855ce	Anna Kendrick	https://www.last.fm/music/Anna+Kendrick/_/Get+Back+Up+Again	https://www.last.fm/music/Anna%20Kendrick	Get Back Up Again	https://www.last.fm/music/Anna%20Kendrick/Trolls%20(Original%20Motion%20Picture%20Soundtrack)	0.0	Trolls (Original Motion Picture Soundtrack)	Distraction	Distraction	07d002fa-f659-4933-8293-86c56a059c6d	2	4	6d0O6zBWVlZ4OEla
onion::449::0806bd9d-f0b8-3064-bd8e-f1ba0cf799de	3757	449	0806bd9d-f0b8-3064-bd8e-f1ba0cf799de	Robyn	https://www.last.fm/music/Robyn/_/Indestructible	https://www.last.fm/music/Robyn	Indestructible	https://www.last.fm/music/Robyn/Body%20Talk	0.0	Body Talk	Distraction	Distraction	b07e5ec3-129f-48ba-96a6-196559e1dee4	2	3	wQslujoSQH5yPqKC
onion::429::0130f726-56cf-43fb-949c-a616d9caa890	3546	429	0130f726-56cf-43fb-949c-a616d9caa890	Eminem	https://www.last.fm/music/Eminem/_/Criminal	https://www.last.fm/music/Eminem	Criminal	https://www.last.fm/music/Eminem/The%20Marshall%20Mathers%20LP	0.0	The Marshall Mathers LP	Distraction	Distraction	07d002fa-f659-4933-8293-86c56a059c6d	2	4	NEF3uCUMNHnrrSEU
onion::429::0991d6ba-3e41-4f04-85a1-5c35b56bbfc3	3548	429	0991d6ba-3e41-4f04-85a1-5c35b56bbfc3	Skyhill	https://www.last.fm/music/Skyhill/_/Hands+On+The+Water	https://www.last.fm/music/Skyhill	Hands On The Water	https://www.last.fm/music/Skyhill/Run%20With%20The%20Hunted	0.0	Run With The Hunted	Distraction	Distraction	07d002fa-f659-4933-8293-86c56a059c6d	2	4	K9ohvgarNu3KVJN0
onion::429::7623d4ed-1b43-3b7e-bdc8-3f7dfce1f689	3551	429	7623d4ed-1b43-3b7e-bdc8-3f7dfce1f689	Ween	https://www.last.fm/music/Ween/_/Ocean+Man	https://www.last.fm/music/Ween	Ocean Man	https://www.last.fm/music/Ween/The%20Mollusk	0.0	The Mollusk	Distraction	Distraction	07d002fa-f659-4933-8293-86c56a059c6d	2	4	tf3wHJZ2UoB2rhl3
onion::429::0b1662e1-064e-4d44-b2fb-170dae65e390	3553	429	0b1662e1-064e-4d44-b2fb-170dae65e390	The Weeknd	https://www.last.fm/music/The+Weeknd/_/The+Knowing	https://www.last.fm/music/The%20Weeknd	The Knowing	https://www.last.fm/music/The%20Weeknd/House%20of%20Balloons%20(Original)	0.0	House of Balloons (Original)	Distraction	Distraction	07d002fa-f659-4933-8293-86c56a059c6d	2	4	7kY3WMJTP9n4NOT8
onion::429::20b63d22-c64f-4fc4-bd70-5dcd3644d290	3558	429	20b63d22-c64f-4fc4-bd70-5dcd3644d290	Counting Crows	https://www.last.fm/music/Counting+Crows/_/Round+Here	https://www.last.fm/music/Counting%20Crows	Round Here	https://www.last.fm/music/Counting%20Crows/Rock%20Anthem%20Hits	0.0	Rock Anthem Hits	Distraction	Distraction	07d002fa-f659-4933-8293-86c56a059c6d	2	4	TyPVMe7JLnSWq8QM
onion::429::b1a8f29a-00e6-4af3-afb1-7f1cb7a78c38	3567	429	b1a8f29a-00e6-4af3-afb1-7f1cb7a78c38	Extreme	https://www.last.fm/music/Extreme/_/Play+With+Me	https://www.last.fm/music/Extreme	Play With Me	https://www.last.fm/music/Extreme/Extreme	0.0	Extreme	Distraction	Distraction	07d002fa-f659-4933-8293-86c56a059c6d	2	4	CWFYcGrKyWf0yeL4
onion::429::Dire Straits-Sultans of Swing-3-50	3568	429	Dire Straits-Sultans of Swing-3-50	Dire Straits	https://www.last.fm/music/Dire+Straits/_/Sultans+of+Swing	https://www.last.fm/music/Dire%20Straits	Sultans of Swing	https://www.last.fm/music/Dire%20Straits/Dire%20Straits	0.0	Dire Straits	Distraction	Distraction	07d002fa-f659-4933-8293-86c56a059c6d	2	4	PFYen7nm8cFFUub4
onion::429::cf19d08f-f9ca-463f-bb0c-518c9075ce9f	3571	429	cf19d08f-f9ca-463f-bb0c-518c9075ce9f	Future	https://www.last.fm/music/Future/_/Mask+Off	https://www.last.fm/music/Future	Mask Off	https://www.last.fm/music/Future/FUTURE	0.0	FUTURE	Distraction	Distraction	07d002fa-f659-4933-8293-86c56a059c6d	2	4	zxqKvtGMOMGE2ZeX
onion::429::cb2cc207-8125-445c-9ef9-6ea44eee959a	3579	429	cb2cc207-8125-445c-9ef9-6ea44eee959a	Ed Sheeran	https://www.last.fm/music/Ed+Sheeran/_/Thinking+Out+Loud	https://www.last.fm/music/Ed%20Sheeran	Thinking Out Loud	https://www.last.fm/music/Ed%20Sheeran/x%20(Deluxe%20Edition)	0.0	x (Deluxe Edition)	Distraction	Distraction	07d002fa-f659-4933-8293-86c56a059c6d	2	4	8xFD1UO8nr1qwOg6
onion::430::8371b3b7-eb7c-48f7-b1cc-3ea4e60b0ebb	3589	430	8371b3b7-eb7c-48f7-b1cc-3ea4e60b0ebb	Daft Punk	https://www.last.fm/music/Daft+Punk/_/Digital+Love	https://www.last.fm/music/Daft%20Punk	Digital Love	https://www.last.fm/music/Daft%20Punk/Discovery	0.0	Discovery	Mood Enhancement	Cheerfulness	07d002fa-f659-4933-8293-86c56a059c6d	2	4	3oJflRW3ftkj1IYu
onion::430::2b2db7a1-85ae-4d55-896b-a0b95f3241e3	3591	430	2b2db7a1-85ae-4d55-896b-a0b95f3241e3	Yes	https://www.last.fm/music/Yes/_/Love+Will+Find+a+Way	https://www.last.fm/music/Yes	Love Will Find a Way	https://www.last.fm/music/Yes/Big%20Generator	0.0	Big Generator	Mood Enhancement	Cheerfulness	07d002fa-f659-4933-8293-86c56a059c6d	2	4	5OlhxWshNx0HyQBd
onion::430::ac270254-5800-4719-a650-014091e855ce	3595	430	ac270254-5800-4719-a650-014091e855ce	Anna Kendrick	https://www.last.fm/music/Anna+Kendrick/_/Get+Back+Up+Again	https://www.last.fm/music/Anna%20Kendrick	Get Back Up Again	https://www.last.fm/music/Anna%20Kendrick/Trolls%20(Original%20Motion%20Picture%20Soundtrack)	0.0	Trolls (Original Motion Picture Soundtrack)	Mood Enhancement	Cheerfulness	07d002fa-f659-4933-8293-86c56a059c6d	2	4	6d0O6zBWVlZ4OEla
onion::430::7623d4ed-1b43-3b7e-bdc8-3f7dfce1f689	3601	430	7623d4ed-1b43-3b7e-bdc8-3f7dfce1f689	Ween	https://www.last.fm/music/Ween/_/Ocean+Man	https://www.last.fm/music/Ween	Ocean Man	https://www.last.fm/music/Ween/The%20Mollusk	0.0	The Mollusk	Mood Enhancement	Cheerfulness	07d002fa-f659-4933-8293-86c56a059c6d	2	4	tf3wHJZ2UoB2rhl3
onion::430::Dire Straits-Sultans of Swing-3-50	3612	430	Dire Straits-Sultans of Swing-3-50	Dire Straits	https://www.last.fm/music/Dire+Straits/_/Sultans+of+Swing	https://www.last.fm/music/Dire%20Straits	Sultans of Swing	https://www.last.fm/music/Dire%20Straits/Dire%20Straits	0.0	Dire Straits	Mood Enhancement	Cheerfulness	07d002fa-f659-4933-8293-86c56a059c6d	2	4	PFYen7nm8cFFUub4
onion::430::b1a8f29a-00e6-4af3-afb1-7f1cb7a78c38	3613	430	b1a8f29a-00e6-4af3-afb1-7f1cb7a78c38	Extreme	https://www.last.fm/music/Extreme/_/Play+With+Me	https://www.last.fm/music/Extreme	Play With Me	https://www.last.fm/music/Extreme/Extreme	0.0	Extreme	Mood Enhancement	Cheerfulness	07d002fa-f659-4933-8293-86c56a059c6d	2	4	CWFYcGrKyWf0yeL4
onion::431::ad928ab4-f1bc-4da0-9a37-7840adb460c4	3622	431	ad928ab4-f1bc-4da0-9a37-7840adb460c4	Eminem	https://www.last.fm/music/Eminem/_/Yellow+Brick+Road	https://www.last.fm/music/Eminem	Yellow Brick Road	https://www.last.fm/music/Eminem/Encore%20(Deluxe%20Version)	0.0	Encore (Deluxe Version)	Admiration / Connection to artist	Musician Identification	07d002fa-f659-4933-8293-86c56a059c6d	1	3	akyl6Y3wuZVxWvvZ
onion::431::1vqjYZInNxtVOSTc5xEJWG	3625	431	1vqjYZInNxtVOSTc5xEJWG	Skyhill			Hands On The Water			Run With The Hunted	Admiration / Connection to artist	Musician Identification	07d002fa-f659-4933-8293-86c56a059c6d	1	3	K9ohvgarNu3KVJN0
onion::431::4va3DcK5XEROhGTXjSIszc	3626	431	4va3DcK5XEROhGTXjSIszc	Skyhill			Different Frequencies			Run With The Hunted	Admiration / Connection to artist	Musician Identification	07d002fa-f659-4933-8293-86c56a059c6d	1	3	LbONvOB0QVFAQjDM
onion::431::6GunQhmb8r8moK4kSeIH6D	3627	431	6GunQhmb8r8moK4kSeIH6D	Skyhill			Black & White			Run With The Hunted	Admiration / Connection to artist	Musician Identification	07d002fa-f659-4933-8293-86c56a059c6d	1	3	5iIhIXkBKKUfmA13
onion::431::2Q69jVyQtMrlQkk9JY8Gah	3628	431	2Q69jVyQtMrlQkk9JY8Gah	Skyhill			Firefly			Firefly	Admiration / Connection to artist	Musician Identification	07d002fa-f659-4933-8293-86c56a059c6d	1	3	XN8vWgD1UDDJpx7b
onion::431::6m0c7u4Qab093BFvciooWg	3632	431	6m0c7u4Qab093BFvciooWg	Skyhill			Afterglow			Run With The Hunted	Admiration / Connection to artist	Musician Identification	07d002fa-f659-4933-8293-86c56a059c6d	1	3	sxBnePHulJs8w719
onion::432::cf5c2299-dfe8-4521-8575-bdb728371b71	3641	432	cf5c2299-dfe8-4521-8575-bdb728371b71	Allie X	https://www.last.fm/music/Allie+X/_/Paper+Love	https://www.last.fm/music/Allie%20X	Paper Love	https://www.last.fm/music/Allie%20X/CollXtion%20II	0.0	CollXtion II	Well-Being	Pleasure & Enjoyment	3f759822-ba4a-445a-85b8-0c2f635598ce	3	5	hX2v4io4AAiWAC24
onion::434::1518aa3d-1711-4523-bf2a-ba4169c64ca8	3670	434	1518aa3d-1711-4523-bf2a-ba4169c64ca8	The Last Shadow Puppets	https://www.last.fm/music/The+Last+Shadow+Puppets/_/The+Chamber	https://www.last.fm/music/The%20Last%20Shadow%20Puppets	The Chamber	https://www.last.fm/music/The%20Last%20Shadow%20Puppets/The%20Age%20of%20the%20Understatement	0.0	The Age of the Understatement	Passion / Pleasure	Habitual Listening	3f759822-ba4a-445a-85b8-0c2f635598ce	1	3	8jv8umiSn9Mr3lpM
onion::434::R.E.M.-Drive-4-52	3673	434	R.E.M.-Drive-4-52	R.E.M.	https://www.last.fm/music/R.E.M./_/Drive	https://www.last.fm/music/R.E.M.	Drive	https://www.last.fm/music/R.E.M./Automatic%20For%20the%20People%20(25th%20Anniversary%20Edition)	0.0	Automatic For the People (25th Anniversary Edition)	Passion / Pleasure	Habitual Listening	3f759822-ba4a-445a-85b8-0c2f635598ce	1	3	MQLAYcS1T9v0h7Sp
onion::435::30cf8df4-af29-46eb-a374-576f68bbc7ec	3682	435	30cf8df4-af29-46eb-a374-576f68bbc7ec	Jawbreaker	https://www.last.fm/music/Jawbreaker/_/Chesterfield+King	https://www.last.fm/music/Jawbreaker	Chesterfield King	https://www.last.fm/music/Jawbreaker/Bivouac	0.0	Bivouac	Well-Being	Pleasure & Enjoyment	d3701dbb-c14a-4923-8ad7-1d1ce8ec66ae	5	5	ExwQfuZb1hwWLKlY
onion::435::285c5d09-3ee4-401a-9ca4-783e6ce3cd06	3683	435	285c5d09-3ee4-401a-9ca4-783e6ce3cd06	Jeff Rosenstock	https://www.last.fm/music/Jeff+Rosenstock/_/Nausea	https://www.last.fm/music/Jeff%20Rosenstock	Nausea	https://www.last.fm/music/Jeff%20Rosenstock/We%20Cool%3F	0.0	We Cool?	Well-Being	Pleasure & Enjoyment	d3701dbb-c14a-4923-8ad7-1d1ce8ec66ae	5	5	vrF9OXPKPzT53SUw
onion::435::2nSKsLm1kX4qv9UC4oaA6v	3687	435	2nSKsLm1kX4qv9UC4oaA6v	Joyce Manor			Beach Community			S/T	Well-Being	Pleasure & Enjoyment	d3701dbb-c14a-4923-8ad7-1d1ce8ec66ae	5	5	qO6QLQg9cjfwiCc4
onion::435::485YdTIKZdYMvE3tYAHZE4	3688	435	485YdTIKZdYMvE3tYAHZE4	Joyce Manor			Call Out			S/T	Well-Being	Pleasure & Enjoyment	d3701dbb-c14a-4923-8ad7-1d1ce8ec66ae	5	5	7ZWYHGyYOGTOW56R
onion::655::Sixpence None the Richer-Kiss Me-1-265	5259	655	Sixpence None the Richer-Kiss Me-1-265	Sixpence None the Richer	https://www.last.fm/music/Sixpence+None+the+Richer/_/Kiss+Me	https://www.last.fm/music/Sixpence%20None%20the%20Richer	Kiss Me	https://www.last.fm/music/Sixpence%20None%20the%20Richer/Sixpence%20None%20the%20Richer	0.0	Sixpence None the Richer	Emotion (regulation)	Emotional Resonance	4aba15fe-1446-48f2-a4be-febd944266d9	3	5	N3NgbW7GRmCSq7em
onion::438::c0da1af1-c4aa-40a0-8c94-16e59cab57a3	3699	438	c0da1af1-c4aa-40a0-8c94-16e59cab57a3	Kylie Minogue	https://www.last.fm/music/Kylie+Minogue/_/All+the+Lovers	https://www.last.fm/music/Kylie%20Minogue	All the Lovers	https://www.last.fm/music/Kylie%20Minogue/Aphrodite	0.0	Aphrodite	Well-Being	Pleasure & Enjoyment	b07e5ec3-129f-48ba-96a6-196559e1dee4	3	5	7v1JDazhq1RhTjAl
onion::438::Kylie Minogue-Wow-3-175	3700	438	Kylie Minogue-Wow-3-175	Kylie Minogue	https://www.last.fm/music/Kylie+Minogue/_/Wow	https://www.last.fm/music/Kylie%20Minogue	Wow	https://www.last.fm/music/Kylie%20Minogue/X	0.0	X	Well-Being	Pleasure & Enjoyment	b07e5ec3-129f-48ba-96a6-196559e1dee4	3	5	9TOpJEoteJr3UuoN
onion::438::6a274a1f-a96a-4eff-bcb6-57f4bb705a5c	3701	438	6a274a1f-a96a-4eff-bcb6-57f4bb705a5c	Kylie Minogue	https://www.last.fm/music/Kylie+Minogue/_/Slow	https://www.last.fm/music/Kylie%20Minogue	Slow	https://www.last.fm/music/Kylie%20Minogue/Body%20Language	0.0	Body Language	Well-Being	Pleasure & Enjoyment	b07e5ec3-129f-48ba-96a6-196559e1dee4	3	5	y31mLN3QdeOINHrX
onion::438::0dd1a6fd-3f62-484f-9793-035845a1f5b0	3702	438	0dd1a6fd-3f62-484f-9793-035845a1f5b0	Kylie Minogue	https://www.last.fm/music/Kylie+Minogue/_/Raining+Glitter	https://www.last.fm/music/Kylie%20Minogue	Raining Glitter	https://www.last.fm/music/Kylie%20Minogue/Golden	0.0	Golden	Well-Being	Pleasure & Enjoyment	b07e5ec3-129f-48ba-96a6-196559e1dee4	3	5	BMK4Xp9e7jMPjTQL
onion::449::27d35d2e-764d-3b44-bd14-9e308e210d1d	3756	449	27d35d2e-764d-3b44-bd14-9e308e210d1d	Robyn	https://www.last.fm/music/Robyn/_/Time+Machine	https://www.last.fm/music/Robyn	Time Machine	https://www.last.fm/music/Robyn/Body%20Talk	0.0	Body Talk	Distraction	Distraction	b07e5ec3-129f-48ba-96a6-196559e1dee4	2	3	Ee0NrsYTYdqXzq2E
onion::439::5ff639b3-3e4d-4e6e-942d-2833803bd824	3706	439	5ff639b3-3e4d-4e6e-942d-2833803bd824	Kelly Clarkson	https://www.last.fm/music/Kelly+Clarkson/_/Long+Shot	https://www.last.fm/music/Kelly%20Clarkson	Long Shot	https://www.last.fm/music/Kelly%20Clarkson/All%20I%20Ever%20Wanted	0.0	All I Ever Wanted	Entertainment	Singing Along	b07e5ec3-129f-48ba-96a6-196559e1dee4	3	5	sscaq8VXU14Cy2Y0
onion::439::28e6d8e0-7d6a-3892-b212-a66132c993a1	3707	439	28e6d8e0-7d6a-3892-b212-a66132c993a1	Kelly Clarkson	https://www.last.fm/music/Kelly+Clarkson/_/Let+Me+Down	https://www.last.fm/music/Kelly%20Clarkson	Let Me Down	https://www.last.fm/music/Kelly%20Clarkson/Stronger%20(Deluxe%20Version)	0.0	Stronger (Deluxe Version)	Entertainment	Singing Along	b07e5ec3-129f-48ba-96a6-196559e1dee4	3	5	PnHfIYJLZuzqmwRm
onion::656::0cf26423-ffac-4ccd-82a2-50c1fc4247b4	5263	656	0cf26423-ffac-4ccd-82a2-50c1fc4247b4	Deathspell Omega	https://www.last.fm/music/Deathspell+Omega/_/Devouring+Famine	https://www.last.fm/music/Deathspell%20Omega	Devouring Famine	https://www.last.fm/music/Deathspell%20Omega/Paracletus	0.0	Paracletus	Exploration	Exploration	4aba15fe-1446-48f2-a4be-febd944266d9	1	3	LEsoWCESdo0w4Jpv
onion::657::07d77b43-14a9-4553-b0d7-df96a8c052a2	5271	657	07d77b43-14a9-4553-b0d7-df96a8c052a2	Billy Joel	https://www.last.fm/music/Billy+Joel/_/Zanzibar	https://www.last.fm/music/Billy%20Joel	Zanzibar	https://www.last.fm/music/Billy%20Joel/52nd%20Street	0.0	52nd Street	Creativity	Creative Visualization	4aba15fe-1446-48f2-a4be-febd944266d9	1	2	b93f0GYGzdKlq4I7
onion::440::5e53f37a-8234-48b2-9e1c-ef61ee872ef3	3712	440	5e53f37a-8234-48b2-9e1c-ef61ee872ef3	Miles Davis	https://www.last.fm/music/Miles+Davis/_/Move	https://www.last.fm/music/Miles%20Davis	Move	https://www.last.fm/music/Miles%20Davis/Birth%20of%20the%20Cool	0.0	Birth of the Cool	Enjoyment	Time Passing	d3701dbb-c14a-4923-8ad7-1d1ce8ec66ae	5	4	xAlR1SGuIfOWfwyb
onion::441::c0da1af1-c4aa-40a0-8c94-16e59cab57a3	3716	441	c0da1af1-c4aa-40a0-8c94-16e59cab57a3	Kylie Minogue	https://www.last.fm/music/Kylie+Minogue/_/All+the+Lovers	https://www.last.fm/music/Kylie%20Minogue	All the Lovers	https://www.last.fm/music/Kylie%20Minogue/Aphrodite	0.0	Aphrodite	Mood Enhancement	Cheerfulness	b07e5ec3-129f-48ba-96a6-196559e1dee4	3	5	7v1JDazhq1RhTjAl
onion::441::949b229f-21a0-4d58-b69f-0a70e5a42f97	3718	441	949b229f-21a0-4d58-b69f-0a70e5a42f97	Kylie Minogue	https://www.last.fm/music/Kylie+Minogue/_/On+a+Night+Like+This	https://www.last.fm/music/Kylie%20Minogue	On a Night Like This	https://www.last.fm/music/Kylie%20Minogue/Light%20Years	0.0	Light Years	Mood Enhancement	Cheerfulness	b07e5ec3-129f-48ba-96a6-196559e1dee4	3	5	sHjRLbqjyK5du0VJ
onion::891::7CiEBRYU9Yv6MD1TPZQpWj	7472	891	7CiEBRYU9Yv6MD1TPZQpWj	Jason Mraz			Song For A Friend			Mr. A-Z	Stimulation	Empowerment	1efb3105-0fb8-4965-975c-32dbd55284a4	1	5	AglLawzIXRS4xp9R
onion::442::Ann Peebles-I Can't Stand the Rain-1-55	3721	442	Ann Peebles-I Can't Stand the Rain-1-55	Ann Peebles	https://www.last.fm/music/Ann+Peebles/_/I+Can%27t+Stand+the+Rain	https://www.last.fm/music/Ann%20Peebles	I Can't Stand the Rain	https://www.last.fm/music/Ann%20Peebles/I%20Can't%20Stand%20The%20Rain	0.0	I Can't Stand The Rain	Distraction	Distraction	d3701dbb-c14a-4923-8ad7-1d1ce8ec66ae	4	3	dUUo24N5LToFqgii
onion::442::2ab38366-66d5-4564-b14c-7cee5c049375	3723	442	2ab38366-66d5-4564-b14c-7cee5c049375	Otis Redding	https://www.last.fm/music/Otis+Redding/_/Stand+by+Me	https://www.last.fm/music/Otis%20Redding	Stand by Me	https://www.last.fm/music/Otis%20Redding/Pain%20in%20My%20Heart	0.0	Pain in My Heart	Distraction	Distraction	d3701dbb-c14a-4923-8ad7-1d1ce8ec66ae	4	3	cUVeTJt6l8bM4jOc
onion::442::deed7ec0-56af-3ee9-9492-dd201fe8eeff	3724	442	deed7ec0-56af-3ee9-9492-dd201fe8eeff	Otis Redding	https://www.last.fm/music/Otis+Redding/_/Cigarettes+and+Coffee	https://www.last.fm/music/Otis%20Redding	Cigarettes and Coffee	https://www.last.fm/music/Otis%20Redding/The%20Soul%20Album	0.0	The Soul Album	Distraction	Distraction	d3701dbb-c14a-4923-8ad7-1d1ce8ec66ae	4	3	UpUgWZhPp9JKw1RC
onion::443::1c3dabd3-34a9-41cb-a4b9-4ae595ceb41d	3727	443	1c3dabd3-34a9-41cb-a4b9-4ae595ceb41d	Lady Gaga	https://www.last.fm/music/Lady+Gaga/_/Fashion+of+His+Love	https://www.last.fm/music/Lady%20Gaga	Fashion of His Love	https://www.last.fm/music/Lady%20Gaga/Born%20This%20Way%20(Bonus%20Track%20Version)	0.0	Born This Way (Bonus Track Version)	Relief	Relief	b07e5ec3-129f-48ba-96a6-196559e1dee4	3	5	asmj20D1uf6j7blm
onion::443::d65eacff-b69d-4dff-8ba2-543d71327e06	3728	443	d65eacff-b69d-4dff-8ba2-543d71327e06	Madonna	https://www.last.fm/music/Madonna/_/Hung+Up	https://www.last.fm/music/Madonna	Hung Up	https://www.last.fm/music/Madonna/Confessions%20on%20a%20Dance%20Floor	0.0	Confessions on a Dance Floor	Relief	Relief	b07e5ec3-129f-48ba-96a6-196559e1dee4	3	5	6DwzPznhYUCUe4Ud
onion::443::0e4bc40c-0139-4ad1-af9d-fd2d656d59f3	3730	443	0e4bc40c-0139-4ad1-af9d-fd2d656d59f3	MUNA	https://www.last.fm/music/MUNA/_/I+Know+a+Place	https://www.last.fm/music/MUNA	I Know a Place	https://www.last.fm/music/MUNA/About%20U	0.0	About U	Relief	Relief	b07e5ec3-129f-48ba-96a6-196559e1dee4	3	5	ue0P9LE1cUJ3nkcF
onion::444::09b32968-9482-36d2-8745-99369ae49992	3732	444	09b32968-9482-36d2-8745-99369ae49992	Mariah Carey	https://www.last.fm/music/Mariah+Carey/_/Someday	https://www.last.fm/music/Mariah%20Carey	Someday	https://www.last.fm/music/Mariah%20Carey/Mariah%20Carey	0.0	Mariah Carey	Nostalgia	Nostalgia	b07e5ec3-129f-48ba-96a6-196559e1dee4	3	5	GA9Zc9ngMaDcU39A
onion::444::6bd182e4-7cdb-4884-89a6-21327abd95ab	3733	444	6bd182e4-7cdb-4884-89a6-21327abd95ab	Whitney Houston	https://www.last.fm/music/Whitney+Houston/_/So+Emotional	https://www.last.fm/music/Whitney%20Houston	So Emotional	https://www.last.fm/music/Whitney%20Houston/Whitney	0.0	Whitney	Nostalgia	Nostalgia	b07e5ec3-129f-48ba-96a6-196559e1dee4	3	5	yIw2qcuxdNC9GOPE
onion::444::056ca2a2-86fb-3d58-ab0e-59039b710608	3735	444	056ca2a2-86fb-3d58-ab0e-59039b710608	Kelly Clarkson	https://www.last.fm/music/Kelly+Clarkson/_/Never+Again	https://www.last.fm/music/Kelly%20Clarkson	Never Again	https://www.last.fm/music/Kelly%20Clarkson/My%20December	0.0	My December	Nostalgia	Nostalgia	b07e5ec3-129f-48ba-96a6-196559e1dee4	3	5	5Wv2GSwBdQfdei32
onion::445::8ae1d78d-7268-46d2-9990-20503018f9dc	3740	445	8ae1d78d-7268-46d2-9990-20503018f9dc	Jennifer Lopez	https://www.last.fm/music/Jennifer+Lopez/_/Waiting+for+Tonight	https://www.last.fm/music/Jennifer%20Lopez	Waiting for Tonight	https://www.last.fm/music/Jennifer%20Lopez/On%20the%206	0.0	On the 6	Relaxing	Comfort and Security	b07e5ec3-129f-48ba-96a6-196559e1dee4	2	4	ykv5xRERVB3u6W3w
onion::446::0d2cd232-2364-4419-9b2c-ec73ac1d13ae	3745	446	0d2cd232-2364-4419-9b2c-ec73ac1d13ae	Madonna	https://www.last.fm/music/Madonna/_/Erotica	https://www.last.fm/music/Madonna	Erotica	https://www.last.fm/music/Madonna/Celebration%20-%20Special%20Edition	0.0	Celebration - Special Edition	Creativity	Creative Visualization	b07e5ec3-129f-48ba-96a6-196559e1dee4	2	3	wGZlbJSZULPW8fji
onion::658::0cf26423-ffac-4ccd-82a2-50c1fc4247b4	5275	658	0cf26423-ffac-4ccd-82a2-50c1fc4247b4	Deathspell Omega	https://www.last.fm/music/Deathspell+Omega/_/Devouring+Famine	https://www.last.fm/music/Deathspell%20Omega	Devouring Famine	https://www.last.fm/music/Deathspell%20Omega/Paracletus	0.0	Paracletus	Meaningful Engagement / Purpose	Life Meaning & Structure	4aba15fe-1446-48f2-a4be-febd944266d9	2	2	LEsoWCESdo0w4Jpv
onion::658::1a02dc2c-1abc-472d-87af-aeb4cd1898cf	5279	658	1a02dc2c-1abc-472d-87af-aeb4cd1898cf	Deathspell Omega	https://www.last.fm/music/Deathspell+Omega/_/The+Crackled+Book+of+Life	https://www.last.fm/music/Deathspell%20Omega	The Crackled Book of Life	https://www.last.fm/music/Deathspell%20Omega/Drought	0.0	Drought	Meaningful Engagement / Purpose	Life Meaning & Structure	4aba15fe-1446-48f2-a4be-febd944266d9	2	2	NpDoKC25MbP1PxIY
onion::658::01be6d28-4d9d-4cbc-84b3-f5f6ec041fdb	5280	658	01be6d28-4d9d-4cbc-84b3-f5f6ec041fdb	Deathspell Omega	https://www.last.fm/music/Deathspell+Omega/_/Fiery+Serpents	https://www.last.fm/music/Deathspell%20Omega	Fiery Serpents	https://www.last.fm/music/Deathspell%20Omega/Drought	0.0	Drought	Meaningful Engagement / Purpose	Life Meaning & Structure	4aba15fe-1446-48f2-a4be-febd944266d9	2	2	PDmbQBqvl3FkoOk7
onion::658::4146400b-8983-4978-b803-c0d0c0f78517	5281	658	4146400b-8983-4978-b803-c0d0c0f78517	Gorguts	https://www.last.fm/music/Gorguts/_/An+Ocean+of+Wisdom	https://www.last.fm/music/Gorguts	An Ocean of Wisdom	https://www.last.fm/music/Gorguts/Colored%20Sands	0.0	Colored Sands	Meaningful Engagement / Purpose	Life Meaning & Structure	4aba15fe-1446-48f2-a4be-febd944266d9	2	2	bcEagGh4NroBuUbY
onion::658::51bd7080-26c6-45d8-a10c-39bede33d67c	5282	658	51bd7080-26c6-45d8-a10c-39bede33d67c	Gorguts	https://www.last.fm/music/Gorguts/_/Forgotten+Arrows	https://www.last.fm/music/Gorguts	Forgotten Arrows	https://www.last.fm/music/Gorguts/Colored%20Sands	0.0	Colored Sands	Meaningful Engagement / Purpose	Life Meaning & Structure	4aba15fe-1446-48f2-a4be-febd944266d9	2	2	NYdW2juZHxlfd44q
onion::674::35b6917a-cd83-4733-8594-84643589e737	5398	674	35b6917a-cd83-4733-8594-84643589e737	Alice in Chains	https://www.last.fm/music/Alice+in+Chains/_/Shame+in+You	https://www.last.fm/music/Alice%20in%20Chains	Shame in You	https://www.last.fm/music/Alice%20in%20Chains/Alice%20in%20Chains	0.0	Alice in Chains	Motivation	Background Utility	d38747c6-ab62-4610-9c00-261e8305c571	3	4	jxkqDWpwcLm6yBH4
onion::447::7c3f0934-4a7e-4f4b-99d2-6ded85ed02ad	3749	447	7c3f0934-4a7e-4f4b-99d2-6ded85ed02ad	Green Day	https://www.last.fm/music/Green+Day/_/Longview	https://www.last.fm/music/Green%20Day	Longview	https://www.last.fm/music/Green%20Day/Dookie	0.0	Dookie	Entertainment	Singing Along	d3701dbb-c14a-4923-8ad7-1d1ce8ec66ae	3	4	vl97j88dTLilICmG
onion::448::1bbbccfa-cdd6-4f67-a4dc-94a81bca6053	3754	448	1bbbccfa-cdd6-4f67-a4dc-94a81bca6053	Kylie Minogue	https://www.last.fm/music/Kylie+Minogue/_/Bittersweet+Goodbye	https://www.last.fm/music/Kylie%20Minogue	Bittersweet Goodbye	https://www.last.fm/music/Kylie%20Minogue/Light%20Years	0.0	Light Years	Emotion (regulation)	Emotional Resonance	b07e5ec3-129f-48ba-96a6-196559e1dee4	3	5	iPHyu8oCO5bCd1gQ
onion::449::013038d3-6959-3f80-b3e1-f064ff845657	3758	449	013038d3-6959-3f80-b3e1-f064ff845657	Hilary Duff	https://www.last.fm/music/Hilary+Duff/_/So+Yesterday	https://www.last.fm/music/Hilary%20Duff	So Yesterday	https://www.last.fm/music/Hilary%20Duff/Metamorphosis	0.0	Metamorphosis	Distraction	Distraction	b07e5ec3-129f-48ba-96a6-196559e1dee4	2	3	fqotTYeTLpnRj3lF
onion::449::265ecaf7-0c69-4edc-8015-ddf3dcdbc63d	3759	449	265ecaf7-0c69-4edc-8015-ddf3dcdbc63d	Madonna	https://www.last.fm/music/Madonna/_/Vogue	https://www.last.fm/music/Madonna	Vogue	https://www.last.fm/music/Madonna/Celebration	0.0	Celebration	Distraction	Distraction	b07e5ec3-129f-48ba-96a6-196559e1dee4	2	3	i6eRQgNB2UlIVUSw
onion::450::abd5274c-5a08-37f6-a5ed-952fee208de9	3764	450	abd5274c-5a08-37f6-a5ed-952fee208de9	Mary J. Blige	https://www.last.fm/music/Mary+J.+Blige/_/Just+Fine	https://www.last.fm/music/Mary%20J.%20Blige	Just Fine	https://www.last.fm/music/Mary%20J.%20Blige/Growing%20Pains	0.0	Growing Pains	Connection / Belonging	Connection / Belonging	b07e5ec3-129f-48ba-96a6-196559e1dee4	3	4	clHihILLQQgsYg8H
onion::452::0GYTAipuswOBWFtk06kFCL	3776	452	0GYTAipuswOBWFtk06kFCL	Green Day			Redundant			Nimrod	Practicing and Musical Creativity	Practicing and Musical Creativity	d3701dbb-c14a-4923-8ad7-1d1ce8ec66ae	2	2	ahel3LyBN072Xsyg
onion::452::1pyEebehcxh0EoYWKljZCw	3777	452	1pyEebehcxh0EoYWKljZCw	Descendents			Good Good Things			Hallraker Live!	Practicing and Musical Creativity	Practicing and Musical Creativity	d3701dbb-c14a-4923-8ad7-1d1ce8ec66ae	2	2	mhaPeyT9rziJlUKq
onion::659::Foo Fighters-Everlong-1-142	5292	659	Foo Fighters-Everlong-1-142	Foo Fighters	https://www.last.fm/music/Foo+Fighters/_/Everlong	https://www.last.fm/music/Foo%20Fighters	Everlong	https://www.last.fm/music/Foo%20Fighters/Greatest%20Hits	0.0	Greatest Hits	Nostalgia	Nostalgia	4aba15fe-1446-48f2-a4be-febd944266d9	2	4	L4lGOjfg9lTLXh3U
onion::659::Red Hot Chili Peppers-Can't Stop-1-212	5302	659	Red Hot Chili Peppers-Can't Stop-1-212	Red Hot Chili Peppers	https://www.last.fm/music/Red+Hot+Chili+Peppers/_/Can%27t+Stop	https://www.last.fm/music/Red%20Hot%20Chili%20Peppers	Can't Stop	https://www.last.fm/music/Red%20Hot%20Chili%20Peppers/By%20the%20Way%20(Deluxe%20Edition)	0.0	By the Way (Deluxe Edition)	Nostalgia	Nostalgia	4aba15fe-1446-48f2-a4be-febd944266d9	2	4	c9I6gyKgENn7bD5D
onion::660::8acfec0d-0e79-4f8a-b2c9-5b622f58361f	5303	660	8acfec0d-0e79-4f8a-b2c9-5b622f58361f	Ween	https://www.last.fm/music/Ween/_/Flutes+of+Chi	https://www.last.fm/music/Ween	Flutes of Chi	https://www.last.fm/music/Ween/White%20Pepper	0.0	White Pepper	Bonding / Connection to others	Shared Taste	4aba15fe-1446-48f2-a4be-febd944266d9	2	2	zcGgkzqDhMbM2SLa
onion::660::3b27aacc-bfba-3c3a-879b-f37c9f59840f	5304	660	3b27aacc-bfba-3c3a-879b-f37c9f59840f	Ween	https://www.last.fm/music/Ween/_/Exactly+Where+I%27m+At	https://www.last.fm/music/Ween	Exactly Where I'm At	https://www.last.fm/music/Ween/White%20Pepper	0.0	White Pepper	Bonding / Connection to others	Shared Taste	4aba15fe-1446-48f2-a4be-febd944266d9	2	2	Hrboj7OxFcyYvrVp
onion::455::0e624ec7-bfd1-37c8-80d8-73480794f1f8	3794	455	0e624ec7-bfd1-37c8-80d8-73480794f1f8	Simple Plan	https://www.last.fm/music/Simple+Plan/_/My+Alien	https://www.last.fm/music/Simple%20Plan	My Alien	https://www.last.fm/music/Simple%20Plan/No%20Pads%2C%20No%20Helmets...Just%20Balls%20(15th%20Anniversary%20Tour%20Edition)	0.0	No Pads, No Helmets...Just Balls (15th Anniversary Tour Edition)	Relaxing	Comfort and Security	fd7ba5f7-193b-4ae8-9d08-de7ac5036db9	2	5	fgPtMexk024wCPNc
onion::455::52bfc45e-528c-48c6-920d-30d4a66c9524	3796	455	52bfc45e-528c-48c6-920d-30d4a66c9524	Go Radio	https://www.last.fm/music/Go+Radio/_/Goodnight+Moon	https://www.last.fm/music/Go%20Radio	Goodnight Moon	https://www.last.fm/music/Go%20Radio/Do%20Overs%20And%20Second%20Chances	0.0	Do Overs And Second Chances	Relaxing	Comfort and Security	fd7ba5f7-193b-4ae8-9d08-de7ac5036db9	2	5	FWkEYJe3C91cMRSU
onion::935::6nTiIhLmQ3FWhvrGafw2zj	7839	935	6nTiIhLmQ3FWhvrGafw2zj	Green Day			American Idiot			American Idiot	Admiration / Connection to artist	Musician Identification	6770475b-786f-4019-8a1b-54f0e537e114	3	3	l0ahobbDqRsCaepj
onion::455::907c0885-52d9-3cf8-83d7-5db091e61eec	3799	455	907c0885-52d9-3cf8-83d7-5db091e61eec	Madonna	https://www.last.fm/music/Madonna/_/Ray+of+Light	https://www.last.fm/music/Madonna	Ray of Light	https://www.last.fm/music/Madonna/Ray%20of%20Light	0.0	Ray of Light	Relaxing	Comfort and Security	fd7ba5f7-193b-4ae8-9d08-de7ac5036db9	2	5	4k7d5ZDGW7ji9Wgq
onion::457::8310d410-be76-4f8f-a1b6-b4098fd9e045	3807	457	8310d410-be76-4f8f-a1b6-b4098fd9e045	Spoon	https://www.last.fm/music/Spoon/_/They+Want+My+Soul	https://www.last.fm/music/Spoon	They Want My Soul	https://www.last.fm/music/Spoon/They%20Want%20My%20Soul	0.0	They Want My Soul	Well-Being	Pleasure & Enjoyment	fd7ba5f7-193b-4ae8-9d08-de7ac5036db9	4	4	jFUhAzyCCr8WM8Go
onion::457::5685d036-430a-4b47-83b9-2b5c622228dc	3808	457	5685d036-430a-4b47-83b9-2b5c622228dc	Band of Horses	https://www.last.fm/music/Band+of+Horses/_/Laredo	https://www.last.fm/music/Band%20of%20Horses	Laredo	https://www.last.fm/music/Band%20of%20Horses/Infinite%20Arms	0.0	Infinite Arms	Well-Being	Pleasure & Enjoyment	fd7ba5f7-193b-4ae8-9d08-de7ac5036db9	4	4	Lk8lLo65Cnex230c
onion::457::358eaa6a-6ded-4ec1-b677-0e200be91a79	3809	457	358eaa6a-6ded-4ec1-b677-0e200be91a79	Gorillaz	https://www.last.fm/music/Gorillaz/_/Rhinestone+Eyes	https://www.last.fm/music/Gorillaz	Rhinestone Eyes	https://www.last.fm/music/Gorillaz/Plastic%20Beach	0.0	Plastic Beach	Well-Being	Pleasure & Enjoyment	fd7ba5f7-193b-4ae8-9d08-de7ac5036db9	4	4	gxVc3JUykVtpBR7n
onion::457::b73f17bf-463a-418b-90e6-7f4436097b2f	3811	457	b73f17bf-463a-418b-90e6-7f4436097b2f	Saint Motel	https://www.last.fm/music/Saint+Motel/_/My+Type	https://www.last.fm/music/Saint%20Motel	My Type	https://www.last.fm/music/Saint%20Motel/My%20Type%20EP	0.0	My Type EP	Well-Being	Pleasure & Enjoyment	fd7ba5f7-193b-4ae8-9d08-de7ac5036db9	4	4	tCAmo7blJ8Pjv6QQ
onion::457::0f309d04-d16a-414a-8771-bcbe67d4758b	3812	457	0f309d04-d16a-414a-8771-bcbe67d4758b	Sleigh Bells	https://www.last.fm/music/Sleigh+Bells/_/Crown+on+the+Ground	https://www.last.fm/music/Sleigh%20Bells	Crown on the Ground	https://www.last.fm/music/Sleigh%20Bells/Treats	0.0	Treats	Well-Being	Pleasure & Enjoyment	fd7ba5f7-193b-4ae8-9d08-de7ac5036db9	4	4	WRvvdomVdDrx2JGR
onion::457::253dbb28-6875-40a2-bfc9-93119ea787a3	3813	457	253dbb28-6875-40a2-bfc9-93119ea787a3	The Strokes	https://www.last.fm/music/The+Strokes/_/Red+Light	https://www.last.fm/music/The%20Strokes	Red Light	https://www.last.fm/music/The%20Strokes/First%20Impressions%20of%20Earth	0.0	First Impressions of Earth	Well-Being	Pleasure & Enjoyment	fd7ba5f7-193b-4ae8-9d08-de7ac5036db9	4	4	ijlvKADNT1S4ZF2O
onion::459::2bf71c07-6997-421f-9726-56f5e1102690	3821	459	2bf71c07-6997-421f-9726-56f5e1102690	Alvvays	https://www.last.fm/music/Alvvays/_/In+Undertow	https://www.last.fm/music/Alvvays	In Undertow	https://www.last.fm/music/Alvvays/Antisocialites	0.0	Antisocialites	Motivation	Background Utility	fd7ba5f7-193b-4ae8-9d08-de7ac5036db9	3	4	V54XrffiQcYKlPeX
onion::459::94938783-abe9-4847-9ddb-b5dd61fe58f9	3825	459	94938783-abe9-4847-9ddb-b5dd61fe58f9	TV on the Radio	https://www.last.fm/music/TV+on+the+Radio/_/Happy+Idiot	https://www.last.fm/music/TV%20on%20the%20Radio	Happy Idiot	https://www.last.fm/music/TV%20on%20the%20Radio/Seeds	0.0	Seeds	Motivation	Background Utility	fd7ba5f7-193b-4ae8-9d08-de7ac5036db9	3	4	wQGOFTJt34fzi2ON
onion::459::0ddf4509-73fa-4796-98ac-5c9075c5e6dd	3829	459	0ddf4509-73fa-4796-98ac-5c9075c5e6dd	Local Natives	https://www.last.fm/music/Local+Natives/_/Dark+Days	https://www.last.fm/music/Local%20Natives	Dark Days	https://www.last.fm/music/Local%20Natives/Sunlit%20Youth	0.0	Sunlit Youth	Motivation	Background Utility	fd7ba5f7-193b-4ae8-9d08-de7ac5036db9	3	4	87uGSydAWWfdKmOi
onion::459::0b7fe81c-9aa8-43e1-9af1-17a9a28d3ab2	3834	459	0b7fe81c-9aa8-43e1-9af1-17a9a28d3ab2	Middle Kids	https://www.last.fm/music/Middle+Kids/_/Edge+Of+Town	https://www.last.fm/music/Middle%20Kids	Edge Of Town	https://www.last.fm/music/Middle%20Kids/Lost%20Friends	0.0	Lost Friends	Motivation	Background Utility	fd7ba5f7-193b-4ae8-9d08-de7ac5036db9	3	4	3uGoCwKU19pVGm08
onion::459::7abfcb59-3d0d-4321-b987-046c3ed8f309	3835	459	7abfcb59-3d0d-4321-b987-046c3ed8f309	TV on the Radio	https://www.last.fm/music/TV+on+the+Radio/_/Trouble	https://www.last.fm/music/TV%20on%20the%20Radio	Trouble	https://www.last.fm/music/TV%20on%20the%20Radio/Seeds	0.0	Seeds	Motivation	Background Utility	fd7ba5f7-193b-4ae8-9d08-de7ac5036db9	3	4	yydHsobO3zbVjAFs
onion::459::1e15182e-3da4-318c-9856-2cfa52c08ea6	3836	459	1e15182e-3da4-318c-9856-2cfa52c08ea6	Foster the People	https://www.last.fm/music/Foster+the+People/_/Houdini	https://www.last.fm/music/Foster%20the%20People	Houdini	https://www.last.fm/music/Foster%20the%20People/Torches	0.0	Torches	Motivation	Background Utility	fd7ba5f7-193b-4ae8-9d08-de7ac5036db9	3	4	yUa5uu5wFCGwl2PK
onion::459::5bac31b0-a70e-48a8-8d1d-68bf82be4cf5	3837	459	5bac31b0-a70e-48a8-8d1d-68bf82be4cf5	TV on the Radio	https://www.last.fm/music/TV+on+the+Radio/_/Will+Do	https://www.last.fm/music/TV%20on%20the%20Radio	Will Do	https://www.last.fm/music/TV%20on%20the%20Radio/Nine%20Types%20of%20Light	0.0	Nine Types of Light	Motivation	Background Utility	fd7ba5f7-193b-4ae8-9d08-de7ac5036db9	3	4	t6lXy0VMsVf8Cfbj
onion::460::b026297a-aa62-3129-8eb5-acf487925f56	3841	460	b026297a-aa62-3129-8eb5-acf487925f56	A Rocket to the Moon	https://www.last.fm/music/A+Rocket+to+the+Moon/_/Mr.+Right	https://www.last.fm/music/A%20Rocket%20to%20the%20Moon	Mr. Right	https://www.last.fm/music/A%20Rocket%20to%20the%20Moon/On%20Your%20Side	0.0	On Your Side	Mood Enhancement	Cheerfulness	fd7ba5f7-193b-4ae8-9d08-de7ac5036db9	2	2	Z7Jm3Zvo8zboXwhY
onion::460::0e624ec7-bfd1-37c8-80d8-73480794f1f8	3843	460	0e624ec7-bfd1-37c8-80d8-73480794f1f8	Simple Plan	https://www.last.fm/music/Simple+Plan/_/My+Alien	https://www.last.fm/music/Simple%20Plan	My Alien	https://www.last.fm/music/Simple%20Plan/No%20Pads%2C%20No%20Helmets...Just%20Balls%20(15th%20Anniversary%20Tour%20Edition)	0.0	No Pads, No Helmets...Just Balls (15th Anniversary Tour Edition)	Mood Enhancement	Cheerfulness	fd7ba5f7-193b-4ae8-9d08-de7ac5036db9	2	2	fgPtMexk024wCPNc
onion::460::358eaa6a-6ded-4ec1-b677-0e200be91a79	3847	460	358eaa6a-6ded-4ec1-b677-0e200be91a79	Gorillaz	https://www.last.fm/music/Gorillaz/_/Rhinestone+Eyes	https://www.last.fm/music/Gorillaz	Rhinestone Eyes	https://www.last.fm/music/Gorillaz/Plastic%20Beach	0.0	Plastic Beach	Mood Enhancement	Cheerfulness	fd7ba5f7-193b-4ae8-9d08-de7ac5036db9	2	2	gxVc3JUykVtpBR7n
onion::460::1e15182e-3da4-318c-9856-2cfa52c08ea6	3851	460	1e15182e-3da4-318c-9856-2cfa52c08ea6	Foster the People	https://www.last.fm/music/Foster+the+People/_/Houdini	https://www.last.fm/music/Foster%20the%20People	Houdini	https://www.last.fm/music/Foster%20the%20People/Torches	0.0	Torches	Mood Enhancement	Cheerfulness	fd7ba5f7-193b-4ae8-9d08-de7ac5036db9	2	2	yUa5uu5wFCGwl2PK
onion::460::b73f17bf-463a-418b-90e6-7f4436097b2f	3853	460	b73f17bf-463a-418b-90e6-7f4436097b2f	Saint Motel	https://www.last.fm/music/Saint+Motel/_/My+Type	https://www.last.fm/music/Saint%20Motel	My Type	https://www.last.fm/music/Saint%20Motel/My%20Type%20EP	0.0	My Type EP	Mood Enhancement	Cheerfulness	fd7ba5f7-193b-4ae8-9d08-de7ac5036db9	2	2	tCAmo7blJ8Pjv6QQ
onion::460::05e2cc5f-a633-48eb-abde-6663b673f74e	3860	460	05e2cc5f-a633-48eb-abde-6663b673f74e	Daft Punk	https://www.last.fm/music/Daft+Punk/_/Around+the+World	https://www.last.fm/music/Daft%20Punk	Around the World	https://www.last.fm/music/Daft%20Punk/Homework	0.0	Homework	Mood Enhancement	Cheerfulness	fd7ba5f7-193b-4ae8-9d08-de7ac5036db9	2	2	iikufrfKJAAwTjFv
onion::462::358eaa6a-6ded-4ec1-b677-0e200be91a79	3877	462	358eaa6a-6ded-4ec1-b677-0e200be91a79	Gorillaz	https://www.last.fm/music/Gorillaz/_/Rhinestone+Eyes	https://www.last.fm/music/Gorillaz	Rhinestone Eyes	https://www.last.fm/music/Gorillaz/Plastic%20Beach	0.0	Plastic Beach	Energy	Morning Wake-Up	fd7ba5f7-193b-4ae8-9d08-de7ac5036db9	1	2	gxVc3JUykVtpBR7n
onion::462::253dbb28-6875-40a2-bfc9-93119ea787a3	3880	462	253dbb28-6875-40a2-bfc9-93119ea787a3	The Strokes	https://www.last.fm/music/The+Strokes/_/Red+Light	https://www.last.fm/music/The%20Strokes	Red Light	https://www.last.fm/music/The%20Strokes/First%20Impressions%20of%20Earth	0.0	First Impressions of Earth	Energy	Morning Wake-Up	fd7ba5f7-193b-4ae8-9d08-de7ac5036db9	1	2	ijlvKADNT1S4ZF2O
onion::463::0bd68575-6b9b-489d-895f-1dc5d874243c	3886	463	0bd68575-6b9b-489d-895f-1dc5d874243c	My Chemical Romance	https://www.last.fm/music/My+Chemical+Romance/_/Disenchanted	https://www.last.fm/music/My%20Chemical%20Romance	Disenchanted	https://www.last.fm/music/My%20Chemical%20Romance/The%20Black%20Parade	0.0	The Black Parade	Nostalgia	Nostalgia	fd7ba5f7-193b-4ae8-9d08-de7ac5036db9	2	2	dDyJBl7FGVK0IaSE
onion::463::b026297a-aa62-3129-8eb5-acf487925f56	3891	463	b026297a-aa62-3129-8eb5-acf487925f56	A Rocket to the Moon	https://www.last.fm/music/A+Rocket+to+the+Moon/_/Mr.+Right	https://www.last.fm/music/A%20Rocket%20to%20the%20Moon	Mr. Right	https://www.last.fm/music/A%20Rocket%20to%20the%20Moon/On%20Your%20Side	0.0	On Your Side	Nostalgia	Nostalgia	fd7ba5f7-193b-4ae8-9d08-de7ac5036db9	2	2	Z7Jm3Zvo8zboXwhY
onion::463::1efd0e8f-c3c1-3e16-9b0c-aa80f77c94c4	3892	463	1efd0e8f-c3c1-3e16-9b0c-aa80f77c94c4	The Used	https://www.last.fm/music/The+Used/_/Blue+and+Yellow	https://www.last.fm/music/The%20Used	Blue and Yellow	https://www.last.fm/music/The%20Used/The%20Used	0.0	The Used	Nostalgia	Nostalgia	fd7ba5f7-193b-4ae8-9d08-de7ac5036db9	2	2	Sgq3YGfOcOMFRKRc
onion::463::016aaadb-3fa5-3842-ae19-7da0c5f452fc	3895	463	016aaadb-3fa5-3842-ae19-7da0c5f452fc	Hollywood Undead	https://www.last.fm/music/Hollywood+Undead/_/Sell+Your+Soul	https://www.last.fm/music/Hollywood%20Undead	Sell Your Soul	https://www.last.fm/music/Hollywood%20Undead/Swan%20Songs	0.0	Swan Songs	Nostalgia	Nostalgia	fd7ba5f7-193b-4ae8-9d08-de7ac5036db9	2	2	HBY7327CwYnpBmEx
onion::463::47cbd10d-a723-4f04-be6f-1c3946256885	3896	463	47cbd10d-a723-4f04-be6f-1c3946256885	Escape The Fate	https://www.last.fm/music/Escape+The+Fate/_/Situations	https://www.last.fm/music/Escape%20The%20Fate	Situations	https://www.last.fm/music/Escape%20The%20Fate/Dying%20Is%20Your%20Latest%20Fashion	0.0	Dying Is Your Latest Fashion	Nostalgia	Nostalgia	fd7ba5f7-193b-4ae8-9d08-de7ac5036db9	2	2	l2Zo0gy1W3kf3r5q
onion::463::87ef467a-0be2-3043-ab60-cb6833e3ade8	3898	463	87ef467a-0be2-3043-ab60-cb6833e3ade8	Cute Is What We Aim For	https://www.last.fm/music/Cute+Is+What+We+Aim+For/_/Practice+Makes+Perfect	https://www.last.fm/music/Cute%20Is%20What%20We%20Aim%20For	Practice Makes Perfect	https://www.last.fm/music/Cute%20Is%20What%20We%20Aim%20For/Rotation	0.0	Rotation	Nostalgia	Nostalgia	fd7ba5f7-193b-4ae8-9d08-de7ac5036db9	2	2	EumdmiLNI4ynLbu6
onion::463::6b2cb32f-019d-4998-81d3-5feef7171e3d	3903	463	6b2cb32f-019d-4998-81d3-5feef7171e3d	The Used	https://www.last.fm/music/The+Used/_/Poetic+Tragedy	https://www.last.fm/music/The%20Used	Poetic Tragedy	https://www.last.fm/music/The%20Used/The%20Used	0.0	The Used	Nostalgia	Nostalgia	fd7ba5f7-193b-4ae8-9d08-de7ac5036db9	2	2	br2uStZ8qlskGTC2
onion::463::0c1bc031-182d-4fd0-963e-d19b485459e3	3904	463	0c1bc031-182d-4fd0-963e-d19b485459e3	My Chemical Romance	https://www.last.fm/music/My+Chemical+Romance/_/House+of+Wolves	https://www.last.fm/music/My%20Chemical%20Romance	House of Wolves	https://www.last.fm/music/My%20Chemical%20Romance/The%20Black%20Parade	0.0	The Black Parade	Nostalgia	Nostalgia	fd7ba5f7-193b-4ae8-9d08-de7ac5036db9	2	2	rgu547R8C85Si9OM
onion::463::05cbf49a-98b6-3204-9fdc-e83cd74d7794	3905	463	05cbf49a-98b6-3204-9fdc-e83cd74d7794	Hollywood Undead	https://www.last.fm/music/Hollywood+Undead/_/Paradise+Lost	https://www.last.fm/music/Hollywood%20Undead	Paradise Lost	https://www.last.fm/music/Hollywood%20Undead/Swan%20Songs	0.0	Swan Songs	Nostalgia	Nostalgia	fd7ba5f7-193b-4ae8-9d08-de7ac5036db9	2	2	mY8DCoYG57SmWIOa
onion::463::75ca15e0-3a24-4a94-b26f-8a1a1e754071	3909	463	75ca15e0-3a24-4a94-b26f-8a1a1e754071	Senses Fail	https://www.last.fm/music/Senses+Fail/_/Martini+Kiss	https://www.last.fm/music/Senses%20Fail	Martini Kiss	https://www.last.fm/music/Senses%20Fail/Let%20It%20Enfold%20You	0.0	Let It Enfold You	Nostalgia	Nostalgia	fd7ba5f7-193b-4ae8-9d08-de7ac5036db9	2	2	X0pXNAUnBirw99sB
onion::463::0e624ec7-bfd1-37c8-80d8-73480794f1f8	3911	463	0e624ec7-bfd1-37c8-80d8-73480794f1f8	Simple Plan	https://www.last.fm/music/Simple+Plan/_/My+Alien	https://www.last.fm/music/Simple%20Plan	My Alien	https://www.last.fm/music/Simple%20Plan/No%20Pads%2C%20No%20Helmets...Just%20Balls%20(15th%20Anniversary%20Tour%20Edition)	0.0	No Pads, No Helmets...Just Balls (15th Anniversary Tour Edition)	Nostalgia	Nostalgia	fd7ba5f7-193b-4ae8-9d08-de7ac5036db9	2	2	fgPtMexk024wCPNc
onion::463::204b0c71-1843-41d9-8d9a-c44670ab6418	3914	463	204b0c71-1843-41d9-8d9a-c44670ab6418	The Almost	https://www.last.fm/music/The+Almost/_/Say+This+Sooner	https://www.last.fm/music/The%20Almost	Say This Sooner	https://www.last.fm/music/The%20Almost/Southern%20Weather	0.0	Southern Weather	Nostalgia	Nostalgia	fd7ba5f7-193b-4ae8-9d08-de7ac5036db9	2	2	mK86JfhEvntZPBsA
onion::463::Metro Station-Shake It-1-52	3919	463	Metro Station-Shake It-1-52	Metro Station	https://www.last.fm/music/Metro+Station/_/Shake+It	https://www.last.fm/music/Metro%20Station	Shake It	https://www.last.fm/music/Metro%20Station/Metro%20Station	0.0	Metro Station	Nostalgia	Nostalgia	fd7ba5f7-193b-4ae8-9d08-de7ac5036db9	2	2	YYvBQLgyCJ3JZu8d
onion::464::497a8317-9e5f-4065-8428-c94e7d875785	3949	464	497a8317-9e5f-4065-8428-c94e7d875785	Gojira	https://www.last.fm/music/Gojira/_/Only+Pain	https://www.last.fm/music/Gojira	Only Pain	https://www.last.fm/music/Gojira/Magma	0.0	Magma	Creativity	Creative Visualization	fd7ba5f7-193b-4ae8-9d08-de7ac5036db9	3	4	UdFmaIdiLCvS6MvG
onion::463::52bfc45e-528c-48c6-920d-30d4a66c9524	3925	463	52bfc45e-528c-48c6-920d-30d4a66c9524	Go Radio	https://www.last.fm/music/Go+Radio/_/Goodnight+Moon	https://www.last.fm/music/Go%20Radio	Goodnight Moon	https://www.last.fm/music/Go%20Radio/Do%20Overs%20And%20Second%20Chances	0.0	Do Overs And Second Chances	Nostalgia	Nostalgia	fd7ba5f7-193b-4ae8-9d08-de7ac5036db9	2	2	FWkEYJe3C91cMRSU
onion::463::169ca25f-4d5e-444f-a0b1-41495783b0e0	3928	463	169ca25f-4d5e-444f-a0b1-41495783b0e0	Butthole Surfers	https://www.last.fm/music/Butthole+Surfers/_/Pepper	https://www.last.fm/music/Butthole%20Surfers	Pepper	https://www.last.fm/music/Butthole%20Surfers/Electriclarryland	0.0	Electriclarryland	Nostalgia	Nostalgia	fd7ba5f7-193b-4ae8-9d08-de7ac5036db9	2	2	zhZ3QAXFn6Z0OKLs
onion::463::e19a6a3d-5877-4272-b4d4-fb744daa5d9b	3930	463	e19a6a3d-5877-4272-b4d4-fb744daa5d9b	Chumbawamba	https://www.last.fm/music/Chumbawamba/_/Tubthumping	https://www.last.fm/music/Chumbawamba	Tubthumping	https://www.last.fm/music/Chumbawamba/Tubthumper	0.0	Tubthumper	Nostalgia	Nostalgia	fd7ba5f7-193b-4ae8-9d08-de7ac5036db9	2	2	BGMzKOAXDP5Hx9al
onion::464::907c0885-52d9-3cf8-83d7-5db091e61eec	3931	464	907c0885-52d9-3cf8-83d7-5db091e61eec	Madonna	https://www.last.fm/music/Madonna/_/Ray+of+Light	https://www.last.fm/music/Madonna	Ray of Light	https://www.last.fm/music/Madonna/Ray%20of%20Light	0.0	Ray of Light	Creativity	Creative Visualization	fd7ba5f7-193b-4ae8-9d08-de7ac5036db9	3	4	4k7d5ZDGW7ji9Wgq
onion::464::34d883cc-9dad-3966-b612-3ee169af193a	3934	464	34d883cc-9dad-3966-b612-3ee169af193a	Liz Phair	https://www.last.fm/music/Liz+Phair/_/Extraordinary	https://www.last.fm/music/Liz%20Phair	Extraordinary	https://www.last.fm/music/Liz%20Phair/Liz%20Phair	0.0	Liz Phair	Creativity	Creative Visualization	fd7ba5f7-193b-4ae8-9d08-de7ac5036db9	3	4	rVx4Uy4O3w2MkAKV
onion::464::03a50518-57fb-4ef8-b131-5f626ab6536b	3938	464	03a50518-57fb-4ef8-b131-5f626ab6536b	TV on the Radio	https://www.last.fm/music/TV+on+the+Radio/_/Wolf+Like+Me	https://www.last.fm/music/TV%20on%20the%20Radio	Wolf Like Me	https://www.last.fm/music/TV%20on%20the%20Radio/Return%20to%20Cookie%20Mountain	0.0	Return to Cookie Mountain	Creativity	Creative Visualization	fd7ba5f7-193b-4ae8-9d08-de7ac5036db9	3	4	OMc0rNuXEYnXvWZo
onion::464::08430064-bee8-4ced-af86-c56869aef9d1	3942	464	08430064-bee8-4ced-af86-c56869aef9d1	A Perfect Circle	https://www.last.fm/music/A+Perfect+Circle/_/Thinking+of+You	https://www.last.fm/music/A%20Perfect%20Circle	Thinking of You	https://www.last.fm/music/A%20Perfect%20Circle/Mer%20de%20noms	0.0	Mer de noms	Creativity	Creative Visualization	fd7ba5f7-193b-4ae8-9d08-de7ac5036db9	3	4	aD1VdAWXO2sE8vxg
onion::464::f476f0b4-bddf-4bac-a85e-421c2f18e2ed	3943	464	f476f0b4-bddf-4bac-a85e-421c2f18e2ed	The Ting Tings	https://www.last.fm/music/The+Ting+Tings/_/Hang+It+Up	https://www.last.fm/music/The%20Ting%20Tings	Hang It Up	https://www.last.fm/music/The%20Ting%20Tings/Sounds%20From%20Nowheresville	0.0	Sounds From Nowheresville	Creativity	Creative Visualization	fd7ba5f7-193b-4ae8-9d08-de7ac5036db9	3	4	ALrgmbtARfJpjLG4
onion::471::0r1Lwr0yomY8ORHAp3PIGT	4007	471	0r1Lwr0yomY8ORHAp3PIGT	Twenty One Pilots			Car Radio			Regional At Best	Calming	Frustration Venting	e25e52c4-d95c-429a-8fd7-0159d672ef48	2	2	HyoVtzW9LmcJFCDQ
onion::464::53fdef9b-a15a-4d32-a0c1-c5e758b8cbf8	3945	464	53fdef9b-a15a-4d32-a0c1-c5e758b8cbf8	The Who	https://www.last.fm/music/The+Who/_/Eminence+Front	https://www.last.fm/music/The%20Who	Eminence Front	https://www.last.fm/music/The%20Who/It's%20Hard	0.0	It's Hard	Creativity	Creative Visualization	fd7ba5f7-193b-4ae8-9d08-de7ac5036db9	3	4	MwpFtrA5qYK4v5tl
onion::464::1ca544bf-3c6c-3bc1-9918-32036f274d59	3946	464	1ca544bf-3c6c-3bc1-9918-32036f274d59	Ministry	https://www.last.fm/music/Ministry/_/You+Know+What+You+Are	https://www.last.fm/music/Ministry	You Know What You Are	https://www.last.fm/music/Ministry/Land%20of%20Rape%20and%20Honey	0.0	Land of Rape and Honey	Creativity	Creative Visualization	fd7ba5f7-193b-4ae8-9d08-de7ac5036db9	3	4	aRwLNiOclszYg3B3
onion::464::f7f7850f-210b-4801-b62c-6a497c055421	3947	464	f7f7850f-210b-4801-b62c-6a497c055421	Deftones	https://www.last.fm/music/Deftones/_/Beware	https://www.last.fm/music/Deftones	Beware	https://www.last.fm/music/Deftones/Saturday%20Night%20Wrist	0.0	Saturday Night Wrist	Creativity	Creative Visualization	fd7ba5f7-193b-4ae8-9d08-de7ac5036db9	3	4	pKpkomzjEiQLvJMp
onion::464::56aaf78b-860b-49f2-b777-78f9752ce57c	3948	464	56aaf78b-860b-49f2-b777-78f9752ce57c	System of a Down	https://www.last.fm/music/System+of+a+Down/_/Darts	https://www.last.fm/music/System%20of%20a%20Down	Darts	https://www.last.fm/music/System%20of%20a%20Down/System%20of%20a%20Down	0.0	System of a Down	Creativity	Creative Visualization	fd7ba5f7-193b-4ae8-9d08-de7ac5036db9	3	4	ox9iPLli0rPnca4n
onion::464::20663263-1e7d-4fa6-bbdf-a20ef9baaca1	3950	464	20663263-1e7d-4fa6-bbdf-a20ef9baaca1	Spoon	https://www.last.fm/music/Spoon/_/Let+Me+Be+Mine	https://www.last.fm/music/Spoon	Let Me Be Mine	https://www.last.fm/music/Spoon/They%20Want%20My%20Soul	0.0	They Want My Soul	Creativity	Creative Visualization	fd7ba5f7-193b-4ae8-9d08-de7ac5036db9	3	4	iOeJVa5hUUfb58rL
onion::716::1uaIJkuGvwSu7qWHOwCYbV	5655	716	1uaIJkuGvwSu7qWHOwCYbV	Linkin Park			When They Come For Me			A Thousand Suns	Nostalgia	Nostalgia	5e58d39e-905b-442f-b70b-159bd316ccab	1	3	QDLtERFqtJfbCS95
onion::471::08VsSDNBuAOwGu8tkpJlSU	4010	471	08VsSDNBuAOwGu8tkpJlSU	My Chemical Romance			Drowning Lessons			I Brought You My Bullets, You Brought Me Your Love	Calming	Frustration Venting	e25e52c4-d95c-429a-8fd7-0159d672ef48	2	2	EqVMBdaN3OPArA2M
onion::661::0cf26423-ffac-4ccd-82a2-50c1fc4247b4	5317	661	0cf26423-ffac-4ccd-82a2-50c1fc4247b4	Deathspell Omega	https://www.last.fm/music/Deathspell+Omega/_/Devouring+Famine	https://www.last.fm/music/Deathspell%20Omega	Devouring Famine	https://www.last.fm/music/Deathspell%20Omega/Paracletus	0.0	Paracletus	Community	Community	4aba15fe-1446-48f2-a4be-febd944266d9	1	1	LEsoWCESdo0w4Jpv
onion::660::0cf26423-ffac-4ccd-82a2-50c1fc4247b4	5312	660	0cf26423-ffac-4ccd-82a2-50c1fc4247b4	Deathspell Omega	https://www.last.fm/music/Deathspell+Omega/_/Devouring+Famine	https://www.last.fm/music/Deathspell%20Omega	Devouring Famine	https://www.last.fm/music/Deathspell%20Omega/Paracletus	0.0	Paracletus	Bonding / Connection to others	Shared Taste	4aba15fe-1446-48f2-a4be-febd944266d9	2	2	LEsoWCESdo0w4Jpv
onion::675::10ddfd38-dbcf-4ba3-9a8e-2560108d4919	5405	675	10ddfd38-dbcf-4ba3-9a8e-2560108d4919	My Chemical Romance	https://www.last.fm/music/My+Chemical+Romance/_/Cancer	https://www.last.fm/music/My%20Chemical%20Romance	Cancer	https://www.last.fm/music/My%20Chemical%20Romance/The%20Black%20Parade	0.0	The Black Parade	Relief	Relief	d38747c6-ab62-4610-9c00-261e8305c571	1	5	ylwSAxZRAEBzIx3p
onion::676::2cb394ea-9f5d-337f-8daa-2a37b209ed9a	5407	676	2cb394ea-9f5d-337f-8daa-2a37b209ed9a	Marvin Gaye	https://www.last.fm/music/Marvin+Gaye/_/Distant+Lover	https://www.last.fm/music/Marvin%20Gaye	Distant Lover	https://www.last.fm/music/Marvin%20Gaye/Let's%20Get%20It%20On	0.0	Let's Get It On	Escape	Letting Go	d38747c6-ab62-4610-9c00-261e8305c571	5	5	k5osAlis8eTdcOXl
onion::676::d14c2736-aad8-4d10-8fe3-6c868b6b184a	5408	676	d14c2736-aad8-4d10-8fe3-6c868b6b184a	Type O Negative	https://www.last.fm/music/Type+O+Negative/_/Summer+Breeze	https://www.last.fm/music/Type%20O%20Negative	Summer Breeze	https://www.last.fm/music/Type%20O%20Negative/Bloody%20Kisses	0.0	Bloody Kisses	Escape	Letting Go	d38747c6-ab62-4610-9c00-261e8305c571	5	5	C2JIRpAHR3g63jyA
onion::676::43dcb914-1e03-4716-9f30-6c6b8b3ccf81	5409	676	43dcb914-1e03-4716-9f30-6c6b8b3ccf81	Alice in Chains	https://www.last.fm/music/Alice+in+Chains/_/Stone	https://www.last.fm/music/Alice%20in%20Chains	Stone	https://www.last.fm/music/Alice%20in%20Chains/The%20Devil%20Put%20Dinosaurs%20Here	0.0	The Devil Put Dinosaurs Here	Escape	Letting Go	d38747c6-ab62-4610-9c00-261e8305c571	5	5	qNKWf7DHHZekQcaq
onion::676::08d1d400-63b6-41e7-b709-2c1281731264	5412	676	08d1d400-63b6-41e7-b709-2c1281731264	Jamiroquai	https://www.last.fm/music/Jamiroquai/_/Talullah	https://www.last.fm/music/Jamiroquai	Talullah	https://www.last.fm/music/Jamiroquai/Dynamite	0.0	Dynamite	Escape	Letting Go	d38747c6-ab62-4610-9c00-261e8305c571	5	5	oHzidGPUYlkSnAO1
onion::677::custom-1770644452317	5416	677	custom-1770644452317	Billy Joel			Zanzibar		0.0	52nd Street	Enjoyment	Time Passing	d38747c6-ab62-4610-9c00-261e8305c571	5	5	b93f0GYGzdKlq4I7
onion::677::9ad4e4f4-6460-44f2-88ef-6d82e83a5b74	5418	677	9ad4e4f4-6460-44f2-88ef-6d82e83a5b74	Billy Idol	https://www.last.fm/music/Billy+Idol/_/Eyes+Without+a+Face	https://www.last.fm/music/Billy%20Idol	Eyes Without a Face	https://www.last.fm/music/Billy%20Idol/Rebel%20Yell	0.0	Rebel Yell	Enjoyment	Time Passing	d38747c6-ab62-4610-9c00-261e8305c571	5	5	nuCATSqQe0xru1fQ
onion::662::10660f7f-8023-4150-b50d-e618b46ff4de	5319	662	10660f7f-8023-4150-b50d-e618b46ff4de	Harry Styles	https://www.last.fm/music/Harry+Styles/_/Kiwi	https://www.last.fm/music/Harry%20Styles	Kiwi	https://www.last.fm/music/Harry%20Styles/Harry%20Styles	0.0	Harry Styles	Community	Community	903cdf75-784f-49fe-bdfc-d0f8529205ea	3	4	E3QwIlruI9L3yr7x
onion::662::912c0df8-0c6a-4145-9dc6-c549bdbe4798	5320	662	912c0df8-0c6a-4145-9dc6-c549bdbe4798	The 1975	https://www.last.fm/music/The+1975/_/Somebody+Else	https://www.last.fm/music/The%201975	Somebody Else	https://www.last.fm/music/The%201975/I%20like%20it%20when%20you%20sleep%2C%20for%20you%20are%20so%20beautiful%20yet%20so%20unaware%20of%20it	0.0	I like it when you sleep, for you are so beautiful yet so unaware of it	Community	Community	903cdf75-784f-49fe-bdfc-d0f8529205ea	3	4	vSCXYItx2du4zMg5
onion::662::b9bebbfc-5104-4522-aca9-509cafc0aa0f	5321	662	b9bebbfc-5104-4522-aca9-509cafc0aa0f	The 1975	https://www.last.fm/music/The+1975/_/Settle+Down	https://www.last.fm/music/The%201975	Settle Down	https://www.last.fm/music/The%201975/The%201975	0.0	The 1975	Community	Community	903cdf75-784f-49fe-bdfc-d0f8529205ea	3	4	ZU8EkbQHnwSln40p
onion::662::12b045c0-456c-3a75-bdf4-ce3bb8cb0734	5322	662	12b045c0-456c-3a75-bdf4-ce3bb8cb0734	Paramore	https://www.last.fm/music/Paramore/_/Playing+God	https://www.last.fm/music/Paramore	Playing God	https://www.last.fm/music/Paramore/brand%20new%20eyes	0.0	brand new eyes	Community	Community	903cdf75-784f-49fe-bdfc-d0f8529205ea	3	4	AZr4yqqtSJlBmHAA
onion::664::52414171-1ae5-4972-abbb-d9317a03fd0e	5333	664	52414171-1ae5-4972-abbb-d9317a03fd0e	Zedd	https://www.last.fm/music/Zedd/_/Clarity	https://www.last.fm/music/Zedd	Clarity	https://www.last.fm/music/Zedd/Clarity	0.0	Clarity	Distraction	Distraction	903cdf75-784f-49fe-bdfc-d0f8529205ea	1	3	jnEsfVqrNF5laFgL
onion::683::060f9d9c-e1f8-3f8d-983e-e3a6ea9bed2d	5455	683	060f9d9c-e1f8-3f8d-983e-e3a6ea9bed2d	The Glitch Mob	https://www.last.fm/music/The+Glitch+Mob/_/Drive+It+Like+You+Stole+It	https://www.last.fm/music/The%20Glitch%20Mob	Drive It Like You Stole It	https://www.last.fm/music/The%20Glitch%20Mob/Drink%20the%20Sea	0.0	Drink the Sea	Well-Being	Pleasure & Enjoyment	dd8d5442-c5af-47f5-a8fc-838ae0da5cf0	2	3	aXloBocgj4dfcnG6
onion::683::541cf077-1331-4979-bead-838f67183266	5457	683	541cf077-1331-4979-bead-838f67183266	Our Last Night	https://www.last.fm/music/Our+Last+Night/_/Sunrise	https://www.last.fm/music/Our%20Last%20Night	Sunrise	https://www.last.fm/music/Our%20Last%20Night/Oak%20Island	0.0	Oak Island	Well-Being	Pleasure & Enjoyment	dd8d5442-c5af-47f5-a8fc-838ae0da5cf0	2	3	5jZHy79cR5ZQwCZa
onion::476::New Radicals-You Get What You Give-1-40	4032	476	New Radicals-You Get What You Give-1-40	New Radicals	https://www.last.fm/music/New+Radicals/_/You+Get+What+You+Give	https://www.last.fm/music/New%20Radicals	You Get What You Give	https://www.last.fm/music/New%20Radicals/Maybe%20You've%20Been%20Brainwashed%20Too	0.0	Maybe You've Been Brainwashed Too	Well-Being	Pleasure & Enjoyment	c2733ace-93ae-4434-83d2-5de508e40e65	1	3	dKZS5hhjbx9OA0gI
onion::478::0a19e6c0-5e84-47e0-91ae-6f85a677c825	4044	478	0a19e6c0-5e84-47e0-91ae-6f85a677c825	The Kooks	https://www.last.fm/music/The+Kooks/_/Seaside	https://www.last.fm/music/The%20Kooks	Seaside	https://www.last.fm/music/The%20Kooks/Inside%20In%20%2F%20Inside%20Out	0.0	Inside In / Inside Out	Meaningful Engagement / Purpose	Life Meaning & Structure	c2733ace-93ae-4434-83d2-5de508e40e65	2	2	UrXvpy9eCGULvKGi
onion::478::19f3b09b-c2de-49e8-a22f-4e908363ba01	4045	478	19f3b09b-c2de-49e8-a22f-4e908363ba01	Mystery Jets	https://www.last.fm/music/Mystery+Jets/_/Saturnine	https://www.last.fm/music/Mystery%20Jets	Saturnine	https://www.last.fm/music/Mystery%20Jets/Curve%20of%20the%20Earth	0.0	Curve of the Earth	Meaningful Engagement / Purpose	Life Meaning & Structure	c2733ace-93ae-4434-83d2-5de508e40e65	2	2	xitsc46CbunHhPlI
onion::478::f0adb7b9-ec9e-4b60-b32c-20915096ce41	4046	478	f0adb7b9-ec9e-4b60-b32c-20915096ce41	Catfish and the Bottlemen	https://www.last.fm/music/Catfish+and+the+Bottlemen/_/Hourglass	https://www.last.fm/music/Catfish%20and%20the%20Bottlemen	Hourglass	https://www.last.fm/music/Catfish%20and%20the%20Bottlemen/The%20Balcony	0.0	The Balcony	Meaningful Engagement / Purpose	Life Meaning & Structure	c2733ace-93ae-4434-83d2-5de508e40e65	2	2	XoY8T61sLS65WoZS
onion::479::c85cddf8-7616-4be7-ab3d-2f0d5615b6a4	4047	479	c85cddf8-7616-4be7-ab3d-2f0d5615b6a4	Two Door Cinema Club	https://www.last.fm/music/Two+Door+Cinema+Club/_/Sun	https://www.last.fm/music/Two%20Door%20Cinema%20Club	Sun	https://www.last.fm/music/Two%20Door%20Cinema%20Club/Beacon	0.0	Beacon	Exploration	Exploration	c2733ace-93ae-4434-83d2-5de508e40e65	1	1	iihHUwNHYWp6H07r
onion::479::02c42a0f-2c3c-3807-b1af-0f31b7c7a23d	4049	479	02c42a0f-2c3c-3807-b1af-0f31b7c7a23d	The Temper Trap	https://www.last.fm/music/The+Temper+Trap/_/Sweet+Disposition	https://www.last.fm/music/The%20Temper%20Trap	Sweet Disposition	https://www.last.fm/music/The%20Temper%20Trap/Conditions	0.0	Conditions	Exploration	Exploration	c2733ace-93ae-4434-83d2-5de508e40e65	1	1	hOP3eAh1EyJP52r8
onion::479::0cecc75b-50d7-3465-a834-6fb9b3201887	4050	479	0cecc75b-50d7-3465-a834-6fb9b3201887	Slowdive	https://www.last.fm/music/Slowdive/_/When+the+Sun+Hits	https://www.last.fm/music/Slowdive	When the Sun Hits	https://www.last.fm/music/Slowdive/Souvlaki	0.0	Souvlaki	Exploration	Exploration	c2733ace-93ae-4434-83d2-5de508e40e65	1	1	yrw5gspJGeB74K5J
onion::480::5082efe8-fb98-4a23-8e47-6770af696480	4052	480	5082efe8-fb98-4a23-8e47-6770af696480	Steve Lacy	https://www.last.fm/music/Steve+Lacy/_/Ryd	https://www.last.fm/music/Steve%20Lacy	Ryd	https://www.last.fm/music/Steve%20Lacy/Steve%20Lacy's%20Demo	0.0	Steve Lacy's Demo	Community	Community	c2733ace-93ae-4434-83d2-5de508e40e65	1	1	o6rZhc1w7zpzJDKy
onion::502::1YAokoW5MpJiCRcJXqF7r0	4224	502	1YAokoW5MpJiCRcJXqF7r0	Dir En Grey			Merciless Cult			Withering To Death.	Relief	Relief	e11f1e2a-1496-4bc8-ac4f-8aadca93273f	1	3	2gzdaeBJKLa49RjW
onion::482::657e3127-a016-3113-8df7-93c566fc5bdd	4063	482	657e3127-a016-3113-8df7-93c566fc5bdd	The Strokes	https://www.last.fm/music/The+Strokes/_/Machu+Picchu	https://www.last.fm/music/The%20Strokes	Machu Picchu	https://www.last.fm/music/The%20Strokes/Angles	0.0	Angles	Distraction	Distraction	c2733ace-93ae-4434-83d2-5de508e40e65	1	1	pfY9oHNK4RXRfpuu
onion::483::02c42a0f-2c3c-3807-b1af-0f31b7c7a23d	4067	483	02c42a0f-2c3c-3807-b1af-0f31b7c7a23d	The Temper Trap	https://www.last.fm/music/The+Temper+Trap/_/Sweet+Disposition	https://www.last.fm/music/The%20Temper%20Trap	Sweet Disposition	https://www.last.fm/music/The%20Temper%20Trap/Conditions	0.0	Conditions	Relaxing	Comfort and Security	c2733ace-93ae-4434-83d2-5de508e40e65	1	2	hOP3eAh1EyJP52r8
onion::483::4babb4a1-1d63-38a0-93a9-b6c3fd8791c6	4069	483	4babb4a1-1d63-38a0-93a9-b6c3fd8791c6	Arctic Monkeys	https://www.last.fm/music/Arctic+Monkeys/_/Piledriver+Waltz	https://www.last.fm/music/Arctic%20Monkeys	Piledriver Waltz	https://www.last.fm/music/Arctic%20Monkeys/Suck%20It%20and%20See	0.0	Suck It and See	Relaxing	Comfort and Security	c2733ace-93ae-4434-83d2-5de508e40e65	1	2	0Ev84ceMs40159oJ
onion::663::162f9a2b-9627-331b-abf9-c5cdfa472cbe	5324	663	162f9a2b-9627-331b-abf9-c5cdfa472cbe	Fleetwood Mac	https://www.last.fm/music/Fleetwood+Mac/_/Thrown+Down	https://www.last.fm/music/Fleetwood%20Mac	Thrown Down	https://www.last.fm/music/Fleetwood%20Mac/Say%20You%20Will	0.0	Say You Will	Passion / Pleasure	Habitual Listening	903cdf75-784f-49fe-bdfc-d0f8529205ea	4	4	ExD5IQBMwmKDM0TV
onion::663::72932165-53a0-4ba6-bef9-5bdd58b33c60	5327	663	72932165-53a0-4ba6-bef9-5bdd58b33c60	SZA	https://www.last.fm/music/SZA/_/Garden+(Say+It+Like+Dat)	https://www.last.fm/music/SZA	Garden (Say It Like Dat)	https://www.last.fm/music/SZA/Ctrl	0.0	Ctrl	Passion / Pleasure	Habitual Listening	903cdf75-784f-49fe-bdfc-d0f8529205ea	4	4	Es6aw5ozgNnKbPrF
onion::663::5b61879d-aeb0-4846-ab6a-b8e16e37ccce	5329	663	5b61879d-aeb0-4846-ab6a-b8e16e37ccce	A$AP Rocky	https://www.last.fm/music/A$AP+Rocky/_/Fashion+Killa	https://www.last.fm/music/A%24AP%20Rocky	Fashion Killa	https://www.last.fm/music/A%24AP%20Rocky/LONG.LIVE.A%24AP%20(Deluxe%20Version)	0.0	LONG.LIVE.A$AP (Deluxe Version)	Passion / Pleasure	Habitual Listening	903cdf75-784f-49fe-bdfc-d0f8529205ea	4	4	fJRyFFcqCgoEeyNi
onion::665::162f9a2b-9627-331b-abf9-c5cdfa472cbe	5335	665	162f9a2b-9627-331b-abf9-c5cdfa472cbe	Fleetwood Mac	https://www.last.fm/music/Fleetwood+Mac/_/Thrown+Down	https://www.last.fm/music/Fleetwood%20Mac	Thrown Down	https://www.last.fm/music/Fleetwood%20Mac/Say%20You%20Will	0.0	Say You Will	Entertainment	Singing Along	903cdf75-784f-49fe-bdfc-d0f8529205ea	3	4	ExD5IQBMwmKDM0TV
onion::484::364a10df-d8f5-4578-a1fb-92b3b2f4fbf8	4074	484	364a10df-d8f5-4578-a1fb-92b3b2f4fbf8	MGMT	https://www.last.fm/music/MGMT/_/Little+Dark+Age	https://www.last.fm/music/MGMT	Little Dark Age	https://www.last.fm/music/MGMT/Little%20Dark%20Age	0.0	Little Dark Age	Practicing and Musical Creativity	Practicing and Musical Creativity	c2733ace-93ae-4434-83d2-5de508e40e65	1	2	m4O1iLh6fC43xjRy
onion::485::83f1c247-e7b1-3bf5-a8bc-33b772e261a2	4082	485	83f1c247-e7b1-3bf5-a8bc-33b772e261a2	System of a Down	https://www.last.fm/music/System+of+a+Down/_/Shimmy	https://www.last.fm/music/System%20of%20a%20Down	Shimmy	https://www.last.fm/music/System%20of%20a%20Down/Toxicity	0.0	Toxicity	Well-Being	Pleasure & Enjoyment	f45f5260-fdca-424b-ae14-b44f85fdf0d4	3	3	9EMpLfSydueVUiSX
onion::487::0d536bf5-773d-3433-8d66-673d9c21a5e0	4093	487	0d536bf5-773d-3433-8d66-673d9c21a5e0	Joshua Radin	https://www.last.fm/music/Joshua+Radin/_/Winter	https://www.last.fm/music/Joshua%20Radin	Winter	https://www.last.fm/music/Joshua%20Radin/We%20Were%20Here	0.0	We Were Here	Emotion (regulation)	Emotional Resonance	f45f5260-fdca-424b-ae14-b44f85fdf0d4	3	3	kQZmbUIk3VB1LQ5v
onion::488::83f1c247-e7b1-3bf5-a8bc-33b772e261a2	4097	488	83f1c247-e7b1-3bf5-a8bc-33b772e261a2	System of a Down	https://www.last.fm/music/System+of+a+Down/_/Shimmy	https://www.last.fm/music/System%20of%20a%20Down	Shimmy	https://www.last.fm/music/System%20of%20a%20Down/Toxicity	0.0	Toxicity	Exploration	Exploration	f45f5260-fdca-424b-ae14-b44f85fdf0d4	2	4	9EMpLfSydueVUiSX
onion::502::7eM0Ebq0Myz3EPdBnI2tYK	4226	502	7eM0Ebq0Myz3EPdBnI2tYK	Pantera			Revolution Is My Name			1990-2000: A Decade Of Domination	Relief	Relief	e11f1e2a-1496-4bc8-ac4f-8aadca93273f	1	3	d1ygyzzObXCLpSte
onion::502::3iV11AiIEDIOVjKy3kgjld	4227	502	3iV11AiIEDIOVjKy3kgjld	Pantera			Becoming			Far Beyond Driven	Relief	Relief	e11f1e2a-1496-4bc8-ac4f-8aadca93273f	1	3	CSh6yX581pvLqDDf
onion::489::24436eea-e79f-4592-b7f8-3e9bfe01f483	4106	489	24436eea-e79f-4592-b7f8-3e9bfe01f483	MGMT	https://www.last.fm/music/MGMT/_/Time+to+Pretend	https://www.last.fm/music/MGMT	Time to Pretend	https://www.last.fm/music/MGMT/Oracular%20Spectacular	0.0	Oracular Spectacular	Mood Enhancement	Cheerfulness	f45f5260-fdca-424b-ae14-b44f85fdf0d4	1	2	S7RFdCOEy8yX1StR
onion::490::0d536bf5-773d-3433-8d66-673d9c21a5e0	4111	490	0d536bf5-773d-3433-8d66-673d9c21a5e0	Joshua Radin	https://www.last.fm/music/Joshua+Radin/_/Winter	https://www.last.fm/music/Joshua%20Radin	Winter	https://www.last.fm/music/Joshua%20Radin/We%20Were%20Here	0.0	We Were Here	Entertainment	Singing Along	f45f5260-fdca-424b-ae14-b44f85fdf0d4	3	2	kQZmbUIk3VB1LQ5v
onion::491::09d3022d-db74-4706-85e2-ac0f0662c9cc	4112	491	09d3022d-db74-4706-85e2-ac0f0662c9cc	Ben Howard	https://www.last.fm/music/Ben+Howard/_/Only+Love	https://www.last.fm/music/Ben%20Howard	Only Love	https://www.last.fm/music/Ben%20Howard/Every%20Kingdom	0.0	Every Kingdom	Motivation	Background Utility	f45f5260-fdca-424b-ae14-b44f85fdf0d4	4	4	KxLmwbLgqxK4Gj7k
onion::491::Mazzy Star-Fade Into You-1-102	4117	491	Mazzy Star-Fade Into You-1-102	Mazzy Star	https://www.last.fm/music/Mazzy+Star/_/Fade+Into+You	https://www.last.fm/music/Mazzy%20Star	Fade Into You	https://www.last.fm/music/Mazzy%20Star/So%20Tonight%20That%20I%20Might%20See	0.0	So Tonight That I Might See	Motivation	Background Utility	f45f5260-fdca-424b-ae14-b44f85fdf0d4	4	4	Watr4MvWFxo9I2I6
onion::491::260ac37c-5343-337b-9e50-9a6036c36b7f	4119	491	260ac37c-5343-337b-9e50-9a6036c36b7f	Alexi Murdoch	https://www.last.fm/music/Alexi+Murdoch/_/Orange+Sky	https://www.last.fm/music/Alexi%20Murdoch	Orange Sky	https://www.last.fm/music/Alexi%20Murdoch/Four%20Songs	0.0	Four Songs	Motivation	Background Utility	f45f5260-fdca-424b-ae14-b44f85fdf0d4	4	4	g3IWRs8B76hME4fm
onion::492::09d3022d-db74-4706-85e2-ac0f0662c9cc	4121	492	09d3022d-db74-4706-85e2-ac0f0662c9cc	Ben Howard	https://www.last.fm/music/Ben+Howard/_/Only+Love	https://www.last.fm/music/Ben%20Howard	Only Love	https://www.last.fm/music/Ben%20Howard/Every%20Kingdom	0.0	Every Kingdom	Enjoyment	Time Passing	f45f5260-fdca-424b-ae14-b44f85fdf0d4	2	2	KxLmwbLgqxK4Gj7k
onion::493::834d1e35-9bd5-49cc-b106-9170ed3c7ebc	4125	493	834d1e35-9bd5-49cc-b106-9170ed3c7ebc	Beck	https://www.last.fm/music/Beck/_/Lonesome+Tears	https://www.last.fm/music/Beck	Lonesome Tears	https://www.last.fm/music/Beck/Sea%20Change	0.0	Sea Change	Meaningful Engagement / Purpose	Life Meaning & Structure	f45f5260-fdca-424b-ae14-b44f85fdf0d4	1	2	lzv3p4nMYfuhjEza
onion::494::0064b08f-45d3-314e-bfcc-5f641e431319	4135	494	0064b08f-45d3-314e-bfcc-5f641e431319	Kanye West	https://www.last.fm/music/Kanye+West/_/Flashing+Lights	https://www.last.fm/music/Kanye%20West	Flashing Lights	https://www.last.fm/music/Kanye%20West/Graduation	0.0	Graduation	Energy	Morning Wake-Up	f45f5260-fdca-424b-ae14-b44f85fdf0d4	1	2	hUu4G1SPIxEAOYVt
onion::495::3WLT67Zp9tTCa31ojE9syH	4138	495	3WLT67Zp9tTCa31ojE9syH	B.A.P	spotify:track:3WLT67Zp9tTCa31ojE9syH	spotify:artist:6kxCoNfY6U1eP0Yc88phvk	CRASH	spotify:album:3MqCqbpTw5y8lFPqFDsbQg	174054.0	CRASH	Well-Being	Pleasure & Enjoyment	e11f1e2a-1496-4bc8-ac4f-8aadca93273f	3	5	Uy6M0EiakwA9MzvX
onion::495::1hrZVbWwU6v4WAjOjv0xGo	4139	495	1hrZVbWwU6v4WAjOjv0xGo	Girls' Generation	spotify:track:1hrZVbWwU6v4WAjOjv0xGo	spotify:artist:0Sadg1vgvaPqGTOjxu0N6c	Mr.Mr.	spotify:album:1w86o0LJYVmBExlyxWp00l	235434.0	Girls' Generation 4th Mini Album 'Mr. Mr.'	Well-Being	Pleasure & Enjoyment	e11f1e2a-1496-4bc8-ac4f-8aadca93273f	3	5	IfdRruu8DO3VLylj
onion::496::5HCE6jUsJfBF1L1W2yR7zD	4149	496	5HCE6jUsJfBF1L1W2yR7zD	Drowning Pool	spotify:track:5HCE6jUsJfBF1L1W2yR7zD	spotify:artist:1E4r4z7ivGUcSAnCbINJ9v	Tear Away	spotify:album:2IOUEmNLTIzIzmaeYmVfsD	303573.0	Loudest Common Denominator	Motivation	Background Utility	e11f1e2a-1496-4bc8-ac4f-8aadca93273f	2	5	YStgiZpspJrRXuoK
onion::496::4g3QZlvz39UllCcRXDZ0Do	4151	496	4g3QZlvz39UllCcRXDZ0Do	Slipknot	spotify:track:4g3QZlvz39UllCcRXDZ0Do	spotify:artist:05fG473iIaoy82BF1aGhL8	Sulfur	spotify:album:0hFWapnP7orzXCMwNU5DuA	277800.0	All Hope Is Gone	Motivation	Background Utility	e11f1e2a-1496-4bc8-ac4f-8aadca93273f	2	5	8d0cjSQuymh7oUWN
onion::496::02df866b-4aa4-4211-a43b-b9f4a75c0a37	4152	496	02df866b-4aa4-4211-a43b-b9f4a75c0a37	Stacie Orrico	https://www.last.fm/music/Stacie+Orrico/_/Stuck	https://www.last.fm/music/Stacie%20Orrico	Stuck	https://www.last.fm/music/Stacie%20Orrico/Stacie%20Orrico	0.0	Stacie Orrico	Motivation	Background Utility	e11f1e2a-1496-4bc8-ac4f-8aadca93273f	2	5	M9LFTF0akAEPpfnJ
onion::497::6dRAAG4sB71NAtVCHJep7s	4159	497	6dRAAG4sB71NAtVCHJep7s	Chevelle	spotify:track:6dRAAG4sB71NAtVCHJep7s	spotify:artist:56dO9zeHKuU5Gvfc2kxHNw	Send the Pain Below	spotify:album:481JiVXZYUlTtqlv9ewJXV	252360.0	Wonder What's Next	Enjoyment	Time Passing	e11f1e2a-1496-4bc8-ac4f-8aadca93273f	3	5	WpI7Zt9uU5XXQ2Xc
onion::497::42Kv1RoTAm09FeytxiuZIB	4160	497	42Kv1RoTAm09FeytxiuZIB	Deftones	spotify:track:42Kv1RoTAm09FeytxiuZIB	spotify:artist:6Ghvu1VvMGScGpOUJBAHNH	Knife Prty	spotify:album:5LEXck3kfixFaA3CqVE7bC	289200.0	White Pony	Enjoyment	Time Passing	e11f1e2a-1496-4bc8-ac4f-8aadca93273f	3	5	Rsu03FVViNC4exCv
onion::497::3teZTZbM2VbtABTlvAa1nv	4162	497	3teZTZbM2VbtABTlvAa1nv	AOA	spotify:track:3teZTZbM2VbtABTlvAa1nv	spotify:artist:54gWVQFHf8IIqbjxAoOarN	Heart Attack	spotify:album:6XpaDo4Sj4aSfbLfqglMfE	196522.0	Heart Attack	Enjoyment	Time Passing	e11f1e2a-1496-4bc8-ac4f-8aadca93273f	3	5	hSiCJ0oaqFmfqxaB
onion::497::5eJmLtUQ4oBY7GQSXXsOfG	4163	497	5eJmLtUQ4oBY7GQSXXsOfG	SF9	spotify:track:5eJmLtUQ4oBY7GQSXXsOfG	spotify:artist:7LOmc7gyMVMOWF8qwEdn2X	Fall Down	spotify:album:0g7o1z26YpnMvVI73nVlid	181777.0	SF9 2nd Mini Album [Breaking Sensation]	Enjoyment	Time Passing	e11f1e2a-1496-4bc8-ac4f-8aadca93273f	3	5	4S8s0vwC5BSH2Npt
onion::497::0t5AIuKjBDvOxOG22Yzo0T	4166	497	0t5AIuKjBDvOxOG22Yzo0T	Rain	spotify:track:0t5AIuKjBDvOxOG22Yzo0T	spotify:artist:7yS3860cHbWTQetLkezjEi	30 SEXY?	spotify:album:3wOadQF8yqhgSX0VVxPPC7	213775.0	RAIN EFFECT	Enjoyment	Time Passing	e11f1e2a-1496-4bc8-ac4f-8aadca93273f	3	5	8xCCEfN1aRZD6MH9
onion::497::7fcfNW0XxTWlwVlftzfDOR	4167	497	7fcfNW0XxTWlwVlftzfDOR	Pantera	spotify:track:7fcfNW0XxTWlwVlftzfDOR	spotify:artist:14pVkFUHDL207LzLHtSA18	Walk	spotify:album:7kW0cpKgSVsEqcc8xgbSb0	315120.0	Vulgar Display Of Power	Enjoyment	Time Passing	e11f1e2a-1496-4bc8-ac4f-8aadca93273f	3	5	PYDbjL3BFDmDnM2D
onion::497::17yKsz2dbVEMuIt3M5OcxL	4168	497	17yKsz2dbVEMuIt3M5OcxL	Infected Rain	spotify:track:17yKsz2dbVEMuIt3M5OcxL	spotify:artist:7duRZcBRPWVChY0xOyp6DY	Orphan Soul	spotify:album:5TIa1cNM3wXt1eLNIGuS4w	288867.0	86	Enjoyment	Time Passing	e11f1e2a-1496-4bc8-ac4f-8aadca93273f	3	5	1xk9UiIg7VvCtJnW
onion::498::2yXyz4NLTZx9CLdXfLTp5E	4174	498	2yXyz4NLTZx9CLdXfLTp5E	Breaking Benjamin	spotify:track:2yXyz4NLTZx9CLdXfLTp5E	spotify:artist:5BtHciL0e0zOP7prIHn3pP	I Will Not Bow	spotify:album:0mBvlBWI6TMDrWvQ8bKOKV	216733.0	Dear Agony	Distraction	Distraction	e11f1e2a-1496-4bc8-ac4f-8aadca93273f	1	3	om47mvTdrvmrQ8zq
onion::498::3fuBpOWYgCqfBcUfrka07c	4177	498	3fuBpOWYgCqfBcUfrka07c	Mudvayne	spotify:track:3fuBpOWYgCqfBcUfrka07c	spotify:artist:2Pfv2w8a20xzC7Dr7QXRqM	Do What You Do	spotify:album:3av5u1CJqztgCG6q6k9aUI	214920.0	Playlist: The Very Best Of Mudvayne	Distraction	Distraction	e11f1e2a-1496-4bc8-ac4f-8aadca93273f	1	3	lMBQK2NFovUnvfKe
onion::498::4g3QZlvz39UllCcRXDZ0Do	4178	498	4g3QZlvz39UllCcRXDZ0Do	Slipknot	spotify:track:4g3QZlvz39UllCcRXDZ0Do	spotify:artist:05fG473iIaoy82BF1aGhL8	Sulfur	spotify:album:0hFWapnP7orzXCMwNU5DuA	277800.0	All Hope Is Gone	Distraction	Distraction	e11f1e2a-1496-4bc8-ac4f-8aadca93273f	1	3	8d0cjSQuymh7oUWN
onion::498::260bc3e4-5868-3408-9b58-78d3d43b945b	4182	498	260bc3e4-5868-3408-9b58-78d3d43b945b	SUPER JUNIOR	https://www.last.fm/music/SUPER+JUNIOR/_/SUPERMAN	https://www.last.fm/music/SUPER%20JUNIOR	SUPERMAN	https://www.last.fm/music/SUPER%20JUNIOR/Mr.%20Simple%20-%20The%205th%20Album%20Repackage	0.0	Mr. Simple - The 5th Album Repackage	Distraction	Distraction	e11f1e2a-1496-4bc8-ac4f-8aadca93273f	1	3	sGKWDsiPo709BKco
onion::499::1rKBOL9kJfX1Y4C3QaOvRH	4183	499	1rKBOL9kJfX1Y4C3QaOvRH	Big Time Rush	spotify:track:1rKBOL9kJfX1Y4C3QaOvRH	spotify:artist:0GWCNkPi54upO9WLlwjAHd	Boyfriend	spotify:album:2RjFzASjHZG1lUbCKqUahx	201040.0	BTR	Passion / Pleasure	Habitual Listening	e11f1e2a-1496-4bc8-ac4f-8aadca93273f	5	5	lzF03M4H0QnKBXZn
onion::499::21CJvM7HXrI80aDHz2MES4	4187	499	21CJvM7HXrI80aDHz2MES4	BTOB	spotify:track:21CJvM7HXrI80aDHz2MES4	spotify:artist:2hcsKca6hCfFMwwdbFvenJ	WOW	spotify:album:2umEcxQ6ifyPQrjNRfSSvm	217887.0	Press Play	Passion / Pleasure	Habitual Listening	e11f1e2a-1496-4bc8-ac4f-8aadca93273f	5	5	y0Ec4OEOXY3HIRRB
onion::499::2HerxRQish8VLHvu20oxz2	4190	499	2HerxRQish8VLHvu20oxz2	Saliva	spotify:track:2HerxRQish8VLHvu20oxz2	spotify:artist:5S6hjAxgxjsLylsTtMIimO	Always	spotify:album:6Trb6MUN99WFIkgyaCnhXw	231200.0	Back Into Your System	Passion / Pleasure	Habitual Listening	e11f1e2a-1496-4bc8-ac4f-8aadca93273f	5	5	dU3Qr4hGGC4n3D1x
onion::499::1UREw2MCfU0xwBzCAjxlUD	4191	499	1UREw2MCfU0xwBzCAjxlUD	Papa Roach	spotify:track:1UREw2MCfU0xwBzCAjxlUD	spotify:artist:4RddZ3iHvSpGV4dvATac9X	Scars	spotify:album:25wlsi7SWD8mFKxaEWGYuL	208186.0	Getting Away With Murder	Passion / Pleasure	Habitual Listening	e11f1e2a-1496-4bc8-ac4f-8aadca93273f	5	5	yL0M1wcJnpFlovMX
onion::500::1FkgHW6Rnravvt6uVd3DGB	4199	500	1FkgHW6Rnravvt6uVd3DGB	Papa Roach	spotify:track:1FkgHW6Rnravvt6uVd3DGB	spotify:artist:4RddZ3iHvSpGV4dvATac9X	She Loves Me Not	spotify:album:79t2bX5lRZEWS3xukAdVQj	209572.0	lovehatetragedy	Escape	Letting Go	e11f1e2a-1496-4bc8-ac4f-8aadca93273f	2	3	Q1KmY4d4AcrZJcRh
onion::501::6ubqrTIJwspBSqx8XQHN2K	4210	501	6ubqrTIJwspBSqx8XQHN2K	Halestorm	spotify:track:6ubqrTIJwspBSqx8XQHN2K	spotify:artist:6om12Ev5ppgoMy3OYSoech	Mayhem	spotify:album:6jPjpEJBxT0HN71TAEohZ0	216760.0	Into The Wild Life	Creativity	Creative Visualization	e11f1e2a-1496-4bc8-ac4f-8aadca93273f	2	3	hYyk7Inc18yvUfWV
onion::501::No Doubt-Just a Girl-3-143	4211	501	No Doubt-Just a Girl-3-143	No Doubt	https://www.last.fm/music/No+Doubt/_/Just+a+Girl	https://www.last.fm/music/No%20Doubt	Just a Girl	https://www.last.fm/music/No%20Doubt/Tragic%20Kingdom	0.0	Tragic Kingdom	Creativity	Creative Visualization	e11f1e2a-1496-4bc8-ac4f-8aadca93273f	2	3	ltzR4M5ZhP4tnWA0
onion::502::43NFMbNBTnIFDV0BKy9Sdz	4220	502	43NFMbNBTnIFDV0BKy9Sdz	Korn	spotify:track:43NFMbNBTnIFDV0BKy9Sdz	spotify:artist:3RNrq3jvMZxD9ZyoOZbQOD	Thoughtless	spotify:album:32H8ZczfX12FWWODVVr6NQ	272920.0	Untouchables	Relief	Relief	e11f1e2a-1496-4bc8-ac4f-8aadca93273f	1	3	ZqydFxq4jKqa4lJi
onion::502::4Lxn1JlGJwmmXpODrNvPA6	4221	502	4Lxn1JlGJwmmXpODrNvPA6	Hatebreed	spotify:track:4Lxn1JlGJwmmXpODrNvPA6	spotify:artist:17Mb968quDHpjCkIyq30QV	I Will Be Heard	spotify:album:2UPZ06izR1OtTX80U30AfG	178666.0	Perseverance	Relief	Relief	e11f1e2a-1496-4bc8-ac4f-8aadca93273f	1	3	xZfKhGT9dEbT1ESv
onion::502::1AEYT6VxrxXPMoQUxsY0E4	4222	502	1AEYT6VxrxXPMoQUxsY0E4	Trapt	spotify:track:1AEYT6VxrxXPMoQUxsY0E4	spotify:artist:1UdQqCUR7RwB9YYJONwbdM	Headstrong	spotify:album:4jd0qgZ4gaHW6b0lgpZKWk	285569.0	Trapt	Relief	Relief	e11f1e2a-1496-4bc8-ac4f-8aadca93273f	1	3	FP3QItPNaS9TqPKm
onion::503::1FBuZzEpuLvmcFBumBLBxp	4237	503	1FBuZzEpuLvmcFBumBLBxp	Spica	spotify:track:1FBuZzEpuLvmcFBumBLBxp	spotify:artist:5lvNsrcLos9vZpLQCJk4YK	Secret Time	spotify:album:076WWC6bTvsL0N2kyM78Qi	179307.0	Secret Time	Exploration	Exploration	e11f1e2a-1496-4bc8-ac4f-8aadca93273f	1	2	78OOiVsxDQo3BH3U
onion::508::Billie Holiday-Moonglow-1-19	4274	508	Billie Holiday-Moonglow-1-19	Billie Holiday	https://www.last.fm/music/Billie+Holiday/_/Moonglow	https://www.last.fm/music/Billie%20Holiday	Moonglow	https://www.last.fm/music/Billie%20Holiday/Solitude	0.0	Solitude	Well-Being	Pleasure & Enjoyment	d4ff8765-d90e-4d3f-a850-cf67cf48b9da	3	5	Egv6ncmZ7jm7KCMC
onion::625::151fZ3UNx6cNSR3kFsJiEo	5040	625	151fZ3UNx6cNSR3kFsJiEo	Lebanon Hanover	spotify:track:151fZ3UNx6cNSR3kFsJiEo	spotify:artist:6w8h2uD28BEdg7bX4k3Lh7	Canibal	spotify:album:4IJBHdhLNFx7UC1AXsXJAO	248346.0	The World Is Getting Colder	Meaningful Engagement / Purpose	Life Meaning & Structure	3c001827-2dca-4656-baf8-94af95f73515	2	4	rnKbpA7p8JZFwNvm
onion::509::dcf8b50c-c7c3-3bba-aab3-aba562074194	4282	509	dcf8b50c-c7c3-3bba-aab3-aba562074194	Eartha Kitt	https://www.last.fm/music/Eartha+Kitt/_/Santa+Baby	https://www.last.fm/music/Eartha%20Kitt	Santa Baby	https://www.last.fm/music/Eartha%20Kitt/Eartha%20Kitt	0.0	Eartha Kitt	Mood Enhancement	Cheerfulness	d4ff8765-d90e-4d3f-a850-cf67cf48b9da	2	4	6Lf6L2GMOBrZUTvJ
onion::512::Johnny Cash-Man in Black-1-143	4294	512	Johnny Cash-Man in Black-1-143	Johnny Cash	https://www.last.fm/music/Johnny+Cash/_/Man+in+Black	https://www.last.fm/music/Johnny%20Cash	Man in Black	https://www.last.fm/music/Johnny%20Cash/The%20Essential%20Johnny%20Cash	0.0	The Essential Johnny Cash	Community	Community	d4ff8765-d90e-4d3f-a850-cf67cf48b9da	2	4	GfkRKY9KJQ9mP4Ef
onion::515::Billie Holiday-Moonglow-1-19	4310	515	Billie Holiday-Moonglow-1-19	Billie Holiday	https://www.last.fm/music/Billie+Holiday/_/Moonglow	https://www.last.fm/music/Billie%20Holiday	Moonglow	https://www.last.fm/music/Billie%20Holiday/Solitude	0.0	Solitude	Admiration / Connection to artist	Musician Identification	d4ff8765-d90e-4d3f-a850-cf67cf48b9da	2	4	Egv6ncmZ7jm7KCMC
onion::665::116566cb-7cb0-3226-a558-c7b542f2e586	5337	665	116566cb-7cb0-3226-a558-c7b542f2e586	Justin Bieber	https://www.last.fm/music/Justin+Bieber/_/Stuck+in+the+Moment	https://www.last.fm/music/Justin%20Bieber	Stuck in the Moment	https://www.last.fm/music/Justin%20Bieber/My%20World%202.0	0.0	My World 2.0	Entertainment	Singing Along	903cdf75-784f-49fe-bdfc-d0f8529205ea	3	4	o2CwYbdHNZ6DOMAi
onion::679::d14c2736-aad8-4d10-8fe3-6c868b6b184a	5429	679	d14c2736-aad8-4d10-8fe3-6c868b6b184a	Type O Negative	https://www.last.fm/music/Type+O+Negative/_/Summer+Breeze	https://www.last.fm/music/Type%20O%20Negative	Summer Breeze	https://www.last.fm/music/Type%20O%20Negative/Bloody%20Kisses	0.0	Bloody Kisses	Well-Being	Pleasure & Enjoyment	d38747c6-ab62-4610-9c00-261e8305c571	5	5	C2JIRpAHR3g63jyA
onion::679::Commodores-Easy-1-107	5433	679	Commodores-Easy-1-107	Commodores	https://www.last.fm/music/Commodores/_/Easy	https://www.last.fm/music/Commodores	Easy	https://www.last.fm/music/Commodores/Commodores	0.0	Commodores	Well-Being	Pleasure & Enjoyment	d38747c6-ab62-4610-9c00-261e8305c571	5	5	lKi2TsYTx04mfMZe
onion::679::2193c47f-bba1-4b2d-85ea-4c18ea80c43d	5435	679	2193c47f-bba1-4b2d-85ea-4c18ea80c43d	Alice in Chains	https://www.last.fm/music/Alice+in+Chains/_/Hollow	https://www.last.fm/music/Alice%20in%20Chains	Hollow	https://www.last.fm/music/Alice%20in%20Chains/The%20Devil%20Put%20Dinosaurs%20Here	0.0	The Devil Put Dinosaurs Here	Well-Being	Pleasure & Enjoyment	d38747c6-ab62-4610-9c00-261e8305c571	5	5	pysgPXNV9tXgSLfw
onion::518::04a6f0d9-2f10-4a4f-b40e-c88ebf83d890	4325	518	04a6f0d9-2f10-4a4f-b40e-c88ebf83d890	Ed Sheeran	https://www.last.fm/music/Ed+Sheeran/_/Galway+Girl	https://www.last.fm/music/Ed%20Sheeran	Galway Girl	https://www.last.fm/music/Ed%20Sheeran/%2B-%3D%C3%B7%C3%97%20(Tour%20Collection%3A%20Live)	0.0	+-=÷× (Tour Collection: Live)	Distraction	Distraction	5ce1dce7-38d4-4a6d-a9ea-4c2795ac058d	3	5	7I0SNqYAVs4StrdH
onion::519::890bafa1-0181-437a-a9ed-7476d821ee99	4330	519	890bafa1-0181-437a-a9ed-7476d821ee99	Ed Sheeran	https://www.last.fm/music/Ed+Sheeran/_/Dive	https://www.last.fm/music/Ed%20Sheeran	Dive	https://www.last.fm/music/Ed%20Sheeran/%C3%B7%20(Deluxe)	0.0	÷ (Deluxe)	Emotion (regulation)	Emotional Resonance	5ce1dce7-38d4-4a6d-a9ea-4c2795ac058d	2	4	6vKQhLVmnH9prxNT
onion::519::83183d93-a7ec-4470-95f7-25a99156eba3	4331	519	83183d93-a7ec-4470-95f7-25a99156eba3	Ed Sheeran	https://www.last.fm/music/Ed+Sheeran/_/Photograph	https://www.last.fm/music/Ed%20Sheeran	Photograph	https://www.last.fm/music/Ed%20Sheeran/x%20(Deluxe%20Edition)	0.0	x (Deluxe Edition)	Emotion (regulation)	Emotional Resonance	5ce1dce7-38d4-4a6d-a9ea-4c2795ac058d	2	4	LGqB2vDEBsIZsPi1
onion::519::5780b6fb-066f-4147-ac0e-0d8c8e812e02	4332	519	5780b6fb-066f-4147-ac0e-0d8c8e812e02	Ed Sheeran	https://www.last.fm/music/Ed+Sheeran/_/Castle+on+the+Hill	https://www.last.fm/music/Ed%20Sheeran	Castle on the Hill	https://www.last.fm/music/Ed%20Sheeran/%2B-%3D%C3%B7%C3%97%20(Tour%20Collection%3A%20Live)	0.0	+-=÷× (Tour Collection: Live)	Emotion (regulation)	Emotional Resonance	5ce1dce7-38d4-4a6d-a9ea-4c2795ac058d	2	4	e7ucWjKm5ASO5yjC
onion::521::f83c639f-217c-49f1-9691-6bda6effd5c6	4343	521	f83c639f-217c-49f1-9691-6bda6effd5c6	Taylor Swift	https://www.last.fm/music/Taylor+Swift/_/Cold+as+You	https://www.last.fm/music/Taylor%20Swift	Cold as You	https://www.last.fm/music/Taylor%20Swift/Taylor%20Swift	0.0	Taylor Swift	Calming	Frustration Venting	5ce1dce7-38d4-4a6d-a9ea-4c2795ac058d	2	5	SMY26gUJnJCqkds8
onion::522::04a6f0d9-2f10-4a4f-b40e-c88ebf83d890	4349	522	04a6f0d9-2f10-4a4f-b40e-c88ebf83d890	Ed Sheeran	https://www.last.fm/music/Ed+Sheeran/_/Galway+Girl	https://www.last.fm/music/Ed%20Sheeran	Galway Girl	https://www.last.fm/music/Ed%20Sheeran/%2B-%3D%C3%B7%C3%97%20(Tour%20Collection%3A%20Live)	0.0	+-=÷× (Tour Collection: Live)	Relief	Relief	5ce1dce7-38d4-4a6d-a9ea-4c2795ac058d	3	5	7I0SNqYAVs4StrdH
onion::523::254d2f26-f667-4800-9aa0-45df1875886f	4358	523	254d2f26-f667-4800-9aa0-45df1875886f	Jo Dee Messina	https://www.last.fm/music/Jo+Dee+Messina/_/Heads+Carolina,+Tails+California	https://www.last.fm/music/Jo%20Dee%20Messina	Heads Carolina, Tails California	https://www.last.fm/music/Jo%20Dee%20Messina/Jo%20Dee%20Messina	0.0	Jo Dee Messina	Motivation	Background Utility	5ce1dce7-38d4-4a6d-a9ea-4c2795ac058d	3	2	u5x3CRUAhNwEJuqt
onion::525::04a6f0d9-2f10-4a4f-b40e-c88ebf83d890	4365	525	04a6f0d9-2f10-4a4f-b40e-c88ebf83d890	Ed Sheeran	https://www.last.fm/music/Ed+Sheeran/_/Galway+Girl	https://www.last.fm/music/Ed%20Sheeran	Galway Girl	https://www.last.fm/music/Ed%20Sheeran/%2B-%3D%C3%B7%C3%97%20(Tour%20Collection%3A%20Live)	0.0	+-=÷× (Tour Collection: Live)	Entertainment	Singing Along	5ce1dce7-38d4-4a6d-a9ea-4c2795ac058d	4	5	7I0SNqYAVs4StrdH
onion::671::f1eafdb6-781d-4475-b472-aa6ef6d1b12d	5367	671	f1eafdb6-781d-4475-b472-aa6ef6d1b12d	Mac Miller	https://www.last.fm/music/Mac+Miller/_/Objects+in+the+Mirror	https://www.last.fm/music/Mac%20Miller	Objects in the Mirror	https://www.last.fm/music/Mac%20Miller/Watching%20Movies%20With%20the%20Sound%20Off	0.0	Watching Movies With the Sound Off	Exploration	Exploration	903cdf75-784f-49fe-bdfc-d0f8529205ea	1	3	Htjn35FpZQVQQVaP
onion::671::0fd5c70a-05d7-340f-9cfa-e0a7eb247985	5371	671	0fd5c70a-05d7-340f-9cfa-e0a7eb247985	Cage the Elephant	https://www.last.fm/music/Cage+the+Elephant/_/Aberdeen	https://www.last.fm/music/Cage%20the%20Elephant	Aberdeen	https://www.last.fm/music/Cage%20the%20Elephant/Thank%20You%20Happy%20Birthday	0.0	Thank You Happy Birthday	Exploration	Exploration	903cdf75-784f-49fe-bdfc-d0f8529205ea	1	3	yt4mzg9XU1eOd5Uu
onion::672::6e411c45-2890-4bb0-af6d-7b70e10b36d2	5372	672	6e411c45-2890-4bb0-af6d-7b70e10b36d2	Type O Negative	https://www.last.fm/music/Type+O+Negative/_/Anesthesia	https://www.last.fm/music/Type%20O%20Negative	Anesthesia	https://www.last.fm/music/Type%20O%20Negative/Life%20Is%20Killing%20Me	0.0	Life Is Killing Me	Distraction	Distraction	d38747c6-ab62-4610-9c00-261e8305c571	5	5	2M7HbNZbLKiyVFDg
onion::672::d14c2736-aad8-4d10-8fe3-6c868b6b184a	5373	672	d14c2736-aad8-4d10-8fe3-6c868b6b184a	Type O Negative	https://www.last.fm/music/Type+O+Negative/_/Summer+Breeze	https://www.last.fm/music/Type%20O%20Negative	Summer Breeze	https://www.last.fm/music/Type%20O%20Negative/Bloody%20Kisses	0.0	Bloody Kisses	Distraction	Distraction	d38747c6-ab62-4610-9c00-261e8305c571	5	5	C2JIRpAHR3g63jyA
onion::672::9ad4e4f4-6460-44f2-88ef-6d82e83a5b74	5375	672	9ad4e4f4-6460-44f2-88ef-6d82e83a5b74	Billy Idol	https://www.last.fm/music/Billy+Idol/_/Eyes+Without+a+Face	https://www.last.fm/music/Billy%20Idol	Eyes Without a Face	https://www.last.fm/music/Billy%20Idol/Rebel%20Yell	0.0	Rebel Yell	Distraction	Distraction	d38747c6-ab62-4610-9c00-261e8305c571	5	5	nuCATSqQe0xru1fQ
onion::672::7FRfYOql61DGDp9VPPe2qA	5376	672	7FRfYOql61DGDp9VPPe2qA	Alice In Chains			Down In A Hole			Dirt	Distraction	Distraction	d38747c6-ab62-4610-9c00-261e8305c571	5	5	wbVvno8PaLyGicEv
onion::672::391f3ec2-c84c-4871-81c1-d52796a9e5c1	5378	672	391f3ec2-c84c-4871-81c1-d52796a9e5c1	Dio	https://www.last.fm/music/Dio/_/Rainbow+in+the+Dark	https://www.last.fm/music/Dio	Rainbow in the Dark	https://www.last.fm/music/Dio/Holy%20Diver	0.0	Holy Diver	Distraction	Distraction	d38747c6-ab62-4610-9c00-261e8305c571	5	5	boLtFF3Jejg1Pm5q
onion::673::2cb394ea-9f5d-337f-8daa-2a37b209ed9a	5382	673	2cb394ea-9f5d-337f-8daa-2a37b209ed9a	Marvin Gaye	https://www.last.fm/music/Marvin+Gaye/_/Distant+Lover	https://www.last.fm/music/Marvin%20Gaye	Distant Lover	https://www.last.fm/music/Marvin%20Gaye/Let's%20Get%20It%20On	0.0	Let's Get It On	Passion / Pleasure	Habitual Listening	d38747c6-ab62-4610-9c00-261e8305c571	5	5	k5osAlis8eTdcOXl
onion::673::9ad4e4f4-6460-44f2-88ef-6d82e83a5b74	5384	673	9ad4e4f4-6460-44f2-88ef-6d82e83a5b74	Billy Idol	https://www.last.fm/music/Billy+Idol/_/Eyes+Without+a+Face	https://www.last.fm/music/Billy%20Idol	Eyes Without a Face	https://www.last.fm/music/Billy%20Idol/Rebel%20Yell	0.0	Rebel Yell	Passion / Pleasure	Habitual Listening	d38747c6-ab62-4610-9c00-261e8305c571	5	5	nuCATSqQe0xru1fQ
onion::673::08d1d400-63b6-41e7-b709-2c1281731264	5385	673	08d1d400-63b6-41e7-b709-2c1281731264	Jamiroquai	https://www.last.fm/music/Jamiroquai/_/Talullah	https://www.last.fm/music/Jamiroquai	Talullah	https://www.last.fm/music/Jamiroquai/Dynamite	0.0	Dynamite	Passion / Pleasure	Habitual Listening	d38747c6-ab62-4610-9c00-261e8305c571	5	5	oHzidGPUYlkSnAO1
onion::527::02db6caf-8e46-45e0-aee4-d3b28e71e4ba	4377	527	02db6caf-8e46-45e0-aee4-d3b28e71e4ba	Taylor Swift	https://www.last.fm/music/Taylor+Swift/_/Gorgeous	https://www.last.fm/music/Taylor%20Swift	Gorgeous	https://www.last.fm/music/Taylor%20Swift/reputation	0.0	reputation	Well-Being	Pleasure & Enjoyment	5ce1dce7-38d4-4a6d-a9ea-4c2795ac058d	2	4	RLr5e7MmIsMyGzLR
onion::528::26a27e44-4237-42d2-a848-d306800a0479	4382	528	26a27e44-4237-42d2-a848-d306800a0479	Aimer	https://www.last.fm/music/Aimer/_/Brave+Shine	https://www.last.fm/music/Aimer	Brave Shine	https://www.last.fm/music/Aimer/DAWN	0.0	DAWN	Emotion (regulation)	Emotional Resonance	0a7255df-939e-48a9-b0cb-d33cbff0ad3e	3	4	dZZH8oE7pO5dy0Mx
onion::528::5f103d13-2508-4b0b-b6ea-10d0cb413f20	4385	528	5f103d13-2508-4b0b-b6ea-10d0cb413f20	The Band Perry	https://www.last.fm/music/The+Band+Perry/_/If+I+Die+Young	https://www.last.fm/music/The%20Band%20Perry	If I Die Young	https://www.last.fm/music/The%20Band%20Perry/The%20Band%20Perry	0.0	The Band Perry	Emotion (regulation)	Emotional Resonance	0a7255df-939e-48a9-b0cb-d33cbff0ad3e	3	4	8YG54cfyhByNPhN9
onion::528::2235749c-9a78-49e6-a553-6c50948221d1	4386	528	2235749c-9a78-49e6-a553-6c50948221d1	Alice in Chains	https://www.last.fm/music/Alice+in+Chains/_/Nutshell	https://www.last.fm/music/Alice%20in%20Chains	Nutshell	https://www.last.fm/music/Alice%20in%20Chains/Jar%20of%20Flies	0.0	Jar of Flies	Emotion (regulation)	Emotional Resonance	0a7255df-939e-48a9-b0cb-d33cbff0ad3e	3	4	7ELJ2sVO3n3mZHVM
onion::667::ec9601c3-1bc0-45ec-8998-3fb61c1fcf0e	5345	667	ec9601c3-1bc0-45ec-8998-3fb61c1fcf0e	Lorde	https://www.last.fm/music/Lorde/_/Ribs	https://www.last.fm/music/Lorde	Ribs	https://www.last.fm/music/Lorde/Pure%20Heroine	0.0	Pure Heroine	Bonding / Connection to others	Shared Taste	903cdf75-784f-49fe-bdfc-d0f8529205ea	2	3	IiKMWlJ4N1MvBpHc
onion::667::d0626c40-96b8-4ed7-b4cf-c057b2513533	5346	667	d0626c40-96b8-4ed7-b4cf-c057b2513533	The 1975	https://www.last.fm/music/The+1975/_/Heart+Out	https://www.last.fm/music/The%201975	Heart Out	https://www.last.fm/music/The%201975/The%201975%20(Deluxe%20Version)	0.0	The 1975 (Deluxe Version)	Bonding / Connection to others	Shared Taste	903cdf75-784f-49fe-bdfc-d0f8529205ea	2	3	fjJY9eVw1xobi8EV
onion::667::78129acc-3817-4419-867a-8a18f67220f7	5347	667	78129acc-3817-4419-867a-8a18f67220f7	Maggie Rogers	https://www.last.fm/music/Maggie+Rogers/_/Alaska	https://www.last.fm/music/Maggie%20Rogers	Alaska	https://www.last.fm/music/Maggie%20Rogers/Heard%20It%20in%20a%20Past%20Life	0.0	Heard It in a Past Life	Bonding / Connection to others	Shared Taste	903cdf75-784f-49fe-bdfc-d0f8529205ea	2	3	pVidfQyCntTCkBph
onion::667::08011b80-6485-4861-b153-7f3f7634bf08	5348	667	08011b80-6485-4861-b153-7f3f7634bf08	One Direction	https://www.last.fm/music/One+Direction/_/Where+Do+Broken+Hearts+Go	https://www.last.fm/music/One%20Direction	Where Do Broken Hearts Go	https://www.last.fm/music/One%20Direction/FOUR%20(Deluxe)	0.0	FOUR (Deluxe)	Bonding / Connection to others	Shared Taste	903cdf75-784f-49fe-bdfc-d0f8529205ea	2	3	0XLHpCpo3FwyjQN8
onion::669::116566cb-7cb0-3226-a558-c7b542f2e586	5355	669	116566cb-7cb0-3226-a558-c7b542f2e586	Justin Bieber	https://www.last.fm/music/Justin+Bieber/_/Stuck+in+the+Moment	https://www.last.fm/music/Justin%20Bieber	Stuck in the Moment	https://www.last.fm/music/Justin%20Bieber/My%20World%202.0	0.0	My World 2.0	Nostalgia	Nostalgia	903cdf75-784f-49fe-bdfc-d0f8529205ea	2	3	o2CwYbdHNZ6DOMAi
onion::669::67eb14fa-2280-43f9-8724-156e39db2914	5357	669	67eb14fa-2280-43f9-8724-156e39db2914	Taylor Swift	https://www.last.fm/music/Taylor+Swift/_/Picture+to+Burn	https://www.last.fm/music/Taylor%20Swift	Picture to Burn	https://www.last.fm/music/Taylor%20Swift/Taylor%20Swift	0.0	Taylor Swift	Nostalgia	Nostalgia	903cdf75-784f-49fe-bdfc-d0f8529205ea	2	3	NLDnWLcmYl9vluUM
onion::669::Justin Bieber-Beauty and a Beat-1-222	5360	669	Justin Bieber-Beauty and a Beat-1-222	Justin Bieber	https://www.last.fm/music/Justin+Bieber/_/Beauty+and+a+Beat	https://www.last.fm/music/Justin%20Bieber	Beauty and a Beat	https://www.last.fm/music/Justin%20Bieber/Believe	0.0	Believe	Nostalgia	Nostalgia	903cdf75-784f-49fe-bdfc-d0f8529205ea	2	3	cdU4raLxkAChxEE4
onion::673::744adcd5-b3cc-41d5-b809-c4c0203a215c	5389	673	744adcd5-b3cc-41d5-b809-c4c0203a215c	Marvin Gaye	https://www.last.fm/music/Marvin+Gaye/_/Keep+Gettin%27+It+On	https://www.last.fm/music/Marvin%20Gaye	Keep Gettin' It On	https://www.last.fm/music/Marvin%20Gaye/Let's%20Get%20It%20On	0.0	Let's Get It On	Passion / Pleasure	Habitual Listening	d38747c6-ab62-4610-9c00-261e8305c571	5	5	UWYCB122h1fpdoU1
onion::680::10ddfd38-dbcf-4ba3-9a8e-2560108d4919	5440	680	10ddfd38-dbcf-4ba3-9a8e-2560108d4919	My Chemical Romance	https://www.last.fm/music/My+Chemical+Romance/_/Cancer	https://www.last.fm/music/My%20Chemical%20Romance	Cancer	https://www.last.fm/music/My%20Chemical%20Romance/The%20Black%20Parade	0.0	The Black Parade	Emotion (regulation)	Emotional Resonance	d38747c6-ab62-4610-9c00-261e8305c571	1	5	ylwSAxZRAEBzIx3p
onion::536::custom-1769311498014	4425	536	custom-1769311498014	camila cabello			never be the same		0.0		Nostalgia	Nostalgia	0a7255df-939e-48a9-b0cb-d33cbff0ad3e	1	2	EShXQGuruxMA1cRN
onion::538::4914b209-869c-4da4-a1ca-f4d478ae563f	4434	538	4914b209-869c-4da4-a1ca-f4d478ae563f	Paramore	https://www.last.fm/music/Paramore/_/Tell+Me+How	https://www.last.fm/music/Paramore	Tell Me How	https://www.last.fm/music/Paramore/After%20Laughter	0.0	After Laughter	Creativity	Creative Visualization	483906a8-3b80-4d71-a8f9-8701c7c37dfb	5	4	873PHsocsWzooGbq
onion::538::bd23c36c-650f-43f7-a73d-a9dc9920a624	4438	538	bd23c36c-650f-43f7-a73d-a9dc9920a624	John Mayer	https://www.last.fm/music/John+Mayer/_/Slow+Dancing+in+a+Burning+Room	https://www.last.fm/music/John%20Mayer	Slow Dancing in a Burning Room	https://www.last.fm/music/John%20Mayer/Continuum	0.0	Continuum	Creativity	Creative Visualization	483906a8-3b80-4d71-a8f9-8701c7c37dfb	5	4	DhNEeU8JaJVy4MDa
onion::539::190a31a5-5062-4c08-809a-0a7822ff69b2	4439	539	190a31a5-5062-4c08-809a-0a7822ff69b2	Jesse & Joy	https://www.last.fm/music/Jesse+&+Joy/_/Ecos+de+Amor	https://www.last.fm/music/Jesse%20%26%20Joy	Ecos de Amor	https://www.last.fm/music/Jesse%20%26%20Joy/Un%20Besito%20M%C3%A1s	0.0	Un Besito Más	Entertainment	Singing Along	483906a8-3b80-4d71-a8f9-8701c7c37dfb	5	5	eGty51KZWXqV45Xt
onion::539::072138a9-eb2c-45f4-95d5-f6125778aa1f	4440	539	072138a9-eb2c-45f4-95d5-f6125778aa1f	Sara Bareilles	https://www.last.fm/music/Sara+Bareilles/_/I+Choose+You	https://www.last.fm/music/Sara%20Bareilles	I Choose You	https://www.last.fm/music/Sara%20Bareilles/The%20Blessed%20Unrest	0.0	The Blessed Unrest	Entertainment	Singing Along	483906a8-3b80-4d71-a8f9-8701c7c37dfb	5	5	p8ofkt9GTkP8CPr7
onion::539::Justin Timberlake-Cry Me a River-3-168	4444	539	Justin Timberlake-Cry Me a River-3-168	Justin Timberlake	https://www.last.fm/music/Justin+Timberlake/_/Cry+Me+a+River	https://www.last.fm/music/Justin%20Timberlake	Cry Me a River	https://www.last.fm/music/Justin%20Timberlake/Justified	0.0	Justified	Entertainment	Singing Along	483906a8-3b80-4d71-a8f9-8701c7c37dfb	5	5	CmsmtpykCF4w97nF
onion::539::045a372d-e1eb-4d10-8ec9-383b637ecae0	4448	539	045a372d-e1eb-4d10-8ec9-383b637ecae0	Harry Nilsson	https://www.last.fm/music/Harry+Nilsson/_/Gotta+Get+Up	https://www.last.fm/music/Harry%20Nilsson	Gotta Get Up	https://www.last.fm/music/Harry%20Nilsson/Nilsson%20Schmilsson	0.0	Nilsson Schmilsson	Entertainment	Singing Along	483906a8-3b80-4d71-a8f9-8701c7c37dfb	5	5	l0X3Oa2TGReb2j9k
onion::539::a84c2f50-45b8-4719-b729-a445dc420ed2	4449	539	a84c2f50-45b8-4719-b729-a445dc420ed2	Bastille	https://www.last.fm/music/Bastille/_/Icarus	https://www.last.fm/music/Bastille	Icarus	https://www.last.fm/music/Bastille/Bad%20Blood%20(The%20Extended%20Cut)	0.0	Bad Blood (The Extended Cut)	Entertainment	Singing Along	483906a8-3b80-4d71-a8f9-8701c7c37dfb	5	5	pFlJM3HlvvVJMF7O
onion::541::072138a9-eb2c-45f4-95d5-f6125778aa1f	4464	541	072138a9-eb2c-45f4-95d5-f6125778aa1f	Sara Bareilles	https://www.last.fm/music/Sara+Bareilles/_/I+Choose+You	https://www.last.fm/music/Sara%20Bareilles	I Choose You	https://www.last.fm/music/Sara%20Bareilles/The%20Blessed%20Unrest	0.0	The Blessed Unrest	Mood Enhancement	Cheerfulness	483906a8-3b80-4d71-a8f9-8701c7c37dfb	3	4	p8ofkt9GTkP8CPr7
onion::541::cb6cf879-50d3-464f-ab32-87dea4cd74e1	4471	541	cb6cf879-50d3-464f-ab32-87dea4cd74e1	Dua Lipa	https://www.last.fm/music/Dua+Lipa/_/Be+the+One	https://www.last.fm/music/Dua%20Lipa	Be the One	https://www.last.fm/music/Dua%20Lipa/Dua%20Lipa%20(Deluxe)	0.0	Dua Lipa (Deluxe)	Mood Enhancement	Cheerfulness	483906a8-3b80-4d71-a8f9-8701c7c37dfb	3	4	34vBSohWZmZnZbCq
onion::542::Selena-El Chico Del Apartamento 512-1-0	4473	542	Selena-El Chico Del Apartamento 512-1-0	Selena	https://www.last.fm/music/Selena/_/El+Chico+Del+Apartamento+512	https://www.last.fm/music/Selena	El Chico Del Apartamento 512	https://www.last.fm/music/Selena/Amor%20Prohibido%20(Bonus%20Track%20Version)	0.0	Amor Prohibido (Bonus Track Version)	Passion / Pleasure	Habitual Listening	483906a8-3b80-4d71-a8f9-8701c7c37dfb	4	5	0RKIUAOJaWQNCWyz
onion::542::7e4623ee-d9fc-442b-9df5-01e098e3ed8f	4474	542	7e4623ee-d9fc-442b-9df5-01e098e3ed8f	Jennifer Lopez	https://www.last.fm/music/Jennifer+Lopez/_/Love+Don%27t+Cost+a+Thing	https://www.last.fm/music/Jennifer%20Lopez	Love Don't Cost a Thing	https://www.last.fm/music/Jennifer%20Lopez/J.%20Lo	0.0	J. Lo	Passion / Pleasure	Habitual Listening	483906a8-3b80-4d71-a8f9-8701c7c37dfb	4	5	r5kGB7E8H1eFUQQ9
onion::542::02e94c5e-e5f1-42f8-ba95-b9016eb38e23	4478	542	02e94c5e-e5f1-42f8-ba95-b9016eb38e23	Hozier	https://www.last.fm/music/Hozier/_/Jackie+and+Wilson	https://www.last.fm/music/Hozier	Jackie and Wilson	https://www.last.fm/music/Hozier/Hozier%20(Deluxe%20Version)	0.0	Hozier (Deluxe Version)	Passion / Pleasure	Habitual Listening	483906a8-3b80-4d71-a8f9-8701c7c37dfb	4	5	IfxRHzp78w4rRYpA
onion::542::Justin Timberlake-Cry Me a River-3-168	4479	542	Justin Timberlake-Cry Me a River-3-168	Justin Timberlake	https://www.last.fm/music/Justin+Timberlake/_/Cry+Me+a+River	https://www.last.fm/music/Justin%20Timberlake	Cry Me a River	https://www.last.fm/music/Justin%20Timberlake/Justified	0.0	Justified	Passion / Pleasure	Habitual Listening	483906a8-3b80-4d71-a8f9-8701c7c37dfb	4	5	CmsmtpykCF4w97nF
onion::543::02e94c5e-e5f1-42f8-ba95-b9016eb38e23	4482	543	02e94c5e-e5f1-42f8-ba95-b9016eb38e23	Hozier	https://www.last.fm/music/Hozier/_/Jackie+and+Wilson	https://www.last.fm/music/Hozier	Jackie and Wilson	https://www.last.fm/music/Hozier/Hozier%20(Deluxe%20Version)	0.0	Hozier (Deluxe Version)	Enjoyment	Time Passing	483906a8-3b80-4d71-a8f9-8701c7c37dfb	3	4	IfxRHzp78w4rRYpA
onion::543::a6f2faed-82ab-4a1d-abaa-e32eb4aa68ff	4486	543	a6f2faed-82ab-4a1d-abaa-e32eb4aa68ff	Spice Girls	https://www.last.fm/music/Spice+Girls/_/Spice+Up+Your+Life	https://www.last.fm/music/Spice%20Girls	Spice Up Your Life	https://www.last.fm/music/Spice%20Girls/Spiceworld	0.0	Spiceworld	Enjoyment	Time Passing	483906a8-3b80-4d71-a8f9-8701c7c37dfb	3	4	5FxUnWtir0cTz5NO
onion::545::a6f2faed-82ab-4a1d-abaa-e32eb4aa68ff	4493	545	a6f2faed-82ab-4a1d-abaa-e32eb4aa68ff	Spice Girls	https://www.last.fm/music/Spice+Girls/_/Spice+Up+Your+Life	https://www.last.fm/music/Spice%20Girls	Spice Up Your Life	https://www.last.fm/music/Spice%20Girls/Spiceworld	0.0	Spiceworld	Stimulation	Empowerment	483906a8-3b80-4d71-a8f9-8701c7c37dfb	3	4	5FxUnWtir0cTz5NO
onion::545::Spice Girls-Wannabe-1-265	4494	545	Spice Girls-Wannabe-1-265	Spice Girls	https://www.last.fm/music/Spice+Girls/_/Wannabe	https://www.last.fm/music/Spice%20Girls	Wannabe	https://www.last.fm/music/Spice%20Girls/Spice%20(25th%20Anniversary%20%2F%20Deluxe%20Edition)	0.0	Spice (25th Anniversary / Deluxe Edition)	Stimulation	Empowerment	483906a8-3b80-4d71-a8f9-8701c7c37dfb	3	4	aelKmXCNJPMQjJh8
onion::545::cb6cf879-50d3-464f-ab32-87dea4cd74e1	4495	545	cb6cf879-50d3-464f-ab32-87dea4cd74e1	Dua Lipa	https://www.last.fm/music/Dua+Lipa/_/Be+the+One	https://www.last.fm/music/Dua%20Lipa	Be the One	https://www.last.fm/music/Dua%20Lipa/Dua%20Lipa%20(Deluxe)	0.0	Dua Lipa (Deluxe)	Stimulation	Empowerment	483906a8-3b80-4d71-a8f9-8701c7c37dfb	3	4	34vBSohWZmZnZbCq
onion::547::399a9829-cdcb-4acf-870f-677382354440	4505	547	399a9829-cdcb-4acf-870f-677382354440	Lorde	https://www.last.fm/music/Lorde/_/Perfect+Places	https://www.last.fm/music/Lorde	Perfect Places	https://www.last.fm/music/Lorde/Melodrama	0.0	Melodrama	Motivation	Background Utility	483906a8-3b80-4d71-a8f9-8701c7c37dfb	5	5	XMVsifKgldTqJs57
onion::550::2d86839d-a7c7-428d-9cc8-f6dd682e977f	4518	550	2d86839d-a7c7-428d-9cc8-f6dd682e977f	Deaf Center	https://www.last.fm/music/Deaf+Center/_/Thread	https://www.last.fm/music/Deaf%20Center	Thread	https://www.last.fm/music/Deaf%20Center/Pale%20Ravine	0.0	Pale Ravine	Motivation	Background Utility	ef1f301c-e31a-4b41-9f43-f141159004c1	3	5	BBFv9hjVNOI7XqVM
onion::550::The Allman Brothers Band-Dreams-1-41	4521	550	The Allman Brothers Band-Dreams-1-41	The Allman Brothers Band	https://www.last.fm/music/The+Allman+Brothers+Band/_/Dreams	https://www.last.fm/music/The%20Allman%20Brothers%20Band	Dreams	https://www.last.fm/music/The%20Allman%20Brothers%20Band/The%20Allman%20Brothers%20Band	0.0	The Allman Brothers Band	Motivation	Background Utility	ef1f301c-e31a-4b41-9f43-f141159004c1	3	5	e0B5VfnoESm695pb
onion::1053::2477e2a4-93e6-4e46-8de9-d4be08b66897	8986	1053	2477e2a4-93e6-4e46-8de9-d4be08b66897	Bea Miller	https://www.last.fm/music/Bea+Miller/_/Fire+n+Gold	https://www.last.fm/music/Bea%20Miller	Fire n Gold		0.0		Well-Being	Pleasure & Enjoyment	2a01cc68-e501-4b04-a006-b5fb78971bdd	4	5	B3FiVjCPl8Qkc82u
onion::552::21f12ce2-8d8b-4692-bcc6-8782a85b5308	4536	552	21f12ce2-8d8b-4692-bcc6-8782a85b5308	Ravyn Lenae	https://www.last.fm/music/Ravyn+Lenae/_/Venezuela+Trains	https://www.last.fm/music/Ravyn%20Lenae	Venezuela Trains	https://www.last.fm/music/Ravyn%20Lenae/Moon%20Shoes%20EP	0.0	Moon Shoes EP	Emotion (regulation)	Emotional Resonance	7924e160-a1a1-43eb-bd9c-cb3bfdbb6c1c	3	4	MTRHF9Nso5JPm3Ef
onion::552::15718a1b-0f01-45fd-85b3-39644828aa80	4537	552	15718a1b-0f01-45fd-85b3-39644828aa80	Hiatus Kaiyote	https://www.last.fm/music/Hiatus+Kaiyote/_/Building+a+Ladder	https://www.last.fm/music/Hiatus%20Kaiyote	Building a Ladder	https://www.last.fm/music/Hiatus%20Kaiyote/Choose%20Your%20Weapon	0.0	Choose Your Weapon	Emotion (regulation)	Emotional Resonance	7924e160-a1a1-43eb-bd9c-cb3bfdbb6c1c	3	4	EAQkBEzU8oJme93H
onion::552::eaf0f220-ce91-46ea-9566-acc64152e288	4541	552	eaf0f220-ce91-46ea-9566-acc64152e288	Mac Miller	https://www.last.fm/music/Mac+Miller/_/S.D.S.	https://www.last.fm/music/Mac%20Miller	S.D.S.	https://www.last.fm/music/Mac%20Miller/Watching%20Movies%20With%20the%20Sound%20Off	0.0	Watching Movies With the Sound Off	Emotion (regulation)	Emotional Resonance	7924e160-a1a1-43eb-bd9c-cb3bfdbb6c1c	3	4	2XyyURUsZsPTJet6
onion::552::1e855ff8-b21e-4722-b58c-14c72393e08b	4543	552	1e855ff8-b21e-4722-b58c-14c72393e08b	The Internet	https://www.last.fm/music/The+Internet/_/Special+Affair	https://www.last.fm/music/The%20Internet	Special Affair	https://www.last.fm/music/The%20Internet/Ego%20Death	0.0	Ego Death	Emotion (regulation)	Emotional Resonance	7924e160-a1a1-43eb-bd9c-cb3bfdbb6c1c	3	4	nTleklcPJ1rsCWye
onion::552::0e9787dd-bb94-462c-b025-c702ce9d12a1	4544	552	0e9787dd-bb94-462c-b025-c702ce9d12a1	Roy Ayers	https://www.last.fm/music/Roy+Ayers/_/Searching	https://www.last.fm/music/Roy%20Ayers	Searching	https://www.last.fm/music/Roy%20Ayers/The%20Best%20Of%20Roy%20Ayers	0.0	The Best Of Roy Ayers	Emotion (regulation)	Emotional Resonance	7924e160-a1a1-43eb-bd9c-cb3bfdbb6c1c	3	4	AnMrHRHmsEPn7bJg
onion::552::28f05d9f-d1a2-4c51-809d-b5188d81db5f	4553	552	28f05d9f-d1a2-4c51-809d-b5188d81db5f	Isaiah Rashad	https://www.last.fm/music/Isaiah+Rashad/_/R.I.P.+Kevin+Miller	https://www.last.fm/music/Isaiah%20Rashad	R.I.P. Kevin Miller	https://www.last.fm/music/Isaiah%20Rashad/Cilvia%20Demo	0.0	Cilvia Demo	Emotion (regulation)	Emotional Resonance	7924e160-a1a1-43eb-bd9c-cb3bfdbb6c1c	3	4	kbPSOMOSH5P1xTzu
onion::553::5INhgLY5BQfXAr61XPAoSq	4573	553	5INhgLY5BQfXAr61XPAoSq	Logic	spotify:track:5INhgLY5BQfXAr61XPAoSq	spotify:artist:4xRYI6VqpkE3UwrDrAZL8L	Metropolis	spotify:album:1Mk7Lei0Ra3hawezqmad5V	295360.0	Under Pressure	Practicing and Musical Creativity	Practicing and Musical Creativity	7924e160-a1a1-43eb-bd9c-cb3bfdbb6c1c	3	4	347Okpnj0JqWBA6W
onion::553::5LME7YULt0enp6UAB8VoDn	4574	553	5LME7YULt0enp6UAB8VoDn	Logic	spotify:track:5LME7YULt0enp6UAB8VoDn	spotify:artist:4xRYI6VqpkE3UwrDrAZL8L	Under Pressure	spotify:album:1Mk7Lei0Ra3hawezqmad5V	559533.0	Under Pressure	Practicing and Musical Creativity	Practicing and Musical Creativity	7924e160-a1a1-43eb-bd9c-cb3bfdbb6c1c	3	4	pPKSeSdP1ZXhFwK9
onion::553::4lIyYuC3f68DZjeIfo6BrM	4575	553	4lIyYuC3f68DZjeIfo6BrM	A Tribe Called Quest	spotify:track:4lIyYuC3f68DZjeIfo6BrM	spotify:artist:09hVIj6vWgoCDtT03h8ZCa	Midnight Marauders Tour Guide	spotify:album:4v5x3Oo3UjQ9YmF3hRAip5	45333.0	Midnight Marauders	Practicing and Musical Creativity	Practicing and Musical Creativity	7924e160-a1a1-43eb-bd9c-cb3bfdbb6c1c	3	4	m0jJb93u5Q0BxXOc
onion::553::137d489f-0b54-3bc2-ab70-819c1d0d5e98	4588	553	137d489f-0b54-3bc2-ab70-819c1d0d5e98	Chick Corea	https://www.last.fm/music/Chick+Corea/_/Windows	https://www.last.fm/music/Chick%20Corea	Windows	https://www.last.fm/music/Chick%20Corea/Now%20He%20Sings%2C%20Now%20He%20Sobs%20(Expanded%20Edition)	0.0	Now He Sings, Now He Sobs (Expanded Edition)	Practicing and Musical Creativity	Practicing and Musical Creativity	7924e160-a1a1-43eb-bd9c-cb3bfdbb6c1c	3	4	SEPGkLDrnscSWyTh
onion::556::6bf7f266-8808-3947-afea-aeca8a137679	4613	556	6bf7f266-8808-3947-afea-aeca8a137679	Loose Ends	https://www.last.fm/music/Loose+Ends/_/Hangin%27+On+a+String	https://www.last.fm/music/Loose%20Ends	Hangin' On a String	https://www.last.fm/music/Loose%20Ends/The%20Best%20Of%20Loose%20Ends	0.0	The Best Of Loose Ends	Exploration	Exploration	7924e160-a1a1-43eb-bd9c-cb3bfdbb6c1c	2	2	gjKRCenqO9F0nM5B
onion::557::1Kp6WFxRzc0sRBmGSgIYat	4618	557	1Kp6WFxRzc0sRBmGSgIYat	Logic	spotify:track:1Kp6WFxRzc0sRBmGSgIYat	spotify:artist:4xRYI6VqpkE3UwrDrAZL8L	Gang Related	spotify:album:1Mk7Lei0Ra3hawezqmad5V	167320.0	Under Pressure	Bonding / Connection to others	Shared Taste	7924e160-a1a1-43eb-bd9c-cb3bfdbb6c1c	2	2	d4XwN6XDBMyxSi7N
onion::558::3894bfce-7663-4a80-8317-478a9b7b6ec4	4629	558	3894bfce-7663-4a80-8317-478a9b7b6ec4	Ari Lennox	https://www.last.fm/music/Ari+Lennox/_/yuengling	https://www.last.fm/music/Ari%20Lennox	yuengling	https://www.last.fm/music/Ari%20Lennox/PHO%20EP%20(Deluxe)	0.0	PHO EP (Deluxe)	Relief	Relief	7924e160-a1a1-43eb-bd9c-cb3bfdbb6c1c	2	2	2XS4Mksu0ttYo73r
onion::1059::000a4309-c949-4ca3-8de2-43c12ff6e3e6	9152	1059	000a4309-c949-4ca3-8de2-43c12ff6e3e6	Zedd	https://www.last.fm/music/Zedd/_/I+Want+You+to+Know	https://www.last.fm/music/Zedd	I Want You to Know		0.0		Distraction	Distraction	2a01cc68-e501-4b04-a006-b5fb78971bdd	3	4	14ArRqgQVukeUKwW
onion::560::dedbf637-b3d5-3bb4-8dc5-cc866777b739	4641	560	dedbf637-b3d5-3bb4-8dc5-cc866777b739	Quincy Jones	https://www.last.fm/music/Quincy+Jones/_/Summer+in+the+City	https://www.last.fm/music/Quincy%20Jones	Summer in the City	https://www.last.fm/music/Quincy%20Jones/I%20Heard%20That!!	0.0	I Heard That!!	(Self-) Reflection / Introspection	Self-Reflection	7924e160-a1a1-43eb-bd9c-cb3bfdbb6c1c	2	2	89m9K4zkcXUHp4r7
onion::560::2d4c72dd-4fcb-4f69-b339-41846aa23a39	4645	560	2d4c72dd-4fcb-4f69-b339-41846aa23a39	SZA	https://www.last.fm/music/SZA/_/Broken+Clocks	https://www.last.fm/music/SZA	Broken Clocks	https://www.last.fm/music/SZA/Ctrl	0.0	Ctrl	(Self-) Reflection / Introspection	Self-Reflection	7924e160-a1a1-43eb-bd9c-cb3bfdbb6c1c	2	2	Bii1k7kSnTICjSYW
onion::561::c54914c7-2988-421f-a37f-ffdcdf5486a2	4651	561	c54914c7-2988-421f-a37f-ffdcdf5486a2	Bloc Party	https://www.last.fm/music/Bloc+Party/_/Flux	https://www.last.fm/music/Bloc%20Party	Flux	https://www.last.fm/music/Bloc%20Party/A%20Weekend%20In%20the%20City	0.0	A Weekend In the City	Nostalgia	Nostalgia	6fcbdc8a-4adf-4bb9-96b3-937e1d229f4a	1	3	y9B0ce3qRJi0WEfB
onion::563::The Cure-Inbetween Days-1-59	4662	563	The Cure-Inbetween Days-1-59	The Cure	https://www.last.fm/music/The+Cure/_/Inbetween+Days	https://www.last.fm/music/The%20Cure	Inbetween Days	https://www.last.fm/music/The%20Cure/The%20Head%20on%20the%20Door	0.0	The Head on the Door	(Self-) Reflection / Introspection	Self-Reflection	6fcbdc8a-4adf-4bb9-96b3-937e1d229f4a	1	4	1VtWYqp59eTfRKXY
onion::567::aafdb6a4-69a5-336f-bcd3-3f5857593525	4680	567	aafdb6a4-69a5-336f-bcd3-3f5857593525	of Montreal	https://www.last.fm/music/of+Montreal/_/Famine+Affair	https://www.last.fm/music/of%20Montreal	Famine Affair	https://www.last.fm/music/of%20Montreal/False%20Priest	0.0	False Priest	Mood Enhancement	Cheerfulness	6fcbdc8a-4adf-4bb9-96b3-937e1d229f4a	2	3	i3enCmV6g9cbjM25
onion::567::14c01b20-636a-4243-b2b8-3e749e921327	4681	567	14c01b20-636a-4243-b2b8-3e749e921327	Cut Copy	https://www.last.fm/music/Cut+Copy/_/Strangers+in+the+Wind	https://www.last.fm/music/Cut%20Copy	Strangers in the Wind	https://www.last.fm/music/Cut%20Copy/In%20Ghost%20Colours	0.0	In Ghost Colours	Mood Enhancement	Cheerfulness	6fcbdc8a-4adf-4bb9-96b3-937e1d229f4a	2	3	P4AymMwXbEfDWvRE
onion::569::3xs5OAP8sEBJo8DKIZ1WnJ	4690	569	3xs5OAP8sEBJo8DKIZ1WnJ	Joyce Manor			Last You Heard Of Me			Cody	Bonding / Connection to others	Shared Taste	6fcbdc8a-4adf-4bb9-96b3-937e1d229f4a	2	4	3lo7TK4euI2eG5lT
onion::569::6PvAGVrBOBlVNdvdi0A7Xt	4691	569	6PvAGVrBOBlVNdvdi0A7Xt	Joyce Manor			Heart Tattoo			Never Hungover Again	Bonding / Connection to others	Shared Taste	6fcbdc8a-4adf-4bb9-96b3-937e1d229f4a	2	4	kdwkjRMmRlvRRUZx
onion::570::14004188-daa1-47a8-8f56-cbeb36078885	4695	570	14004188-daa1-47a8-8f56-cbeb36078885	Bloc Party	https://www.last.fm/music/Bloc+Party/_/I+Still+Remember	https://www.last.fm/music/Bloc%20Party	I Still Remember	https://www.last.fm/music/Bloc%20Party/A%20Weekend%20In%20the%20City	0.0	A Weekend In the City	Relaxing	Comfort and Security	6fcbdc8a-4adf-4bb9-96b3-937e1d229f4a	2	3	VUYjqseTlol31WfH
onion::571::072483c4-cf37-3b71-b0f5-129e4209f8b9	4703	571	072483c4-cf37-3b71-b0f5-129e4209f8b9	Descendents	https://www.last.fm/music/Descendents/_/Good+Good+Things	https://www.last.fm/music/Descendents	Good Good Things	https://www.last.fm/music/Descendents/I%20Don't%20Want%20to%20Grow%20Up	0.0	I Don't Want to Grow Up	Meaningful Engagement / Purpose	Life Meaning & Structure	b26fa4eb-ba50-4301-993b-1c4f4ac947c0	2	5	mhaPeyT9rziJlUKq
onion::572::2e31e30a-45b0-4d5b-8ac1-b08098d598af	4707	572	2e31e30a-45b0-4d5b-8ac1-b08098d598af	Can	https://www.last.fm/music/Can/_/Turtles+Have+Short+Legs	https://www.last.fm/music/Can	Turtles Have Short Legs	https://www.last.fm/music/Can/Turtles%20Have%20Short%20Legs	0.0	Turtles Have Short Legs	Mood Enhancement	Cheerfulness	b26fa4eb-ba50-4301-993b-1c4f4ac947c0	2	4	kNZqJi706hPvxXdR
onion::572::Foreigner-Juke Box Hero-1-154	4708	572	Foreigner-Juke Box Hero-1-154	Foreigner	https://www.last.fm/music/Foreigner/_/Juke+Box+Hero	https://www.last.fm/music/Foreigner	Juke Box Hero	https://www.last.fm/music/Foreigner/4%20(Expanded)	0.0	4 (Expanded)	Mood Enhancement	Cheerfulness	b26fa4eb-ba50-4301-993b-1c4f4ac947c0	2	4	b4f4SM1JzP3mjN5H
onion::573::7254d728-84aa-4e45-8472-abc3a81c2820	4714	573	7254d728-84aa-4e45-8472-abc3a81c2820	NOFX	https://www.last.fm/music/NOFX/_/The+Brews	https://www.last.fm/music/NOFX	The Brews	https://www.last.fm/music/NOFX/Punk%20in%20Drublic	0.0	Punk in Drublic	Connection / Belonging	Connection / Belonging	b26fa4eb-ba50-4301-993b-1c4f4ac947c0	1	2	IBwjOCmTTL77lFrt
onion::575::21c68956-7f1c-4083-becc-135e55d9d539	4721	575	21c68956-7f1c-4083-becc-135e55d9d539	Streetlight Manifesto	https://www.last.fm/music/Streetlight+Manifesto/_/Somewhere+In+The+Between	https://www.last.fm/music/Streetlight%20Manifesto	Somewhere In The Between	https://www.last.fm/music/Streetlight%20Manifesto/Somewhere%20in%20the%20Between	0.0	Somewhere in the Between	Well-Being	Pleasure & Enjoyment	b26fa4eb-ba50-4301-993b-1c4f4ac947c0	3	5	cvUImX9HPk7VU9hA
onion::577::21c68956-7f1c-4083-becc-135e55d9d539	4730	577	21c68956-7f1c-4083-becc-135e55d9d539	Streetlight Manifesto	https://www.last.fm/music/Streetlight+Manifesto/_/Somewhere+In+The+Between	https://www.last.fm/music/Streetlight%20Manifesto	Somewhere In The Between	https://www.last.fm/music/Streetlight%20Manifesto/Somewhere%20in%20the%20Between	0.0	Somewhere in the Between	Relief	Relief	b26fa4eb-ba50-4301-993b-1c4f4ac947c0	2	5	cvUImX9HPk7VU9hA
onion::583::10760995-8514-3c8e-96c3-de4678a0e769	4764	583	10760995-8514-3c8e-96c3-de4678a0e769	Kelly Clarkson	https://www.last.fm/music/Kelly+Clarkson/_/You+Found+Me	https://www.last.fm/music/Kelly%20Clarkson	You Found Me	https://www.last.fm/music/Kelly%20Clarkson/Breakaway	0.0	Breakaway	Energy	Morning Wake-Up	15310de9-1998-445a-ad59-f32170199a05	2	2	oMjt8tDi1vV5b7wM
onion::581::657e0402-4372-4f60-9a6c-5903a4c30cc5	4750	581	657e0402-4372-4f60-9a6c-5903a4c30cc5	Imogen Heap	https://www.last.fm/music/Imogen+Heap/_/Headlock	https://www.last.fm/music/Imogen%20Heap	Headlock	https://www.last.fm/music/Imogen%20Heap/Speak%20For%20Yourself%20(Deluxe%20Version)	0.0	Speak For Yourself (Deluxe Version)	Well-Being	Pleasure & Enjoyment	15310de9-1998-445a-ad59-f32170199a05	2	5	1LVCIU4fWhE8ms3W
onion::582::4609ee43-7981-4280-a677-8d481a5baa11	4756	582	4609ee43-7981-4280-a677-8d481a5baa11	Labyrinth Ear	https://www.last.fm/music/Labyrinth+Ear/_/Navy+Light	https://www.last.fm/music/Labyrinth%20Ear	Navy Light	https://www.last.fm/music/Labyrinth%20Ear/Oak	0.0	Oak	Enjoyment	Time Passing	15310de9-1998-445a-ad59-f32170199a05	2	3	RdoqO5dEpDczhcpw
onion::582::a102678b-6400-4b38-a257-c53cd631a322	4761	582	a102678b-6400-4b38-a257-c53cd631a322	Juniore	https://www.last.fm/music/Juniore/_/Mon+autre	https://www.last.fm/music/Juniore	Mon autre	https://www.last.fm/music/Juniore/Juniore	0.0	Juniore	Enjoyment	Time Passing	15310de9-1998-445a-ad59-f32170199a05	2	3	lG5PjE36ZkIl916g
onion::1087::Pearl Jam-Alive-2-154	9362	1087	Pearl Jam-Alive-2-154	Pearl Jam	https://www.last.fm/music/Pearl+Jam/_/Alive	https://www.last.fm/music/Pearl%20Jam	Alive	https://www.last.fm/music/Pearl%20Jam/Ten	0.0	Ten	Passion / Pleasure	Habitual Listening	a1eb447a-4211-4594-a7bc-2765407eb516	1	2	QwwoUTL1jcHrqkoI
onion::583::6fc346e8-dc4d-470f-bd45-348484580707	4766	583	6fc346e8-dc4d-470f-bd45-348484580707	Incubus	https://www.last.fm/music/Incubus/_/Wish+You+Were+Here	https://www.last.fm/music/Incubus	Wish You Were Here	https://www.last.fm/music/Incubus/Morning%20View	0.0	Morning View	Energy	Morning Wake-Up	15310de9-1998-445a-ad59-f32170199a05	2	2	XqOV1T6nanrsoqh0
onion::587::35bcd3a4-0987-44ea-808a-51a8998987b5	4799	587	35bcd3a4-0987-44ea-808a-51a8998987b5	PASTEL GHOST	https://www.last.fm/music/PASTEL+GHOST/_/Clouds	https://www.last.fm/music/PASTEL%20GHOST	Clouds	https://www.last.fm/music/PASTEL%20GHOST/Abyss	0.0	Abyss	Passion / Pleasure	Habitual Listening	15310de9-1998-445a-ad59-f32170199a05	2	2	Us5ImvrHwpmVM8tP
onion::590::9ff9e3b4-823a-491b-83b7-6b7e12cdbdb5	4820	590	9ff9e3b4-823a-491b-83b7-6b7e12cdbdb5	Angel Olsen	https://www.last.fm/music/Angel+Olsen/_/Some+Things+Cosmic	https://www.last.fm/music/Angel%20Olsen	Some Things Cosmic	https://www.last.fm/music/Angel%20Olsen/Strange%20Cacti	0.0	Strange Cacti	Emotion (regulation)	Emotional Resonance	15310de9-1998-445a-ad59-f32170199a05	1	2	3tNQWrL8rYL7zBmY
onion::591::04d7f5b6-94f7-3c3b-9e95-c46de9c83b9d	4825	591	04d7f5b6-94f7-3c3b-9e95-c46de9c83b9d	American Football	https://www.last.fm/music/American+Football/_/Never+Meant	https://www.last.fm/music/American%20Football	Never Meant	https://www.last.fm/music/American%20Football/American%20Football	0.0	American Football	Connection / Belonging	Connection / Belonging	0af5fb8f-ecf8-4f49-ac63-1b0bc9ea416b	2	2	tGBNp4usCUEnIS9U
onion::592::04ddfe53-0495-4b94-9a5f-67ceedd55ab3	4837	592	04ddfe53-0495-4b94-9a5f-67ceedd55ab3	Lil Peep	https://www.last.fm/music/Lil+Peep/_/gym+class	https://www.last.fm/music/Lil%20Peep	gym class	https://www.last.fm/music/Lil%20Peep/gym%20class	0.0	gym class	Emotion (regulation)	Emotional Resonance	0af5fb8f-ecf8-4f49-ac63-1b0bc9ea416b	2	3	AdvsGvbHGLuZWWbd
onion::593::f1eafdb6-781d-4475-b472-aa6ef6d1b12d	4838	593	f1eafdb6-781d-4475-b472-aa6ef6d1b12d	Mac Miller	https://www.last.fm/music/Mac+Miller/_/Objects+in+the+Mirror	https://www.last.fm/music/Mac%20Miller	Objects in the Mirror	https://www.last.fm/music/Mac%20Miller/Watching%20Movies%20with%20the%20Sound%20Off%20(Deluxe%20Edition)	0.0	Watching Movies with the Sound Off (Deluxe Edition)	Entertainment	Singing Along	0af5fb8f-ecf8-4f49-ac63-1b0bc9ea416b	5	4	Htjn35FpZQVQQVaP
onion::593::08aa70b5-c112-43d9-a662-f5352f570a5a	4843	593	08aa70b5-c112-43d9-a662-f5352f570a5a	American Football	https://www.last.fm/music/American+Football/_/My+Instincts+Are+the+Enemy	https://www.last.fm/music/American%20Football	My Instincts Are the Enemy	https://www.last.fm/music/American%20Football/American%20Football%20(LP2)	0.0	American Football (LP2)	Entertainment	Singing Along	0af5fb8f-ecf8-4f49-ac63-1b0bc9ea416b	5	4	3RHbXrHmErjoHEky
onion::595::0d432f1e-60d7-40bd-b52a-2b89b1332d08	4860	595	0d432f1e-60d7-40bd-b52a-2b89b1332d08	Childish Gambino	https://www.last.fm/music/Childish+Gambino/_/Me+and+Your+Mama	https://www.last.fm/music/Childish%20Gambino	Me and Your Mama	https://www.last.fm/music/Childish%20Gambino/%22Awaken%2C%20My%20Love!%22	0.0	"""Awaken, My Love!"""	Motivation	Background Utility	0af5fb8f-ecf8-4f49-ac63-1b0bc9ea416b	5	3	DmHHbzUUMElexGgW
onion::595::a51eb963-a44a-4a98-bc1d-698e106c0d67	4863	595	a51eb963-a44a-4a98-bc1d-698e106c0d67	Cuco	https://www.last.fm/music/Cuco/_/Lo+Que+Siento	https://www.last.fm/music/Cuco	Lo Que Siento	https://www.last.fm/music/Cuco/Lo%20Que%20Siento	0.0	Lo Que Siento	Motivation	Background Utility	0af5fb8f-ecf8-4f49-ac63-1b0bc9ea416b	5	3	zXTYY2wJP4LJ6lo1
onion::597::08aa70b5-c112-43d9-a662-f5352f570a5a	4871	597	08aa70b5-c112-43d9-a662-f5352f570a5a	American Football	https://www.last.fm/music/American+Football/_/My+Instincts+Are+the+Enemy	https://www.last.fm/music/American%20Football	My Instincts Are the Enemy	https://www.last.fm/music/American%20Football/American%20Football%20(LP2)	0.0	American Football (LP2)	Relaxing	Comfort and Security	0af5fb8f-ecf8-4f49-ac63-1b0bc9ea416b	4	4	3RHbXrHmErjoHEky
onion::597::068041a1-092a-451f-8306-a5a0aedccc5f	4872	597	068041a1-092a-451f-8306-a5a0aedccc5f	American Football	https://www.last.fm/music/American+Football/_/Home+Is+Where+the+Haunt+Is	https://www.last.fm/music/American%20Football	Home Is Where the Haunt Is	https://www.last.fm/music/American%20Football/American%20Football%20(LP2)	0.0	American Football (LP2)	Relaxing	Comfort and Security	0af5fb8f-ecf8-4f49-ac63-1b0bc9ea416b	4	4	FimYBEtF99Hvqmdv
onion::597::2bfaa3fa-7b82-4a28-910c-4026b4c86537	4873	597	2bfaa3fa-7b82-4a28-910c-4026b4c86537	American Football	https://www.last.fm/music/American+Football/_/Everyone+Is+Dressed+Up	https://www.last.fm/music/American%20Football	Everyone Is Dressed Up	https://www.last.fm/music/American%20Football/American%20Football%20(LP2)	0.0	American Football (LP2)	Relaxing	Comfort and Security	0af5fb8f-ecf8-4f49-ac63-1b0bc9ea416b	4	4	FWgXRYPCyR0JW0Sb
onion::599::The All-American Rejects-I Wanna-1-180	4885	599	The All-American Rejects-I Wanna-1-180	The All-American Rejects	https://www.last.fm/music/The+All-American+Rejects/_/I+Wanna	https://www.last.fm/music/The%20All-American%20Rejects	I Wanna	https://www.last.fm/music/The%20All-American%20Rejects/When%20The%20World%20Comes%20Down%20(International%20Version)	0.0	When The World Comes Down (International Version)	Distraction	Distraction	0af5fb8f-ecf8-4f49-ac63-1b0bc9ea416b	4	2	aH6RAGlo8Ltk7HMv
onion::600::custom-1769747654127	4893	600	custom-1769747654127	joji			Demons		0.0	In Tongues	Meaningful Engagement / Purpose	Life Meaning & Structure	0af5fb8f-ecf8-4f49-ac63-1b0bc9ea416b	5	4	wqdE9DkWgjMdGwOn
onion::618::0b429079-2c2f-3333-89e6-b20e157425bc	5007	618	0b429079-2c2f-3333-89e6-b20e157425bc	Annie	https://www.last.fm/music/Annie/_/Me+Plus+One	https://www.last.fm/music/Annie	Me Plus One	https://www.last.fm/music/Annie/Anniemal	0.0	Anniemal	Community	Community	f9e04652-bca2-4c77-a28b-8f689e99f856	2	3	GBYU1axrHIG2XFWx
onion::604::1ocR8gUE4fBfNJZtBr0TFQ	4923	604	1ocR8gUE4fBfNJZtBr0TFQ	Starset			Ricochet			Vessels	Entertainment	Singing Along	9e826af5-0121-464a-8d83-d7d6c5e4d059	2	3	Nofgka0HtkCCIy8Z
onion::605::fba26b34-3255-45f5-878c-8b6cec047872	4925	605	fba26b34-3255-45f5-878c-8b6cec047872	I Prevail	https://www.last.fm/music/I+Prevail/_/Scars	https://www.last.fm/music/I%20Prevail	Scars	https://www.last.fm/music/I%20Prevail/Lifelines	0.0	Lifelines	Stimulation	Empowerment	9e826af5-0121-464a-8d83-d7d6c5e4d059	3	4	sBGO9XjNVHoSuINa
onion::621::6gwJm7LgsaHdd3CWi4K8e8	5021	621	6gwJm7LgsaHdd3CWi4K8e8	She Wants Revenge	spotify:track:6gwJm7LgsaHdd3CWi4K8e8	spotify:artist:2zRt0sfxNnqI8gLR7d8gWt	Out Of Control	spotify:album:0ikcvM61CScaAOSKHOralR	217293.0	She Wants Revenge	Well-Being	Pleasure & Enjoyment	3c001827-2dca-4656-baf8-94af95f73515	2	5	FpsvT5Oi1BwvRHEs
onion::609::61mWefnWQOLf90gepjOCb3	4951	609	61mWefnWQOLf90gepjOCb3	Slipknot			Duality			Vol. 3: The Subliminal Verses [Special Package]	Nostalgia	Nostalgia	9e826af5-0121-464a-8d83-d7d6c5e4d059	2	3	LB2ETNbmphEzXBKd
onion::609::2a0d24e4-df12-3428-91b2-b0b166a4624a	4954	609	2a0d24e4-df12-3428-91b2-b0b166a4624a	Simon Curtis	https://www.last.fm/music/Simon+Curtis/_/Flesh	https://www.last.fm/music/Simon%20Curtis	Flesh	https://www.last.fm/music/Simon%20Curtis/R%E2%88%86	0.0	R∆	Nostalgia	Nostalgia	9e826af5-0121-464a-8d83-d7d6c5e4d059	2	3	G9KBvY45WI4DSmE0
onion::610::44f2AVSNQ3xVs1EI0S0bjl	4962	610	44f2AVSNQ3xVs1EI0S0bjl	Hozier			Like Real People Do			Hozier	Community	Community	9e826af5-0121-464a-8d83-d7d6c5e4d059	2	2	2XWWI9xlZ78fcOQZ
onion::610::0j6YwWZVHsIFKr5FDEu68o	4963	610	0j6YwWZVHsIFKr5FDEu68o	Hozier			Jackie And Wilson			Hozier	Community	Community	9e826af5-0121-464a-8d83-d7d6c5e4d059	2	2	IfxRHzp78w4rRYpA
onion::612::0b429079-2c2f-3333-89e6-b20e157425bc	4971	612	0b429079-2c2f-3333-89e6-b20e157425bc	Annie	https://www.last.fm/music/Annie/_/Me+Plus+One	https://www.last.fm/music/Annie	Me Plus One	https://www.last.fm/music/Annie/Anniemal	0.0	Anniemal	Passion / Pleasure	Habitual Listening	f9e04652-bca2-4c77-a28b-8f689e99f856	2	4	GBYU1axrHIG2XFWx
onion::613::02819477-168a-4087-a83a-c2ef01d31f9f	4977	613	02819477-168a-4087-a83a-c2ef01d31f9f	Kimbra	https://www.last.fm/music/Kimbra/_/Cameo+Lover	https://www.last.fm/music/Kimbra	Cameo Lover	https://www.last.fm/music/Kimbra/Vows%20(Deluxe%20Version)	0.0	Vows (Deluxe Version)	Entertainment	Singing Along	f9e04652-bca2-4c77-a28b-8f689e99f856	2	5	YFS3vFgJzywJ44sM
onion::615::0ea57f85-db65-3e93-9e58-77396a17b460	4990	615	0ea57f85-db65-3e93-9e58-77396a17b460	Sugababes	https://www.last.fm/music/Sugababes/_/One+Touch	https://www.last.fm/music/Sugababes	One Touch	https://www.last.fm/music/Sugababes/One%20Touch	0.0	One Touch	Enjoyment	Time Passing	f9e04652-bca2-4c77-a28b-8f689e99f856	3	4	jxGNmOAHxQmUCbke
onion::617::d41644bf-5377-30af-b552-bae648993a98	5000	617	d41644bf-5377-30af-b552-bae648993a98	Big Time Rush	https://www.last.fm/music/Big+Time+Rush/_/Boyfriend	https://www.last.fm/music/Big%20Time%20Rush	Boyfriend	https://www.last.fm/music/Big%20Time%20Rush/BTR	0.0	BTR	Nostalgia	Nostalgia	f9e04652-bca2-4c77-a28b-8f689e99f856	2	4	lzF03M4H0QnKBXZn
onion::618::6fjem4JlaXP4MsnqXxr0Jq	5003	618	6fjem4JlaXP4MsnqXxr0Jq	Rachel Stevens	spotify:track:6fjem4JlaXP4MsnqXxr0Jq	spotify:artist:7LP4hiTAVkw3Rtc1hqtLi4	Some Girls	spotify:album:2ZlgcEwhTlQmiGuWF2S45h	214333.0	Funky Dory	Community	Community	f9e04652-bca2-4c77-a28b-8f689e99f856	2	3	t1b7YPpeg6JkWNgN
onion::618::0ac16b2a-7770-4c95-b32a-76303c0a51e4	5006	618	0ac16b2a-7770-4c95-b32a-76303c0a51e4	Gwen Stefani	https://www.last.fm/music/Gwen+Stefani/_/Danger+Zone	https://www.last.fm/music/Gwen%20Stefani	Danger Zone	https://www.last.fm/music/Gwen%20Stefani/Love.%20Angel.%20Music.%20Baby.%20(Deluxe%20Version)	0.0	Love. Angel. Music. Baby. (Deluxe Version)	Community	Community	f9e04652-bca2-4c77-a28b-8f689e99f856	2	3	oNhTGa39SQVzamJa
onion::620::2bfb9bf9-ac35-322f-a30a-ea4b48f608af	5013	620	2bfb9bf9-ac35-322f-a30a-ea4b48f608af	Gotye	https://www.last.fm/music/Gotye/_/Smoke+and+Mirrors	https://www.last.fm/music/Gotye	Smoke and Mirrors	https://www.last.fm/music/Gotye/Making%20Mirrors	0.0	Making Mirrors	Support	Support	f9e04652-bca2-4c77-a28b-8f689e99f856	1	4	T2R5EEsDMpi4AqxV
onion::621::1X8kzZi7FiMU2HWL2L5wa8	5019	621	1X8kzZi7FiMU2HWL2L5wa8	Brand New	spotify:track:1X8kzZi7FiMU2HWL2L5wa8	spotify:artist:168dgYui7ExaU612eooDF1	Limousine	spotify:album:2BRqfk8jL7y3egZqlc5MkU	462306.0	The Devil And God Are Raging Inside Me	Well-Being	Pleasure & Enjoyment	3c001827-2dca-4656-baf8-94af95f73515	2	5	Gusn1uA4cIwjLbcy
onion::622::3FnzzFJxIrcIxQ3JJNFalO	5023	622	3FnzzFJxIrcIxQ3JJNFalO	Edan	spotify:track:3FnzzFJxIrcIxQ3JJNFalO	spotify:artist:4LSixDzXl43EzlPU2EydWs	Fumbling Over Words That Rhyme	spotify:album:0E5nyAi6rLhzfrsOxYedX3	175186.0	Beauty & The Beat	Nostalgia	Nostalgia	3c001827-2dca-4656-baf8-94af95f73515	1	3	d41rVa4fkK2uBVTh
onion::622::1Kp6WFxRzc0sRBmGSgIYat	5024	622	1Kp6WFxRzc0sRBmGSgIYat	Logic	spotify:track:1Kp6WFxRzc0sRBmGSgIYat	spotify:artist:4xRYI6VqpkE3UwrDrAZL8L	Gang Related	spotify:album:1Mk7Lei0Ra3hawezqmad5V	167320.0	Under Pressure	Nostalgia	Nostalgia	3c001827-2dca-4656-baf8-94af95f73515	1	3	d4XwN6XDBMyxSi7N
onion::622::05jYvY1QVYrTXvB9kecAtc	5027	622	05jYvY1QVYrTXvB9kecAtc	Injury Reserve	spotify:track:05jYvY1QVYrTXvB9kecAtc	spotify:artist:3nf2EaHj8HikLNdaiW3v73	Everybody Knows	spotify:album:4SCGBO6mCW5KJvprGPOeKx	212360.0	Live from the Dentist Office	Nostalgia	Nostalgia	3c001827-2dca-4656-baf8-94af95f73515	1	3	1QviZMRbz8J4Ka5g
onion::623::2vSzbAjeftc7pxnyIM1QPf	5028	623	2vSzbAjeftc7pxnyIM1QPf	Vince Staples	spotify:track:2vSzbAjeftc7pxnyIM1QPf	spotify:artist:68kEuyFKyqrdQQLLsmiatm	'06	spotify:album:4Csoz10NhNJOrCTUoPBdUD	47692.0	Summertime '06	Relaxing	Comfort and Security	3c001827-2dca-4656-baf8-94af95f73515	1	4	CUkyAx7nvXkVj0AG
onion::623::3fpK9ipCTfhqla2rIjw42c	5029	623	3fpK9ipCTfhqla2rIjw42c	Immortal Technique	spotify:track:3fpK9ipCTfhqla2rIjw42c	spotify:artist:7h8ja4JSORo2sXJPmCXRxa	The Cause of Death	spotify:album:7wFFgBFdFJDvAM8ZHue160	353240.0	Revolutionary Vol. 2	Relaxing	Comfort and Security	3c001827-2dca-4656-baf8-94af95f73515	1	4	N4p5ZLBTGdKs7pSy
onion::623::5NtoPBmhY7WGdpsHmpy9Xh	5031	623	5NtoPBmhY7WGdpsHmpy9Xh	Bombay Bicycle Club	spotify:track:5NtoPBmhY7WGdpsHmpy9Xh	spotify:artist:3pTE9iaJTkWns3mxpNQlJV	Always Like This	spotify:album:4CVzsnMQTcC5mfU4XNTTaI	245640.0	I Had The Blues But I Shook Them Loose	Relaxing	Comfort and Security	3c001827-2dca-4656-baf8-94af95f73515	1	4	JlsnmYIejIhlmt9W
onion::623::63gcAzYVuMnM46Fl2wrSOC	5032	623	63gcAzYVuMnM46Fl2wrSOC	Elliott Smith	spotify:track:63gcAzYVuMnM46Fl2wrSOC	spotify:artist:2ApaG60P4r0yhBoDCGD8YG	Amity	spotify:album:1zOxlHQGGV6EH7n4OIFTyh	140000.0	XO	Relaxing	Comfort and Security	3c001827-2dca-4656-baf8-94af95f73515	1	4	F5zfW6YJYawkT8d5
onion::624::70oiO5ivU4Ke41WMuXI26J	5033	624	70oiO5ivU4Ke41WMuXI26J	Sunny Day Real Estate	spotify:track:70oiO5ivU4Ke41WMuXI26J	spotify:artist:2lZkXWxkZsZzBocxMjN1or	Snibe	spotify:album:6qF8IcGGO3Y4YuNx33DJA2	269200.0	The Rising Tide	Enjoyment	Time Passing	3c001827-2dca-4656-baf8-94af95f73515	2	4	KwFJaPn6gwoNd3Q4
onion::624::5P4aTRs2zgh3WclcjWkN3l	5035	624	5P4aTRs2zgh3WclcjWkN3l	She Past Away	spotify:track:5P4aTRs2zgh3WclcjWkN3l	spotify:artist:6paE8ghTau4qwwNzVRSgjR	Kasvetli Kutlama	spotify:album:5yRJLea73tCtrtdRhDjaxC	300000.0	Belirdi Gece	Enjoyment	Time Passing	3c001827-2dca-4656-baf8-94af95f73515	2	4	KWNHpCWes5hy32Qz
onion::625::0Me0AON46mzKgZrgMgdbVh	5039	625	0Me0AON46mzKgZrgMgdbVh	The Durutti Column	spotify:track:0Me0AON46mzKgZrgMgdbVh	spotify:artist:7fh7bwX9qV60tLxxsp9bTe	Otis	spotify:album:6loUyyw92WAaXM3lzyRwNj	256266.0	Vini Reilly	Meaningful Engagement / Purpose	Life Meaning & Structure	3c001827-2dca-4656-baf8-94af95f73515	2	4	btvTaSqunPU1ku49
onion::625::6AqzHdj8Wlokm62tmFwG1D	5041	625	6AqzHdj8Wlokm62tmFwG1D	The Danse Society	spotify:track:6AqzHdj8Wlokm62tmFwG1D	spotify:artist:0WkypWGtWi9gAlB6aIKESl	Somewhere	spotify:album:4f6Hjqi7kUeSkHqPZW0ALk	260746.0	Seduction (The Society Collection)	Meaningful Engagement / Purpose	Life Meaning & Structure	3c001827-2dca-4656-baf8-94af95f73515	2	4	qakHFgWxsG3GvmJy
onion::626::1TJjgZ1iQOErt8CRKdVtaf	5044	626	1TJjgZ1iQOErt8CRKdVtaf	Title Fight	spotify:track:1TJjgZ1iQOErt8CRKdVtaf	spotify:artist:2CnhqfjUG0qzsru0SMuhrk	Dizzy	spotify:album:1xRsnyytuSTf1rIxWV8m2r	261466.0	Hyperview	Fitness Motivation	Fitness & Performance	3c001827-2dca-4656-baf8-94af95f73515	2	4	qqVwOWc9fba07hR4
onion::626::1hejzqWsgbdksS26lDS6Cq	5045	626	1hejzqWsgbdksS26lDS6Cq	The Cure	spotify:track:1hejzqWsgbdksS26lDS6Cq	spotify:artist:7bu3H8JO7d0UbMoVzbo70s	Labyrinth	spotify:album:2BThKvxwme2t7YTpco76ux	314306.0	The Cure	Fitness Motivation	Fitness & Performance	3c001827-2dca-4656-baf8-94af95f73515	2	4	sJNWj0R3bVE6gmBO
onion::626::2vSzbAjeftc7pxnyIM1QPf	5047	626	2vSzbAjeftc7pxnyIM1QPf	Vince Staples	spotify:track:2vSzbAjeftc7pxnyIM1QPf	spotify:artist:68kEuyFKyqrdQQLLsmiatm	'06	spotify:album:4Csoz10NhNJOrCTUoPBdUD	47692.0	Summertime '06	Fitness Motivation	Fitness & Performance	3c001827-2dca-4656-baf8-94af95f73515	2	4	CUkyAx7nvXkVj0AG
onion::627::27szvF97Tu95GxN98N52fy	5048	627	27szvF97Tu95GxN98N52fy	Oddisee	spotify:track:27szvF97Tu95GxN98N52fy	spotify:artist:72tRiBHei5G9M8it4h4sfC	After Thoughts	spotify:album:5YLc9396aArq9HUenhiopz	325095.0	The Beauty in All	Escape	Letting Go	3c001827-2dca-4656-baf8-94af95f73515	3	3	0010xmHR6UICBOYT
onion::628::6W7g1KDTziowi8eHHvibg8	5056	628	6W7g1KDTziowi8eHHvibg8	Joyce Manor	spotify:track:6W7g1KDTziowi8eHHvibg8	spotify:artist:7qbvNcfTfckhCNM8NiR8nN	Orange Julius	spotify:album:13Q0AfGNq7GwUXGeUwWViH	76293.0	S/T	Emotion (regulation)	Emotional Resonance	3c001827-2dca-4656-baf8-94af95f73515	2	4	3WaXYrE8QXfL6dcW
onion::630::5CM46mcZTlDTn8m9xvWuXm	5063	630	5CM46mcZTlDTn8m9xvWuXm	Echo & the Bunnymen	spotify:track:5CM46mcZTlDTn8m9xvWuXm	spotify:artist:0fgYKF9Avljex0L9Wt5b8Z	In Bluer Skies	spotify:album:4brJ6hWYqPj1sccgk390dC	272293.0	Porcupine	Energy	Morning Wake-Up	3c001827-2dca-4656-baf8-94af95f73515	2	3	f7Nri29NAqM1fgYm
onion::630::33dNDMrOCv1yMODCAjMWVj	5064	630	33dNDMrOCv1yMODCAjMWVj	Nine Inch Nails	spotify:track:33dNDMrOCv1yMODCAjMWVj	spotify:artist:0X380XXQSNBYuleKzav5UO	Everything	spotify:album:7vy9VtJkTnY1xTIBeLAgCH	199559.0	Hesitation Marks	Energy	Morning Wake-Up	3c001827-2dca-4656-baf8-94af95f73515	2	3	TiEurQPGMW5IryrX
onion::630::3iEKqlC1BJkLtHRcg4kOLR	5065	630	3iEKqlC1BJkLtHRcg4kOLR	The Cure	spotify:track:3iEKqlC1BJkLtHRcg4kOLR	spotify:artist:7bu3H8JO7d0UbMoVzbo70s	The Upstairs Room	spotify:album:5tAMx7VbNpPCvn35reMtFN	210173.0	Japanese Whispers	Energy	Morning Wake-Up	3c001827-2dca-4656-baf8-94af95f73515	2	3	av6ETH43jXOmP5xO
onion::630::5UH7r8pCQy4nC3GTEk3hu5	5066	630	5UH7r8pCQy4nC3GTEk3hu5	The Wake	spotify:track:5UH7r8pCQy4nC3GTEk3hu5	spotify:artist:39aYm70XPfUpkMIKSfeeig	Gruesome Castle	spotify:album:1RD5PJpSa2wCcp8cy99iNF	198600.0	Here Comes Everybody + Singles	Energy	Morning Wake-Up	3c001827-2dca-4656-baf8-94af95f73515	2	3	VPYlbZfsl9ncDM5z
onion::631::e8ea0931-28b9-416b-a41c-d0629b8604aa	5070	631	e8ea0931-28b9-416b-a41c-d0629b8604aa	Bush	https://www.last.fm/music/Bush/_/Comedown+-+Remastered	https://www.last.fm/music/Bush	Comedown - Remastered	https://www.last.fm/music/Bush/Sixteen%20Stone%20(Remastered)	0.0	Sixteen Stone (Remastered)	Passion / Pleasure	Habitual Listening	10b5cf6e-c7c8-4312-a822-82ffc9933a19	4	4	ztSdsAe8DknzAusg
onion::632::6fc346e8-dc4d-470f-bd45-348484580707	5076	632	6fc346e8-dc4d-470f-bd45-348484580707	Incubus	https://www.last.fm/music/Incubus/_/Wish+You+Were+Here	https://www.last.fm/music/Incubus	Wish You Were Here	https://www.last.fm/music/Incubus/Morning%20View	0.0	Morning View	Motivation	Background Utility	10b5cf6e-c7c8-4312-a822-82ffc9933a19	5	5	XqOV1T6nanrsoqh0
onion::632::Incubus-Drive-4-54	5077	632	Incubus-Drive-4-54	Incubus	https://www.last.fm/music/Incubus/_/Drive	https://www.last.fm/music/Incubus	Drive	https://www.last.fm/music/Incubus/Make%20Yourself	0.0	Make Yourself	Motivation	Background Utility	10b5cf6e-c7c8-4312-a822-82ffc9933a19	5	5	ql2191d6uNCVM932
onion::633::6vbDjDCBIarDJGsV70pnOv	5078	633	6vbDjDCBIarDJGsV70pnOv	The Script	spotify:track:6vbDjDCBIarDJGsV70pnOv	spotify:artist:3AQRLZ9PuTAozP28Skbq8V	It's Not Right for You	spotify:album:6yd9yk8nFcHalXzy7mgaDx	264733.0	No Sound Without Silence	Distraction	Distraction	10b5cf6e-c7c8-4312-a822-82ffc9933a19	2	3	HWanNT0ZqeO74fN8
onion::633::cf45d4d3-b4ed-4a1e-88c9-d4e0e50e1706	5079	633	cf45d4d3-b4ed-4a1e-88c9-d4e0e50e1706	Red Hot Chili Peppers	https://www.last.fm/music/Red+Hot+Chili+Peppers/_/Don%27t+Forget+Me	https://www.last.fm/music/Red%20Hot%20Chili%20Peppers	Don't Forget Me	https://www.last.fm/music/Red%20Hot%20Chili%20Peppers/By%20the%20Way%20(Deluxe%20Edition)	0.0	By the Way (Deluxe Edition)	Distraction	Distraction	10b5cf6e-c7c8-4312-a822-82ffc9933a19	2	3	OLrOUgSZVpZod4Pz
onion::634::a14c6ce8-817d-491e-8b28-8c1ca2135116	5085	634	a14c6ce8-817d-491e-8b28-8c1ca2135116	Soundgarden	https://www.last.fm/music/Soundgarden/_/My+Wave	https://www.last.fm/music/Soundgarden	My Wave	https://www.last.fm/music/Soundgarden/Superunknown%20(Deluxe%20Edition)	0.0	Superunknown (Deluxe Edition)	Enjoyment	Time Passing	10b5cf6e-c7c8-4312-a822-82ffc9933a19	3	4	1lEaWer83bIH5NfT
onion::634::41cce707-c835-40c8-b6ff-930b3ae77460	5086	634	41cce707-c835-40c8-b6ff-930b3ae77460	Pearl Jam	https://www.last.fm/music/Pearl+Jam/_/Amongst+the+Waves	https://www.last.fm/music/Pearl%20Jam	Amongst the Waves	https://www.last.fm/music/Pearl%20Jam/Backspacer	0.0	Backspacer	Enjoyment	Time Passing	10b5cf6e-c7c8-4312-a822-82ffc9933a19	3	4	AR3b9LvD5GPuu0kA
onion::634::Queens of the Stone Age-No One Knows-1-124	5087	634	Queens of the Stone Age-No One Knows-1-124	Queens of the Stone Age	https://www.last.fm/music/Queens+of+the+Stone+Age/_/No+One+Knows	https://www.last.fm/music/Queens%20of%20the%20Stone%20Age	No One Knows	https://www.last.fm/music/Queens%20of%20the%20Stone%20Age/Songs%20for%20the%20Deaf	0.0	Songs for the Deaf	Enjoyment	Time Passing	10b5cf6e-c7c8-4312-a822-82ffc9933a19	3	4	LUJpPjIsr4d4IvqM
onion::635::2eea0fd2-0d83-44ff-96d7-6c58f73ff108	5088	635	2eea0fd2-0d83-44ff-96d7-6c58f73ff108	Seether	https://www.last.fm/music/Seether/_/Remedy	https://www.last.fm/music/Seether	Remedy	https://www.last.fm/music/Seether/Karma%20and%20Effect	0.0	Karma and Effect	Relief	Relief	10b5cf6e-c7c8-4312-a822-82ffc9933a19	2	3	Vd9RjStAUOa8FORV
onion::635::2bc76b75-50ca-36b1-8fa5-2d6180378d90	5090	635	2bc76b75-50ca-36b1-8fa5-2d6180378d90	Puddle of Mudd	https://www.last.fm/music/Puddle+of+Mudd/_/Nobody+Told+Me	https://www.last.fm/music/Puddle%20of%20Mudd	Nobody Told Me	https://www.last.fm/music/Puddle%20of%20Mudd/Come%20Clean	0.0	Come Clean	Relief	Relief	10b5cf6e-c7c8-4312-a822-82ffc9933a19	2	3	AzPqK9y29WlYxY7s
onion::636::9189cd43-6dc4-4711-a286-ebd76989e02a	5096	636	9189cd43-6dc4-4711-a286-ebd76989e02a	Queens of the Stone Age	https://www.last.fm/music/Queens+of+the+Stone+Age/_/Go+With+the+Flow	https://www.last.fm/music/Queens%20of%20the%20Stone%20Age	Go With the Flow	https://www.last.fm/music/Queens%20of%20the%20Stone%20Age/Songs%20for%20the%20Deaf	0.0	Songs for the Deaf	Well-Being	Pleasure & Enjoyment	10b5cf6e-c7c8-4312-a822-82ffc9933a19	3	3	RpCDsu2bcEjmqCi9
onion::637::e8ea0931-28b9-416b-a41c-d0629b8604aa	5101	637	e8ea0931-28b9-416b-a41c-d0629b8604aa	Bush	https://www.last.fm/music/Bush/_/Comedown+-+Remastered	https://www.last.fm/music/Bush	Comedown - Remastered	https://www.last.fm/music/Bush/Sixteen%20Stone%20(Remastered)	0.0	Sixteen Stone (Remastered)	Nostalgia	Nostalgia	10b5cf6e-c7c8-4312-a822-82ffc9933a19	2	3	ztSdsAe8DknzAusg
onion::637::007ed3ba-9897-3caf-a06f-e3b8ab8ca948	5102	637	007ed3ba-9897-3caf-a06f-e3b8ab8ca948	Incubus	https://www.last.fm/music/Incubus/_/Pardon+Me	https://www.last.fm/music/Incubus	Pardon Me	https://www.last.fm/music/Incubus/Make%20Yourself	0.0	Make Yourself	Nostalgia	Nostalgia	10b5cf6e-c7c8-4312-a822-82ffc9933a19	2	3	azLm59t0ifyFUuJp
onion::638::0316ed9b-bfa3-4bac-bff8-592eeada6182	5106	638	0316ed9b-bfa3-4bac-bff8-592eeada6182	The Chemical Brothers	https://www.last.fm/music/The+Chemical+Brothers/_/Go	https://www.last.fm/music/The%20Chemical%20Brothers	Go	https://www.last.fm/music/The%20Chemical%20Brothers/Born%20in%20the%20Echoes	0.0	Born in the Echoes	(Self-) Reflection / Introspection	Self-Reflection	10b5cf6e-c7c8-4312-a822-82ffc9933a19	2	2	ps1SKRnZjvDQgAfk
onion::639::576f6516-657e-4326-8ba6-85cea1978fd7	5109	639	576f6516-657e-4326-8ba6-85cea1978fd7	Phantogram	https://www.last.fm/music/Phantogram/_/Cruel+World	https://www.last.fm/music/Phantogram	Cruel World	https://www.last.fm/music/Phantogram/Three	0.0	Three	Relaxing	Comfort and Security	10b5cf6e-c7c8-4312-a822-82ffc9933a19	2	2	0w6C7PaVa4nhg7D4
onion::640::47517271-da05-4857-aee7-40473d0dc457	5113	640	47517271-da05-4857-aee7-40473d0dc457	Portugal. The Man	https://www.last.fm/music/Portugal.+The+Man/_/So+Young	https://www.last.fm/music/Portugal.%20The%20Man	So Young	https://www.last.fm/music/Portugal.%20The%20Man/Woodstock	0.0	Woodstock	Calming	Frustration Venting	10b5cf6e-c7c8-4312-a822-82ffc9933a19	1	2	GGXhjEEWuleKmO0e
onion::640::0c73167e-db50-44dc-89a3-f91cdd852fd9	5115	640	0c73167e-db50-44dc-89a3-f91cdd852fd9	Joywave	https://www.last.fm/music/Joywave/_/Traveling+at+the+Speed+of+Light	https://www.last.fm/music/Joywave	Traveling at the Speed of Light	https://www.last.fm/music/Joywave/How%20Do%20You%20Feel%20Now%3F	0.0	How Do You Feel Now?	Calming	Frustration Venting	10b5cf6e-c7c8-4312-a822-82ffc9933a19	1	2	etiekF59o6EHVdQn
onion::641::4e967c7f-4a02-4749-9e5d-fde59eefddca	5118	641	4e967c7f-4a02-4749-9e5d-fde59eefddca	ONE OK ROCK	https://www.last.fm/music/ONE+OK+ROCK/_/Wherever+you+are	https://www.last.fm/music/ONE%20OK%20ROCK	Wherever you are	https://www.last.fm/music/ONE%20OK%20ROCK/Niche%20Syndrome	0.0	Niche Syndrome	(Self-) Reflection / Introspection	Self-Reflection	d824c2b1-43b7-4b8e-b283-3a67f5c7e281	3	4	uG1Ul1GFkicQoY3b
onion::643::5a1cd5fc-58ed-47f4-ac16-7fae6b6db9bd	5130	643	5a1cd5fc-58ed-47f4-ac16-7fae6b6db9bd	Train	https://www.last.fm/music/Train/_/50+Ways+to+Say+Goodbye	https://www.last.fm/music/Train	50 Ways to Say Goodbye	https://www.last.fm/music/Train/California%2037	0.0	California 37	Admiration / Connection to artist	Musician Identification	d824c2b1-43b7-4b8e-b283-3a67f5c7e281	3	4	nENSBKFPxwzDHdqI
onion::643::122cdfe0-44a5-340d-8ef1-d2bff41d78ba	5131	643	122cdfe0-44a5-340d-8ef1-d2bff41d78ba	Far East Movement	https://www.last.fm/music/Far+East+Movement/_/Rocketeer	https://www.last.fm/music/Far%20East%20Movement	Rocketeer	https://www.last.fm/music/Far%20East%20Movement/Free%20Wired	0.0	Free Wired	Admiration / Connection to artist	Musician Identification	d824c2b1-43b7-4b8e-b283-3a67f5c7e281	3	4	BhUE6vXjwoC48F21
onion::646::19b6d048-f981-40e9-8235-a5acf969e5df	5151	646	19b6d048-f981-40e9-8235-a5acf969e5df	Charlie Puth	https://www.last.fm/music/Charlie+Puth/_/Attention	https://www.last.fm/music/Charlie%20Puth	Attention	https://www.last.fm/music/Charlie%20Puth/Voicenotes	0.0	Voicenotes	Nostalgia	Nostalgia	d824c2b1-43b7-4b8e-b283-3a67f5c7e281	2	5	EKy3Xp2cFgmONlxs
onion::646::a1b9f702-59b4-4f47-b6a1-4ca7f62a09dd	5152	646	a1b9f702-59b4-4f47-b6a1-4ca7f62a09dd	Bruno Mars	https://www.last.fm/music/Bruno+Mars/_/Treasure	https://www.last.fm/music/Bruno%20Mars	Treasure	https://www.last.fm/music/Bruno%20Mars/Unorthodox%20Jukebox	0.0	Unorthodox Jukebox	Nostalgia	Nostalgia	d824c2b1-43b7-4b8e-b283-3a67f5c7e281	2	5	rZ8By2I0wKNm1r0t
onion::646::5a1cd5fc-58ed-47f4-ac16-7fae6b6db9bd	5153	646	5a1cd5fc-58ed-47f4-ac16-7fae6b6db9bd	Train	https://www.last.fm/music/Train/_/50+Ways+to+Say+Goodbye	https://www.last.fm/music/Train	50 Ways to Say Goodbye	https://www.last.fm/music/Train/California%2037	0.0	California 37	Nostalgia	Nostalgia	d824c2b1-43b7-4b8e-b283-3a67f5c7e281	2	5	nENSBKFPxwzDHdqI
onion::646::1c70be4a-6bca-40f6-9911-4911f70f73ad	5156	646	1c70be4a-6bca-40f6-9911-4911f70f73ad	Britney Spears	https://www.last.fm/music/Britney+Spears/_/Toxic	https://www.last.fm/music/Britney%20Spears	Toxic	https://www.last.fm/music/Britney%20Spears/In%20the%20Zone	0.0	In the Zone	Nostalgia	Nostalgia	d824c2b1-43b7-4b8e-b283-3a67f5c7e281	2	5	CAcfgsvOODhPqShX
onion::646::303ff664-243e-414c-bd68-2229ccdf4966	5158	646	303ff664-243e-414c-bd68-2229ccdf4966	Michael Jackson	https://www.last.fm/music/Michael+Jackson/_/Chicago	https://www.last.fm/music/Michael%20Jackson	Chicago	https://www.last.fm/music/Michael%20Jackson/Xscape	0.0	Xscape	Nostalgia	Nostalgia	d824c2b1-43b7-4b8e-b283-3a67f5c7e281	2	5	Mlb2cFRV1WYopfRa
onion::646::26bfc2c7-cfe1-4516-a0a4-0f6d3269dab9	5161	646	26bfc2c7-cfe1-4516-a0a4-0f6d3269dab9	Demi Lovato	https://www.last.fm/music/Demi+Lovato/_/I+Will+Survive	https://www.last.fm/music/Demi%20Lovato	I Will Survive	https://www.last.fm/music/Demi%20Lovato/The%20Angry%20Birds%20Movie%20(Original%20Motion%20Picture%20Soundtrack)	0.0	The Angry Birds Movie (Original Motion Picture Soundtrack)	Nostalgia	Nostalgia	d824c2b1-43b7-4b8e-b283-3a67f5c7e281	2	5	QDeJLfAmX3XISBxp
onion::646::7dea1721-618b-4b6f-b425-59dc7c41382e	5164	646	7dea1721-618b-4b6f-b425-59dc7c41382e	Maroon 5	https://www.last.fm/music/Maroon+5/_/Sunday+Morning	https://www.last.fm/music/Maroon%205	Sunday Morning	https://www.last.fm/music/Maroon%205/Songs%20About%20Jane%3A%2010th%20Anniversary%20Edition	0.0	Songs About Jane: 10th Anniversary Edition	Nostalgia	Nostalgia	d824c2b1-43b7-4b8e-b283-3a67f5c7e281	2	5	t380pB5woEB1iWOn
onion::646::122cdfe0-44a5-340d-8ef1-d2bff41d78ba	5165	646	122cdfe0-44a5-340d-8ef1-d2bff41d78ba	Far East Movement	https://www.last.fm/music/Far+East+Movement/_/Rocketeer	https://www.last.fm/music/Far%20East%20Movement	Rocketeer	https://www.last.fm/music/Far%20East%20Movement/Free%20Wired	0.0	Free Wired	Nostalgia	Nostalgia	d824c2b1-43b7-4b8e-b283-3a67f5c7e281	2	5	BhUE6vXjwoC48F21
onion::648::19b6d048-f981-40e9-8235-a5acf969e5df	5177	648	19b6d048-f981-40e9-8235-a5acf969e5df	Charlie Puth	https://www.last.fm/music/Charlie+Puth/_/Attention	https://www.last.fm/music/Charlie%20Puth	Attention	https://www.last.fm/music/Charlie%20Puth/Voicenotes	0.0	Voicenotes	Exploration	Exploration	d824c2b1-43b7-4b8e-b283-3a67f5c7e281	2	3	EKy3Xp2cFgmONlxs
onion::652::0cf26423-ffac-4ccd-82a2-50c1fc4247b4	5221	652	0cf26423-ffac-4ccd-82a2-50c1fc4247b4	Deathspell Omega	https://www.last.fm/music/Deathspell+Omega/_/Devouring+Famine	https://www.last.fm/music/Deathspell%20Omega	Devouring Famine	https://www.last.fm/music/Deathspell%20Omega/Paracletus	0.0	Paracletus	Well-Being	Pleasure & Enjoyment	4aba15fe-1446-48f2-a4be-febd944266d9	3	5	LEsoWCESdo0w4Jpv
onion::650::0fioLzGM8ngbD1w6fMmm45	5194	650	0fioLzGM8ngbD1w6fMmm45	Sam Smith			I'm Not The Only One			In The Lonely Hour	Emotion (regulation)	Emotional Resonance	d824c2b1-43b7-4b8e-b283-3a67f5c7e281	1	3	xRrv5zjNMt6jzwM9
onion::652::8acfec0d-0e79-4f8a-b2c9-5b622f58361f	5207	652	8acfec0d-0e79-4f8a-b2c9-5b622f58361f	Ween	https://www.last.fm/music/Ween/_/Flutes+of+Chi	https://www.last.fm/music/Ween	Flutes of Chi	https://www.last.fm/music/Ween/White%20Pepper	0.0	White Pepper	Well-Being	Pleasure & Enjoyment	4aba15fe-1446-48f2-a4be-febd944266d9	3	5	zcGgkzqDhMbM2SLa
onion::652::38271279-0ee0-4bbb-9dd6-3e5e1899feae	5209	652	38271279-0ee0-4bbb-9dd6-3e5e1899feae	Ween	https://www.last.fm/music/Ween/_/Bananas+and+Blow	https://www.last.fm/music/Ween	Bananas and Blow	https://www.last.fm/music/Ween/White%20Pepper	0.0	White Pepper	Well-Being	Pleasure & Enjoyment	4aba15fe-1446-48f2-a4be-febd944266d9	3	5	eB67z7qVjIw0aRHH
onion::652::3b27aacc-bfba-3c3a-879b-f37c9f59840f	5211	652	3b27aacc-bfba-3c3a-879b-f37c9f59840f	Ween	https://www.last.fm/music/Ween/_/Exactly+Where+I%27m+At	https://www.last.fm/music/Ween	Exactly Where I'm At	https://www.last.fm/music/Ween/White%20Pepper	0.0	White Pepper	Well-Being	Pleasure & Enjoyment	4aba15fe-1446-48f2-a4be-febd944266d9	3	5	Hrboj7OxFcyYvrVp
onion::1342::2nSKsLm1kX4qv9UC4oaA6v	12146	1342	2nSKsLm1kX4qv9UC4oaA6v	Joyce Manor			Beach Community			S/T	Nostalgia	Nostalgia	8c5a6ecc-10f9-4281-8e88-c0f74b2310b9	2	5	qO6QLQg9cjfwiCc4
onion::652::Judas Priest-Painkiller-1-78	5222	652	Judas Priest-Painkiller-1-78	Judas Priest	https://www.last.fm/music/Judas+Priest/_/Painkiller	https://www.last.fm/music/Judas%20Priest	Painkiller	https://www.last.fm/music/Judas%20Priest/Painkiller	0.0	Painkiller	Well-Being	Pleasure & Enjoyment	4aba15fe-1446-48f2-a4be-febd944266d9	3	5	kLW9wQHWSi5SupkP
onion::653::8acfec0d-0e79-4f8a-b2c9-5b622f58361f	5224	653	8acfec0d-0e79-4f8a-b2c9-5b622f58361f	Ween	https://www.last.fm/music/Ween/_/Flutes+of+Chi	https://www.last.fm/music/Ween	Flutes of Chi	https://www.last.fm/music/Ween/White%20Pepper	0.0	White Pepper	Passion / Pleasure	Habitual Listening	4aba15fe-1446-48f2-a4be-febd944266d9	3	5	zcGgkzqDhMbM2SLa
onion::653::0cf26423-ffac-4ccd-82a2-50c1fc4247b4	5228	653	0cf26423-ffac-4ccd-82a2-50c1fc4247b4	Deathspell Omega	https://www.last.fm/music/Deathspell+Omega/_/Devouring+Famine	https://www.last.fm/music/Deathspell%20Omega	Devouring Famine	https://www.last.fm/music/Deathspell%20Omega/Paracletus	0.0	Paracletus	Passion / Pleasure	Habitual Listening	4aba15fe-1446-48f2-a4be-febd944266d9	3	5	LEsoWCESdo0w4Jpv
onion::653::202200f4-9518-3ab0-98ad-1997e04ccb21	5230	653	202200f4-9518-3ab0-98ad-1997e04ccb21	Ween	https://www.last.fm/music/Ween/_/Back+to+Basom	https://www.last.fm/music/Ween	Back to Basom	https://www.last.fm/music/Ween/White%20Pepper	0.0	White Pepper	Passion / Pleasure	Habitual Listening	4aba15fe-1446-48f2-a4be-febd944266d9	3	5	oVXQbOsHtEftaCGV
onion::654::8acfec0d-0e79-4f8a-b2c9-5b622f58361f	5234	654	8acfec0d-0e79-4f8a-b2c9-5b622f58361f	Ween	https://www.last.fm/music/Ween/_/Flutes+of+Chi	https://www.last.fm/music/Ween	Flutes of Chi	https://www.last.fm/music/Ween/White%20Pepper	0.0	White Pepper	Entertainment	Singing Along	4aba15fe-1446-48f2-a4be-febd944266d9	2	3	zcGgkzqDhMbM2SLa
onion::654::3b27aacc-bfba-3c3a-879b-f37c9f59840f	5235	654	3b27aacc-bfba-3c3a-879b-f37c9f59840f	Ween	https://www.last.fm/music/Ween/_/Exactly+Where+I%27m+At	https://www.last.fm/music/Ween	Exactly Where I'm At	https://www.last.fm/music/Ween/White%20Pepper	0.0	White Pepper	Entertainment	Singing Along	4aba15fe-1446-48f2-a4be-febd944266d9	2	3	Hrboj7OxFcyYvrVp
onion::654::ccaf1042-b2a0-4ce5-ba80-da0b6eca02c6	5242	654	ccaf1042-b2a0-4ce5-ba80-da0b6eca02c6	Ween	https://www.last.fm/music/Ween/_/Falling+Out	https://www.last.fm/music/Ween	Falling Out	https://www.last.fm/music/Ween/White%20Pepper	0.0	White Pepper	Entertainment	Singing Along	4aba15fe-1446-48f2-a4be-febd944266d9	2	3	vtvEv5dVNGlj5axf
onion::670::52414171-1ae5-4972-abbb-d9317a03fd0e	5363	670	52414171-1ae5-4972-abbb-d9317a03fd0e	Zedd	https://www.last.fm/music/Zedd/_/Clarity	https://www.last.fm/music/Zedd	Clarity	https://www.last.fm/music/Zedd/Clarity	0.0	Clarity	Fitness Motivation	Fitness & Performance	903cdf75-784f-49fe-bdfc-d0f8529205ea	1	2	jnEsfVqrNF5laFgL
onion::1342::1rINeTdV9ISXG1qQ0ZnhOK	12147	1342	1rINeTdV9ISXG1qQ0ZnhOK	Joyce Manor			Leather Jacket			S/T	Nostalgia	Nostalgia	8c5a6ecc-10f9-4281-8e88-c0f74b2310b9	2	5	EVgzeFR711xfNSex
onion::670::15105945-c208-32b9-b852-e28929f2528a	5366	670	15105945-c208-32b9-b852-e28929f2528a	LCD Soundsystem	https://www.last.fm/music/LCD+Soundsystem/_/All+My+Friends	https://www.last.fm/music/LCD%20Soundsystem	All My Friends	https://www.last.fm/music/LCD%20Soundsystem/Sound%20of%20Silver	0.0	Sound of Silver	Fitness Motivation	Fitness & Performance	903cdf75-784f-49fe-bdfc-d0f8529205ea	1	2	6pdbEwVFE1Rz1XNk
onion::674::08d1d400-63b6-41e7-b709-2c1281731264	5395	674	08d1d400-63b6-41e7-b709-2c1281731264	Jamiroquai	https://www.last.fm/music/Jamiroquai/_/Talullah	https://www.last.fm/music/Jamiroquai	Talullah	https://www.last.fm/music/Jamiroquai/Dynamite	0.0	Dynamite	Motivation	Background Utility	d38747c6-ab62-4610-9c00-261e8305c571	3	4	oHzidGPUYlkSnAO1
onion::685::4cmJhyS6vifs2JrvDAr8VM	5466	685	4cmJhyS6vifs2JrvDAr8VM	Thy Art Is Murder			Whore To A Chainsaw			Infinite Death - EP	Calming	Frustration Venting	dd8d5442-c5af-47f5-a8fc-838ae0da5cf0	3	3	5SWyVIoi6jTw96Qg
onion::686::11011324-c302-4176-a3ff-165d933f5319	5468	686	11011324-c302-4176-a3ff-165d933f5319	Brett Young	https://www.last.fm/music/Brett+Young/_/Mercy	https://www.last.fm/music/Brett%20Young	Mercy	https://www.last.fm/music/Brett%20Young/Brett%20Young	0.0	Brett Young	Entertainment	Singing Along	dd8d5442-c5af-47f5-a8fc-838ae0da5cf0	4	5	AMnijc0y03VpsWbz
onion::686::d887aaf0-fb1d-4626-b66d-c947c542f61c	5472	686	d887aaf0-fb1d-4626-b66d-c947c542f61c	Kelsea Ballerini	https://www.last.fm/music/Kelsea+Ballerini/_/Peter+Pan	https://www.last.fm/music/Kelsea%20Ballerini	Peter Pan	https://www.last.fm/music/Kelsea%20Ballerini/The%20First%20Time	0.0	The First Time	Entertainment	Singing Along	dd8d5442-c5af-47f5-a8fc-838ae0da5cf0	4	5	is770fXfOwvGa01M
onion::900::0ece8a43-d906-4ede-8e32-8f0c676ebba5	7526	900	0ece8a43-d906-4ede-8e32-8f0c676ebba5	IU	https://www.last.fm/music/IU/_/Through+the+Night	https://www.last.fm/music/IU	Through the Night	https://www.last.fm/music/IU/Palette	0.0	Palette	Nostalgia	Nostalgia	16b378f8-7c97-4b7f-9bbc-ddce75e7042d	2	4	snt9SEhwfyJMFBjV
onion::900::4c34b5e9-7a0f-4081-aed0-0350bca19d9f	7527	900	4c34b5e9-7a0f-4081-aed0-0350bca19d9f	SZA	https://www.last.fm/music/SZA/_/Normal+Girl	https://www.last.fm/music/SZA	Normal Girl	https://www.last.fm/music/SZA/Ctrl	0.0	Ctrl	Nostalgia	Nostalgia	16b378f8-7c97-4b7f-9bbc-ddce75e7042d	2	4	0GohjZ4zTigF1LeU
onion::1342::1lin18H7rp6PVSEqYYEj0s	12148	1342	1lin18H7rp6PVSEqYYEj0s	Joyce Manor			Leather Jacket			Collection	Nostalgia	Nostalgia	8c5a6ecc-10f9-4281-8e88-c0f74b2310b9	2	5	EVgzeFR711xfNSex
onion::902::74BIr8H03lr5L6LZ1friIa	7541	902	74BIr8H03lr5L6LZ1friIa	21 Savage	spotify:track:74BIr8H03lr5L6LZ1friIa	spotify:artist:1URnnhqYAYcrqrcwql10ft	Dead People	spotify:album:4QUNWTw2FsIz722xjUjFJw	147426.0	Issa Album	Motivation	Background Utility	16b378f8-7c97-4b7f-9bbc-ddce75e7042d	2	2	3LMrs5V0yYBs47qc
onion::687::2683fc91-3847-4cbc-9487-7c957bb93b0a	5477	687	2683fc91-3847-4cbc-9487-7c957bb93b0a	I Prevail	https://www.last.fm/music/I+Prevail/_/My+Heart+I+Surrender	https://www.last.fm/music/I%20Prevail	My Heart I Surrender	https://www.last.fm/music/I%20Prevail/Lifelines	0.0	Lifelines	Escape	Letting Go	dd8d5442-c5af-47f5-a8fc-838ae0da5cf0	2	2	GpLctUKggpANHShj
onion::902::2qyhy9ndo8tTGMzXeHTisR	7543	902	2qyhy9ndo8tTGMzXeHTisR	Doja Cat	spotify:track:2qyhy9ndo8tTGMzXeHTisR	spotify:artist:5cj0lLjcoR7YOSnhnX0Po5	So High	spotify:album:3VZiexdNV9MFUGDg2gFakT	201573.0	So High	Motivation	Background Utility	16b378f8-7c97-4b7f-9bbc-ddce75e7042d	2	2	X5zZal6iV79GSKr9
onion::931::da120962-6354-427f-9419-69dfd86cc366	7755	931	da120962-6354-427f-9419-69dfd86cc366	Frou Frou	https://www.last.fm/music/Frou+Frou/_/Let+Go	https://www.last.fm/music/Frou%20Frou	Let Go	https://www.last.fm/music/Frou%20Frou/Details	0.0	Details	Mood Enhancement	Cheerfulness	37531681-b60b-4328-a33e-b57aa9b429f8	3	4	Q2cTcU0yl0QYJ8Py
onion::931::7ffdfe5b-fd33-4952-85fe-cb6245376882	7756	931	7ffdfe5b-fd33-4952-85fe-cb6245376882	Santigold	https://www.last.fm/music/Santigold/_/You%27ll+Find+A+Way	https://www.last.fm/music/Santigold	You'll Find A Way	https://www.last.fm/music/Santigold/Santigold	0.0	Santigold	Mood Enhancement	Cheerfulness	37531681-b60b-4328-a33e-b57aa9b429f8	3	4	nfAhgNC9lqEpH5F7
onion::933::0353cdba-f0ef-4f2d-9623-cac16b66cd87	7792	933	0353cdba-f0ef-4f2d-9623-cac16b66cd87	Muse	https://www.last.fm/music/Muse/_/Sing+for+Absolution	https://www.last.fm/music/Muse	Sing for Absolution	https://www.last.fm/music/Muse/Absolution	0.0	Absolution	Well-Being	Pleasure & Enjoyment	6770475b-786f-4019-8a1b-54f0e537e114	5	5	kDRq6W6AXVgvObuv
onion::933::0da11dd8-12ac-3945-9f60-0f3e851ee4ba	7797	933	0da11dd8-12ac-3945-9f60-0f3e851ee4ba	Brand New	https://www.last.fm/music/Brand+New/_/Degausser	https://www.last.fm/music/Brand%20New	Degausser	https://www.last.fm/music/Brand%20New/The%20Devil%20and%20God%20Are%20Raging%20Inside%20Me	0.0	The Devil and God Are Raging Inside Me	Well-Being	Pleasure & Enjoyment	6770475b-786f-4019-8a1b-54f0e537e114	5	5	4EjXcFfyGb8U1lb9
onion::933::133b8a1a-f167-3217-b3fa-ad5819ca9e70	7798	933	133b8a1a-f167-3217-b3fa-ad5819ca9e70	Stars	https://www.last.fm/music/Stars/_/Take+Me+to+the+Riot	https://www.last.fm/music/Stars	Take Me to the Riot	https://www.last.fm/music/Stars/In%20Our%20Bedroom%20After%20the%20War	0.0	In Our Bedroom After the War	Well-Being	Pleasure & Enjoyment	6770475b-786f-4019-8a1b-54f0e537e114	5	5	lVNSHSUTlWOeYCpQ
onion::936::0c7dd0e8-a454-3a51-93f1-cd19390d43f1	7845	936	0c7dd0e8-a454-3a51-93f1-cd19390d43f1	Green Day	https://www.last.fm/music/Green+Day/_/Jesus+of+Suburbia	https://www.last.fm/music/Green%20Day	Jesus of Suburbia	https://www.last.fm/music/Green%20Day/American%20Idiot	0.0	American Idiot	Entertainment	Singing Along	6770475b-786f-4019-8a1b-54f0e537e114	2	3	FPOD0IPwrHzyhsTQ
onion::938::4i5CsAoHF8V6fL79WzEHzx	7877	938	4i5CsAoHF8V6fL79WzEHzx	Adam Pascal	spotify:track:4i5CsAoHF8V6fL79WzEHzx	spotify:artist:0bvwPCit9Yh0yVdLKGnXRi	Your Eyes	spotify:album:7JR7tGOAvqFSpVmDlCzHIJ	156933.0	RENT (Original Motion Picture Soundtrack)	Meaningful Engagement / Purpose	Life Meaning & Structure	6770475b-786f-4019-8a1b-54f0e537e114	3	2	1SLIcf3T7zK09Tv8
onion::688::custom-1770651696896	5482	688	custom-1770651696896	Wind Walkers			New England Palm Trees		0.0		Emotion (regulation)	Emotional Resonance	dd8d5442-c5af-47f5-a8fc-838ae0da5cf0	2	4	SY6Gss1gXMpQ6bUx
onion::689::060f9d9c-e1f8-3f8d-983e-e3a6ea9bed2d	5487	689	060f9d9c-e1f8-3f8d-983e-e3a6ea9bed2d	The Glitch Mob	https://www.last.fm/music/The+Glitch+Mob/_/Drive+It+Like+You+Stole+It	https://www.last.fm/music/The%20Glitch%20Mob	Drive It Like You Stole It	https://www.last.fm/music/The%20Glitch%20Mob/Drink%20the%20Sea	0.0	Drink the Sea	Relaxing	Comfort and Security	dd8d5442-c5af-47f5-a8fc-838ae0da5cf0	1	2	aXloBocgj4dfcnG6
onion::904::10a10c51-1de5-38ba-ad5d-f485e510ed6e	7555	904	10a10c51-1de5-38ba-ad5d-f485e510ed6e	Mariah Carey	https://www.last.fm/music/Mariah+Carey/_/Obsessed	https://www.last.fm/music/Mariah%20Carey	Obsessed	https://www.last.fm/music/Mariah%20Carey/Memoirs%20of%20an%20Imperfect%20Angel	0.0	Memoirs of an Imperfect Angel	Meaningful Engagement / Purpose	Life Meaning & Structure	16b378f8-7c97-4b7f-9bbc-ddce75e7042d	5	5	dqhKBB0F07GFKhpc
onion::905::4446ea41-74f0-3f6c-a669-c0af41dfba31	7561	905	4446ea41-74f0-3f6c-a669-c0af41dfba31	Wonder Girls	https://www.last.fm/music/Wonder+Girls/_/Nobody	https://www.last.fm/music/Wonder%20Girls	Nobody	https://www.last.fm/music/Wonder%20Girls/The%20Wonder%20Years%20-%20Trilogy	0.0	The Wonder Years - Trilogy	Calming	Frustration Venting	16b378f8-7c97-4b7f-9bbc-ddce75e7042d	2	3	vapAxtZqKXVklJPi
onion::691::57548ab0-2115-45eb-bbac-aaa746e4a3a6	5493	691	57548ab0-2115-45eb-bbac-aaa746e4a3a6	I Prevail	https://www.last.fm/music/I+Prevail/_/Chaos	https://www.last.fm/music/I%20Prevail	Chaos	https://www.last.fm/music/I%20Prevail/Lifelines	0.0	Lifelines	Relief	Relief	dd8d5442-c5af-47f5-a8fc-838ae0da5cf0	2	3	xUfHTFQPP6YA3CUD
onion::692::82b6bc85-ce52-31e6-b60b-805520a899cf	5499	692	82b6bc85-ce52-31e6-b60b-805520a899cf	Portishead	https://www.last.fm/music/Portishead/_/Mysterons	https://www.last.fm/music/Portishead	Mysterons	https://www.last.fm/music/Portishead/Dummy	0.0	Dummy	Motivation	Background Utility	dca3f8af-edc1-45cb-a7a4-60c3157b10c6	3	4	s8jJJEeNKB5WAn7H
onion::693::Gino Soccio-Dancer-1-86	5506	693	Gino Soccio-Dancer-1-86	Gino Soccio	https://www.last.fm/music/Gino+Soccio/_/Dancer	https://www.last.fm/music/Gino%20Soccio	Dancer	https://www.last.fm/music/Gino%20Soccio/Outline	0.0	Outline	Enjoyment	Time Passing	dca3f8af-edc1-45cb-a7a4-60c3157b10c6	4	5	8ggKKppk28AmgVtK
onion::694::9727ada1-9bd6-4de7-a074-ba6349f4f5d9	5509	694	9727ada1-9bd6-4de7-a074-ba6349f4f5d9	Massive Attack	https://www.last.fm/music/Massive+Attack/_/Angel	https://www.last.fm/music/Massive%20Attack	Angel	https://www.last.fm/music/Massive%20Attack/Mezzanine	0.0	Mezzanine	Well-Being	Pleasure & Enjoyment	dca3f8af-edc1-45cb-a7a4-60c3157b10c6	5	5	IYI6RFvYIFFg9Mi7
onion::694::06390fb0-a62e-34d6-95eb-1077068919f6	5510	694	06390fb0-a62e-34d6-95eb-1077068919f6	Portishead	https://www.last.fm/music/Portishead/_/Roads	https://www.last.fm/music/Portishead	Roads	https://www.last.fm/music/Portishead/Dummy	0.0	Dummy	Well-Being	Pleasure & Enjoyment	dca3f8af-edc1-45cb-a7a4-60c3157b10c6	5	5	APCOA8vqweV4WMee
onion::696::Elvis Crespo-Suavemente-1-133	5524	696	Elvis Crespo-Suavemente-1-133	Elvis Crespo	https://www.last.fm/music/Elvis+Crespo/_/Suavemente	https://www.last.fm/music/Elvis%20Crespo	Suavemente	https://www.last.fm/music/Elvis%20Crespo/Suavemente	0.0	Suavemente	Bonding / Connection to others	Shared Taste	dca3f8af-edc1-45cb-a7a4-60c3157b10c6	2	2	KeKbzmQ8Nas7OUHo
onion::697::a745b75e-060d-4f15-b089-2c770cabb1cb	5532	697	a745b75e-060d-4f15-b089-2c770cabb1cb	PJ Harvey	https://www.last.fm/music/PJ+Harvey/_/This+Mess+We%27re+In	https://www.last.fm/music/PJ%20Harvey	This Mess We're In	https://www.last.fm/music/PJ%20Harvey/Stories%20From%20the%20City%2C%20Stories%20From%20the%20Sea	0.0	Stories From the City, Stories From the Sea	Exploration	Exploration	dca3f8af-edc1-45cb-a7a4-60c3157b10c6	3	4	UfHxgZgBJRMLgWse
onion::699::Elvis Crespo-Suavemente-1-133	5540	699	Elvis Crespo-Suavemente-1-133	Elvis Crespo	https://www.last.fm/music/Elvis+Crespo/_/Suavemente	https://www.last.fm/music/Elvis%20Crespo	Suavemente	https://www.last.fm/music/Elvis%20Crespo/Suavemente	0.0	Suavemente	Nostalgia	Nostalgia	dca3f8af-edc1-45cb-a7a4-60c3157b10c6	2	2	KeKbzmQ8Nas7OUHo
onion::699::Don Omar-Dile-1-129	5541	699	Don Omar-Dile-1-129	Don Omar	https://www.last.fm/music/Don+Omar/_/Dile	https://www.last.fm/music/Don%20Omar	Dile	https://www.last.fm/music/Don%20Omar/The%20Last%20Don	0.0	The Last Don	Nostalgia	Nostalgia	dca3f8af-edc1-45cb-a7a4-60c3157b10c6	2	2	vkEraulVKTT179Ca
onion::701::49675b6d-2ce0-320f-a2f2-bd9af8b86c6d	5550	701	49675b6d-2ce0-320f-a2f2-bd9af8b86c6d	LCD Soundsystem	https://www.last.fm/music/LCD+Soundsystem/_/Tribulations	https://www.last.fm/music/LCD%20Soundsystem	Tribulations	https://www.last.fm/music/LCD%20Soundsystem/LCD%20Soundsystem	0.0	LCD Soundsystem	Mood Enhancement	Cheerfulness	dca3f8af-edc1-45cb-a7a4-60c3157b10c6	2	3	psLdvZ9AUPJqxwrF
onion::703::05b5bd21-ead1-4a1e-80c6-83d59d86a9e2	5570	703	05b5bd21-ead1-4a1e-80c6-83d59d86a9e2	Pete Seeger	https://www.last.fm/music/Pete+Seeger/_/Solidarity+Forever	https://www.last.fm/music/Pete%20Seeger	Solidarity Forever	https://www.last.fm/music/Pete%20Seeger/If%20I%20Had%20a%20Hammer%3A%20Songs%20of%20Hope%20and%20Struggle	0.0	If I Had a Hammer: Songs of Hope and Struggle	Escape	Letting Go	db30c96e-39fa-4fb3-b88e-e3978d5b94e2	3	5	3xvGGMBJCzfNTzUY
onion::704::Steppenwolf-Magic Carpet Ride-1-232	5575	704	Steppenwolf-Magic Carpet Ride-1-232	Steppenwolf	https://www.last.fm/music/Steppenwolf/_/Magic+Carpet+Ride	https://www.last.fm/music/Steppenwolf	Magic Carpet Ride	https://www.last.fm/music/Steppenwolf/The%20Second	0.0	The Second	Nostalgia	Nostalgia	db30c96e-39fa-4fb3-b88e-e3978d5b94e2	2	4	0SfrHQUFwn6SA1YH
onion::706::ddaa3e5e-32ba-4324-80d2-b3cfb425f24f	5594	706	ddaa3e5e-32ba-4324-80d2-b3cfb425f24f	Tennessee Ernie Ford	https://www.last.fm/music/Tennessee+Ernie+Ford/_/Sixteen+Tons	https://www.last.fm/music/Tennessee%20Ernie%20Ford	Sixteen Tons	https://www.last.fm/music/Tennessee%20Ernie%20Ford/Sixteen%20Tons	0.0	Sixteen Tons	Exploration	Exploration	db30c96e-39fa-4fb3-b88e-e3978d5b94e2	3	3	v8Jih5j41pzRSlEW
onion::707::064944e4-e1f4-486d-8f5c-b6a1c303d4e6	5597	707	064944e4-e1f4-486d-8f5c-b6a1c303d4e6	Missing Persons	https://www.last.fm/music/Missing+Persons/_/Words	https://www.last.fm/music/Missing%20Persons	Words	https://www.last.fm/music/Missing%20Persons/Spring%20Session%20M	0.0	Spring Session M	Calming	Frustration Venting	db30c96e-39fa-4fb3-b88e-e3978d5b94e2	3	5	gaKNJZT2G7U2csTJ
onion::707::83235890-9236-4d6a-a0b0-059c10a04bb3	5598	707	83235890-9236-4d6a-a0b0-059c10a04bb3	Sweet	https://www.last.fm/music/Sweet/_/Ballroom+Blitz	https://www.last.fm/music/Sweet	Ballroom Blitz	https://www.last.fm/music/Sweet/Desolation%20Boulevard	0.0	Desolation Boulevard	Calming	Frustration Venting	db30c96e-39fa-4fb3-b88e-e3978d5b94e2	3	5	7VoOnizOYv4SAGnG
onion::711::ddaa3e5e-32ba-4324-80d2-b3cfb425f24f	5628	711	ddaa3e5e-32ba-4324-80d2-b3cfb425f24f	Tennessee Ernie Ford	https://www.last.fm/music/Tennessee+Ernie+Ford/_/Sixteen+Tons	https://www.last.fm/music/Tennessee%20Ernie%20Ford	Sixteen Tons	https://www.last.fm/music/Tennessee%20Ernie%20Ford/Sixteen%20Tons	0.0	Sixteen Tons	Creativity	Creative Visualization	db30c96e-39fa-4fb3-b88e-e3978d5b94e2	2	2	v8Jih5j41pzRSlEW
onion::708::ddaa3e5e-32ba-4324-80d2-b3cfb425f24f	5605	708	ddaa3e5e-32ba-4324-80d2-b3cfb425f24f	Tennessee Ernie Ford	https://www.last.fm/music/Tennessee+Ernie+Ford/_/Sixteen+Tons	https://www.last.fm/music/Tennessee%20Ernie%20Ford	Sixteen Tons	https://www.last.fm/music/Tennessee%20Ernie%20Ford/Sixteen%20Tons	0.0	Sixteen Tons	Passion / Pleasure	Habitual Listening	db30c96e-39fa-4fb3-b88e-e3978d5b94e2	4	3	v8Jih5j41pzRSlEW
onion::708::Cream-White Room-1-204	5607	708	Cream-White Room-1-204	Cream	https://www.last.fm/music/Cream/_/White+Room	https://www.last.fm/music/Cream	White Room	https://www.last.fm/music/Cream/Wheels%20of%20Fire	0.0	Wheels of Fire	Passion / Pleasure	Habitual Listening	db30c96e-39fa-4fb3-b88e-e3978d5b94e2	4	3	AufaRWttOCrzAeWH
onion::710::11302203-e3ec-3838-a8a6-0f475b2f6371	5625	710	11302203-e3ec-3838-a8a6-0f475b2f6371	Slowdive	https://www.last.fm/music/Slowdive/_/Dagger	https://www.last.fm/music/Slowdive	Dagger	https://www.last.fm/music/Slowdive/Souvlaki	0.0	Souvlaki	Practicing and Musical Creativity	Practicing and Musical Creativity	db30c96e-39fa-4fb3-b88e-e3978d5b94e2	2	3	Hw9KHXvuhckeF6aT
onion::711::Kris Kristofferson-Casey's Last Ride-2-7	5631	711	Kris Kristofferson-Casey's Last Ride-2-7	Kris Kristofferson	https://www.last.fm/music/Kris+Kristofferson/_/Casey%27s+Last+Ride	https://www.last.fm/music/Kris%20Kristofferson	Casey's Last Ride	https://www.last.fm/music/Kris%20Kristofferson/The%20Essential%20Kris%20Kristofferson	0.0	The Essential Kris Kristofferson	Creativity	Creative Visualization	db30c96e-39fa-4fb3-b88e-e3978d5b94e2	2	2	GjdDqcdpz7kX85kl
onion::712::0c482cf4-2aba-431d-aafd-e58fc3e8bc21	5636	712	0c482cf4-2aba-431d-aafd-e58fc3e8bc21	The Birthday Massacre	https://www.last.fm/music/The+Birthday+Massacre/_/Endless	https://www.last.fm/music/The%20Birthday%20Massacre	Endless	https://www.last.fm/music/The%20Birthday%20Massacre/Under%20Your%20Spell	0.0	Under Your Spell	Creativity	Creative Visualization	5e58d39e-905b-442f-b70b-159bd316ccab	2	4	Of5PrlH0oCK0XZk1
onion::712::f8b94496-ba59-4b04-a36f-aea5df933887	5638	712	f8b94496-ba59-4b04-a36f-aea5df933887	The Naked and Famous	https://www.last.fm/music/The+Naked+and+Famous/_/Higher	https://www.last.fm/music/The%20Naked%20and%20Famous	Higher	https://www.last.fm/music/The%20Naked%20and%20Famous/Simple%20Forms	0.0	Simple Forms	Creativity	Creative Visualization	5e58d39e-905b-442f-b70b-159bd316ccab	2	4	xmTKq21pXlAkclLc
onion::713::0c1a3f7b-d48e-3b32-b067-a46ce88c7943	5643	713	0c1a3f7b-d48e-3b32-b067-a46ce88c7943	Moby	https://www.last.fm/music/Moby/_/Into+The+Blue	https://www.last.fm/music/Moby	Into The Blue	https://www.last.fm/music/Moby/Everything%20Is%20Wrong	0.0	Everything Is Wrong	Motivation	Background Utility	5e58d39e-905b-442f-b70b-159bd316ccab	2	3	Fc1DVHuBQ3acET7J
onion::714::cc2f7214-5f27-456b-8b7d-4031b8a92d21	5644	714	cc2f7214-5f27-456b-8b7d-4031b8a92d21	Sheryl Crow	https://www.last.fm/music/Sheryl+Crow/_/Real+Gone	https://www.last.fm/music/Sheryl%20Crow	Real Gone	https://www.last.fm/music/Sheryl%20Crow/Cars%20(Original%20Motion%20Picture%20Soundtrack)	0.0	Cars (Original Motion Picture Soundtrack)	Enjoyment	Time Passing	5e58d39e-905b-442f-b70b-159bd316ccab	1	3	oahj33USrwBNIf7V
onion::716::0c7dd0e8-a454-3a51-93f1-cd19390d43f1	5656	716	0c7dd0e8-a454-3a51-93f1-cd19390d43f1	Green Day	https://www.last.fm/music/Green+Day/_/Jesus+of+Suburbia	https://www.last.fm/music/Green%20Day	Jesus of Suburbia	https://www.last.fm/music/Green%20Day/American%20Idiot%20(Deluxe)	0.0	American Idiot (Deluxe)	Nostalgia	Nostalgia	5e58d39e-905b-442f-b70b-159bd316ccab	1	3	FPOD0IPwrHzyhsTQ
onion::716::Green Day-Basket Case-1-7	5657	716	Green Day-Basket Case-1-7	Green Day	https://www.last.fm/music/Green+Day/_/Basket+Case	https://www.last.fm/music/Green%20Day	Basket Case	https://www.last.fm/music/Green%20Day/Dookie	0.0	Dookie	Nostalgia	Nostalgia	5e58d39e-905b-442f-b70b-159bd316ccab	1	3	cC1MB9fo6jK3h8Wb
onion::718::26f70607-c5b0-4fc0-bb29-b3cd6d001798	5668	718	26f70607-c5b0-4fc0-bb29-b3cd6d001798	Galantis	https://www.last.fm/music/Galantis/_/Gold+Dust	https://www.last.fm/music/Galantis	Gold Dust	https://www.last.fm/music/Galantis/Pharmacy	0.0	Pharmacy	Mood Enhancement	Cheerfulness	5e58d39e-905b-442f-b70b-159bd316ccab	1	3	7G9IqL1VPeEgmpC0
onion::720::07d03b8e-b274-4cae-a75a-3bb80861b7e9	5684	720	07d03b8e-b274-4cae-a75a-3bb80861b7e9	Moby	https://www.last.fm/music/Moby/_/First+Cool+Hive	https://www.last.fm/music/Moby	First Cool Hive	https://www.last.fm/music/Moby/Everything%20Is%20Wrong	0.0	Everything Is Wrong	Emotion (regulation)	Emotional Resonance	5e58d39e-905b-442f-b70b-159bd316ccab	3	3	qYPSz5jllRN3VuLz
onion::721::Skylar Spence-Private Caller-1-272	5691	721	Skylar Spence-Private Caller-1-272	Skylar Spence	https://www.last.fm/music/Skylar+Spence/_/Private+Caller	https://www.last.fm/music/Skylar%20Spence	Private Caller	https://www.last.fm/music/Skylar%20Spence/Portals%20Summer%20II	0.0	Portals Summer II	Practicing and Musical Creativity	Practicing and Musical Creativity	5e58d39e-905b-442f-b70b-159bd316ccab	2	3	IASfo4axUh64qRtW
onion::723::97c3c2d6-25a1-47a8-bea7-23c0aa708627	5699	723	97c3c2d6-25a1-47a8-bea7-23c0aa708627	Janet Jackson	https://www.last.fm/music/Janet+Jackson/_/Empty	https://www.last.fm/music/Janet%20Jackson	Empty	https://www.last.fm/music/Janet%20Jackson/The%20Velvet%20Rope	0.0	The Velvet Rope	Emotion (regulation)	Emotional Resonance	ef8d0e7a-8ff3-432a-8696-a25b30ea3055	3	5	X7zC5FM0aqkE1MyW
onion::723::e0905534-0f31-46e6-8851-938198c89578	5701	723	e0905534-0f31-46e6-8851-938198c89578	Hum	https://www.last.fm/music/Hum/_/Why+I+Like+The+Robins	https://www.last.fm/music/Hum	Why I Like The Robins	https://www.last.fm/music/Hum/You'd%20Prefer%20an%20Astronaut	0.0	You'd Prefer an Astronaut	Emotion (regulation)	Emotional Resonance	ef8d0e7a-8ff3-432a-8696-a25b30ea3055	3	5	4rxZU0ggClzaRBSZ
onion::725::04ce8df7-81b4-4100-a6c9-cd37c82ae9f0	5713	725	04ce8df7-81b4-4100-a6c9-cd37c82ae9f0	Boards of Canada	https://www.last.fm/music/Boards+of+Canada/_/Dawn+Chorus	https://www.last.fm/music/Boards%20of%20Canada	Dawn Chorus	https://www.last.fm/music/Boards%20of%20Canada/Geogaddi	0.0	Geogaddi	Motivation	Background Utility	ef8d0e7a-8ff3-432a-8696-a25b30ea3055	2	3	a3KMlR3uEQpcozen
onion::726::67afc7f8-7c13-4e42-88dd-a4e491a07b2b	5722	726	67afc7f8-7c13-4e42-88dd-a4e491a07b2b	Massive Attack	https://www.last.fm/music/Massive+Attack/_/Protection	https://www.last.fm/music/Massive%20Attack	Protection	https://www.last.fm/music/Massive%20Attack/Protection	0.0	Protection	Distraction	Distraction	ef8d0e7a-8ff3-432a-8696-a25b30ea3055	2	2	4IuSbTUBgzThz8uI
onion::726::36799ac4-a3f6-4400-9292-8b7ec718833c	5729	726	36799ac4-a3f6-4400-9292-8b7ec718833c	Drop Nineteens	https://www.last.fm/music/Drop+Nineteens/_/Kick+The+Tragedy	https://www.last.fm/music/Drop%20Nineteens	Kick The Tragedy	https://www.last.fm/music/Drop%20Nineteens/Delaware	0.0	Delaware	Distraction	Distraction	ef8d0e7a-8ff3-432a-8696-a25b30ea3055	2	2	kHfP0hOte6XuMZfd
onion::727::a263c951-2ac6-4de3-86b1-74802d627ebc	5732	727	a263c951-2ac6-4de3-86b1-74802d627ebc	Jessica Pratt	https://www.last.fm/music/Jessica+Pratt/_/Casper	https://www.last.fm/music/Jessica%20Pratt	Casper	https://www.last.fm/music/Jessica%20Pratt/Jessica%20Pratt	0.0	Jessica Pratt	Relief	Relief	ef8d0e7a-8ff3-432a-8696-a25b30ea3055	2	3	Qgn5N85g6pkwDptU
onion::728::3809457d-c0c5-4368-8f6f-54ef00fae1f7	5744	728	3809457d-c0c5-4368-8f6f-54ef00fae1f7	Julia Holter	https://www.last.fm/music/Julia+Holter/_/In+The+Green+Wild	https://www.last.fm/music/Julia%20Holter	In The Green Wild	https://www.last.fm/music/Julia%20Holter/Loud%20City%20Song	0.0	Loud City Song	(Self-) Reflection / Introspection	Self-Reflection	ef8d0e7a-8ff3-432a-8696-a25b30ea3055	1	2	yspG3O3y8atU4RbT
onion::729::3a82ad2a-ad96-4aac-9e6f-7d8e33269b6f	5753	729	3a82ad2a-ad96-4aac-9e6f-7d8e33269b6f	Playboi Carti	https://www.last.fm/music/Playboi+Carti/_/Location	https://www.last.fm/music/Playboi%20Carti	Location	https://www.last.fm/music/Playboi%20Carti/Playboi%20Carti	0.0	Playboi Carti	Passion / Pleasure	Habitual Listening	ef8d0e7a-8ff3-432a-8696-a25b30ea3055	3	3	iH7GorVg4y19Z4jn
onion::729::056c35f3-4740-34d9-8576-c96989652c2a	5754	729	056c35f3-4740-34d9-8576-c96989652c2a	Meat Puppets	https://www.last.fm/music/Meat+Puppets/_/Plateau	https://www.last.fm/music/Meat%20Puppets	Plateau	https://www.last.fm/music/Meat%20Puppets/II	0.0	II	Passion / Pleasure	Habitual Listening	ef8d0e7a-8ff3-432a-8696-a25b30ea3055	3	3	5CAnQm4nNmLwra59
onion::730::7255d28d-ebb5-41e0-97bb-4f2c8f2cf2c7	5763	730	7255d28d-ebb5-41e0-97bb-4f2c8f2cf2c7	Hum	https://www.last.fm/music/Hum/_/I+Hate+It+Too	https://www.last.fm/music/Hum	I Hate It Too	https://www.last.fm/music/Hum/You'd%20Prefer%20an%20Astronaut	0.0	You'd Prefer an Astronaut	Calming	Frustration Venting	ef8d0e7a-8ff3-432a-8696-a25b30ea3055	1	2	4e68v4JTM9gzdlb7
onion::730::6zbFlDUqDdLbHikceCg64h	5765	730	6zbFlDUqDdLbHikceCg64h	Protomartyr			Half Sister			Relatives In Descent	Calming	Frustration Venting	ef8d0e7a-8ff3-432a-8696-a25b30ea3055	1	2	OXnG80bq3I0KhoYT
onion::732::4fee8641-709e-452a-95d5-95871b7fb183	5777	732	4fee8641-709e-452a-95d5-95871b7fb183	C418	https://www.last.fm/music/C418/_/Dry+Hands	https://www.last.fm/music/C418	Dry Hands	https://www.last.fm/music/C418/Minecraft%20-%20Volume%20Alpha	0.0	Minecraft - Volume Alpha	Motivation	Background Utility	6aa02f3a-8a6d-4408-a955-63d9f813eb1b	3	5	ilYxn8qSrQZ1elBf
onion::732::Stacey Q-Two of Hearts-1-49	5778	732	Stacey Q-Two of Hearts-1-49	Stacey Q	https://www.last.fm/music/Stacey+Q/_/Two+of+Hearts	https://www.last.fm/music/Stacey%20Q	Two of Hearts	https://www.last.fm/music/Stacey%20Q/Better%20than%20Heaven	0.0	Better than Heaven	Motivation	Background Utility	6aa02f3a-8a6d-4408-a955-63d9f813eb1b	3	5	Xccqfq1iLhRkBK8X
onion::732::60698a03-124a-4a35-8179-3159d0ef92e8	5780	732	60698a03-124a-4a35-8179-3159d0ef92e8	Disclosure	https://www.last.fm/music/Disclosure/_/Jaded	https://www.last.fm/music/Disclosure	Jaded	https://www.last.fm/music/Disclosure/Caracal%20(Deluxe)	0.0	Caracal (Deluxe)	Motivation	Background Utility	6aa02f3a-8a6d-4408-a955-63d9f813eb1b	3	5	1QrsMIpx3nbyX75S
onion::732::4bb3577e-1c98-4a32-b5eb-534df23ffdac	5781	732	4bb3577e-1c98-4a32-b5eb-534df23ffdac	Metronomy	https://www.last.fm/music/Metronomy/_/The+Bay	https://www.last.fm/music/Metronomy	The Bay	https://www.last.fm/music/Metronomy/The%20English%20Riviera	0.0	The English Riviera	Motivation	Background Utility	6aa02f3a-8a6d-4408-a955-63d9f813eb1b	3	5	7uv8N33Pw7sNtlvS
onion::732::4914b209-869c-4da4-a1ca-f4d478ae563f	5783	732	4914b209-869c-4da4-a1ca-f4d478ae563f	Paramore	https://www.last.fm/music/Paramore/_/Tell+Me+How	https://www.last.fm/music/Paramore	Tell Me How	https://www.last.fm/music/Paramore/After%20Laughter	0.0	After Laughter	Motivation	Background Utility	6aa02f3a-8a6d-4408-a955-63d9f813eb1b	3	5	873PHsocsWzooGbq
onion::732::0a12c26b-c3be-4c9e-a963-a8719f7f2dcc	5790	732	0a12c26b-c3be-4c9e-a963-a8719f7f2dcc	TV Girl	https://www.last.fm/music/TV+Girl/_/Lovers+Rock	https://www.last.fm/music/TV%20Girl	Lovers Rock	https://www.last.fm/music/TV%20Girl/French%20Exit	0.0	French Exit	Motivation	Background Utility	6aa02f3a-8a6d-4408-a955-63d9f813eb1b	3	5	2HFsFMY433xQqSUM
onion::732::568061cb-bbe8-48b6-a2ae-e833d6738c14	5794	732	568061cb-bbe8-48b6-a2ae-e833d6738c14	Sweet Trip	https://www.last.fm/music/Sweet+Trip/_/Sept	https://www.last.fm/music/Sweet%20Trip	Sept	https://www.last.fm/music/Sweet%20Trip/Velocity%3A%20Design%3A%20Comfort.	0.0	Velocity: Design: Comfort.	Motivation	Background Utility	6aa02f3a-8a6d-4408-a955-63d9f813eb1b	3	5	aqKY2vF9rq1b1kxu
onion::732::0dd3299a-24df-39be-be01-925ec2080118	5795	732	0dd3299a-24df-39be-be01-925ec2080118	Daft Punk	https://www.last.fm/music/Daft+Punk/_/Crescendolls	https://www.last.fm/music/Daft%20Punk	Crescendolls	https://www.last.fm/music/Daft%20Punk/Discovery	0.0	Discovery	Motivation	Background Utility	6aa02f3a-8a6d-4408-a955-63d9f813eb1b	3	5	cCcpwGeZs5j0DBjc
onion::732::9d8da631-6f95-4fe0-8135-117baf7c69ea	5806	732	9d8da631-6f95-4fe0-8135-117baf7c69ea	Blondie	https://www.last.fm/music/Blondie/_/Heart+of+Glass	https://www.last.fm/music/Blondie	Heart of Glass	https://www.last.fm/music/Blondie/Parallel%20Lines	0.0	Parallel Lines	Motivation	Background Utility	6aa02f3a-8a6d-4408-a955-63d9f813eb1b	3	5	itK24FswQ3p2cpgZ
onion::732::16037b88-d3a4-42f0-b238-b99baaf958d8	5808	732	16037b88-d3a4-42f0-b238-b99baaf958d8	Paramore	https://www.last.fm/music/Paramore/_/Pool	https://www.last.fm/music/Paramore	Pool	https://www.last.fm/music/Paramore/After%20Laughter	0.0	After Laughter	Motivation	Background Utility	6aa02f3a-8a6d-4408-a955-63d9f813eb1b	3	5	z5eVg04EjJrFvx07
onion::732::7d02f052-bf93-4425-a705-a494cf831af0	5816	732	7d02f052-bf93-4425-a705-a494cf831af0	Daft Punk	https://www.last.fm/music/Daft+Punk/_/Face+to+Face	https://www.last.fm/music/Daft%20Punk	Face to Face	https://www.last.fm/music/Daft%20Punk/Discovery	0.0	Discovery	Motivation	Background Utility	6aa02f3a-8a6d-4408-a955-63d9f813eb1b	3	5	5JaBO2JoOR7Is2qC
onion::732::281934a6-e236-4f32-8199-968b7c822ac1	5821	732	281934a6-e236-4f32-8199-968b7c822ac1	Paramore	https://www.last.fm/music/Paramore/_/Caught+in+the+Middle	https://www.last.fm/music/Paramore	Caught in the Middle	https://www.last.fm/music/Paramore/After%20Laughter	0.0	After Laughter	Motivation	Background Utility	6aa02f3a-8a6d-4408-a955-63d9f813eb1b	3	5	xE6axyRbxW825J3E
onion::732::defbfcb2-7a5c-4456-be28-b7e5ccf92cc2	5822	732	defbfcb2-7a5c-4456-be28-b7e5ccf92cc2	Daft Punk	https://www.last.fm/music/Daft+Punk/_/Something+About+Us	https://www.last.fm/music/Daft%20Punk	Something About Us	https://www.last.fm/music/Daft%20Punk/Discovery	0.0	Discovery	Motivation	Background Utility	6aa02f3a-8a6d-4408-a955-63d9f813eb1b	3	5	SZI6pFbowlUQvZ2r
onion::732::124dbf00-a358-3722-85da-87a14f3d0f80	5825	732	124dbf00-a358-3722-85da-87a14f3d0f80	Modest Mouse	https://www.last.fm/music/Modest+Mouse/_/Ocean+Breathes+Salty	https://www.last.fm/music/Modest%20Mouse	Ocean Breathes Salty	https://www.last.fm/music/Modest%20Mouse/Good%20News%20For%20People%20Who%20Love%20Bad%20News	0.0	Good News For People Who Love Bad News	Motivation	Background Utility	6aa02f3a-8a6d-4408-a955-63d9f813eb1b	3	5	EbDkDpZAYjR8TQBA
onion::732::364a10df-d8f5-4578-a1fb-92b3b2f4fbf8	5827	732	364a10df-d8f5-4578-a1fb-92b3b2f4fbf8	MGMT	https://www.last.fm/music/MGMT/_/Little+Dark+Age	https://www.last.fm/music/MGMT	Little Dark Age	https://www.last.fm/music/MGMT/Little%20Dark%20Age	0.0	Little Dark Age	Motivation	Background Utility	6aa02f3a-8a6d-4408-a955-63d9f813eb1b	3	5	m4O1iLh6fC43xjRy
onion::732::27619a63-f70e-4cb5-851a-288bbde5bbc9	5829	732	27619a63-f70e-4cb5-851a-288bbde5bbc9	Sweet Trip	https://www.last.fm/music/Sweet+Trip/_/No+Words+to+Be+Found	https://www.last.fm/music/Sweet%20Trip	No Words to Be Found	https://www.last.fm/music/Sweet%20Trip/You%20Will%20Never%20Know%20Why	0.0	You Will Never Know Why	Motivation	Background Utility	6aa02f3a-8a6d-4408-a955-63d9f813eb1b	3	5	1IWJeuGsgYWoKgj9
onion::732::fc98cef7-9655-4ae2-b781-3b9d98ba81d2	5833	732	fc98cef7-9655-4ae2-b781-3b9d98ba81d2	Rosemary Fairweather	https://www.last.fm/music/Rosemary+Fairweather/_/Chemicals	https://www.last.fm/music/Rosemary%20Fairweather	Chemicals	https://www.last.fm/music/Rosemary%20Fairweather/Heavenly	0.0	Heavenly	Motivation	Background Utility	6aa02f3a-8a6d-4408-a955-63d9f813eb1b	3	5	uV1ib4MqzJWTgDkD
onion::732::0466b641-6c85-4373-8a3a-0f8501fbc641	5837	732	0466b641-6c85-4373-8a3a-0f8501fbc641	Foster the People	https://www.last.fm/music/Foster+the+People/_/A+Beginner%27s+Guide+to+Destroying+the+Moon	https://www.last.fm/music/Foster%20the%20People	A Beginner's Guide to Destroying the Moon	https://www.last.fm/music/Foster%20the%20People/Supermodel	0.0	Supermodel	Motivation	Background Utility	6aa02f3a-8a6d-4408-a955-63d9f813eb1b	3	5	WmUu4mwQ1L184aBX
onion::732::237e8316-dbb0-4341-80d5-a433b78cfa31	5838	732	237e8316-dbb0-4341-80d5-a433b78cfa31	Steely Dan	https://www.last.fm/music/Steely+Dan/_/Only+A+Fool+Would+Say+That	https://www.last.fm/music/Steely%20Dan	Only A Fool Would Say That	https://www.last.fm/music/Steely%20Dan/Can't%20Buy%20A%20Thrill	0.0	Can't Buy A Thrill	Motivation	Background Utility	6aa02f3a-8a6d-4408-a955-63d9f813eb1b	3	5	rsf4OjYdT32XzoMN
onion::732::Nickelback-Rockstar-3-135	5840	732	Nickelback-Rockstar-3-135	Nickelback	https://www.last.fm/music/Nickelback/_/Rockstar	https://www.last.fm/music/Nickelback	Rockstar	https://www.last.fm/music/Nickelback/All%20The%20Right%20Reasons%20(Special%20Edition)	0.0	All The Right Reasons (Special Edition)	Motivation	Background Utility	6aa02f3a-8a6d-4408-a955-63d9f813eb1b	3	5	XwN0rgXz1jrR6RMD
onion::732::7788261d-9494-380b-b0ea-30383a22aa24	5843	732	7788261d-9494-380b-b0ea-30383a22aa24	Mariah Carey	https://www.last.fm/music/Mariah+Carey/_/Fantasy	https://www.last.fm/music/Mariah%20Carey	Fantasy	https://www.last.fm/music/Mariah%20Carey/Daydream	0.0	Daydream	Motivation	Background Utility	6aa02f3a-8a6d-4408-a955-63d9f813eb1b	3	5	a8m0CJpNKmf905WS
onion::732::139db589-4834-41e9-886b-ddaeb8f1a7e8	5847	732	139db589-4834-41e9-886b-ddaeb8f1a7e8	Flying Lotus	https://www.last.fm/music/Flying+Lotus/_/Cold+Dead	https://www.last.fm/music/Flying%20Lotus	Cold Dead	https://www.last.fm/music/Flying%20Lotus/You're%20Dead!	0.0	You're Dead!	Motivation	Background Utility	6aa02f3a-8a6d-4408-a955-63d9f813eb1b	3	5	fBVba5rjeYDhMDt5
onion::906::74e48bb0-9c92-4752-ad17-cf57ad2ad8cd	7567	906	74e48bb0-9c92-4752-ad17-cf57ad2ad8cd	Barbara Lewis	https://www.last.fm/music/Barbara+Lewis/_/Hello+Stranger	https://www.last.fm/music/Barbara%20Lewis	Hello Stranger	https://www.last.fm/music/Barbara%20Lewis/Hello%20Stranger	0.0	Hello Stranger	Entertainment	Singing Along	16b378f8-7c97-4b7f-9bbc-ddce75e7042d	5	5	qLGKicpvqe6TnD16
onion::735::568061cb-bbe8-48b6-a2ae-e833d6738c14	5876	735	568061cb-bbe8-48b6-a2ae-e833d6738c14	Sweet Trip	https://www.last.fm/music/Sweet+Trip/_/Sept	https://www.last.fm/music/Sweet%20Trip	Sept	https://www.last.fm/music/Sweet%20Trip/Velocity%3A%20Design%3A%20Comfort.	0.0	Velocity: Design: Comfort.	Relief	Relief	6aa02f3a-8a6d-4408-a955-63d9f813eb1b	2	4	aqKY2vF9rq1b1kxu
onion::735::27619a63-f70e-4cb5-851a-288bbde5bbc9	5879	735	27619a63-f70e-4cb5-851a-288bbde5bbc9	Sweet Trip	https://www.last.fm/music/Sweet+Trip/_/No+Words+to+Be+Found	https://www.last.fm/music/Sweet%20Trip	No Words to Be Found	https://www.last.fm/music/Sweet%20Trip/You%20Will%20Never%20Know%20Why	0.0	You Will Never Know Why	Relief	Relief	6aa02f3a-8a6d-4408-a955-63d9f813eb1b	2	4	1IWJeuGsgYWoKgj9
onion::735::0a8c191a-6c96-48ac-ab20-a51028d9e5ee	5893	735	0a8c191a-6c96-48ac-ab20-a51028d9e5ee	Kero Kero Bonito	https://www.last.fm/music/Kero+Kero+Bonito/_/Trampoline	https://www.last.fm/music/Kero%20Kero%20Bonito	Trampoline	https://www.last.fm/music/Kero%20Kero%20Bonito/Bonito%20Generation	0.0	Bonito Generation	Relief	Relief	6aa02f3a-8a6d-4408-a955-63d9f813eb1b	2	4	ZUj5krqZHiqkDkyF
onion::735::25821c2b-b2cc-4340-8beb-bfd169636d5e	5895	735	25821c2b-b2cc-4340-8beb-bfd169636d5e	Kero Kero Bonito	https://www.last.fm/music/Kero+Kero+Bonito/_/Dear+Future+Self	https://www.last.fm/music/Kero%20Kero%20Bonito	Dear Future Self	https://www.last.fm/music/Kero%20Kero%20Bonito/Time%20'n'%20Place	0.0	Time 'n' Place	Relief	Relief	6aa02f3a-8a6d-4408-a955-63d9f813eb1b	2	4	DGYtRaPtyMKGeJ8R
onion::735::16d2d4d3-5955-4a0f-bbf1-5cd454a4b32f	5896	735	16d2d4d3-5955-4a0f-bbf1-5cd454a4b32f	Kero Kero Bonito	https://www.last.fm/music/Kero+Kero+Bonito/_/You+Know+How+It+Is	https://www.last.fm/music/Kero%20Kero%20Bonito	You Know How It Is	https://www.last.fm/music/Kero%20Kero%20Bonito/TOTEP	0.0	TOTEP	Relief	Relief	6aa02f3a-8a6d-4408-a955-63d9f813eb1b	2	4	UfWU7FbchZUh2SnL
onion::735::24a21e25-36dc-4976-8ebf-c39492269447	5897	735	24a21e25-36dc-4976-8ebf-c39492269447	Kero Kero Bonito	https://www.last.fm/music/Kero+Kero+Bonito/_/Outside	https://www.last.fm/music/Kero%20Kero%20Bonito	Outside	https://www.last.fm/music/Kero%20Kero%20Bonito/Time%20'n'%20Place	0.0	Time 'n' Place	Relief	Relief	6aa02f3a-8a6d-4408-a955-63d9f813eb1b	2	4	VuKzMC7GCagtroTb
onion::735::1bbe87a2-8184-4afd-b195-3ba4540dee0a	5898	735	1bbe87a2-8184-4afd-b195-3ba4540dee0a	Kero Kero Bonito	https://www.last.fm/music/Kero+Kero+Bonito/_/Dump	https://www.last.fm/music/Kero%20Kero%20Bonito	Dump	https://www.last.fm/music/Kero%20Kero%20Bonito/Time%20'n'%20Place	0.0	Time 'n' Place	Relief	Relief	6aa02f3a-8a6d-4408-a955-63d9f813eb1b	2	4	nHCDyywOBly6TijJ
onion::735::5fb5bb84-915f-40b0-beba-d0470066dc96	5899	735	5fb5bb84-915f-40b0-beba-d0470066dc96	Kero Kero Bonito	https://www.last.fm/music/Kero+Kero+Bonito/_/Sometimes	https://www.last.fm/music/Kero%20Kero%20Bonito	Sometimes	https://www.last.fm/music/Kero%20Kero%20Bonito/Time%20'n'%20Place	0.0	Time 'n' Place	Relief	Relief	6aa02f3a-8a6d-4408-a955-63d9f813eb1b	2	4	CavqXS4APmsZXOAy
onion::735::374ff31b-f91f-4579-9fb5-c7a3e3278add	5900	735	374ff31b-f91f-4579-9fb5-c7a3e3278add	Kero Kero Bonito	https://www.last.fm/music/Kero+Kero+Bonito/_/Visiting+Hours	https://www.last.fm/music/Kero%20Kero%20Bonito	Visiting Hours	https://www.last.fm/music/Kero%20Kero%20Bonito/Time%20'n'%20Place	0.0	Time 'n' Place	Relief	Relief	6aa02f3a-8a6d-4408-a955-63d9f813eb1b	2	4	ZbUzZfrtlhSC5rXD
onion::735::124dbf00-a358-3722-85da-87a14f3d0f80	5911	735	124dbf00-a358-3722-85da-87a14f3d0f80	Modest Mouse	https://www.last.fm/music/Modest+Mouse/_/Ocean+Breathes+Salty	https://www.last.fm/music/Modest%20Mouse	Ocean Breathes Salty	https://www.last.fm/music/Modest%20Mouse/Good%20News%20For%20People%20Who%20Love%20Bad%20News	0.0	Good News For People Who Love Bad News	Relief	Relief	6aa02f3a-8a6d-4408-a955-63d9f813eb1b	2	4	EbDkDpZAYjR8TQBA
onion::735::Dido-White Flag-2-193	5916	735	Dido-White Flag-2-193	Dido	https://www.last.fm/music/Dido/_/White+Flag	https://www.last.fm/music/Dido	White Flag	https://www.last.fm/music/Dido/Life%20for%20Rent	0.0	Life for Rent	Relief	Relief	6aa02f3a-8a6d-4408-a955-63d9f813eb1b	2	4	zbI3TrMSY2chqzRz
onion::735::7d02f052-bf93-4425-a705-a494cf831af0	5919	735	7d02f052-bf93-4425-a705-a494cf831af0	Daft Punk	https://www.last.fm/music/Daft+Punk/_/Face+to+Face	https://www.last.fm/music/Daft%20Punk	Face to Face	https://www.last.fm/music/Daft%20Punk/Discovery	0.0	Discovery	Relief	Relief	6aa02f3a-8a6d-4408-a955-63d9f813eb1b	2	4	5JaBO2JoOR7Is2qC
onion::735::defbfcb2-7a5c-4456-be28-b7e5ccf92cc2	5920	735	defbfcb2-7a5c-4456-be28-b7e5ccf92cc2	Daft Punk	https://www.last.fm/music/Daft+Punk/_/Something+About+Us	https://www.last.fm/music/Daft%20Punk	Something About Us	https://www.last.fm/music/Daft%20Punk/Discovery	0.0	Discovery	Relief	Relief	6aa02f3a-8a6d-4408-a955-63d9f813eb1b	2	4	SZI6pFbowlUQvZ2r
onion::735::0334b281-76cb-4451-a4ea-8608fc09e20a	5921	735	0334b281-76cb-4451-a4ea-8608fc09e20a	Daft Punk	https://www.last.fm/music/Daft+Punk/_/Veridis+Quo	https://www.last.fm/music/Daft%20Punk	Veridis Quo	https://www.last.fm/music/Daft%20Punk/Discovery	0.0	Discovery	Relief	Relief	6aa02f3a-8a6d-4408-a955-63d9f813eb1b	2	4	bwon6zFv5CPGk8Hk
onion::811::6nTiIhLmQ3FWhvrGafw2zj	6859	811	6nTiIhLmQ3FWhvrGafw2zj	Green Day			American Idiot			American Idiot	Beliefs	Political Expression	90841738-679f-4098-8eff-9e14bc7e0221	1	5	l0ahobbDqRsCaepj
onion::910::280a1b93-5276-4935-8f5c-c24198c6e1a9	7602	910	280a1b93-5276-4935-8f5c-c24198c6e1a9	WJSN	https://www.last.fm/music/WJSN/_/MoMoMo	https://www.last.fm/music/WJSN	MoMoMo	https://www.last.fm/music/WJSN/Would%20You%20Like%3F	0.0	Would You Like?	Distraction	Distraction	6f375aa1-5ce2-4c1c-8467-3c7ad06f50aa	3	5	JCmBi4ugSrQMmenT
onion::910::0aoQ9b0zcpSMz8D00E7LgM	7603	910	0aoQ9b0zcpSMz8D00E7LgM	WJSN			SUGAR			HAPPY MOMENT	Distraction	Distraction	6f375aa1-5ce2-4c1c-8467-3c7ad06f50aa	3	5	7KYwahY7P1wW7pZw
onion::934::e1cd6414-8139-460b-a41a-0f3ef756637a	7802	934	e1cd6414-8139-460b-a41a-0f3ef756637a	My Chemical Romance	https://www.last.fm/music/My+Chemical+Romance/_/The+Light+Behind+Your+Eyes	https://www.last.fm/music/My%20Chemical%20Romance	The Light Behind Your Eyes	https://www.last.fm/music/My%20Chemical%20Romance/Number%20Three	0.0	Number Three	Emotion (regulation)	Emotional Resonance	6770475b-786f-4019-8a1b-54f0e537e114	5	5	z3qLNXT80hJXAmY5
onion::743::34736542-00d3-3d37-90bb-d0c5708bde47	5990	743	34736542-00d3-3d37-90bb-d0c5708bde47	Phildel	https://www.last.fm/music/Phildel/_/Moonsea	https://www.last.fm/music/Phildel	Moonsea	https://www.last.fm/music/Phildel/The%20Disappearance%20Of%20The%20Girl	0.0	The Disappearance Of The Girl	Emotion (regulation)	Emotional Resonance	ec95fae4-37bb-471c-806e-840298514805	1	3	7zgmygsMyZS0OtFz
onion::743::3b629511-96a1-4cd7-8518-2de043d145a7	5991	743	3b629511-96a1-4cd7-8518-2de043d145a7	The Birthday Massacre	https://www.last.fm/music/The+Birthday+Massacre/_/Leaving+Tonight	https://www.last.fm/music/The%20Birthday%20Massacre	Leaving Tonight	https://www.last.fm/music/The%20Birthday%20Massacre/Hide%20and%20Seek	0.0	Hide and Seek	Emotion (regulation)	Emotional Resonance	ec95fae4-37bb-471c-806e-840298514805	1	3	vBBGaSjosEYNIu5K
onion::743::35ad6765-edf8-4fc8-ba78-61a8043da01e	5992	743	35ad6765-edf8-4fc8-ba78-61a8043da01e	Mother Mother	https://www.last.fm/music/Mother+Mother/_/It%27s+Alright	https://www.last.fm/music/Mother%20Mother	It's Alright	https://www.last.fm/music/Mother%20Mother/Dance%20And%20Cry	0.0	Dance And Cry	Emotion (regulation)	Emotional Resonance	ec95fae4-37bb-471c-806e-840298514805	1	3	ZBXTSrSGEHbLlNnF
onion::745::30b88c2a-5245-3bff-bb51-459ba06416e1	5998	745	30b88c2a-5245-3bff-bb51-459ba06416e1	Brandy	https://www.last.fm/music/Brandy/_/Best+Friend	https://www.last.fm/music/Brandy	Best Friend	https://www.last.fm/music/Brandy/Brandy	0.0	Brandy	Relief	Relief	87c481ab-9cf6-469d-b8ad-f169d13f1e23	2	5	gR7TjCO9xJTOmCnJ
onion::745::Brandy-I Wanna Be Down-2-163	5999	745	Brandy-I Wanna Be Down-2-163	Brandy	https://www.last.fm/music/Brandy/_/I+Wanna+Be+Down	https://www.last.fm/music/Brandy	I Wanna Be Down	https://www.last.fm/music/Brandy/Brandy	0.0	Brandy	Relief	Relief	87c481ab-9cf6-469d-b8ad-f169d13f1e23	2	5	6avDvC82LLM2yije
onion::746::35ad6765-edf8-4fc8-ba78-61a8043da01e	6007	746	35ad6765-edf8-4fc8-ba78-61a8043da01e	Mother Mother	https://www.last.fm/music/Mother+Mother/_/It%27s+Alright	https://www.last.fm/music/Mother%20Mother	It's Alright	https://www.last.fm/music/Mother%20Mother/Dance%20And%20Cry	0.0	Dance And Cry	Relief	Relief	ec95fae4-37bb-471c-806e-840298514805	1	2	ZBXTSrSGEHbLlNnF
onion::755::e5c0510c-3715-46b9-be80-c31172dd4ce1	6071	755	e5c0510c-3715-46b9-be80-c31172dd4ce1	C418	https://www.last.fm/music/C418/_/Oxyg%C3%A8ne	https://www.last.fm/music/C418	Oxygène	https://www.last.fm/music/C418/Minecraft%20-%20Volume%20Alpha	0.0	Minecraft - Volume Alpha	Relaxing	Comfort and Security	6aa02f3a-8a6d-4408-a955-63d9f813eb1b	2	4	Iu5TjXRiKWZNhAik
onion::755::4fee8641-709e-452a-95d5-95871b7fb183	6073	755	4fee8641-709e-452a-95d5-95871b7fb183	C418	https://www.last.fm/music/C418/_/Dry+Hands	https://www.last.fm/music/C418	Dry Hands	https://www.last.fm/music/C418/Minecraft%20-%20Volume%20Alpha	0.0	Minecraft - Volume Alpha	Relaxing	Comfort and Security	6aa02f3a-8a6d-4408-a955-63d9f813eb1b	2	4	ilYxn8qSrQZ1elBf
onion::817::custom-1770836873687	6929	817	custom-1770836873687	Lorde			Buzzcut Season		0.0	Pure Heroine	(Self-) Reflection / Introspection	Self-Reflection	fd3abaf7-f5e8-43cb-bdc3-2ec9875a2c89	1	2	rrsXRmaMir5yOrZf
onion::755::2275094d-9493-40df-9854-8d3b8edd15a7	6083	755	2275094d-9493-40df-9854-8d3b8edd15a7	C418	https://www.last.fm/music/C418/_/Chris	https://www.last.fm/music/C418	Chris	https://www.last.fm/music/C418/Minecraft%20-%20Volume%20Alpha	0.0	Minecraft - Volume Alpha	Relaxing	Comfort and Security	6aa02f3a-8a6d-4408-a955-63d9f813eb1b	2	4	YjMDAQLvnsYDRNiS
onion::755::Dido-White Flag-2-193	6087	755	Dido-White Flag-2-193	Dido	https://www.last.fm/music/Dido/_/White+Flag	https://www.last.fm/music/Dido	White Flag	https://www.last.fm/music/Dido/Life%20for%20Rent	0.0	Life for Rent	Relaxing	Comfort and Security	6aa02f3a-8a6d-4408-a955-63d9f813eb1b	2	4	zbI3TrMSY2chqzRz
onion::756::08cafe0a-6706-343c-bd09-2db29851835f	6091	756	08cafe0a-6706-343c-bd09-2db29851835f	Rihanna	https://www.last.fm/music/Rihanna/_/Breakin%27+Dishes	https://www.last.fm/music/Rihanna	Breakin' Dishes	https://www.last.fm/music/Rihanna/Good%20Girl%20Gone%20Bad	0.0	Good Girl Gone Bad	Creativity	Creative Visualization	6aa02f3a-8a6d-4408-a955-63d9f813eb1b	2	5	EEDpe8A5q7mkaneL
onion::756::Stacey Q-Two of Hearts-1-49	6095	756	Stacey Q-Two of Hearts-1-49	Stacey Q	https://www.last.fm/music/Stacey+Q/_/Two+of+Hearts	https://www.last.fm/music/Stacey%20Q	Two of Hearts	https://www.last.fm/music/Stacey%20Q/Better%20than%20Heaven	0.0	Better than Heaven	Creativity	Creative Visualization	6aa02f3a-8a6d-4408-a955-63d9f813eb1b	2	5	Xccqfq1iLhRkBK8X
onion::756::4bb3577e-1c98-4a32-b5eb-534df23ffdac	6103	756	4bb3577e-1c98-4a32-b5eb-534df23ffdac	Metronomy	https://www.last.fm/music/Metronomy/_/The+Bay	https://www.last.fm/music/Metronomy	The Bay	https://www.last.fm/music/Metronomy/The%20English%20Riviera	0.0	The English Riviera	Creativity	Creative Visualization	6aa02f3a-8a6d-4408-a955-63d9f813eb1b	2	5	7uv8N33Pw7sNtlvS
onion::756::0d885065-6b29-48af-87a4-2f39bcfa2986	6108	756	0d885065-6b29-48af-87a4-2f39bcfa2986	Lemon Demon	https://www.last.fm/music/Lemon+Demon/_/Touch-Tone+Telephone	https://www.last.fm/music/Lemon%20Demon	Touch-Tone Telephone	https://www.last.fm/music/Lemon%20Demon/Spirit%20Phone	0.0	Spirit Phone	Creativity	Creative Visualization	6aa02f3a-8a6d-4408-a955-63d9f813eb1b	2	5	2ooQh9lqQnT8P6bS
onion::756::657e0402-4372-4f60-9a6c-5903a4c30cc5	6110	756	657e0402-4372-4f60-9a6c-5903a4c30cc5	Imogen Heap	https://www.last.fm/music/Imogen+Heap/_/Headlock	https://www.last.fm/music/Imogen%20Heap	Headlock	https://www.last.fm/music/Imogen%20Heap/Speak%20for%20Yourself	0.0	Speak for Yourself	Creativity	Creative Visualization	6aa02f3a-8a6d-4408-a955-63d9f813eb1b	2	5	1LVCIU4fWhE8ms3W
onion::756::0a12c26b-c3be-4c9e-a963-a8719f7f2dcc	6121	756	0a12c26b-c3be-4c9e-a963-a8719f7f2dcc	TV Girl	https://www.last.fm/music/TV+Girl/_/Lovers+Rock	https://www.last.fm/music/TV%20Girl	Lovers Rock	https://www.last.fm/music/TV%20Girl/French%20Exit	0.0	French Exit	Creativity	Creative Visualization	6aa02f3a-8a6d-4408-a955-63d9f813eb1b	2	5	2HFsFMY433xQqSUM
onion::756::182b3e14-0935-37cc-9b3e-d32ef24a06f0	6127	756	182b3e14-0935-37cc-9b3e-d32ef24a06f0	The Dresden Dolls	https://www.last.fm/music/The+Dresden+Dolls/_/Girl+Anachronism	https://www.last.fm/music/The%20Dresden%20Dolls	Girl Anachronism	https://www.last.fm/music/The%20Dresden%20Dolls/The%20Dresden%20Dolls	0.0	The Dresden Dolls	Creativity	Creative Visualization	6aa02f3a-8a6d-4408-a955-63d9f813eb1b	2	5	58hKf3RzL7dpuFLE
onion::756::6048c788-cfa8-4095-8c26-09871caeddf6	6128	756	6048c788-cfa8-4095-8c26-09871caeddf6	Lemon Demon	https://www.last.fm/music/Lemon+Demon/_/Eighth+Wonder	https://www.last.fm/music/Lemon%20Demon	Eighth Wonder	https://www.last.fm/music/Lemon%20Demon/Spirit%20Phone	0.0	Spirit Phone	Creativity	Creative Visualization	6aa02f3a-8a6d-4408-a955-63d9f813eb1b	2	5	jza81pmKApBN39UY
onion::757::08cafe0a-6706-343c-bd09-2db29851835f	6138	757	08cafe0a-6706-343c-bd09-2db29851835f	Rihanna	https://www.last.fm/music/Rihanna/_/Breakin%27+Dishes	https://www.last.fm/music/Rihanna	Breakin' Dishes	https://www.last.fm/music/Rihanna/Good%20Girl%20Gone%20Bad	0.0	Good Girl Gone Bad	Passion / Pleasure	Habitual Listening	6aa02f3a-8a6d-4408-a955-63d9f813eb1b	3	4	EEDpe8A5q7mkaneL
onion::757::e5c0510c-3715-46b9-be80-c31172dd4ce1	6143	757	e5c0510c-3715-46b9-be80-c31172dd4ce1	C418	https://www.last.fm/music/C418/_/Oxyg%C3%A8ne	https://www.last.fm/music/C418	Oxygène	https://www.last.fm/music/C418/Minecraft%20-%20Volume%20Alpha	0.0	Minecraft - Volume Alpha	Passion / Pleasure	Habitual Listening	6aa02f3a-8a6d-4408-a955-63d9f813eb1b	3	4	Iu5TjXRiKWZNhAik
onion::757::4fee8641-709e-452a-95d5-95871b7fb183	6148	757	4fee8641-709e-452a-95d5-95871b7fb183	C418	https://www.last.fm/music/C418/_/Dry+Hands	https://www.last.fm/music/C418	Dry Hands	https://www.last.fm/music/C418/Minecraft%20-%20Volume%20Alpha	0.0	Minecraft - Volume Alpha	Passion / Pleasure	Habitual Listening	6aa02f3a-8a6d-4408-a955-63d9f813eb1b	3	4	ilYxn8qSrQZ1elBf
onion::757::Stacey Q-Two of Hearts-1-49	6149	757	Stacey Q-Two of Hearts-1-49	Stacey Q	https://www.last.fm/music/Stacey+Q/_/Two+of+Hearts	https://www.last.fm/music/Stacey%20Q	Two of Hearts	https://www.last.fm/music/Stacey%20Q/Better%20than%20Heaven	0.0	Better than Heaven	Passion / Pleasure	Habitual Listening	6aa02f3a-8a6d-4408-a955-63d9f813eb1b	3	4	Xccqfq1iLhRkBK8X
onion::757::877d5542-d2cc-3d58-ad16-e738d01e2aac	6154	757	877d5542-d2cc-3d58-ad16-e738d01e2aac	Katy Perry	https://www.last.fm/music/Katy+Perry/_/Circle+the+Drain	https://www.last.fm/music/Katy%20Perry	Circle the Drain	https://www.last.fm/music/Katy%20Perry/Teenage%20Dream	0.0	Teenage Dream	Passion / Pleasure	Habitual Listening	6aa02f3a-8a6d-4408-a955-63d9f813eb1b	3	4	WXBxVtE1T7OhxhgT
onion::757::60698a03-124a-4a35-8179-3159d0ef92e8	6155	757	60698a03-124a-4a35-8179-3159d0ef92e8	Disclosure	https://www.last.fm/music/Disclosure/_/Jaded	https://www.last.fm/music/Disclosure	Jaded	https://www.last.fm/music/Disclosure/Caracal%20(Deluxe)	0.0	Caracal (Deluxe)	Passion / Pleasure	Habitual Listening	6aa02f3a-8a6d-4408-a955-63d9f813eb1b	3	4	1QrsMIpx3nbyX75S
onion::757::4bb3577e-1c98-4a32-b5eb-534df23ffdac	6158	757	4bb3577e-1c98-4a32-b5eb-534df23ffdac	Metronomy	https://www.last.fm/music/Metronomy/_/The+Bay	https://www.last.fm/music/Metronomy	The Bay	https://www.last.fm/music/Metronomy/The%20English%20Riviera	0.0	The English Riviera	Passion / Pleasure	Habitual Listening	6aa02f3a-8a6d-4408-a955-63d9f813eb1b	3	4	7uv8N33Pw7sNtlvS
onion::757::15da0dad-5407-4db9-b628-9e2b98f0a4c1	6164	757	15da0dad-5407-4db9-b628-9e2b98f0a4c1	Daft Punk	https://www.last.fm/music/Daft+Punk/_/Nightvision	https://www.last.fm/music/Daft%20Punk	Nightvision	https://www.last.fm/music/Daft%20Punk/Discovery	0.0	Discovery	Passion / Pleasure	Habitual Listening	6aa02f3a-8a6d-4408-a955-63d9f813eb1b	3	4	cgmAU8RaivLqOTHe
onion::757::4914b209-869c-4da4-a1ca-f4d478ae563f	6165	757	4914b209-869c-4da4-a1ca-f4d478ae563f	Paramore	https://www.last.fm/music/Paramore/_/Tell+Me+How	https://www.last.fm/music/Paramore	Tell Me How	https://www.last.fm/music/Paramore/After%20Laughter	0.0	After Laughter	Passion / Pleasure	Habitual Listening	6aa02f3a-8a6d-4408-a955-63d9f813eb1b	3	4	873PHsocsWzooGbq
onion::757::0d885065-6b29-48af-87a4-2f39bcfa2986	6169	757	0d885065-6b29-48af-87a4-2f39bcfa2986	Lemon Demon	https://www.last.fm/music/Lemon+Demon/_/Touch-Tone+Telephone	https://www.last.fm/music/Lemon%20Demon	Touch-Tone Telephone	https://www.last.fm/music/Lemon%20Demon/Spirit%20Phone	0.0	Spirit Phone	Passion / Pleasure	Habitual Listening	6aa02f3a-8a6d-4408-a955-63d9f813eb1b	3	4	2ooQh9lqQnT8P6bS
onion::757::657e0402-4372-4f60-9a6c-5903a4c30cc5	6171	757	657e0402-4372-4f60-9a6c-5903a4c30cc5	Imogen Heap	https://www.last.fm/music/Imogen+Heap/_/Headlock	https://www.last.fm/music/Imogen%20Heap	Headlock	https://www.last.fm/music/Imogen%20Heap/Speak%20for%20Yourself	0.0	Speak for Yourself	Passion / Pleasure	Habitual Listening	6aa02f3a-8a6d-4408-a955-63d9f813eb1b	3	4	1LVCIU4fWhE8ms3W
onion::758::defbfcb2-7a5c-4456-be28-b7e5ccf92cc2	6205	758	defbfcb2-7a5c-4456-be28-b7e5ccf92cc2	Daft Punk	https://www.last.fm/music/Daft+Punk/_/Something+About+Us	https://www.last.fm/music/Daft%20Punk	Something About Us	https://www.last.fm/music/Daft%20Punk/Discovery	0.0	Discovery	Emotion (regulation)	Emotional Resonance	6aa02f3a-8a6d-4408-a955-63d9f813eb1b	1	4	SZI6pFbowlUQvZ2r
onion::757::0a12c26b-c3be-4c9e-a963-a8719f7f2dcc	6183	757	0a12c26b-c3be-4c9e-a963-a8719f7f2dcc	TV Girl	https://www.last.fm/music/TV+Girl/_/Lovers+Rock	https://www.last.fm/music/TV%20Girl	Lovers Rock	https://www.last.fm/music/TV%20Girl/French%20Exit	0.0	French Exit	Passion / Pleasure	Habitual Listening	6aa02f3a-8a6d-4408-a955-63d9f813eb1b	3	4	2HFsFMY433xQqSUM
onion::758::182b3e14-0935-37cc-9b3e-d32ef24a06f0	6187	758	182b3e14-0935-37cc-9b3e-d32ef24a06f0	The Dresden Dolls	https://www.last.fm/music/The+Dresden+Dolls/_/Girl+Anachronism	https://www.last.fm/music/The%20Dresden%20Dolls	Girl Anachronism	https://www.last.fm/music/The%20Dresden%20Dolls/The%20Dresden%20Dolls	0.0	The Dresden Dolls	Emotion (regulation)	Emotional Resonance	6aa02f3a-8a6d-4408-a955-63d9f813eb1b	1	4	58hKf3RzL7dpuFLE
onion::758::16037b88-d3a4-42f0-b238-b99baaf958d8	6198	758	16037b88-d3a4-42f0-b238-b99baaf958d8	Paramore	https://www.last.fm/music/Paramore/_/Pool	https://www.last.fm/music/Paramore	Pool	https://www.last.fm/music/Paramore/After%20Laughter	0.0	After Laughter	Emotion (regulation)	Emotional Resonance	6aa02f3a-8a6d-4408-a955-63d9f813eb1b	1	4	z5eVg04EjJrFvx07
onion::758::7d02f052-bf93-4425-a705-a494cf831af0	6199	758	7d02f052-bf93-4425-a705-a494cf831af0	Daft Punk	https://www.last.fm/music/Daft+Punk/_/Face+to+Face	https://www.last.fm/music/Daft%20Punk	Face to Face	https://www.last.fm/music/Daft%20Punk/Discovery	0.0	Discovery	Emotion (regulation)	Emotional Resonance	6aa02f3a-8a6d-4408-a955-63d9f813eb1b	1	4	5JaBO2JoOR7Is2qC
onion::758::124dbf00-a358-3722-85da-87a14f3d0f80	6206	758	124dbf00-a358-3722-85da-87a14f3d0f80	Modest Mouse	https://www.last.fm/music/Modest+Mouse/_/Ocean+Breathes+Salty	https://www.last.fm/music/Modest%20Mouse	Ocean Breathes Salty	https://www.last.fm/music/Modest%20Mouse/Good%20News%20For%20People%20Who%20Love%20Bad%20News	0.0	Good News For People Who Love Bad News	Emotion (regulation)	Emotional Resonance	6aa02f3a-8a6d-4408-a955-63d9f813eb1b	1	4	EbDkDpZAYjR8TQBA
onion::758::00cb4e72-4f6f-4b6c-8d8d-6e9445efe757	6209	758	00cb4e72-4f6f-4b6c-8d8d-6e9445efe757	Taylor Swift	https://www.last.fm/music/Taylor+Swift/_/Haunted	https://www.last.fm/music/Taylor%20Swift	Haunted	https://www.last.fm/music/Taylor%20Swift/Speak%20Now	0.0	Speak Now	Emotion (regulation)	Emotional Resonance	6aa02f3a-8a6d-4408-a955-63d9f813eb1b	1	4	xpAHEJOhAc7XQZP2
onion::758::fc98cef7-9655-4ae2-b781-3b9d98ba81d2	6211	758	fc98cef7-9655-4ae2-b781-3b9d98ba81d2	Rosemary Fairweather	https://www.last.fm/music/Rosemary+Fairweather/_/Chemicals	https://www.last.fm/music/Rosemary%20Fairweather	Chemicals	https://www.last.fm/music/Rosemary%20Fairweather/Heavenly	0.0	Heavenly	Emotion (regulation)	Emotional Resonance	6aa02f3a-8a6d-4408-a955-63d9f813eb1b	1	4	uV1ib4MqzJWTgDkD
onion::759::67eb14fa-2280-43f9-8724-156e39db2914	6214	759	67eb14fa-2280-43f9-8724-156e39db2914	Taylor Swift	https://www.last.fm/music/Taylor+Swift/_/Picture+to+Burn	https://www.last.fm/music/Taylor%20Swift	Picture to Burn	https://www.last.fm/music/Taylor%20Swift/Taylor%20Swift	0.0	Taylor Swift	Calming	Frustration Venting	6aa02f3a-8a6d-4408-a955-63d9f813eb1b	1	4	NLDnWLcmYl9vluUM
onion::759::0466b641-6c85-4373-8a3a-0f8501fbc641	6215	759	0466b641-6c85-4373-8a3a-0f8501fbc641	Foster the People	https://www.last.fm/music/Foster+the+People/_/A+Beginner%27s+Guide+to+Destroying+the+Moon	https://www.last.fm/music/Foster%20the%20People	A Beginner's Guide to Destroying the Moon	https://www.last.fm/music/Foster%20the%20People/Supermodel	0.0	Supermodel	Calming	Frustration Venting	6aa02f3a-8a6d-4408-a955-63d9f813eb1b	1	4	WmUu4mwQ1L184aBX
onion::759::24a21e25-36dc-4976-8ebf-c39492269447	6222	759	24a21e25-36dc-4976-8ebf-c39492269447	Kero Kero Bonito	https://www.last.fm/music/Kero+Kero+Bonito/_/Outside	https://www.last.fm/music/Kero%20Kero%20Bonito	Outside	https://www.last.fm/music/Kero%20Kero%20Bonito/Time%20'n'%20Place	0.0	Time 'n' Place	Calming	Frustration Venting	6aa02f3a-8a6d-4408-a955-63d9f813eb1b	1	4	VuKzMC7GCagtroTb
onion::759::1bbe87a2-8184-4afd-b195-3ba4540dee0a	6223	759	1bbe87a2-8184-4afd-b195-3ba4540dee0a	Kero Kero Bonito	https://www.last.fm/music/Kero+Kero+Bonito/_/Dump	https://www.last.fm/music/Kero%20Kero%20Bonito	Dump	https://www.last.fm/music/Kero%20Kero%20Bonito/Time%20'n'%20Place	0.0	Time 'n' Place	Calming	Frustration Venting	6aa02f3a-8a6d-4408-a955-63d9f813eb1b	1	4	nHCDyywOBly6TijJ
onion::759::04c72c7e-aa43-4f3f-b58a-c1533ba48fba	6224	759	04c72c7e-aa43-4f3f-b58a-c1533ba48fba	Kero Kero Bonito			Flyway			Time 'n' Place	Calming	Frustration Venting	6aa02f3a-8a6d-4408-a955-63d9f813eb1b	1	4	y2e8Hs6cQUMrLZkt
onion::760::0a8c191a-6c96-48ac-ab20-a51028d9e5ee	6229	760	0a8c191a-6c96-48ac-ab20-a51028d9e5ee	Kero Kero Bonito	https://www.last.fm/music/Kero+Kero+Bonito/_/Trampoline	https://www.last.fm/music/Kero%20Kero%20Bonito	Trampoline	https://www.last.fm/music/Kero%20Kero%20Bonito/Bonito%20Generation	0.0	Bonito Generation	Stimulation	Empowerment	6aa02f3a-8a6d-4408-a955-63d9f813eb1b	1	3	ZUj5krqZHiqkDkyF
onion::760::25821c2b-b2cc-4340-8beb-bfd169636d5e	6230	760	25821c2b-b2cc-4340-8beb-bfd169636d5e	Kero Kero Bonito	https://www.last.fm/music/Kero+Kero+Bonito/_/Dear+Future+Self	https://www.last.fm/music/Kero%20Kero%20Bonito	Dear Future Self	https://www.last.fm/music/Kero%20Kero%20Bonito/Time%20'n'%20Place	0.0	Time 'n' Place	Stimulation	Empowerment	6aa02f3a-8a6d-4408-a955-63d9f813eb1b	1	3	DGYtRaPtyMKGeJ8R
onion::760::16d2d4d3-5955-4a0f-bbf1-5cd454a4b32f	6231	760	16d2d4d3-5955-4a0f-bbf1-5cd454a4b32f	Kero Kero Bonito	https://www.last.fm/music/Kero+Kero+Bonito/_/You+Know+How+It+Is	https://www.last.fm/music/Kero%20Kero%20Bonito	You Know How It Is	https://www.last.fm/music/Kero%20Kero%20Bonito/TOTEP	0.0	TOTEP	Stimulation	Empowerment	6aa02f3a-8a6d-4408-a955-63d9f813eb1b	1	3	UfWU7FbchZUh2SnL
onion::760::24a21e25-36dc-4976-8ebf-c39492269447	6232	760	24a21e25-36dc-4976-8ebf-c39492269447	Kero Kero Bonito	https://www.last.fm/music/Kero+Kero+Bonito/_/Outside	https://www.last.fm/music/Kero%20Kero%20Bonito	Outside	https://www.last.fm/music/Kero%20Kero%20Bonito/Time%20'n'%20Place	0.0	Time 'n' Place	Stimulation	Empowerment	6aa02f3a-8a6d-4408-a955-63d9f813eb1b	1	3	VuKzMC7GCagtroTb
onion::760::374ff31b-f91f-4579-9fb5-c7a3e3278add	6233	760	374ff31b-f91f-4579-9fb5-c7a3e3278add	Kero Kero Bonito	https://www.last.fm/music/Kero+Kero+Bonito/_/Visiting+Hours	https://www.last.fm/music/Kero%20Kero%20Bonito	Visiting Hours	https://www.last.fm/music/Kero%20Kero%20Bonito/Time%20'n'%20Place	0.0	Time 'n' Place	Stimulation	Empowerment	6aa02f3a-8a6d-4408-a955-63d9f813eb1b	1	3	ZbUzZfrtlhSC5rXD
onion::760::5fb5bb84-915f-40b0-beba-d0470066dc96	6234	760	5fb5bb84-915f-40b0-beba-d0470066dc96	Kero Kero Bonito	https://www.last.fm/music/Kero+Kero+Bonito/_/Sometimes	https://www.last.fm/music/Kero%20Kero%20Bonito	Sometimes	https://www.last.fm/music/Kero%20Kero%20Bonito/Time%20'n'%20Place	0.0	Time 'n' Place	Stimulation	Empowerment	6aa02f3a-8a6d-4408-a955-63d9f813eb1b	1	3	CavqXS4APmsZXOAy
onion::760::04c72c7e-aa43-4f3f-b58a-c1533ba48fba	6236	760	04c72c7e-aa43-4f3f-b58a-c1533ba48fba	Kero Kero Bonito			Flyway			Time 'n' Place	Stimulation	Empowerment	6aa02f3a-8a6d-4408-a955-63d9f813eb1b	1	3	y2e8Hs6cQUMrLZkt
onion::760::Stacey Q-Two of Hearts-1-49	6237	760	Stacey Q-Two of Hearts-1-49	Stacey Q	https://www.last.fm/music/Stacey+Q/_/Two+of+Hearts	https://www.last.fm/music/Stacey%20Q	Two of Hearts	https://www.last.fm/music/Stacey%20Q/Better%20than%20Heaven	0.0	Better than Heaven	Stimulation	Empowerment	6aa02f3a-8a6d-4408-a955-63d9f813eb1b	1	3	Xccqfq1iLhRkBK8X
onion::760::16037b88-d3a4-42f0-b238-b99baaf958d8	6238	760	16037b88-d3a4-42f0-b238-b99baaf958d8	Paramore	https://www.last.fm/music/Paramore/_/Pool	https://www.last.fm/music/Paramore	Pool	https://www.last.fm/music/Paramore/After%20Laughter	0.0	After Laughter	Stimulation	Empowerment	6aa02f3a-8a6d-4408-a955-63d9f813eb1b	1	3	z5eVg04EjJrFvx07
onion::761::182b3e14-0935-37cc-9b3e-d32ef24a06f0	6251	761	182b3e14-0935-37cc-9b3e-d32ef24a06f0	The Dresden Dolls	https://www.last.fm/music/The+Dresden+Dolls/_/Girl+Anachronism	https://www.last.fm/music/The%20Dresden%20Dolls	Girl Anachronism	https://www.last.fm/music/The%20Dresden%20Dolls/The%20Dresden%20Dolls	0.0	The Dresden Dolls	Understanding	World Understanding	6aa02f3a-8a6d-4408-a955-63d9f813eb1b	1	2	58hKf3RzL7dpuFLE
onion::762::Blondie-Dreaming-1-8	6252	762	Blondie-Dreaming-1-8	Blondie	https://www.last.fm/music/Blondie/_/Dreaming	https://www.last.fm/music/Blondie	Dreaming	https://www.last.fm/music/Blondie/Eat%20to%20the%20Beat	0.0	Eat to the Beat	Well-Being	Pleasure & Enjoyment	88d2e295-6bb0-463d-a7a4-2a6ba2c29212	5	4	9lzeAMDbnD2yfNSa
onion::762::0a412dd4-0324-3935-8b06-123c8459ec88	6255	762	0a412dd4-0324-3935-8b06-123c8459ec88	Throwing Muses	https://www.last.fm/music/Throwing+Muses/_/Not+Too+Soon	https://www.last.fm/music/Throwing%20Muses	Not Too Soon	https://www.last.fm/music/Throwing%20Muses/The%20Real%20Ramona	0.0	The Real Ramona	Well-Being	Pleasure & Enjoyment	88d2e295-6bb0-463d-a7a4-2a6ba2c29212	5	4	2dVEEzoMPhsZBQND
onion::908::2c0c1fd5-b9e1-4e0d-8589-e07caed550b3	7581	908	2c0c1fd5-b9e1-4e0d-8589-e07caed550b3	JUS2	https://www.last.fm/music/JUS2/_/Love+Talk	https://www.last.fm/music/JUS2	Love Talk	https://www.last.fm/music/JUS2/FOCUS	0.0	FOCUS	Passion / Pleasure	Habitual Listening	6f375aa1-5ce2-4c1c-8467-3c7ad06f50aa	3	4	7sViomGHVs9tvT1T
onion::911::5a55fc33-ff36-36cd-97cf-68e627d11168	7605	911	5a55fc33-ff36-36cd-97cf-68e627d11168	Flying Lotus	https://www.last.fm/music/Flying+Lotus/_/Zodiac+Shit	https://www.last.fm/music/Flying%20Lotus	Zodiac Shit	https://www.last.fm/music/Flying%20Lotus/Cosmogramma	0.0	Cosmogramma	Motivation	Background Utility	6f375aa1-5ce2-4c1c-8467-3c7ad06f50aa	1	3	dR2YlcLAsPyEHKDB
onion::764::59Fhvzw9T3dcxTbGzbNvg2	6273	764	59Fhvzw9T3dcxTbGzbNvg2	The Go-Go's			This Town			Beauty And The Beat	Awareness	Bodily Sensation	88d2e295-6bb0-463d-a7a4-2a6ba2c29212	3	3	27PKLgZtrIgtNDce
onion::765::43e5046d-78e6-4162-acb5-0ebedb278574	6279	765	43e5046d-78e6-4162-acb5-0ebedb278574	Disclosure	https://www.last.fm/music/Disclosure/_/F+for+You	https://www.last.fm/music/Disclosure	F for You	https://www.last.fm/music/Disclosure/Settle%20(Deluxe)	0.0	Settle (Deluxe)	Passion / Pleasure	Habitual Listening	ce81f328-c6cd-4286-8298-b359d56af635	2	4	KqLr3PGal9VMHW0e
onion::765::1izvrCbd0C75ScVDI6uVOl	6280	765	1izvrCbd0C75ScVDI6uVOl	Gorilla Biscuits			Start Today			Start Today	Passion / Pleasure	Habitual Listening	ce81f328-c6cd-4286-8298-b359d56af635	2	4	DkKFYhnBJ4WHTXzm
onion::768::8c949f20-79af-4592-9cd8-b9063c26c627	6295	768	8c949f20-79af-4592-9cd8-b9063c26c627	Lorde	https://www.last.fm/music/Lorde/_/The+Louvre	https://www.last.fm/music/Lorde	The Louvre	https://www.last.fm/music/Lorde/Melodrama	0.0	Melodrama	(Self-) Reflection / Introspection	Self-Reflection	88d2e295-6bb0-463d-a7a4-2a6ba2c29212	2	2	y15PxmDsr87Ul3AB
onion::768::0a412dd4-0324-3935-8b06-123c8459ec88	6297	768	0a412dd4-0324-3935-8b06-123c8459ec88	Throwing Muses	https://www.last.fm/music/Throwing+Muses/_/Not+Too+Soon	https://www.last.fm/music/Throwing%20Muses	Not Too Soon	https://www.last.fm/music/Throwing%20Muses/The%20Real%20Ramona	0.0	The Real Ramona	(Self-) Reflection / Introspection	Self-Reflection	88d2e295-6bb0-463d-a7a4-2a6ba2c29212	2	2	2dVEEzoMPhsZBQND
onion::770::5gSHlT2SI0dtjeHrjj96A1	6308	770	5gSHlT2SI0dtjeHrjj96A1	The Sundays			Here's Where The Story Ends			Reading Writing And Arithmetic	Passion / Pleasure	Habitual Listening	88d2e295-6bb0-463d-a7a4-2a6ba2c29212	3	3	xBSWF5nNmhEWWfXj
onion::770::4UnHeODuLgCNtCYBzDXDx9	6309	770	4UnHeODuLgCNtCYBzDXDx9	The Cure			Secrets			Seventeen Seconds	Passion / Pleasure	Habitual Listening	88d2e295-6bb0-463d-a7a4-2a6ba2c29212	3	3	gkkIBMfgjiHDsO9f
onion::770::0a412dd4-0324-3935-8b06-123c8459ec88	6311	770	0a412dd4-0324-3935-8b06-123c8459ec88	Throwing Muses	https://www.last.fm/music/Throwing+Muses/_/Not+Too+Soon	https://www.last.fm/music/Throwing%20Muses	Not Too Soon	https://www.last.fm/music/Throwing%20Muses/The%20Real%20Ramona	0.0	The Real Ramona	Passion / Pleasure	Habitual Listening	88d2e295-6bb0-463d-a7a4-2a6ba2c29212	3	3	2dVEEzoMPhsZBQND
onion::770::99947c0b-6d8b-3116-a28e-01d802cee57b	6314	770	99947c0b-6d8b-3116-a28e-01d802cee57b	Book of Love	https://www.last.fm/music/Book+of+Love/_/Boy	https://www.last.fm/music/Book%20of%20Love	Boy	https://www.last.fm/music/Book%20of%20Love/Book%20of%20Love	0.0	Book of Love	Passion / Pleasure	Habitual Listening	88d2e295-6bb0-463d-a7a4-2a6ba2c29212	3	3	1K7zJdVbFkvcaZiL
onion::771::Cheap Trick-Surrender-1-15	6316	771	Cheap Trick-Surrender-1-15	Cheap Trick	https://www.last.fm/music/Cheap+Trick/_/Surrender	https://www.last.fm/music/Cheap%20Trick	Surrender	https://www.last.fm/music/Cheap%20Trick/Heaven%20Tonight	0.0	Heaven Tonight	Escape	Letting Go	88d2e295-6bb0-463d-a7a4-2a6ba2c29212	2	3	RohvUVuOW3C4dNWx
onion::771::986645ce-32d0-42ba-999a-7faf2603aa7e	6319	771	986645ce-32d0-42ba-999a-7faf2603aa7e	Madonna	https://www.last.fm/music/Madonna/_/Into+the+Groove	https://www.last.fm/music/Madonna	Into the Groove	https://www.last.fm/music/Madonna/Angel	0.0	Angel	Escape	Letting Go	88d2e295-6bb0-463d-a7a4-2a6ba2c29212	2	3	ACJooOrpJl0RtQWa
onion::771::99947c0b-6d8b-3116-a28e-01d802cee57b	6320	771	99947c0b-6d8b-3116-a28e-01d802cee57b	Book of Love	https://www.last.fm/music/Book+of+Love/_/Boy	https://www.last.fm/music/Book%20of%20Love	Boy	https://www.last.fm/music/Book%20of%20Love/Book%20of%20Love	0.0	Book of Love	Escape	Letting Go	88d2e295-6bb0-463d-a7a4-2a6ba2c29212	2	3	1K7zJdVbFkvcaZiL
onion::771::Blondie-Dreaming-1-8	6321	771	Blondie-Dreaming-1-8	Blondie	https://www.last.fm/music/Blondie/_/Dreaming	https://www.last.fm/music/Blondie	Dreaming	https://www.last.fm/music/Blondie/Eat%20to%20the%20Beat	0.0	Eat to the Beat	Escape	Letting Go	88d2e295-6bb0-463d-a7a4-2a6ba2c29212	2	3	9lzeAMDbnD2yfNSa
onion::773::0a412dd4-0324-3935-8b06-123c8459ec88	6332	773	0a412dd4-0324-3935-8b06-123c8459ec88	Throwing Muses	https://www.last.fm/music/Throwing+Muses/_/Not+Too+Soon	https://www.last.fm/music/Throwing%20Muses	Not Too Soon	https://www.last.fm/music/Throwing%20Muses/The%20Real%20Ramona	0.0	The Real Ramona	Entertainment	Singing Along	88d2e295-6bb0-463d-a7a4-2a6ba2c29212	1	2	2dVEEzoMPhsZBQND
onion::774::0a412dd4-0324-3935-8b06-123c8459ec88	6338	774	0a412dd4-0324-3935-8b06-123c8459ec88	Throwing Muses	https://www.last.fm/music/Throwing+Muses/_/Not+Too+Soon	https://www.last.fm/music/Throwing%20Muses	Not Too Soon	https://www.last.fm/music/Throwing%20Muses/The%20Real%20Ramona	0.0	The Real Ramona	Nostalgia	Nostalgia	88d2e295-6bb0-463d-a7a4-2a6ba2c29212	3	4	2dVEEzoMPhsZBQND
onion::774::99947c0b-6d8b-3116-a28e-01d802cee57b	6339	774	99947c0b-6d8b-3116-a28e-01d802cee57b	Book of Love	https://www.last.fm/music/Book+of+Love/_/Boy	https://www.last.fm/music/Book%20of%20Love	Boy	https://www.last.fm/music/Book%20of%20Love/Book%20of%20Love	0.0	Book of Love	Nostalgia	Nostalgia	88d2e295-6bb0-463d-a7a4-2a6ba2c29212	3	4	1K7zJdVbFkvcaZiL
onion::776::6OGRM4MAOlyOdhHuX0OJ6P	6357	776	6OGRM4MAOlyOdhHuX0OJ6P	Moderat			A New Error			Moderat	Relief	Relief	ce81f328-c6cd-4286-8298-b359d56af635	1	4	RWXPvXZRrB0lzHkE
onion::778::ba225235-54eb-3226-9124-3e3ee0d6d1a4	6366	778	ba225235-54eb-3226-9124-3e3ee0d6d1a4	Tigers Jaw	https://www.last.fm/music/Tigers+Jaw/_/Crystal+Vision	https://www.last.fm/music/Tigers%20Jaw	Crystal Vision	https://www.last.fm/music/Tigers%20Jaw/Spirit%20Desire	0.0	Spirit Desire	Well-Being	Pleasure & Enjoyment	eaaecba8-478d-4efe-8de1-d102708e6086	3	5	IqtPKqLxizz8oakJ
onion::778::c67f2c15-d267-3fc6-aaa5-a30275fe51f0	6367	778	c67f2c15-d267-3fc6-aaa5-a30275fe51f0	Backtrack	https://www.last.fm/music/Backtrack/_/The+Worst+Of+Both+Worlds	https://www.last.fm/music/Backtrack	The Worst Of Both Worlds	https://www.last.fm/music/Backtrack/Darker%20Half	0.0	Darker Half	Well-Being	Pleasure & Enjoyment	eaaecba8-478d-4efe-8de1-d102708e6086	3	5	5HUdnm6uceG7GqPn
onion::778::eaa73e37-aadb-40b1-ac89-51c6e0b70f98	6368	778	eaa73e37-aadb-40b1-ac89-51c6e0b70f98	Incendiary	https://www.last.fm/music/Incendiary/_/Front+Toward+Enemy	https://www.last.fm/music/Incendiary	Front Toward Enemy	https://www.last.fm/music/Incendiary/Thousand%20Mile%20Stare	0.0	Thousand Mile Stare	Well-Being	Pleasure & Enjoyment	eaaecba8-478d-4efe-8de1-d102708e6086	3	5	9D2NFhxz6hSpo5Ii
onion::778::74e5c6b9-3082-4ad4-b7c9-781c6e33a09a	6370	778	74e5c6b9-3082-4ad4-b7c9-781c6e33a09a	Steely Dan	https://www.last.fm/music/Steely+Dan/_/Dirty+Work	https://www.last.fm/music/Steely%20Dan	Dirty Work	https://www.last.fm/music/Steely%20Dan/Can't%20Buy%20A%20Thrill	0.0	Can't Buy A Thrill	Well-Being	Pleasure & Enjoyment	eaaecba8-478d-4efe-8de1-d102708e6086	3	5	EdMHsiwiWvSFBPs5
onion::779::1163dacb-a386-4b0f-b84b-5c9c0ae89f68	6379	779	1163dacb-a386-4b0f-b84b-5c9c0ae89f68	Sun Kil Moon	https://www.last.fm/music/Sun+Kil+Moon/_/Carry+Me+Ohio	https://www.last.fm/music/Sun%20Kil%20Moon	Carry Me Ohio	https://www.last.fm/music/Sun%20Kil%20Moon/Ghosts%20of%20the%20Great%20Highway	0.0	Ghosts of the Great Highway	Emotion (regulation)	Emotional Resonance	eaaecba8-478d-4efe-8de1-d102708e6086	4	5	dovvCu3hD3t1EXq8
onion::801::custom-1770834735377	6721	801	custom-1770834735377	Cold			Existence		0.0		(Self-) Reflection / Introspection	Self-Reflection	c1f74f3c-0bf1-4b86-a399-093fc6809911	2	3	Vrb1bpufls9Y5J0F
onion::779::24311d8f-c58f-42dd-b0fe-d41e52df37f3	6382	779	24311d8f-c58f-42dd-b0fe-d41e52df37f3	Sun Kil Moon	https://www.last.fm/music/Sun+Kil+Moon/_/Duk+Koo+Kim	https://www.last.fm/music/Sun%20Kil%20Moon	Duk Koo Kim	https://www.last.fm/music/Sun%20Kil%20Moon/Ghosts%20of%20the%20Great%20Highway	0.0	Ghosts of the Great Highway	Emotion (regulation)	Emotional Resonance	eaaecba8-478d-4efe-8de1-d102708e6086	4	5	fVIdrI2P5FzC0u8h
onion::779::11302203-e3ec-3838-a8a6-0f475b2f6371	6384	779	11302203-e3ec-3838-a8a6-0f475b2f6371	Slowdive	https://www.last.fm/music/Slowdive/_/Dagger	https://www.last.fm/music/Slowdive	Dagger	https://www.last.fm/music/Slowdive/Souvlaki	0.0	Souvlaki	Emotion (regulation)	Emotional Resonance	eaaecba8-478d-4efe-8de1-d102708e6086	4	5	Hw9KHXvuhckeF6aT
onion::780::1b319ab5-9e0e-385d-a88c-fb4a2ef9f485	6390	780	1b319ab5-9e0e-385d-a88c-fb4a2ef9f485	Tigers Jaw	https://www.last.fm/music/Tigers+Jaw/_/Spirit+Desire	https://www.last.fm/music/Tigers%20Jaw	Spirit Desire	https://www.last.fm/music/Tigers%20Jaw/Spirit%20Desire	0.0	Spirit Desire	Relief	Relief	eaaecba8-478d-4efe-8de1-d102708e6086	4	5	yzGqtQW9BPGe258w
onion::780::83b387f3-567b-3091-8185-f792463f6fdd	6397	780	83b387f3-567b-3091-8185-f792463f6fdd	Title Fight	https://www.last.fm/music/Title+Fight/_/Sympathy	https://www.last.fm/music/Title%20Fight	Sympathy	https://www.last.fm/music/Title%20Fight/Floral%20Green	0.0	Floral Green	Relief	Relief	eaaecba8-478d-4efe-8de1-d102708e6086	4	5	NpCTWbsRK9yx4E45
onion::780::0e020fd0-fe28-417c-85ec-d34c6cfaea65	6398	780	0e020fd0-fe28-417c-85ec-d34c6cfaea65	Title Fight	https://www.last.fm/music/Title+Fight/_/Blush	https://www.last.fm/music/Title%20Fight	Blush	https://www.last.fm/music/Title%20Fight/Spring%20Songs	0.0	Spring Songs	Relief	Relief	eaaecba8-478d-4efe-8de1-d102708e6086	4	5	R4R6vZSYRrVsmsA5
onion::780::2cedf65f-02c7-328d-9189-af21821e0421	6399	780	2cedf65f-02c7-328d-9189-af21821e0421	Title Fight	https://www.last.fm/music/Title+Fight/_/Lefty	https://www.last.fm/music/Title%20Fight	Lefty	https://www.last.fm/music/Title%20Fight/Floral%20Green	0.0	Floral Green	Relief	Relief	eaaecba8-478d-4efe-8de1-d102708e6086	4	5	WVF8FI0OudiTPp4a
onion::780::99031221-1e8e-4088-a7ab-13728deaaf5d	6400	780	99031221-1e8e-4088-a7ab-13728deaaf5d	Title Fight	https://www.last.fm/music/Title+Fight/_/Be+A+Toy	https://www.last.fm/music/Title%20Fight	Be A Toy	https://www.last.fm/music/Title%20Fight/Spring%20Songs	0.0	Spring Songs	Relief	Relief	eaaecba8-478d-4efe-8de1-d102708e6086	4	5	cWi8ZLRpdK8W4qF2
onion::781::024f9448-f83d-4689-bbfe-1b3bcf50abdb	6402	781	024f9448-f83d-4689-bbfe-1b3bcf50abdb	The Rapture	https://www.last.fm/music/The+Rapture/_/Sail+Away	https://www.last.fm/music/The%20Rapture	Sail Away	https://www.last.fm/music/The%20Rapture/In%20the%20Grace%20of%20Your%20Love	0.0	In the Grace of Your Love	Energy	Morning Wake-Up	ce81f328-c6cd-4286-8298-b359d56af635	1	4	mxAw2yZ2hnDEaSit
onion::781::0cfbc359-8923-4a57-9655-51340826b71b	6403	781	0cfbc359-8923-4a57-9655-51340826b71b	The Cranberries	https://www.last.fm/music/The+Cranberries/_/Wanted	https://www.last.fm/music/The%20Cranberries	Wanted	https://www.last.fm/music/The%20Cranberries/Everybody%20Else%20Is%20Doing%20It%2C%20So%20Why%20Can't%20We%3F	0.0	Everybody Else Is Doing It, So Why Can't We?	Energy	Morning Wake-Up	ce81f328-c6cd-4286-8298-b359d56af635	1	4	yYXRLsjEdOsxhSXL
onion::781::137e999d-503a-348c-a84c-d6883e87c38f	6404	781	137e999d-503a-348c-a84c-d6883e87c38f	Beck	https://www.last.fm/music/Beck/_/Go+It+Alone	https://www.last.fm/music/Beck	Go It Alone	https://www.last.fm/music/Beck/Guero	0.0	Guero	Energy	Morning Wake-Up	ce81f328-c6cd-4286-8298-b359d56af635	1	4	vhpaQQuoWxowrbQH
onion::782::b5915394-4de8-46e6-acb0-357be0ef9d74	6413	782	b5915394-4de8-46e6-acb0-357be0ef9d74	The Story So Far	https://www.last.fm/music/The+Story+So+Far/_/Navy+Blue	https://www.last.fm/music/The%20Story%20So%20Far	Navy Blue	https://www.last.fm/music/The%20Story%20So%20Far/Songs%20Of	0.0	Songs Of	Relaxing	Comfort and Security	eaaecba8-478d-4efe-8de1-d102708e6086	2	5	FgVRx5Fvg0N3uSal
onion::783::52b30624-5cff-494f-be24-944c4114aa06	6420	783	52b30624-5cff-494f-be24-944c4114aa06	The Story So Far	https://www.last.fm/music/The+Story+So+Far/_/Closure	https://www.last.fm/music/The%20Story%20So%20Far	Closure	https://www.last.fm/music/The%20Story%20So%20Far/Under%20Soil%20and%20Dirt	0.0	Under Soil and Dirt	(Self-) Reflection / Introspection	Self-Reflection	eaaecba8-478d-4efe-8de1-d102708e6086	1	3	YBnRQGFsQ0oQ363W
onion::783::e0905534-0f31-46e6-8851-938198c89578	6422	783	e0905534-0f31-46e6-8851-938198c89578	Hum	https://www.last.fm/music/Hum/_/Why+I+Like+The+Robins	https://www.last.fm/music/Hum	Why I Like The Robins	https://www.last.fm/music/Hum/You'd%20Prefer%20an%20Astronaut	0.0	You'd Prefer an Astronaut	(Self-) Reflection / Introspection	Self-Reflection	eaaecba8-478d-4efe-8de1-d102708e6086	1	3	4rxZU0ggClzaRBSZ
onion::784::1163dacb-a386-4b0f-b84b-5c9c0ae89f68	6426	784	1163dacb-a386-4b0f-b84b-5c9c0ae89f68	Sun Kil Moon	https://www.last.fm/music/Sun+Kil+Moon/_/Carry+Me+Ohio	https://www.last.fm/music/Sun%20Kil%20Moon	Carry Me Ohio	https://www.last.fm/music/Sun%20Kil%20Moon/Ghosts%20of%20the%20Great%20Highway	0.0	Ghosts of the Great Highway	Nostalgia	Nostalgia	eaaecba8-478d-4efe-8de1-d102708e6086	2	3	dovvCu3hD3t1EXq8
onion::785::127ba4d5-cc2a-43d8-a664-fda861a6324f	6431	785	127ba4d5-cc2a-43d8-a664-fda861a6324f	Incendiary	https://www.last.fm/music/Incendiary/_/No+Purity	https://www.last.fm/music/Incendiary	No Purity	https://www.last.fm/music/Incendiary/Thousand%20Mile%20Stare	0.0	Thousand Mile Stare	Connection / Belonging	Connection / Belonging	eaaecba8-478d-4efe-8de1-d102708e6086	3	4	JuIvamtkMYHDS5IS
onion::785::c67f2c15-d267-3fc6-aaa5-a30275fe51f0	6433	785	c67f2c15-d267-3fc6-aaa5-a30275fe51f0	Backtrack	https://www.last.fm/music/Backtrack/_/The+Worst+Of+Both+Worlds	https://www.last.fm/music/Backtrack	The Worst Of Both Worlds	https://www.last.fm/music/Backtrack/Darker%20Half	0.0	Darker Half	Connection / Belonging	Connection / Belonging	eaaecba8-478d-4efe-8de1-d102708e6086	3	4	5HUdnm6uceG7GqPn
onion::787::eaa73e37-aadb-40b1-ac89-51c6e0b70f98	6456	787	eaa73e37-aadb-40b1-ac89-51c6e0b70f98	Incendiary	https://www.last.fm/music/Incendiary/_/Front+Toward+Enemy	https://www.last.fm/music/Incendiary	Front Toward Enemy	https://www.last.fm/music/Incendiary/Thousand%20Mile%20Stare	0.0	Thousand Mile Stare	Learning	Understanding Others	eaaecba8-478d-4efe-8de1-d102708e6086	1	2	9D2NFhxz6hSpo5Ii
onion::788::c67f2c15-d267-3fc6-aaa5-a30275fe51f0	6460	788	c67f2c15-d267-3fc6-aaa5-a30275fe51f0	Backtrack	https://www.last.fm/music/Backtrack/_/The+Worst+Of+Both+Worlds	https://www.last.fm/music/Backtrack	The Worst Of Both Worlds	https://www.last.fm/music/Backtrack/Darker%20Half	0.0	Darker Half	Support	Support	eaaecba8-478d-4efe-8de1-d102708e6086	1	3	5HUdnm6uceG7GqPn
onion::790::Sick of It All-Inner Vision-2-249	6474	790	Sick of It All-Inner Vision-2-249	Sick of It All	https://www.last.fm/music/Sick+of+It+All/_/Inner+Vision	https://www.last.fm/music/Sick%20of%20It%20All	Inner Vision	https://www.last.fm/music/Sick%20of%20It%20All/Wake%20the%20Sleeping%20Dragon!	0.0	Wake the Sleeping Dragon!	Stimulation	Empowerment	ce81f328-c6cd-4286-8298-b359d56af635	1	5	8nuvJOjzOYlr9i82
onion::792::1e15182e-3da4-318c-9856-2cfa52c08ea6	6483	792	1e15182e-3da4-318c-9856-2cfa52c08ea6	Foster the People	https://www.last.fm/music/Foster+the+People/_/Houdini	https://www.last.fm/music/Foster%20the%20People	Houdini	https://www.last.fm/music/Foster%20the%20People/Torches	0.0	Torches	Meaningful Engagement / Purpose	Life Meaning & Structure	90841738-679f-4098-8eff-9e14bc7e0221	2	4	yUa5uu5wFCGwl2PK
onion::792::028e903f-1828-4226-8d7d-97bc57fd2ee6	6486	792	028e903f-1828-4226-8d7d-97bc57fd2ee6	My Chemical Romance	https://www.last.fm/music/My+Chemical+Romance/_/Famous+Last+Words	https://www.last.fm/music/My%20Chemical%20Romance	Famous Last Words	https://www.last.fm/music/My%20Chemical%20Romance/The%20Black%20Parade	0.0	The Black Parade	Meaningful Engagement / Purpose	Life Meaning & Structure	90841738-679f-4098-8eff-9e14bc7e0221	2	4	bvq2TUaETxgJpAMk
onion::792::281934a6-e236-4f32-8199-968b7c822ac1	6490	792	281934a6-e236-4f32-8199-968b7c822ac1	Paramore	https://www.last.fm/music/Paramore/_/Caught+in+the+Middle	https://www.last.fm/music/Paramore	Caught in the Middle	https://www.last.fm/music/Paramore/After%20Laughter	0.0	After Laughter	Meaningful Engagement / Purpose	Life Meaning & Structure	90841738-679f-4098-8eff-9e14bc7e0221	2	4	xE6axyRbxW825J3E
onion::792::577200e3-bc00-4089-a18f-bd04ca74e270	6491	792	577200e3-bc00-4089-a18f-bd04ca74e270	The Midnight	https://www.last.fm/music/The+Midnight/_/Memories	https://www.last.fm/music/The%20Midnight	Memories	https://www.last.fm/music/The%20Midnight/Endless%20Summer	0.0	Endless Summer	Meaningful Engagement / Purpose	Life Meaning & Structure	90841738-679f-4098-8eff-9e14bc7e0221	2	4	7gREcvboJICSdDU4
onion::792::1fcdafc0-2b9a-3009-8dcc-504152460681	6493	792	1fcdafc0-2b9a-3009-8dcc-504152460681	The Story So Far	https://www.last.fm/music/The+Story+So+Far/_/Things+I+Can%27t+Change	https://www.last.fm/music/The%20Story%20So%20Far	Things I Can't Change	https://www.last.fm/music/The%20Story%20So%20Far/What%20You%20Don't%20See	0.0	What You Don't See	Meaningful Engagement / Purpose	Life Meaning & Structure	90841738-679f-4098-8eff-9e14bc7e0221	2	4	zZxJ0rAxf4MhJnCQ
onion::793::0OByd6pqxZzsXZRj6kJYbN	6501	793	0OByd6pqxZzsXZRj6kJYbN	My Chemical Romance			The Only Hope For Me Is You			Danger Days: The True Lives Of The Fabulous Killjoys	Emotion (regulation)	Emotional Resonance	90841738-679f-4098-8eff-9e14bc7e0221	2	5	hRVAgGLhTE00WJR0
onion::794::09a7c38b-1ce3-45f9-a152-02eb45ec9b51	6508	794	09a7c38b-1ce3-45f9-a152-02eb45ec9b51	System of a Down	https://www.last.fm/music/System+of+a+Down/_/Aerials	https://www.last.fm/music/System%20of%20a%20Down	Aerials	https://www.last.fm/music/System%20of%20a%20Down/Toxicity	0.0	Toxicity	Understanding	World Understanding	90841738-679f-4098-8eff-9e14bc7e0221	1	4	KR5mcJYhwjredE1R
onion::795::00cab8ee-ab3e-4b09-8f14-a192cdcf17fd	6518	795	00cab8ee-ab3e-4b09-8f14-a192cdcf17fd	My Chemical Romance	https://www.last.fm/music/My+Chemical+Romance/_/To+the+End	https://www.last.fm/music/My%20Chemical%20Romance	To the End	https://www.last.fm/music/My%20Chemical%20Romance/Three%20Cheers%20for%20Sweet%20Revenge	0.0	Three Cheers for Sweet Revenge	Well-Being	Pleasure & Enjoyment	90841738-679f-4098-8eff-9e14bc7e0221	1	3	6b5RJWnWJXeTXATh
onion::795::1e15182e-3da4-318c-9856-2cfa52c08ea6	6519	795	1e15182e-3da4-318c-9856-2cfa52c08ea6	Foster the People	https://www.last.fm/music/Foster+the+People/_/Houdini	https://www.last.fm/music/Foster%20the%20People	Houdini	https://www.last.fm/music/Foster%20the%20People/Torches	0.0	Torches	Well-Being	Pleasure & Enjoyment	90841738-679f-4098-8eff-9e14bc7e0221	1	3	yUa5uu5wFCGwl2PK
onion::795::039a6f3f-8142-4a68-a2d0-34df0b29be30	6524	795	039a6f3f-8142-4a68-a2d0-34df0b29be30	The Story So Far	https://www.last.fm/music/The+Story+So+Far/_/Solo	https://www.last.fm/music/The%20Story%20So%20Far	Solo	https://www.last.fm/music/The%20Story%20So%20Far/The%20Story%20So%20Far	0.0	The Story So Far	Well-Being	Pleasure & Enjoyment	90841738-679f-4098-8eff-9e14bc7e0221	1	3	8Ce5Lmb5HaZ77nhd
onion::795::2d6b3840-56b7-4a2e-b645-751611bf29c4	6530	795	2d6b3840-56b7-4a2e-b645-751611bf29c4	Paramore	https://www.last.fm/music/Paramore/_/Idle+Worship	https://www.last.fm/music/Paramore	Idle Worship	https://www.last.fm/music/Paramore/After%20Laughter	0.0	After Laughter	Well-Being	Pleasure & Enjoyment	90841738-679f-4098-8eff-9e14bc7e0221	1	3	Ab0eBukjTWnbnlWi
onion::795::7b138df0-b4aa-4647-adb3-2bed43420648	6531	795	7b138df0-b4aa-4647-adb3-2bed43420648	Jimmy Eat World	https://www.last.fm/music/Jimmy+Eat+World/_/A+Praise+Chorus	https://www.last.fm/music/Jimmy%20Eat%20World	A Praise Chorus	https://www.last.fm/music/Jimmy%20Eat%20World/Bleed%20American	0.0	Bleed American	Well-Being	Pleasure & Enjoyment	90841738-679f-4098-8eff-9e14bc7e0221	1	3	3HDWcbqiTkira9kn
onion::795::25f306ac-6cab-3759-aba0-14a45e7dd882	6532	795	25f306ac-6cab-3759-aba0-14a45e7dd882	Green Day	https://www.last.fm/music/Green+Day/_/Sassafras+Roots	https://www.last.fm/music/Green%20Day	Sassafras Roots	https://www.last.fm/music/Green%20Day/Dookie	0.0	Dookie	Well-Being	Pleasure & Enjoyment	90841738-679f-4098-8eff-9e14bc7e0221	1	3	UXOdolAgjToZYmyj
onion::795::a388507d-d8ea-4f66-a944-34a1505b4017	6534	795	a388507d-d8ea-4f66-a944-34a1505b4017	Eminem	https://www.last.fm/music/Eminem/_/Rain+Man	https://www.last.fm/music/Eminem	Rain Man	https://www.last.fm/music/Eminem/Encore	0.0	Encore	Well-Being	Pleasure & Enjoyment	90841738-679f-4098-8eff-9e14bc7e0221	1	3	yXmnmWVzuwa9Cepw
onion::795::281934a6-e236-4f32-8199-968b7c822ac1	6535	795	281934a6-e236-4f32-8199-968b7c822ac1	Paramore	https://www.last.fm/music/Paramore/_/Caught+in+the+Middle	https://www.last.fm/music/Paramore	Caught in the Middle	https://www.last.fm/music/Paramore/After%20Laughter	0.0	After Laughter	Well-Being	Pleasure & Enjoyment	90841738-679f-4098-8eff-9e14bc7e0221	1	3	xE6axyRbxW825J3E
onion::795::113d1538-8f55-3d98-a3f8-7dc04f5bc86b	6536	795	113d1538-8f55-3d98-a3f8-7dc04f5bc86b	My Chemical Romance	https://www.last.fm/music/My+Chemical+Romance/_/Bulletproof+Heart	https://www.last.fm/music/My%20Chemical%20Romance	Bulletproof Heart	https://www.last.fm/music/My%20Chemical%20Romance/Danger%20Days%3A%20The%20True%20Lives%20of%20the%20Fabulous%20Killjoys	0.0	Danger Days: The True Lives of the Fabulous Killjoys	Well-Being	Pleasure & Enjoyment	90841738-679f-4098-8eff-9e14bc7e0221	1	3	VK00HrIz8H1nCQbH
onion::795::288e7cdb-d97e-46fc-a4de-9b57297f738d	6537	795	288e7cdb-d97e-46fc-a4de-9b57297f738d	The Midnight	https://www.last.fm/music/The+Midnight/_/Sunset	https://www.last.fm/music/The%20Midnight	Sunset	https://www.last.fm/music/The%20Midnight/Endless%20Summer	0.0	Endless Summer	Well-Being	Pleasure & Enjoyment	90841738-679f-4098-8eff-9e14bc7e0221	1	3	aheUzQlNKIlDfSkw
onion::795::085c5e8e-c05d-3b82-88a4-6f823253d8d0	6541	795	085c5e8e-c05d-3b82-88a4-6f823253d8d0	Cake	https://www.last.fm/music/Cake/_/Frank+Sinatra	https://www.last.fm/music/Cake	Frank Sinatra	https://www.last.fm/music/Cake/Fashion%20Nugget	0.0	Fashion Nugget	Well-Being	Pleasure & Enjoyment	90841738-679f-4098-8eff-9e14bc7e0221	1	3	8AomBTz4D8Rq2PSN
onion::795::2d83cbf7-8432-4120-83cf-708c2a664b80	6543	795	2d83cbf7-8432-4120-83cf-708c2a664b80	Fountains of Wayne	https://www.last.fm/music/Fountains+of+Wayne/_/Sink+to+the+Bottom	https://www.last.fm/music/Fountains%20of%20Wayne	Sink to the Bottom	https://www.last.fm/music/Fountains%20of%20Wayne/Fountains%20of%20Wayne	0.0	Fountains of Wayne	Well-Being	Pleasure & Enjoyment	90841738-679f-4098-8eff-9e14bc7e0221	1	3	USPWwnrlK6YmCDK9
onion::795::5Ohxk2dO5COHF1krpoPigN	6545	795	5Ohxk2dO5COHF1krpoPigN	Harry Styles			Sign of the Times			Harry Styles	Well-Being	Pleasure & Enjoyment	90841738-679f-4098-8eff-9e14bc7e0221	1	3	h0LCV99d7Kd4dwtv
onion::795::6I9VzXrHxO9rA9A5euc8Ak	6550	795	6I9VzXrHxO9rA9A5euc8Ak	Britney Spears			Toxic			In The Zone	Well-Being	Pleasure & Enjoyment	90841738-679f-4098-8eff-9e14bc7e0221	1	3	CAcfgsvOODhPqShX
onion::795::1UI0l2L66HJ9AtoEOlHzv4	6551	795	1UI0l2L66HJ9AtoEOlHzv4	Britney Spears			Sometimes			...Baby One More Time (Digital Deluxe Version)	Well-Being	Pleasure & Enjoyment	90841738-679f-4098-8eff-9e14bc7e0221	1	3	fBiK1Fz9qTwHtXdv
onion::914::03cd5c58-5ea1-4796-bc1e-bde99da92b10	7624	914	03cd5c58-5ea1-4796-bc1e-bde99da92b10	Big Star	https://www.last.fm/music/Big+Star/_/When+My+Baby%27s+Beside+Me	https://www.last.fm/music/Big%20Star	When My Baby's Beside Me	https://www.last.fm/music/Big%20Star/%231%20Record	0.0	#1 Record	Escape	Letting Go	aeea0b63-7cfa-43fe-b8a7-45d3f666d748	3	2	dkpw4jtaWazjyL49
onion::914::02776e38-99e7-4e86-bef9-3ffb95792596	7625	914	02776e38-99e7-4e86-bef9-3ffb95792596	Hum	https://www.last.fm/music/Hum/_/Stars	https://www.last.fm/music/Hum	Stars	https://www.last.fm/music/Hum/You'd%20Prefer%20an%20Astronaut	0.0	You'd Prefer an Astronaut	Escape	Letting Go	aeea0b63-7cfa-43fe-b8a7-45d3f666d748	3	2	mYNzPBBDALLY1JIM
onion::916::05b5bd21-ead1-4a1e-80c6-83d59d86a9e2	7637	916	05b5bd21-ead1-4a1e-80c6-83d59d86a9e2	Pete Seeger	https://www.last.fm/music/Pete+Seeger/_/Solidarity+Forever	https://www.last.fm/music/Pete%20Seeger	Solidarity Forever	https://www.last.fm/music/Pete%20Seeger/If%20I%20Had%20a%20Hammer%3A%20Songs%20of%20Hope%20and%20Struggle	0.0	If I Had a Hammer: Songs of Hope and Struggle	Beliefs	Political Expression	aeea0b63-7cfa-43fe-b8a7-45d3f666d748	2	5	3xvGGMBJCzfNTzUY
onion::917::2383b478-cd85-485d-9f8c-ac2bbf3d36b9	7649	917	2383b478-cd85-485d-9f8c-ac2bbf3d36b9	Leonard Cohen	https://www.last.fm/music/Leonard+Cohen/_/A+Singer+Must+Die	https://www.last.fm/music/Leonard%20Cohen	A Singer Must Die	https://www.last.fm/music/Leonard%20Cohen/New%20Skin%20for%20the%20Old%20Ceremony	0.0	New Skin for the Old Ceremony	Understanding	World Understanding	aeea0b63-7cfa-43fe-b8a7-45d3f666d748	1	2	HazJwfUb61xTPtw5
onion::915::55d3a557-d7a8-4b64-ac29-7ad0b8b7866e	7635	915	55d3a557-d7a8-4b64-ac29-7ad0b8b7866e	Mineral	https://www.last.fm/music/Mineral/_/Parking+Lot	https://www.last.fm/music/Mineral	Parking Lot	https://www.last.fm/music/Mineral/The%20Power%20of%20Failing	0.0	The Power of Failing	Nostalgia	Nostalgia	aeea0b63-7cfa-43fe-b8a7-45d3f666d748	1	3	pAd7kQdenSBvW8Ml
onion::918::005668a6-e407-3214-8395-5f126c0ae213	7652	918	005668a6-e407-3214-8395-5f126c0ae213	Broadcast	https://www.last.fm/music/Broadcast/_/Until+Then	https://www.last.fm/music/Broadcast	Until Then	https://www.last.fm/music/Broadcast/The%20Noise%20Made%20by%20People	0.0	The Noise Made by People	Motivation	Background Utility	aeea0b63-7cfa-43fe-b8a7-45d3f666d748	1	2	XJl4LVqoSF60ESul
onion::918::17a070c0-8130-4b6f-9855-e524c2d3f222	7654	918	17a070c0-8130-4b6f-9855-e524c2d3f222	PJ Harvey	https://www.last.fm/music/PJ+Harvey/_/A+Perfect+Day+Elise	https://www.last.fm/music/PJ%20Harvey	A Perfect Day Elise	https://www.last.fm/music/PJ%20Harvey/Is%20This%20Desire%3F	0.0	Is This Desire?	Motivation	Background Utility	aeea0b63-7cfa-43fe-b8a7-45d3f666d748	1	2	IvFOfGXDtrbZGdQw
onion::919::321a88a9-5ced-4f25-a6d7-39d318a18555	7660	919	321a88a9-5ced-4f25-a6d7-39d318a18555	Broadcast	https://www.last.fm/music/Broadcast/_/Tender+Buttons	https://www.last.fm/music/Broadcast	Tender Buttons	https://www.last.fm/music/Broadcast/Tender%20Buttons	0.0	Tender Buttons	Calming	Frustration Venting	aeea0b63-7cfa-43fe-b8a7-45d3f666d748	2	2	lQfGDrMvZPZeIH2H
onion::919::58771c25-d1af-3147-8591-244e91cadf2e	7661	919	58771c25-d1af-3147-8591-244e91cadf2e	The Promise Ring	https://www.last.fm/music/The+Promise+Ring/_/Nothing+Feels+Good	https://www.last.fm/music/The%20Promise%20Ring	Nothing Feels Good	https://www.last.fm/music/The%20Promise%20Ring/Nothing%20Feels%20Good	0.0	Nothing Feels Good	Calming	Frustration Venting	aeea0b63-7cfa-43fe-b8a7-45d3f666d748	2	2	CregVB6bFDnFoOQv
onion::934::bbdc4d65-d495-4e45-bb81-83efe8be7f38	7820	934	bbdc4d65-d495-4e45-bb81-83efe8be7f38	Twenty One Pilots	https://www.last.fm/music/Twenty+One+Pilots/_/Friend,+Please	https://www.last.fm/music/Twenty%20One%20Pilots	Friend, Please	https://www.last.fm/music/Twenty%20One%20Pilots/Twenty%20One%20Pilots	0.0	Twenty One Pilots	Emotion (regulation)	Emotional Resonance	6770475b-786f-4019-8a1b-54f0e537e114	5	5	DRO8QWxqTkUjH7D2
onion::798::1gzWd0ILFaCoHUfQSkCIvl	6619	798	1gzWd0ILFaCoHUfQSkCIvl	Deftones	spotify:track:1gzWd0ILFaCoHUfQSkCIvl	spotify:artist:6Ghvu1VvMGScGpOUJBAHNH	Minerva	spotify:album:6252G7bGCVijXlqAjtjeDP	257813.0	Deftones	(Self-) Reflection / Introspection	Self-Reflection	90841738-679f-4098-8eff-9e14bc7e0221	2	5	tukdZJygz6xHH9uz
onion::799::1gzWd0ILFaCoHUfQSkCIvl	6620	799	1gzWd0ILFaCoHUfQSkCIvl	Deftones	spotify:track:1gzWd0ILFaCoHUfQSkCIvl	spotify:artist:6Ghvu1VvMGScGpOUJBAHNH	Minerva	spotify:album:6252G7bGCVijXlqAjtjeDP	257813.0	Deftones	(Self-) Reflection / Introspection	Self-Reflection	90841738-679f-4098-8eff-9e14bc7e0221	2	5	tukdZJygz6xHH9uz
onion::798::281934a6-e236-4f32-8199-968b7c822ac1	6633	798	281934a6-e236-4f32-8199-968b7c822ac1	Paramore	https://www.last.fm/music/Paramore/_/Caught+in+the+Middle	https://www.last.fm/music/Paramore	Caught in the Middle	https://www.last.fm/music/Paramore/After%20Laughter	0.0	After Laughter	(Self-) Reflection / Introspection	Self-Reflection	90841738-679f-4098-8eff-9e14bc7e0221	2	5	xE6axyRbxW825J3E
onion::799::281934a6-e236-4f32-8199-968b7c822ac1	6634	799	281934a6-e236-4f32-8199-968b7c822ac1	Paramore	https://www.last.fm/music/Paramore/_/Caught+in+the+Middle	https://www.last.fm/music/Paramore	Caught in the Middle	https://www.last.fm/music/Paramore/After%20Laughter	0.0	After Laughter	(Self-) Reflection / Introspection	Self-Reflection	90841738-679f-4098-8eff-9e14bc7e0221	2	5	xE6axyRbxW825J3E
onion::934::0da11dd8-12ac-3945-9f60-0f3e851ee4ba	7824	934	0da11dd8-12ac-3945-9f60-0f3e851ee4ba	Brand New	https://www.last.fm/music/Brand+New/_/Degausser	https://www.last.fm/music/Brand%20New	Degausser	https://www.last.fm/music/Brand%20New/The%20Devil%20and%20God%20Are%20Raging%20Inside%20Me	0.0	The Devil and God Are Raging Inside Me	Emotion (regulation)	Emotional Resonance	6770475b-786f-4019-8a1b-54f0e537e114	5	5	4EjXcFfyGb8U1lb9
onion::934::7e1f3095-d86b-400c-98b0-a0d919037c54	7829	934	7e1f3095-d86b-400c-98b0-a0d919037c54	Muse	https://www.last.fm/music/Muse/_/Starlight	https://www.last.fm/music/Muse	Starlight	https://www.last.fm/music/Muse/Black%20Holes%20and%20Revelations	0.0	Black Holes and Revelations	Emotion (regulation)	Emotional Resonance	6770475b-786f-4019-8a1b-54f0e537e114	5	5	KxryDZFfi0mkMMiM
onion::936::e1cd6414-8139-460b-a41a-0f3ef756637a	7853	936	e1cd6414-8139-460b-a41a-0f3ef756637a	My Chemical Romance	https://www.last.fm/music/My+Chemical+Romance/_/The+Light+Behind+Your+Eyes	https://www.last.fm/music/My%20Chemical%20Romance	The Light Behind Your Eyes	https://www.last.fm/music/My%20Chemical%20Romance/Number%20Three	0.0	Number Three	Entertainment	Singing Along	6770475b-786f-4019-8a1b-54f0e537e114	2	3	z3qLNXT80hJXAmY5
onion::921::28e81ed8-16d7-4a22-9ca7-fcda82ebba66	7670	921	28e81ed8-16d7-4a22-9ca7-fcda82ebba66	PJ Harvey	https://www.last.fm/music/PJ+Harvey/_/My+Beautiful+Leah	https://www.last.fm/music/PJ%20Harvey	My Beautiful Leah	https://www.last.fm/music/PJ%20Harvey/Is%20This%20Desire%3F	0.0	Is This Desire?	(Self-) Reflection / Introspection	Self-Reflection	aeea0b63-7cfa-43fe-b8a7-45d3f666d748	1	1	eXmlxOiWaWVdSv5H
onion::922::03af8ea0-3d7b-3db5-9249-fb8c8eafc408	7675	922	03af8ea0-3d7b-3db5-9249-fb8c8eafc408	Townes Van Zandt	https://www.last.fm/music/Townes+Van+Zandt/_/Colorado+Girl	https://www.last.fm/music/Townes%20Van%20Zandt	Colorado Girl	https://www.last.fm/music/Townes%20Van%20Zandt/Townes%20Van%20Zandt	0.0	Townes Van Zandt	Mood Enhancement	Cheerfulness	aeea0b63-7cfa-43fe-b8a7-45d3f666d748	1	1	M3hTa7X3LhC40R1f
onion::923::0c3d8f1d-a5e5-3438-a121-08e1acabe3f1	7681	923	0c3d8f1d-a5e5-3438-a121-08e1acabe3f1	Daft Punk	https://www.last.fm/music/Daft+Punk/_/Superheroes	https://www.last.fm/music/Daft%20Punk	Superheroes	https://www.last.fm/music/Daft%20Punk/Discovery	0.0	Discovery	Admiration / Connection to artist	Musician Identification	37531681-b60b-4328-a33e-b57aa9b429f8	1	2	ffIMcHbNxb5LClZ8
onion::950::1mJXIdJK4wCesSLegNctMh	7986	950	1mJXIdJK4wCesSLegNctMh	Deafheaven			Sunbather			Sunbather	Meaningful Engagement / Purpose	Life Meaning & Structure	13b47337-9a4e-462a-9dac-7a048ce31e9c	2	3	VzKbl3KHT5TORDva
onion::800::a51eb963-a44a-4a98-bc1d-698e106c0d67	6641	800	a51eb963-a44a-4a98-bc1d-698e106c0d67	Cuco	https://www.last.fm/music/Cuco/_/Lo+Que+Siento	https://www.last.fm/music/Cuco	Lo Que Siento	https://www.last.fm/music/Cuco/Lo%20Que%20Siento	0.0	Lo Que Siento	Emotion (regulation)	Emotional Resonance	c1f74f3c-0bf1-4b86-a399-093fc6809911	4	5	zXTYY2wJP4LJ6lo1
onion::800::1b429c03-db3b-4472-a9fc-5cf86977d27f	6645	800	1b429c03-db3b-4472-a9fc-5cf86977d27f	Cuco	https://www.last.fm/music/Cuco/_/Lover+Is+a+Day	https://www.last.fm/music/Cuco	Lover Is a Day	https://www.last.fm/music/Cuco/Wannabewithu	0.0	Wannabewithu	Emotion (regulation)	Emotional Resonance	c1f74f3c-0bf1-4b86-a399-093fc6809911	4	5	BzafUVzJXOb49I0g
onion::800::722c4366-67f6-3cb0-b332-763461c00349	6646	800	722c4366-67f6-3cb0-b332-763461c00349	Bruno Mars	https://www.last.fm/music/Bruno+Mars/_/It+Will+Rain	https://www.last.fm/music/Bruno%20Mars	It Will Rain	https://www.last.fm/music/Bruno%20Mars/The%20Twilight%20Saga%3A%20Breaking%20Dawn%20-%20Part%201%20(Original%20Motion%20Picture%20Soundtrack)	0.0	The Twilight Saga: Breaking Dawn - Part 1 (Original Motion Picture Soundtrack)	Emotion (regulation)	Emotional Resonance	c1f74f3c-0bf1-4b86-a399-093fc6809911	4	5	JAWJrd3LcrC89Ds9
onion::800::8fa33916-090a-41d1-bbc1-749e1a35aa2d	6653	800	8fa33916-090a-41d1-bbc1-749e1a35aa2d	DAY6	https://www.last.fm/music/DAY6/_/Congratulations	https://www.last.fm/music/DAY6	Congratulations	https://www.last.fm/music/DAY6/The%20Day	0.0	The Day	Emotion (regulation)	Emotional Resonance	c1f74f3c-0bf1-4b86-a399-093fc6809911	4	5	271USGxw4UuxLQh4
onion::802::2Wgh2GmDV3g9IZTCuAUkYf	6735	802	2Wgh2GmDV3g9IZTCuAUkYf	Blind Melon			Mouthful Of Cavities			Soup	Exploration	Exploration	90841738-679f-4098-8eff-9e14bc7e0221	3	2	Bh4iMNXsSwpTFtqy
onion::804::089e5578-27b9-472e-b687-005310439b1d	6762	804	089e5578-27b9-472e-b687-005310439b1d	My Chemical Romance	https://www.last.fm/music/My+Chemical+Romance/_/Vampires+Will+Never+Hurt+You	https://www.last.fm/music/My%20Chemical%20Romance	Vampires Will Never Hurt You	https://www.last.fm/music/My%20Chemical%20Romance/I%20Brought%20You%20My%20Bullets%2C%20You%20Brought%20Me%20Your%20Love	0.0	I Brought You My Bullets, You Brought Me Your Love	Creativity	Creative Visualization	90841738-679f-4098-8eff-9e14bc7e0221	1	2	8p8CjfbEGHBZCF1Q
onion::804::0fe659eb-9bcb-4b8e-b00e-64cd19b4318b	6763	804	0fe659eb-9bcb-4b8e-b00e-64cd19b4318b	My Chemical Romance	https://www.last.fm/music/My+Chemical+Romance/_/Cemetery+Drive	https://www.last.fm/music/My%20Chemical%20Romance	Cemetery Drive	https://www.last.fm/music/My%20Chemical%20Romance/Three%20Cheers%20for%20Sweet%20Revenge	0.0	Three Cheers for Sweet Revenge	Creativity	Creative Visualization	90841738-679f-4098-8eff-9e14bc7e0221	1	2	hUstBnWHRzRzFa25
onion::804::7lFgli7y2vo7sjgynHZzBP	6770	804	7lFgli7y2vo7sjgynHZzBP	Tenacious D			Kickapoo			The Pick Of Destiny	Creativity	Creative Visualization	90841738-679f-4098-8eff-9e14bc7e0221	1	2	BwiAzEqWDpalV2QG
onion::806::25f306ac-6cab-3759-aba0-14a45e7dd882	6800	806	25f306ac-6cab-3759-aba0-14a45e7dd882	Green Day	https://www.last.fm/music/Green+Day/_/Sassafras+Roots	https://www.last.fm/music/Green%20Day	Sassafras Roots	https://www.last.fm/music/Green%20Day/Dookie	0.0	Dookie	Bonding / Connection to others	Shared Taste	90841738-679f-4098-8eff-9e14bc7e0221	1	5	UXOdolAgjToZYmyj
onion::807::Melt-Banana-Candy Gun-1-37	6802	807	Melt-Banana-Candy Gun-1-37	Melt-Banana	https://www.last.fm/music/Melt-Banana/_/Candy+Gun	https://www.last.fm/music/Melt-Banana	Candy Gun	https://www.last.fm/music/Melt-Banana/Fetch	0.0	Fetch	Well-Being	Pleasure & Enjoyment	fd3abaf7-f5e8-43cb-bdc3-2ec9875a2c89	5	5	EB95TqBDsCmdQbLP
onion::807::0823938a-4a7f-4a33-9841-0a20b019eb67	6803	807	0823938a-4a7f-4a33-9841-0a20b019eb67	Meshuggah	https://www.last.fm/music/Meshuggah/_/Combustion	https://www.last.fm/music/Meshuggah	Combustion	https://www.last.fm/music/Meshuggah/obZen	0.0	obZen	Well-Being	Pleasure & Enjoyment	fd3abaf7-f5e8-43cb-bdc3-2ec9875a2c89	5	5	HJnErBd562hnEq0G
onion::807::00d18422-b30c-473b-a132-f1552bf8867b	6804	807	00d18422-b30c-473b-a132-f1552bf8867b	Gojira	https://www.last.fm/music/Gojira/_/Silvera	https://www.last.fm/music/Gojira	Silvera	https://www.last.fm/music/Gojira/Magma	0.0	Magma	Well-Being	Pleasure & Enjoyment	fd3abaf7-f5e8-43cb-bdc3-2ec9875a2c89	5	5	e9WvSVLSrpcGUMwt
onion::807::823d37c2-82dd-4b0a-be77-41df7604d15a	6806	807	823d37c2-82dd-4b0a-be77-41df7604d15a	Estelle	https://www.last.fm/music/Estelle/_/American+Boy	https://www.last.fm/music/Estelle	American Boy	https://www.last.fm/music/Estelle/Shine	0.0	Shine	Well-Being	Pleasure & Enjoyment	fd3abaf7-f5e8-43cb-bdc3-2ec9875a2c89	5	5	TqfQLJGD3ycda4Wx
onion::807::5283f287-09c4-483f-81c2-0ba88f8b7430	6812	807	5283f287-09c4-483f-81c2-0ba88f8b7430	Hot Chocolate	https://www.last.fm/music/Hot+Chocolate/_/You+Sexy+Thing	https://www.last.fm/music/Hot%20Chocolate	You Sexy Thing	https://www.last.fm/music/Hot%20Chocolate/Hot%20Chocolate	0.0	Hot Chocolate	Well-Being	Pleasure & Enjoyment	fd3abaf7-f5e8-43cb-bdc3-2ec9875a2c89	5	5	17otFPiJfEVHYhNU
onion::807::cd8f64da-be85-4617-978b-4f963f5d6cf8	6813	807	cd8f64da-be85-4617-978b-4f963f5d6cf8	Janelle Monáe	https://www.last.fm/music/Janelle+Mon%C3%A1e/_/BabopbyeYa	https://www.last.fm/music/Janelle%20Mon%C3%A1e	BabopbyeYa	https://www.last.fm/music/Janelle%20Mon%C3%A1e/The%20ArchAndroid	0.0	The ArchAndroid	Well-Being	Pleasure & Enjoyment	fd3abaf7-f5e8-43cb-bdc3-2ec9875a2c89	5	5	ISaBewMIzSK9nQGi
onion::807::86750309-1035-4672-9cbe-8fd6d979a039	6815	807	86750309-1035-4672-9cbe-8fd6d979a039	Show Me the Body	https://www.last.fm/music/Show+Me+the+Body/_/Trash	https://www.last.fm/music/Show%20Me%20the%20Body	Trash	https://www.last.fm/music/Show%20Me%20the%20Body/Corpus%20I	0.0	Corpus I	Well-Being	Pleasure & Enjoyment	fd3abaf7-f5e8-43cb-bdc3-2ec9875a2c89	5	5	wu4kvRsjkV101PS2
onion::807::b06dff3a-de0a-4da9-9b2d-c5b9a1c01d72	6818	807	b06dff3a-de0a-4da9-9b2d-c5b9a1c01d72	Fiona Apple	https://www.last.fm/music/Fiona+Apple/_/Criminal	https://www.last.fm/music/Fiona%20Apple	Criminal	https://www.last.fm/music/Fiona%20Apple/Tidal	0.0	Tidal	Well-Being	Pleasure & Enjoyment	fd3abaf7-f5e8-43cb-bdc3-2ec9875a2c89	5	5	nRpEFcFzYZ8Z8Cye
onion::807::09a7c38b-1ce3-45f9-a152-02eb45ec9b51	6822	807	09a7c38b-1ce3-45f9-a152-02eb45ec9b51	System of a Down	https://www.last.fm/music/System+of+a+Down/_/Aerials	https://www.last.fm/music/System%20of%20a%20Down	Aerials	https://www.last.fm/music/System%20of%20a%20Down/Toxicity	0.0	Toxicity	Well-Being	Pleasure & Enjoyment	fd3abaf7-f5e8-43cb-bdc3-2ec9875a2c89	5	5	KR5mcJYhwjredE1R
onion::807::0ad606c8-6e42-4696-9093-130dcd1e8fbd	6823	807	0ad606c8-6e42-4696-9093-130dcd1e8fbd	Santigold	https://www.last.fm/music/Santigold/_/Disparate+Youth	https://www.last.fm/music/Santigold	Disparate Youth	https://www.last.fm/music/Santigold/Master%20of%20My%20Make-Believe	0.0	Master of My Make-Believe	Well-Being	Pleasure & Enjoyment	fd3abaf7-f5e8-43cb-bdc3-2ec9875a2c89	5	5	RgcvaoASogB8ZgG1
onion::924::e6aaa0a9-3ad2-382e-a83f-25c2795d1e78	7688	924	e6aaa0a9-3ad2-382e-a83f-25c2795d1e78	Deftones	https://www.last.fm/music/Deftones/_/Sextape	https://www.last.fm/music/Deftones	Sextape	https://www.last.fm/music/Deftones/Diamond%20Eyes	0.0	Diamond Eyes	Passion / Pleasure	Habitual Listening	37531681-b60b-4328-a33e-b57aa9b429f8	3	5	J02GAZ69pxIGBh5A
onion::809::2BPfKiV9U0CR1dpUgeUwuH	6840	809	2BPfKiV9U0CR1dpUgeUwuH	Fine Young Cannibals			She Drives Me Crazy			The Raw And The Cooked	Mood Enhancement	Cheerfulness	90841738-679f-4098-8eff-9e14bc7e0221	2	3	uWXnjjbf1I0hJPIA
onion::924::00fa2e3f-0dd5-47e2-a243-11fd69895de5	7686	924	00fa2e3f-0dd5-47e2-a243-11fd69895de5	Justice	https://www.last.fm/music/Justice/_/Stress	https://www.last.fm/music/Justice	Stress	https://www.last.fm/music/Justice/Justice	0.0	Justice	Passion / Pleasure	Habitual Listening	37531681-b60b-4328-a33e-b57aa9b429f8	3	5	4CErT0XGCT9rqVQA
onion::927::766dd1ff-274b-4674-8beb-9c2ee43af5f7	7719	927	766dd1ff-274b-4674-8beb-9c2ee43af5f7	Lupe Fiasco	https://www.last.fm/music/Lupe+Fiasco/_/Sunshine	https://www.last.fm/music/Lupe%20Fiasco	Sunshine	https://www.last.fm/music/Lupe%20Fiasco/Lupe%20Fiasco's%20Food%20%26%20Liquor	0.0	Lupe Fiasco's Food & Liquor	Community	Community	37531681-b60b-4328-a33e-b57aa9b429f8	2	3	CidZoWkH39xSIGzP
onion::812::0dc88bec-aba1-43f2-a5a5-2e41e623553b	6868	812	0dc88bec-aba1-43f2-a5a5-2e41e623553b	DAY6	https://www.last.fm/music/DAY6/_/All+Alone	https://www.last.fm/music/DAY6	All Alone	https://www.last.fm/music/DAY6/MOONRISE	0.0	MOONRISE	Passion / Pleasure	Habitual Listening	c1f74f3c-0bf1-4b86-a399-093fc6809911	3	2	NK2f4w3ESTuZbuI3
onion::812::DAY6-I Like You-3-96	6869	812	DAY6-I Like You-3-96	DAY6	https://www.last.fm/music/DAY6/_/I+Like+You	https://www.last.fm/music/DAY6	I Like You	https://www.last.fm/music/DAY6/MOONRISE	0.0	MOONRISE	Passion / Pleasure	Habitual Listening	c1f74f3c-0bf1-4b86-a399-093fc6809911	3	2	HZaOAmULAjZ3tN7F
onion::813::00d18422-b30c-473b-a132-f1552bf8867b	6895	813	00d18422-b30c-473b-a132-f1552bf8867b	Gojira	https://www.last.fm/music/Gojira/_/Silvera	https://www.last.fm/music/Gojira	Silvera	https://www.last.fm/music/Gojira/Magma	0.0	Magma	Stimulation	Empowerment	fd3abaf7-f5e8-43cb-bdc3-2ec9875a2c89	2	3	e9WvSVLSrpcGUMwt
onion::813::custom-1770835947495	6899	813	custom-1770835947495	Pearl Jam			Jeremy		0.0	Ten	Stimulation	Empowerment	fd3abaf7-f5e8-43cb-bdc3-2ec9875a2c89	2	3	fXWPIFQSOkCrrc8Y
onion::814::1ab6aff4-c766-4074-89d5-88dacc42a789	6904	814	1ab6aff4-c766-4074-89d5-88dacc42a789	Gorguts	https://www.last.fm/music/Gorguts/_/Obscura	https://www.last.fm/music/Gorguts	Obscura	https://www.last.fm/music/Gorguts/Obscura	0.0	Obscura	Exploration	Exploration	fd3abaf7-f5e8-43cb-bdc3-2ec9875a2c89	2	3	HhDCfJ70PgAeNccZ
onion::816::custom-1770836548260	6924	816	custom-1770836548260	Sia			Elastic Heart		0.0	1000 Forms of Fear	Emotion (regulation)	Emotional Resonance	fd3abaf7-f5e8-43cb-bdc3-2ec9875a2c89	1	3	AtVf0xx3Yy3EAsYk
onion::818::6a671983-4586-4fc9-8239-8511a936b579	6934	818	6a671983-4586-4fc9-8239-8511a936b579	The Internet	https://www.last.fm/music/The+Internet/_/Dontcha	https://www.last.fm/music/The%20Internet	Dontcha	https://www.last.fm/music/The%20Internet/Feel%20Good	0.0	Feel Good	Relief	Relief	0f4b490f-902f-4641-8c62-73305401de78	1	3	nmQ1zIqsGoMiiyBq
onion::820::2fa630fd-4eaa-4db1-ab9f-ca8fb4027322	6947	820	2fa630fd-4eaa-4db1-ab9f-ca8fb4027322	Playboi Carti	https://www.last.fm/music/Playboi+Carti/_/Magnolia	https://www.last.fm/music/Playboi%20Carti	Magnolia	https://www.last.fm/music/Playboi%20Carti/Playboi%20Carti	0.0	Playboi Carti	Motivation	Background Utility	0f4b490f-902f-4641-8c62-73305401de78	1	4	V3VSOmvSVY6T5dpg
onion::821::453545b7-70cb-3426-b275-9d9b140694a9	6949	821	453545b7-70cb-3426-b275-9d9b140694a9	Skinny Puppy	https://www.last.fm/music/Skinny+Puppy/_/Worlock	https://www.last.fm/music/Skinny%20Puppy	Worlock	https://www.last.fm/music/Skinny%20Puppy/Rabies	0.0	Rabies	Education	Education	fd3abaf7-f5e8-43cb-bdc3-2ec9875a2c89	2	3	q4M5eps9t4BHnucq
onion::821::Dido-White Flag-1-15	6950	821	Dido-White Flag-1-15	Dido	https://www.last.fm/music/Dido/_/White+Flag	https://www.last.fm/music/Dido	White Flag	https://www.last.fm/music/Dido/Life%20for%20Rent	0.0	Life for Rent	Education	Education	fd3abaf7-f5e8-43cb-bdc3-2ec9875a2c89	2	3	zbI3TrMSY2chqzRz
onion::826::7pv80uUHfocFqfTytu1MVi	6979	826	7pv80uUHfocFqfTytu1MVi	Erykah Badu			Didn't Cha Know			Mama's Gun	Relief	Relief	fd3abaf7-f5e8-43cb-bdc3-2ec9875a2c89	2	2	Y7mUC1TOZSrTXXT5
onion::827::2fa630fd-4eaa-4db1-ab9f-ca8fb4027322	6980	827	2fa630fd-4eaa-4db1-ab9f-ca8fb4027322	Playboi Carti	https://www.last.fm/music/Playboi+Carti/_/Magnolia	https://www.last.fm/music/Playboi%20Carti	Magnolia	https://www.last.fm/music/Playboi%20Carti/Playboi%20Carti	0.0	Playboi Carti	Community	Community	0f4b490f-902f-4641-8c62-73305401de78	1	3	V3VSOmvSVY6T5dpg
onion::830::27214a53-8f61-47d6-9120-241b840af1f8	6998	830	27214a53-8f61-47d6-9120-241b840af1f8	TV on the Radio	https://www.last.fm/music/TV+on+the+Radio/_/DLZ	https://www.last.fm/music/TV%20on%20the%20Radio	DLZ	https://www.last.fm/music/TV%20on%20the%20Radio/Dear%20Science%20(Bonus%20Track%20Version)	0.0	Dear Science (Bonus Track Version)	Meaningful Engagement / Purpose	Life Meaning & Structure	fd3abaf7-f5e8-43cb-bdc3-2ec9875a2c89	1	2	LmYZjUdYPlBrAoQj
onion::831::1ab6aff4-c766-4074-89d5-88dacc42a789	7005	831	1ab6aff4-c766-4074-89d5-88dacc42a789	Gorguts	https://www.last.fm/music/Gorguts/_/Obscura	https://www.last.fm/music/Gorguts	Obscura	https://www.last.fm/music/Gorguts/Obscura	0.0	Obscura	Enjoyment	Time Passing	fd3abaf7-f5e8-43cb-bdc3-2ec9875a2c89	2	3	HhDCfJ70PgAeNccZ
onion::831::07f3f866-417b-416d-9066-2ffbd1ea049b	7011	831	07f3f866-417b-416d-9066-2ffbd1ea049b	Massive Attack	https://www.last.fm/music/Massive+Attack/_/Black+Milk	https://www.last.fm/music/Massive%20Attack	Black Milk	https://www.last.fm/music/Massive%20Attack/Mezzanine	0.0	Mezzanine	Enjoyment	Time Passing	fd3abaf7-f5e8-43cb-bdc3-2ec9875a2c89	2	3	tPRs02dtjC8USfpM
onion::831::00d18422-b30c-473b-a132-f1552bf8867b	7015	831	00d18422-b30c-473b-a132-f1552bf8867b	Gojira	https://www.last.fm/music/Gojira/_/Silvera	https://www.last.fm/music/Gojira	Silvera	https://www.last.fm/music/Gojira/Magma	0.0	Magma	Enjoyment	Time Passing	fd3abaf7-f5e8-43cb-bdc3-2ec9875a2c89	2	3	e9WvSVLSrpcGUMwt
onion::831::0a6528c2-b72b-4823-897e-d9ad568eb7ae	7016	831	0a6528c2-b72b-4823-897e-d9ad568eb7ae	Sepultura	https://www.last.fm/music/Sepultura/_/Attitude	https://www.last.fm/music/Sepultura	Attitude	https://www.last.fm/music/Sepultura/Roots	0.0	Roots	Enjoyment	Time Passing	fd3abaf7-f5e8-43cb-bdc3-2ec9875a2c89	2	3	sDW48b1hchCUlMc9
onion::831::12cc20b1-1faa-4487-a4b9-0af45ad28965	7017	831	12cc20b1-1faa-4487-a4b9-0af45ad28965	Sevdaliza	https://www.last.fm/music/Sevdaliza/_/Do+You+Feel+Real	https://www.last.fm/music/Sevdaliza	Do You Feel Real	https://www.last.fm/music/Sevdaliza/ISON	0.0	ISON	Enjoyment	Time Passing	fd3abaf7-f5e8-43cb-bdc3-2ec9875a2c89	2	3	1rtul4j3ViHhsqLM
onion::831::98610676-2853-4f1e-bab9-ab34163d2fb7	7018	831	98610676-2853-4f1e-bab9-ab34163d2fb7	Yeah Yeah Yeahs	https://www.last.fm/music/Yeah+Yeah+Yeahs/_/Dull+Life	https://www.last.fm/music/Yeah%20Yeah%20Yeahs	Dull Life	https://www.last.fm/music/Yeah%20Yeah%20Yeahs/It's%20Blitz!%20(Deluxe%20Edition)	0.0	It's Blitz! (Deluxe Edition)	Enjoyment	Time Passing	fd3abaf7-f5e8-43cb-bdc3-2ec9875a2c89	2	3	mcoFK4Q4wyaJQ5iW
onion::832::04325fa1-e0ab-3bb7-a085-a378c939d1be	7023	832	04325fa1-e0ab-3bb7-a085-a378c939d1be	Gorguts	https://www.last.fm/music/Gorguts/_/Clouded	https://www.last.fm/music/Gorguts	Clouded	https://www.last.fm/music/Gorguts/Obscura	0.0	Obscura	Motivation	Background Utility	fd3abaf7-f5e8-43cb-bdc3-2ec9875a2c89	2	3	v4wkLvkmsrX0W5FK
onion::832::3cae9588-592e-4daa-a773-05b9349eaf1e	7025	832	3cae9588-592e-4daa-a773-05b9349eaf1e	Kelela	https://www.last.fm/music/Kelela/_/Rewind	https://www.last.fm/music/Kelela	Rewind	https://www.last.fm/music/Kelela/Hallucinogen	0.0	Hallucinogen	Motivation	Background Utility	fd3abaf7-f5e8-43cb-bdc3-2ec9875a2c89	2	3	VT3mPpvZkjxW3LoZ
onion::832::60c4ad1b-3142-48ef-9aae-876a31295d22	7031	832	60c4ad1b-3142-48ef-9aae-876a31295d22	Kelis	https://www.last.fm/music/Kelis/_/Protect+My+Heart	https://www.last.fm/music/Kelis	Protect My Heart	https://www.last.fm/music/Kelis/Tasty	0.0	Tasty	Motivation	Background Utility	fd3abaf7-f5e8-43cb-bdc3-2ec9875a2c89	2	3	Oxl11HgnfhI1dAwS
onion::832::94edad1a-9db0-475d-a3c2-102f0c732e20	7032	832	94edad1a-9db0-475d-a3c2-102f0c732e20	Testament	https://www.last.fm/music/Testament/_/Electric+Crown	https://www.last.fm/music/Testament	Electric Crown	https://www.last.fm/music/Testament/The%20Ritual	0.0	The Ritual	Motivation	Background Utility	fd3abaf7-f5e8-43cb-bdc3-2ec9875a2c89	2	3	iqq2zriP7wQC8Tvy
onion::832::76652821-bd74-4e89-a020-b2acd519b7b9	7034	832	76652821-bd74-4e89-a020-b2acd519b7b9	Type O Negative	https://www.last.fm/music/Type+O+Negative/_/My+Girlfriend%27s+Girlfriend	https://www.last.fm/music/Type%20O%20Negative	My Girlfriend's Girlfriend	https://www.last.fm/music/Type%20O%20Negative/October%20Rust%20(Special%20Edition)	0.0	October Rust (Special Edition)	Motivation	Background Utility	fd3abaf7-f5e8-43cb-bdc3-2ec9875a2c89	2	3	5PK4LjA3OtxZZ1A9
onion::833::be86c54f-2f76-479d-af4c-56a19a81ce31	7049	833	be86c54f-2f76-479d-af4c-56a19a81ce31	Pendulum	https://www.last.fm/music/Pendulum/_/Granite	https://www.last.fm/music/Pendulum	Granite	https://www.last.fm/music/Pendulum/In%20Silico	0.0	In Silico	Emotion (regulation)	Emotional Resonance	4b156607-04cc-42fc-9d72-5883d9bb4b6f	4	5	EtF2Cqs3KoDNuttw
onion::834::4aae1fa4-8c02-3a03-90c2-388a949d0165	7056	834	4aae1fa4-8c02-3a03-90c2-388a949d0165	3 Doors Down	https://www.last.fm/music/3+Doors+Down/_/Here+Without+You	https://www.last.fm/music/3%20Doors%20Down	Here Without You	https://www.last.fm/music/3%20Doors%20Down/Away%20from%20the%20Sun	0.0	Away from the Sun	(Self-) Reflection / Introspection	Self-Reflection	4b156607-04cc-42fc-9d72-5883d9bb4b6f	3	3	Ujs6WyB792G3byY2
onion::836::956bef91-c45d-48a4-ba7c-412468759aa8	7078	836	956bef91-c45d-48a4-ba7c-412468759aa8	The Red Jumpsuit Apparatus	https://www.last.fm/music/The+Red+Jumpsuit+Apparatus/_/Face+Down	https://www.last.fm/music/The%20Red%20Jumpsuit%20Apparatus	Face Down	https://www.last.fm/music/The%20Red%20Jumpsuit%20Apparatus/Don't%20You%20Fake%20It	0.0	Don't You Fake It	Relaxing	Comfort and Security	4b156607-04cc-42fc-9d72-5883d9bb4b6f	1	4	p7Uottyk6yTx1yCt
onion::837::38e1d1e8-5ae0-35a6-bc95-3be2940c7e7b	7089	837	38e1d1e8-5ae0-35a6-bc95-3be2940c7e7b	Kanye West	https://www.last.fm/music/Kanye+West/_/Bad+News	https://www.last.fm/music/Kanye%20West	Bad News	https://www.last.fm/music/Kanye%20West/808s%20%26%20Heartbreak	0.0	808s & Heartbreak	Nostalgia	Nostalgia	4b156607-04cc-42fc-9d72-5883d9bb4b6f	3	4	yCgTJVaAMaTPEUGA
onion::837::29896ca3-a96b-4e01-a576-79ff9c4e0ffa	7092	837	29896ca3-a96b-4e01-a576-79ff9c4e0ffa	Future	https://www.last.fm/music/Future/_/Lie+to+Me	https://www.last.fm/music/Future	Lie to Me	https://www.last.fm/music/Future/EVOL	0.0	EVOL	Nostalgia	Nostalgia	4b156607-04cc-42fc-9d72-5883d9bb4b6f	3	4	pRhaRtb2E273EsGp
onion::838::29896ca3-a96b-4e01-a576-79ff9c4e0ffa	7114	838	29896ca3-a96b-4e01-a576-79ff9c4e0ffa	Future	https://www.last.fm/music/Future/_/Lie+to+Me	https://www.last.fm/music/Future	Lie to Me	https://www.last.fm/music/Future/EVOL	0.0	EVOL	Learning	Understanding Others	4b156607-04cc-42fc-9d72-5883d9bb4b6f	2	4	pRhaRtb2E273EsGp
onion::839::1dbf72a9-6de6-437b-9a2b-b57bf4d68d47	7118	839	1dbf72a9-6de6-437b-9a2b-b57bf4d68d47	Carpenter Brut	https://www.last.fm/music/Carpenter+Brut/_/Obituary	https://www.last.fm/music/Carpenter%20Brut	Obituary	https://www.last.fm/music/Carpenter%20Brut/Trilogy	0.0	Trilogy	Exploration	Exploration	4b156607-04cc-42fc-9d72-5883d9bb4b6f	1	3	qm02WH4CryQ28UNH
onion::839::f4c4f7f2-0394-4206-898f-962c08c38338	7119	839	f4c4f7f2-0394-4206-898f-962c08c38338	Trevor Something	https://www.last.fm/music/Trevor+Something/_/The+Haunting	https://www.last.fm/music/Trevor%20Something	The Haunting	https://www.last.fm/music/Trevor%20Something/Synthetic%20Love	0.0	Synthetic Love	Exploration	Exploration	4b156607-04cc-42fc-9d72-5883d9bb4b6f	1	3	A58bEcnGGa3Db7qC
onion::839::09a7c38b-1ce3-45f9-a152-02eb45ec9b51	7121	839	09a7c38b-1ce3-45f9-a152-02eb45ec9b51	System of a Down	https://www.last.fm/music/System+of+a+Down/_/Aerials	https://www.last.fm/music/System%20of%20a%20Down	Aerials	https://www.last.fm/music/System%20of%20a%20Down/Toxicity	0.0	Toxicity	Exploration	Exploration	4b156607-04cc-42fc-9d72-5883d9bb4b6f	1	3	KR5mcJYhwjredE1R
onion::839::0502c8ba-1ed5-48b9-8e51-36cf20fdba1a	7124	839	0502c8ba-1ed5-48b9-8e51-36cf20fdba1a	Carpenter Brut	https://www.last.fm/music/Carpenter+Brut/_/Roller+Mobster	https://www.last.fm/music/Carpenter%20Brut	Roller Mobster	https://www.last.fm/music/Carpenter%20Brut/Trilogy	0.0	Trilogy	Exploration	Exploration	4b156607-04cc-42fc-9d72-5883d9bb4b6f	1	3	sYnrRGRJQFiwSmg8
onion::839::9dbbb438-f668-40d9-859e-af918e96734d	7128	839	9dbbb438-f668-40d9-859e-af918e96734d	Three Days Grace	https://www.last.fm/music/Three+Days+Grace/_/Nothing%27s+Fair+In+Love+And+War	https://www.last.fm/music/Three%20Days%20Grace	Nothing's Fair In Love And War	https://www.last.fm/music/Three%20Days%20Grace/Human	0.0	Human	Exploration	Exploration	4b156607-04cc-42fc-9d72-5883d9bb4b6f	1	3	NkzTvNULIDEvr3Pc
onion::841::7c0e11a3-1c7a-4e6d-a14d-6e86d86dbaad	7156	841	7c0e11a3-1c7a-4e6d-a14d-6e86d86dbaad	Daft Punk	https://www.last.fm/music/Daft+Punk/_/Aerodynamic	https://www.last.fm/music/Daft%20Punk	Aerodynamic	https://www.last.fm/music/Daft%20Punk/Discovery	0.0	Discovery	Well-Being	Pleasure & Enjoyment	4b156607-04cc-42fc-9d72-5883d9bb4b6f	2	3	V2ZPjbtFj7sMWXHL
onion::842::03092d71-95e8-3951-a243-e8f9a809c849	7172	842	03092d71-95e8-3951-a243-e8f9a809c849	Slipknot	https://www.last.fm/music/Slipknot/_/Before+I+Forget	https://www.last.fm/music/Slipknot	Before I Forget	https://www.last.fm/music/Slipknot/Vol.%203%3A%20The%20Subliminal%20Verses%20(Special%20Edition)	0.0	Vol. 3: The Subliminal Verses (Special Edition)	Enjoyment	Time Passing	4b156607-04cc-42fc-9d72-5883d9bb4b6f	2	2	APKvNoWBAkt74yXP
onion::842::3ac4e11a-ea60-4711-8493-891713637b43	7173	842	3ac4e11a-ea60-4711-8493-891713637b43	Mick Gordon	https://www.last.fm/music/Mick+Gordon/_/Rip+&+Tear	https://www.last.fm/music/Mick%20Gordon	Rip & Tear	https://www.last.fm/music/Mick%20Gordon/DOOM%20(Original%20Game%20Soundtrack)	0.0	DOOM (Original Game Soundtrack)	Enjoyment	Time Passing	4b156607-04cc-42fc-9d72-5883d9bb4b6f	2	2	i1AgjyYCjnhImWkZ
onion::842::ba5b2b9b-a5f3-4901-ada4-0a39bce47dfe	7176	842	ba5b2b9b-a5f3-4901-ada4-0a39bce47dfe	Rob Zombie	https://www.last.fm/music/Rob+Zombie/_/Superbeast	https://www.last.fm/music/Rob%20Zombie	Superbeast	https://www.last.fm/music/Rob%20Zombie/Hellbilly%20Deluxe	0.0	Hellbilly Deluxe	Enjoyment	Time Passing	4b156607-04cc-42fc-9d72-5883d9bb4b6f	2	2	pd7YNoy87WX59DPy
onion::842::be86c54f-2f76-479d-af4c-56a19a81ce31	7178	842	be86c54f-2f76-479d-af4c-56a19a81ce31	Pendulum	https://www.last.fm/music/Pendulum/_/Granite	https://www.last.fm/music/Pendulum	Granite	https://www.last.fm/music/Pendulum/In%20Silico	0.0	In Silico	Enjoyment	Time Passing	4b156607-04cc-42fc-9d72-5883d9bb4b6f	2	2	EtF2Cqs3KoDNuttw
onion::842::09497811-a69b-438f-b7c7-d6002d188794	7184	842	09497811-a69b-438f-b7c7-d6002d188794	Skillet	https://www.last.fm/music/Skillet/_/Hero	https://www.last.fm/music/Skillet	Hero	https://www.last.fm/music/Skillet/Awake	0.0	Awake	Enjoyment	Time Passing	4b156607-04cc-42fc-9d72-5883d9bb4b6f	2	2	ay7dbdJUDVgA2z3B
onion::842::0502c8ba-1ed5-48b9-8e51-36cf20fdba1a	7187	842	0502c8ba-1ed5-48b9-8e51-36cf20fdba1a	Carpenter Brut	https://www.last.fm/music/Carpenter+Brut/_/Roller+Mobster	https://www.last.fm/music/Carpenter%20Brut	Roller Mobster	https://www.last.fm/music/Carpenter%20Brut/Trilogy	0.0	Trilogy	Enjoyment	Time Passing	4b156607-04cc-42fc-9d72-5883d9bb4b6f	2	2	sYnrRGRJQFiwSmg8
onion::843::73059b5c-fae9-402a-9122-981db87775d0	7192	843	73059b5c-fae9-402a-9122-981db87775d0	Young Thug	https://www.last.fm/music/Young+Thug/_/Digits	https://www.last.fm/music/Young%20Thug	Digits	https://www.last.fm/music/Young%20Thug/Slime%20Season%203	0.0	Slime Season 3	Mood Enhancement	Cheerfulness	fc0400aa-a37b-4ddc-a972-a491a09be5cd	2	2	T0KRR5qjk9fLUeOt
onion::844::09CqF6VVL6G7NwkCj3M2lU	7206	844	09CqF6VVL6G7NwkCj3M2lU	Smino			Anita			Anita	Relief	Relief	fc0400aa-a37b-4ddc-a972-a491a09be5cd	1	3	OCx99Oa9jrLSNnOY
onion::844::4hP7NIeToP2hU6lyvIHPyp	7207	844	4hP7NIeToP2hU6lyvIHPyp	Smino			Netflix & Dusse			blkswn	Relief	Relief	fc0400aa-a37b-4ddc-a972-a491a09be5cd	1	3	mIm9gaolwev7gGsr
onion::846::06b8786a-3c8e-4e89-b4c2-67e6a01e58f0	7216	846	06b8786a-3c8e-4e89-b4c2-67e6a01e58f0	Smino	https://www.last.fm/music/Smino/_/Anita	https://www.last.fm/music/Smino	Anita	https://www.last.fm/music/Smino/blkswn	0.0	blkswn	Exploration	Exploration	fc0400aa-a37b-4ddc-a972-a491a09be5cd	2	2	OCx99Oa9jrLSNnOY
onion::846::fe800bfe-d2b3-31a3-a086-6c5d3f06c81e	7217	846	fe800bfe-d2b3-31a3-a086-6c5d3f06c81e	Ol' Dirty Bastard	https://www.last.fm/music/Ol%27+Dirty+Bastard/_/Shimmy+Shimmy+Ya	https://www.last.fm/music/Ol'%20Dirty%20Bastard	Shimmy Shimmy Ya	https://www.last.fm/music/Ol'%20Dirty%20Bastard/Return%20To%20The%2036%20Chambers%3A%20The%20Dirty%20Version	0.0	Return To The 36 Chambers: The Dirty Version	Exploration	Exploration	fc0400aa-a37b-4ddc-a972-a491a09be5cd	2	2	nj4jfkqEWM5BNenm
onion::848::bcdbdd2c-cd5d-4ffa-939d-f7bcb22a88fa	7228	848	bcdbdd2c-cd5d-4ffa-939d-f7bcb22a88fa	Smino	https://www.last.fm/music/Smino/_/Father+Son+Holy+Smoke	https://www.last.fm/music/Smino	Father Son Holy Smoke	https://www.last.fm/music/Smino/blkswn	0.0	blkswn	Well-Being	Pleasure & Enjoyment	fc0400aa-a37b-4ddc-a972-a491a09be5cd	3	3	Eo6N9jIZKJTOwrKh
onion::848::11954493-5c69-44c8-8c8e-be8fe0da2afd	7229	848	11954493-5c69-44c8-8c8e-be8fe0da2afd	A$AP Rocky	https://www.last.fm/music/A$AP+Rocky/_/Goldie	https://www.last.fm/music/A%24AP%20Rocky	Goldie	https://www.last.fm/music/A%24AP%20Rocky/LONG.LIVE.A%24AP%20(Deluxe%20Version)	0.0	LONG.LIVE.A$AP (Deluxe Version)	Well-Being	Pleasure & Enjoyment	fc0400aa-a37b-4ddc-a972-a491a09be5cd	3	3	KBLWfj1EaK4nGnTs
onion::848::0d2ee7a9-b167-4baa-8be8-23c8bfddc49a	7241	848	0d2ee7a9-b167-4baa-8be8-23c8bfddc49a	Eminem	https://www.last.fm/music/Eminem/_/Without+Me	https://www.last.fm/music/Eminem	Without Me	https://www.last.fm/music/Eminem/The%20Eminem%20Show	0.0	The Eminem Show	Well-Being	Pleasure & Enjoyment	fc0400aa-a37b-4ddc-a972-a491a09be5cd	3	3	TYoYVKiQpzhvcatl
onion::849::06b8786a-3c8e-4e89-b4c2-67e6a01e58f0	7245	849	06b8786a-3c8e-4e89-b4c2-67e6a01e58f0	Smino	https://www.last.fm/music/Smino/_/Anita	https://www.last.fm/music/Smino	Anita	https://www.last.fm/music/Smino/blkswn	0.0	blkswn	Relaxing	Comfort and Security	fc0400aa-a37b-4ddc-a972-a491a09be5cd	1	2	OCx99Oa9jrLSNnOY
onion::851::1c5KZhtOAOH7eFOlBekNhS	7255	851	1c5KZhtOAOH7eFOlBekNhS	DeBarge			I Like It			All This Love	Identity, Culture	Heritage Appreciation	fc0400aa-a37b-4ddc-a972-a491a09be5cd	2	3	457zeAGLYdmg7aYw
onion::851::53R01ylELwpQO5TBZdqKsM	7256	851	53R01ylELwpQO5TBZdqKsM	The Spinners			Games People Play			Pick Of The Litter	Identity, Culture	Heritage Appreciation	fc0400aa-a37b-4ddc-a972-a491a09be5cd	2	3	9UuZw1IuFnK9zB1T
onion::852::281934a6-e236-4f32-8199-968b7c822ac1	7261	852	281934a6-e236-4f32-8199-968b7c822ac1	Paramore	https://www.last.fm/music/Paramore/_/Caught+in+the+Middle	https://www.last.fm/music/Paramore	Caught in the Middle	https://www.last.fm/music/Paramore/After%20Laughter	0.0	After Laughter	Well-Being	Pleasure & Enjoyment	a2373fff-5976-427d-a6a7-134d0935d310	3	5	xE6axyRbxW825J3E
onion::927::5286d7f4-6855-4b0a-abfd-ec402d5ec83e	7728	927	5286d7f4-6855-4b0a-abfd-ec402d5ec83e	Gang Starr	https://www.last.fm/music/Gang+Starr/_/Moment+Of+Truth	https://www.last.fm/music/Gang%20Starr	Moment Of Truth	https://www.last.fm/music/Gang%20Starr/Moment%20Of%20Truth	0.0	Moment Of Truth	Community	Community	37531681-b60b-4328-a33e-b57aa9b429f8	2	3	DnWOtdVfENSRCVa2
onion::1308::03MMgwtytVdwsoNnBkefXO	11859	1308	03MMgwtytVdwsoNnBkefXO	Swans			Killing For Company			Great Annihilator	Learning	Understanding Others	c9ee8aa8-8b0e-413c-a6c4-e1ff926e5f2d	2	4	2A6tS7Ej7L5eEW3Z
onion::854::173131f3-8c1b-4d51-82c1-5da01bf68b39	7272	854	173131f3-8c1b-4d51-82c1-5da01bf68b39	Paramore	https://www.last.fm/music/Paramore/_/26	https://www.last.fm/music/Paramore	26	https://www.last.fm/music/Paramore/After%20Laughter	0.0	After Laughter	Emotion (regulation)	Emotional Resonance	a2373fff-5976-427d-a6a7-134d0935d310	2	4	L2yvC3lmRkiMGg0b
onion::854::5wReOstW3tptMlZLTjt97E	7273	854	5wReOstW3tptMlZLTjt97E	Mannequin Pussy			Romantic			Romantic	Emotion (regulation)	Emotional Resonance	a2373fff-5976-427d-a6a7-134d0935d310	2	4	U90yRb8snBETvTMt
onion::932::ace630c5-d19e-49da-8dc6-4e7e6ceb7288	7767	932	ace630c5-d19e-49da-8dc6-4e7e6ceb7288	Letherette	https://www.last.fm/music/Letherette/_/After+Dawn	https://www.last.fm/music/Letherette	After Dawn	https://www.last.fm/music/Letherette/After%20Dawn	0.0	After Dawn	Enjoyment	Time Passing	37531681-b60b-4328-a33e-b57aa9b429f8	1	2	TSQXJlgWZOaVm6AO
onion::857::a6d293f4-98a7-41dc-8f25-b4f356144943	7289	857	a6d293f4-98a7-41dc-8f25-b4f356144943	Passion Pit	https://www.last.fm/music/Passion+Pit/_/Take+a+Walk	https://www.last.fm/music/Passion%20Pit	Take a Walk	https://www.last.fm/music/Passion%20Pit/Gossamer	0.0	Gossamer	Mood Enhancement	Cheerfulness	a2373fff-5976-427d-a6a7-134d0935d310	3	4	Aqhqxell8akjJpCK
onion::858::Foster the People-Pumped Up Kicks-1-269	7293	858	Foster the People-Pumped Up Kicks-1-269	Foster the People	https://www.last.fm/music/Foster+the+People/_/Pumped+Up+Kicks	https://www.last.fm/music/Foster%20the%20People	Pumped Up Kicks	https://www.last.fm/music/Foster%20the%20People/Torches	0.0	Torches	Entertainment	Singing Along	a2373fff-5976-427d-a6a7-134d0935d310	3	3	lJKIbZNzpS6IsNgh
onion::929::0ba0c3f6-7d48-3a8a-833b-b0148d1b6553	7739	929	0ba0c3f6-7d48-3a8a-833b-b0148d1b6553	Anita Baker	https://www.last.fm/music/Anita+Baker/_/Caught+Up+in+the+Rapture	https://www.last.fm/music/Anita%20Baker	Caught Up in the Rapture	https://www.last.fm/music/Anita%20Baker/Jazzy%20Soul	0.0	Jazzy Soul	Distraction	Distraction	37531681-b60b-4328-a33e-b57aa9b429f8	3	3	3g70a1c5v6S6dbrl
onion::886::7ueMtBY5caVZM5FocVzOv7	7445	886	7ueMtBY5caVZM5FocVzOv7	Crosby, Stills, Nash & Young			Everybody I Love You			Deja Vu	Relaxing	Comfort and Security	1efb3105-0fb8-4965-975c-32dbd55284a4	1	5	8YpfMh9qV3Wb7GdR
onion::868::4fba847f-5809-45bd-a765-702ff0b29bab	7348	868	4fba847f-5809-45bd-a765-702ff0b29bab	2Pac	https://www.last.fm/music/2Pac/_/Dear+Mama	https://www.last.fm/music/2Pac	Dear Mama	https://www.last.fm/music/2Pac/Me%20Against%20the%20World	0.0	Me Against the World	Relaxing	Comfort and Security	9bdafd7f-1a8a-4b73-9c13-d148a5f17665	2	2	384QbTcrmsb3DKiY
onion::868::14a524b6-c4df-43d4-beac-89f77cad757b	7349	868	14a524b6-c4df-43d4-beac-89f77cad757b	2Pac	https://www.last.fm/music/2Pac/_/Until+the+End+of+Time	https://www.last.fm/music/2Pac	Until the End of Time	https://www.last.fm/music/2Pac/Until%20The%20End%20Of%20Time	0.0	Until The End Of Time	Relaxing	Comfort and Security	9bdafd7f-1a8a-4b73-9c13-d148a5f17665	2	2	j4PtxdMUI3zEHOFH
onion::869::99aec862-5243-3d39-b368-9673810a3782	7353	869	99aec862-5243-3d39-b368-9673810a3782	2Pac	https://www.last.fm/music/2Pac/_/Old+School	https://www.last.fm/music/2Pac	Old School	https://www.last.fm/music/2Pac/Me%20Against%20the%20World	0.0	Me Against the World	Fitness Motivation	Fitness & Performance	9bdafd7f-1a8a-4b73-9c13-d148a5f17665	3	2	shRm9hpwmMMuPXaE
onion::880::04f6e022-da93-3331-af5e-cc400ae87ea5	7408	880	04f6e022-da93-3331-af5e-cc400ae87ea5	The Drums	https://www.last.fm/music/The+Drums/_/Money	https://www.last.fm/music/The%20Drums	Money	https://www.last.fm/music/The%20Drums/Portamento	0.0	Portamento	Exploration	Exploration	56344fb7-588c-4802-8d08-667259bc7bed	1	2	PdYtsSRChch10Pis
onion::880::3a45c9d1-6884-472b-8d74-bb11ceb5193c	7409	880	3a45c9d1-6884-472b-8d74-bb11ceb5193c	Clairo	https://www.last.fm/music/Clairo/_/Pretty+Girl	https://www.last.fm/music/Clairo	Pretty Girl	https://www.last.fm/music/Clairo/Pretty%20Girl	0.0	Pretty Girl	Exploration	Exploration	56344fb7-588c-4802-8d08-667259bc7bed	1	2	Ma2mTEggvRXtRXb8
onion::880::7160ffd9-619d-3ff6-8c2d-7152075e648c	7411	880	7160ffd9-619d-3ff6-8c2d-7152075e648c	Two Door Cinema Club	https://www.last.fm/music/Two+Door+Cinema+Club/_/Cigarettes+in+the+Theatre	https://www.last.fm/music/Two%20Door%20Cinema%20Club	Cigarettes in the Theatre	https://www.last.fm/music/Two%20Door%20Cinema%20Club/Tourist%20History	0.0	Tourist History	Exploration	Exploration	56344fb7-588c-4802-8d08-667259bc7bed	1	2	23UN2fpq2al7TXJb
onion::883::3Q17BTJ1pOOE139fV3OefK	7422	883	3Q17BTJ1pOOE139fV3OefK	of Montreal			We Were Born The Mutants Again With Leafling			Hissing Fauna, Are You The Destroyer?	Well-Being	Pleasure & Enjoyment	1efb3105-0fb8-4965-975c-32dbd55284a4	4	5	4nH74iwvQxuGWrMv
onion::884::custom-1770856806872	7427	884	custom-1770856806872	Elton John			Curtains		0.0	Captain Fantastic and The Brown Dirt Cowboy	Meaningful Engagement / Purpose	Life Meaning & Structure	1efb3105-0fb8-4965-975c-32dbd55284a4	3	5	gTekSN4nlAqCWPzp
onion::885::1z8pZYajKrBx7LjLi68KNQ	7437	885	1z8pZYajKrBx7LjLi68KNQ	Jefferson Starship			Miracles			Red Octopus	Emotion (regulation)	Emotional Resonance	1efb3105-0fb8-4965-975c-32dbd55284a4	4	5	sSd57NMtVTvR4XNY
onion::886::3ZGKe1PrwxQl6sCHwioCyE	7442	886	3ZGKe1PrwxQl6sCHwioCyE	Joni Mitchell			Rainy Night House			Ladies Of The Canyon	Relaxing	Comfort and Security	1efb3105-0fb8-4965-975c-32dbd55284a4	1	5	UOm3vJtSATn3MZZq
onion::887::5E1pngWasYW2Y6OjV6WMUs	7448	887	5E1pngWasYW2Y6OjV6WMUs	Lesley Gore			You Don't Own Me			Lesley Gore Sings Of Mixed-Up Hearts	(Self-) Reflection / Introspection	Self-Reflection	1efb3105-0fb8-4965-975c-32dbd55284a4	2	5	eUKuGdyJa0rVEOFK
onion::887::2DslWBUkrGFHWAQe0GpxkB	7451	887	2DslWBUkrGFHWAQe0GpxkB	Joni Mitchell			Song For Sharon			Hejira	(Self-) Reflection / Introspection	Self-Reflection	1efb3105-0fb8-4965-975c-32dbd55284a4	2	5	GGCJC94ZcySXshTZ
onion::887::0TUPxOcJc4R3PbWo8QwC3m	7452	887	0TUPxOcJc4R3PbWo8QwC3m	Joni Mitchell			Cactus Tree			"Joni Mitchell (AKA ""Song To A Seagull)"	(Self-) Reflection / Introspection	Self-Reflection	1efb3105-0fb8-4965-975c-32dbd55284a4	2	5	1V431yH7cge7k1cL
onion::888::custom-1770859834577	7456	888	custom-1770859834577	Nick Mulvey			Meet Me There		0.0		Support	Support	1efb3105-0fb8-4965-975c-32dbd55284a4	2	5	HF0m0OoUtut54TEf
onion::892::2rslQV48gNv3r9pPrQFPW1	7476	892	2rslQV48gNv3r9pPrQFPW1	Bob Dylan	spotify:track:2rslQV48gNv3r9pPrQFPW1	spotify:artist:74ASZWbe4lXaubB36ztrGX	Visions of Johanna	spotify:album:4NP1rhnsPdYpnyJP0p0k0L	451133.0	Blonde On Blonde	Motivation	Background Utility	1efb3105-0fb8-4965-975c-32dbd55284a4	3	5	KRY3z4w12Y1yUY7y
onion::892::5Zyv0v4rPcrXjkaeImuodv	7477	892	5Zyv0v4rPcrXjkaeImuodv	Jimi Hendrix	spotify:track:5Zyv0v4rPcrXjkaeImuodv	spotify:artist:776Uo845nYHJpNaStv1Ds4	One Rainy Wish	spotify:album:3uFZf8rykoHo7XMIQVYW6r	221826.0	Axis: Bold As Love	Motivation	Background Utility	1efb3105-0fb8-4965-975c-32dbd55284a4	3	5	5qRkaB6Mlf8VQuIo
onion::892::2HXnjMxrO4QccqE3Grwmd0	7479	892	2HXnjMxrO4QccqE3Grwmd0	Bob Dylan	spotify:track:2HXnjMxrO4QccqE3Grwmd0	spotify:artist:74ASZWbe4lXaubB36ztrGX	I Threw It All Away	spotify:album:5WBx64FIN04CvM2T1MGrUN	143066.0	Nashville Skyline	Motivation	Background Utility	1efb3105-0fb8-4965-975c-32dbd55284a4	3	5	VV1qSjtfptll385f
onion::892::2hmibAtdObO8F4tnhLENuQ	7482	892	2hmibAtdObO8F4tnhLENuQ	The Strokes	spotify:track:2hmibAtdObO8F4tnhLENuQ	spotify:artist:0epOFNiUfyON9EYx7Tpr6V	Reptilia	spotify:album:5OA9iN6WTzunqAdiuEpr7Q	219826.0	Room On Fire	Motivation	Background Utility	1efb3105-0fb8-4965-975c-32dbd55284a4	3	5	8keAhBJumHlc8qe9
onion::892::5cfGJHxNcS1S2qyZj9xH6z	7483	892	5cfGJHxNcS1S2qyZj9xH6z	Gary Clark Jr.	spotify:track:5cfGJHxNcS1S2qyZj9xH6z	spotify:artist:01aC2ikO4Xgb2LUpf9JfKp	Our Love	spotify:album:5gRwx5vpeXUA75GmuqwByn	251520.0	The Story of Sonny Boy Slim	Motivation	Background Utility	1efb3105-0fb8-4965-975c-32dbd55284a4	3	5	fozalKK9FR9i2TIT
onion::893::74e48bb0-9c92-4752-ad17-cf57ad2ad8cd	7492	893	74e48bb0-9c92-4752-ad17-cf57ad2ad8cd	Barbara Lewis	https://www.last.fm/music/Barbara+Lewis/_/Hello+Stranger	https://www.last.fm/music/Barbara%20Lewis	Hello Stranger	https://www.last.fm/music/Barbara%20Lewis/Hello%20Stranger	0.0	Hello Stranger	Creativity	Creative Visualization	16b378f8-7c97-4b7f-9bbc-ddce75e7042d	3	5	qLGKicpvqe6TnD16
onion::895::00bbff62-a8a9-3253-a625-372938a167e8	7497	895	00bbff62-a8a9-3253-a625-372938a167e8	The Cardigans	https://www.last.fm/music/The+Cardigans/_/Carnival	https://www.last.fm/music/The%20Cardigans	Carnival	https://www.last.fm/music/The%20Cardigans/Life%20(Remastered)	0.0	Life (Remastered)	Well-Being	Pleasure & Enjoyment	16b378f8-7c97-4b7f-9bbc-ddce75e7042d	4	2	yjycTXTXvelYcSrp
onion::895::4plIFiwhQGCk4wtws53oRF	7499	895	4plIFiwhQGCk4wtws53oRF	Wonder Girls	spotify:track:4plIFiwhQGCk4wtws53oRF	spotify:artist:3Cv2vi3WTl8VZOTdrBkKdM	Nobody	spotify:album:7t2TYEguSuqV0uO5Ws81N2	214253.0	CHINA SPECIAL EDITION	Well-Being	Pleasure & Enjoyment	16b378f8-7c97-4b7f-9bbc-ddce75e7042d	4	2	vapAxtZqKXVklJPi
onion::899::10a10c51-1de5-38ba-ad5d-f485e510ed6e	7517	899	10a10c51-1de5-38ba-ad5d-f485e510ed6e	Mariah Carey	https://www.last.fm/music/Mariah+Carey/_/Obsessed	https://www.last.fm/music/Mariah%20Carey	Obsessed	https://www.last.fm/music/Mariah%20Carey/Memoirs%20of%20an%20Imperfect%20Angel	0.0	Memoirs of an Imperfect Angel	Emotion (regulation)	Emotional Resonance	16b378f8-7c97-4b7f-9bbc-ddce75e7042d	5	4	dqhKBB0F07GFKhpc
onion::899::74e48bb0-9c92-4752-ad17-cf57ad2ad8cd	7519	899	74e48bb0-9c92-4752-ad17-cf57ad2ad8cd	Barbara Lewis	https://www.last.fm/music/Barbara+Lewis/_/Hello+Stranger	https://www.last.fm/music/Barbara%20Lewis	Hello Stranger	https://www.last.fm/music/Barbara%20Lewis/Hello%20Stranger	0.0	Hello Stranger	Emotion (regulation)	Emotional Resonance	16b378f8-7c97-4b7f-9bbc-ddce75e7042d	5	4	qLGKicpvqe6TnD16
onion::933::e29254d2-fd00-4d42-8085-b9a0fb4aa525	7776	933	e29254d2-fd00-4d42-8085-b9a0fb4aa525	Linkin Park	https://www.last.fm/music/Linkin+Park/_/New+Divide	https://www.last.fm/music/Linkin%20Park	New Divide	https://www.last.fm/music/Linkin%20Park/Transformers%3A%20Revenge%20of%20the%20Fallen%20The%20Album	0.0	Transformers: Revenge of the Fallen The Album	Well-Being	Pleasure & Enjoyment	6770475b-786f-4019-8a1b-54f0e537e114	5	5	uJnSqpL12Yjjvj88
onion::933::e1cd6414-8139-460b-a41a-0f3ef756637a	7777	933	e1cd6414-8139-460b-a41a-0f3ef756637a	My Chemical Romance	https://www.last.fm/music/My+Chemical+Romance/_/The+Light+Behind+Your+Eyes	https://www.last.fm/music/My%20Chemical%20Romance	The Light Behind Your Eyes	https://www.last.fm/music/My%20Chemical%20Romance/Number%20Three	0.0	Number Three	Well-Being	Pleasure & Enjoyment	6770475b-786f-4019-8a1b-54f0e537e114	5	5	z3qLNXT80hJXAmY5
onion::933::7cb69a7e-5a9b-4a8d-a572-a01b3ac58fe8	7780	933	7cb69a7e-5a9b-4a8d-a572-a01b3ac58fe8	Silversun Pickups	https://www.last.fm/music/Silversun+Pickups/_/Panic+Switch	https://www.last.fm/music/Silversun%20Pickups	Panic Switch	https://www.last.fm/music/Silversun%20Pickups/Swoon	0.0	Swoon	Well-Being	Pleasure & Enjoyment	6770475b-786f-4019-8a1b-54f0e537e114	5	5	n7DA62BfUjzUx3y4
onion::933::0c7dd0e8-a454-3a51-93f1-cd19390d43f1	7781	933	0c7dd0e8-a454-3a51-93f1-cd19390d43f1	Green Day	https://www.last.fm/music/Green+Day/_/Jesus+of+Suburbia	https://www.last.fm/music/Green%20Day	Jesus of Suburbia	https://www.last.fm/music/Green%20Day/American%20Idiot	0.0	American Idiot	Well-Being	Pleasure & Enjoyment	6770475b-786f-4019-8a1b-54f0e537e114	5	5	FPOD0IPwrHzyhsTQ
onion::933::008da724-1048-3a67-936d-b3b4d4f78ea2	7787	933	008da724-1048-3a67-936d-b3b4d4f78ea2	The Perishers	https://www.last.fm/music/The+Perishers/_/Sway	https://www.last.fm/music/The%20Perishers	Sway	https://www.last.fm/music/The%20Perishers/Let%20There%20Be%20Morning%20(Bonus%20Track%20Version)	0.0	Let There Be Morning (Bonus Track Version)	Well-Being	Pleasure & Enjoyment	6770475b-786f-4019-8a1b-54f0e537e114	5	5	R8kOpQo57jrhsau9
onion::933::7e1f3095-d86b-400c-98b0-a0d919037c54	7789	933	7e1f3095-d86b-400c-98b0-a0d919037c54	Muse	https://www.last.fm/music/Muse/_/Starlight	https://www.last.fm/music/Muse	Starlight	https://www.last.fm/music/Muse/Black%20Holes%20and%20Revelations	0.0	Black Holes and Revelations	Well-Being	Pleasure & Enjoyment	6770475b-786f-4019-8a1b-54f0e537e114	5	5	KxryDZFfi0mkMMiM
onion::937::7e1f3095-d86b-400c-98b0-a0d919037c54	7873	937	7e1f3095-d86b-400c-98b0-a0d919037c54	Muse	https://www.last.fm/music/Muse/_/Starlight	https://www.last.fm/music/Muse	Starlight	https://www.last.fm/music/Muse/Black%20Holes%20and%20Revelations	0.0	Black Holes and Revelations	Relaxing	Comfort and Security	6770475b-786f-4019-8a1b-54f0e537e114	4	4	KxryDZFfi0mkMMiM
onion::937::0353cdba-f0ef-4f2d-9623-cac16b66cd87	7874	937	0353cdba-f0ef-4f2d-9623-cac16b66cd87	Muse	https://www.last.fm/music/Muse/_/Sing+for+Absolution	https://www.last.fm/music/Muse	Sing for Absolution	https://www.last.fm/music/Muse/Absolution	0.0	Absolution	Relaxing	Comfort and Security	6770475b-786f-4019-8a1b-54f0e537e114	4	4	kDRq6W6AXVgvObuv
onion::1166::03163c71-37b7-314e-8f49-9a9406f5f89f	10457	1166	03163c71-37b7-314e-8f49-9a9406f5f89f	Lesley Gore	https://www.last.fm/music/Lesley+Gore/_/You+Don%27t+Own+Me	https://www.last.fm/music/Lesley%20Gore	You Don't Own Me	https://www.last.fm/music/Lesley%20Gore/Lesley%20Gore%20Sings%20of%20Mixed-Up%20Hearts	0.0	Lesley Gore Sings of Mixed-Up Hearts	Support	Support	c8602bd3-cdb7-486f-9e46-1cc042c9a89a	2	3	eUKuGdyJa0rVEOFK
onion::1171::2d2c3253-8b61-3c02-b5e1-83be8ade482c	10507	1171	2d2c3253-8b61-3c02-b5e1-83be8ade482c	Portishead	https://www.last.fm/music/Portishead/_/Biscuit	https://www.last.fm/music/Portishead	Biscuit	https://www.last.fm/music/Portishead/Dummy	0.0	Dummy	Relaxing	Comfort and Security	c8602bd3-cdb7-486f-9e46-1cc042c9a89a	2	2	43BuB9MtwpIgdzDN
onion::1171::5cfc3cdf-e557-4150-83c8-bb284a2a2b01	10512	1171	5cfc3cdf-e557-4150-83c8-bb284a2a2b01	Muse	https://www.last.fm/music/Muse/_/Feeling+Good	https://www.last.fm/music/Muse	Feeling Good	https://www.last.fm/music/Muse/Origin%20of%20Symmetry	0.0	Origin of Symmetry	Relaxing	Comfort and Security	c8602bd3-cdb7-486f-9e46-1cc042c9a89a	2	2	k359CixIFRVz3QHM
onion::939::03869c3c-d55c-4b8f-8ac1-84720e12ef7f	7883	939	03869c3c-d55c-4b8f-8ac1-84720e12ef7f	Muse	https://www.last.fm/music/Muse/_/Uprising	https://www.last.fm/music/Muse	Uprising	https://www.last.fm/music/Muse/The%20Resistance	0.0	The Resistance	Community	Community	6770475b-786f-4019-8a1b-54f0e537e114	1	1	axdv4kGugNPl0G69
onion::939::7e1f3095-d86b-400c-98b0-a0d919037c54	7884	939	7e1f3095-d86b-400c-98b0-a0d919037c54	Muse	https://www.last.fm/music/Muse/_/Starlight	https://www.last.fm/music/Muse	Starlight	https://www.last.fm/music/Muse/Black%20Holes%20and%20Revelations	0.0	Black Holes and Revelations	Community	Community	6770475b-786f-4019-8a1b-54f0e537e114	1	1	KxryDZFfi0mkMMiM
onion::939::16c56a03-e81b-4bf2-8ffc-96433455d89b	7888	939	16c56a03-e81b-4bf2-8ffc-96433455d89b	Daughter	https://www.last.fm/music/Daughter/_/Youth	https://www.last.fm/music/Daughter	Youth	https://www.last.fm/music/Daughter/If%20You%20Leave	0.0	If You Leave	Community	Community	6770475b-786f-4019-8a1b-54f0e537e114	1	1	4fQy322KQGMmKyyD
onion::940::6dd5d4df-7895-418c-bd0a-7385991b291d	7892	940	6dd5d4df-7895-418c-bd0a-7385991b291d	IAMX	https://www.last.fm/music/IAMX/_/Insomnia	https://www.last.fm/music/IAMX	Insomnia	https://www.last.fm/music/IAMX/Metanoia	0.0	Metanoia	Exploration	Exploration	6770475b-786f-4019-8a1b-54f0e537e114	3	3	Qd9OwQ85lwA1pvD7
onion::940::02819bd1-a184-4507-bf23-3cd424fd96d8	7893	940	02819bd1-a184-4507-bf23-3cd424fd96d8	Blanco White	https://www.last.fm/music/Blanco+White/_/Colder+Heavens	https://www.last.fm/music/Blanco%20White	Colder Heavens	https://www.last.fm/music/Blanco%20White/Colder%20Heavens%20-%20EP	0.0	Colder Heavens - EP	Exploration	Exploration	6770475b-786f-4019-8a1b-54f0e537e114	3	3	JjGqwBkjtdTGx16P
onion::940::66427390-7c56-4284-b983-3876669fa3b6	7896	940	66427390-7c56-4284-b983-3876669fa3b6	Bloc Party	https://www.last.fm/music/Bloc+Party/_/Blue+Light	https://www.last.fm/music/Bloc%20Party	Blue Light	https://www.last.fm/music/Bloc%20Party/Silent%20Alarm	0.0	Silent Alarm	Exploration	Exploration	6770475b-786f-4019-8a1b-54f0e537e114	3	3	FvDRK0B7x9Cen5YR
onion::940::ae74adf8-55e5-4ed2-bc31-c54283829d72	7898	940	ae74adf8-55e5-4ed2-bc31-c54283829d72	Twenty One Pilots	https://www.last.fm/music/Twenty+One+Pilots/_/Ode+to+Sleep	https://www.last.fm/music/Twenty%20One%20Pilots	Ode to Sleep	https://www.last.fm/music/Twenty%20One%20Pilots/Vessel	0.0	Vessel	Exploration	Exploration	6770475b-786f-4019-8a1b-54f0e537e114	3	3	09AOCIB5yktoz8B5
onion::941::custom-1770889962018	7907	941	custom-1770889962018	Shawn Colvin			Sunny Came Home		0.0	A Few Small Repairs	Passion / Pleasure	Habitual Listening	6770475b-786f-4019-8a1b-54f0e537e114	5	4	nbo62BHKJ2BoX8Jo
onion::941::f9c26481-b723-46a7-a2be-efdc008d0079	7917	941	f9c26481-b723-46a7-a2be-efdc008d0079	Death Cab for Cutie	https://www.last.fm/music/Death+Cab+for+Cutie/_/Transatlanticism	https://www.last.fm/music/Death%20Cab%20for%20Cutie	Transatlanticism	https://www.last.fm/music/Death%20Cab%20for%20Cutie/Transatlanticism%20(10th%20Anniversary%20Edition)	0.0	Transatlanticism (10th Anniversary Edition)	Passion / Pleasure	Habitual Listening	6770475b-786f-4019-8a1b-54f0e537e114	5	4	m9jkwZdG1nqMO95m
onion::942::0353cdba-f0ef-4f2d-9623-cac16b66cd87	7921	942	0353cdba-f0ef-4f2d-9623-cac16b66cd87	Muse	https://www.last.fm/music/Muse/_/Sing+for+Absolution	https://www.last.fm/music/Muse	Sing for Absolution	https://www.last.fm/music/Muse/Absolution	0.0	Absolution	Relief	Relief	6770475b-786f-4019-8a1b-54f0e537e114	4	4	kDRq6W6AXVgvObuv
onion::942::6T7MAQCekVb3UnCykjX3BP	7924	942	6T7MAQCekVb3UnCykjX3BP	My Chemical Romance			Disenchanted			The Black Parade	Relief	Relief	6770475b-786f-4019-8a1b-54f0e537e114	4	4	dDyJBl7FGVK0IaSE
onion::942::1GErReAT0swX36x3O8GyQn	7925	942	1GErReAT0swX36x3O8GyQn	My Chemical Romance			To The End			Three Cheers For Sweet Revenge	Relief	Relief	6770475b-786f-4019-8a1b-54f0e537e114	4	4	6b5RJWnWJXeTXATh
onion::1171::00544dbc-10f1-4a62-8ccf-38c403aa5377	10517	1171	00544dbc-10f1-4a62-8ccf-38c403aa5377	Mazzy Star	https://www.last.fm/music/Mazzy+Star/_/Bells+Ring	https://www.last.fm/music/Mazzy%20Star	Bells Ring	https://www.last.fm/music/Mazzy%20Star/So%20Tonight%20That%20I%20Might%20See	0.0	So Tonight That I Might See	Relaxing	Comfort and Security	c8602bd3-cdb7-486f-9e46-1cc042c9a89a	2	2	ecFa2ZTHkfUh48Jt
onion::1174::77ca0761-9bc8-48c3-8942-b8ae2eab1023	10554	1174	77ca0761-9bc8-48c3-8942-b8ae2eab1023	Frank Ocean	https://www.last.fm/music/Frank+Ocean/_/Sierra+Leone	https://www.last.fm/music/Frank%20Ocean	Sierra Leone	https://www.last.fm/music/Frank%20Ocean/channel%20ORANGE	0.0	channel ORANGE	Entertainment	Singing Along	c62f237e-b677-48b7-afb5-a022371c5d26	3	5	XpLiPdRr59XJodt3
onion::1174::ec9601c3-1bc0-45ec-8998-3fb61c1fcf0e	10555	1174	ec9601c3-1bc0-45ec-8998-3fb61c1fcf0e	Lorde	https://www.last.fm/music/Lorde/_/Ribs	https://www.last.fm/music/Lorde	Ribs	https://www.last.fm/music/Lorde/Pure%20Heroine	0.0	Pure Heroine	Entertainment	Singing Along	c62f237e-b677-48b7-afb5-a022371c5d26	3	5	IiKMWlJ4N1MvBpHc
onion::1174::045a372d-e1eb-4d10-8ec9-383b637ecae0	10556	1174	045a372d-e1eb-4d10-8ec9-383b637ecae0	Harry Nilsson	https://www.last.fm/music/Harry+Nilsson/_/Gotta+Get+Up	https://www.last.fm/music/Harry%20Nilsson	Gotta Get Up	https://www.last.fm/music/Harry%20Nilsson/Nilsson%20Schmilsson	0.0	Nilsson Schmilsson	Entertainment	Singing Along	c62f237e-b677-48b7-afb5-a022371c5d26	3	5	l0X3Oa2TGReb2j9k
onion::946::095a6052-76db-381b-a915-23d0d092b51b	7958	946	095a6052-76db-381b-a915-23d0d092b51b	Nana Grizol	https://www.last.fm/music/Nana+Grizol/_/Tiny+Rainbows	https://www.last.fm/music/Nana%20Grizol	Tiny Rainbows	https://www.last.fm/music/Nana%20Grizol/Love%20It%20Love%20It	0.0	Love It Love It	(Self-) Reflection / Introspection	Self-Reflection	13b47337-9a4e-462a-9dac-7a048ce31e9c	1	4	nyyAF8bE5Sobs5iE
onion::953::8814cf73-a2e9-314c-9eab-ae2b5a84924c	8009	953	8814cf73-a2e9-314c-9eab-ae2b5a84924c	Slowdive	https://www.last.fm/music/Slowdive/_/Catch+the+Breeze	https://www.last.fm/music/Slowdive	Catch the Breeze	https://www.last.fm/music/Slowdive/Just%20for%20a%20Day	0.0	Just for a Day	Emotion (regulation)	Emotional Resonance	4d0c1d72-2b70-4cc5-b3ab-de252e529638	3	5	f2Nji2TuE9MywRlr
onion::1168::294af72f-b67d-48ac-ae54-1b08cdf27979	10486	1168	294af72f-b67d-48ac-ae54-1b08cdf27979	Fiona Apple	https://www.last.fm/music/Fiona+Apple/_/Slow+Like+Honey	https://www.last.fm/music/Fiona%20Apple	Slow Like Honey	https://www.last.fm/music/Fiona%20Apple/Tidal	0.0	Tidal	(Self-) Reflection / Introspection	Self-Reflection	c8602bd3-cdb7-486f-9e46-1cc042c9a89a	1	2	zmHVoqe06LDuWPk6
onion::1168::4984c109-d913-4874-8453-5352933b6c77	10487	1168	4984c109-d913-4874-8453-5352933b6c77	Fiona Apple	https://www.last.fm/music/Fiona+Apple/_/Shadowboxer	https://www.last.fm/music/Fiona%20Apple	Shadowboxer	https://www.last.fm/music/Fiona%20Apple/Tidal	0.0	Tidal	(Self-) Reflection / Introspection	Self-Reflection	c8602bd3-cdb7-486f-9e46-1cc042c9a89a	1	2	ke5JKpLa8Dw7dCDO
onion::1168::b06dff3a-de0a-4da9-9b2d-c5b9a1c01d72	10492	1168	b06dff3a-de0a-4da9-9b2d-c5b9a1c01d72	Fiona Apple	https://www.last.fm/music/Fiona+Apple/_/Criminal	https://www.last.fm/music/Fiona%20Apple	Criminal	https://www.last.fm/music/Fiona%20Apple/Tidal	0.0	Tidal	(Self-) Reflection / Introspection	Self-Reflection	c8602bd3-cdb7-486f-9e46-1cc042c9a89a	1	2	nRpEFcFzYZ8Z8Cye
onion::1172::d03a3a1c-aca7-43ee-b98e-4e95789cae6e	10519	1172	d03a3a1c-aca7-43ee-b98e-4e95789cae6e	Britney Spears	https://www.last.fm/music/Britney+Spears/_/Break+the+Ice	https://www.last.fm/music/Britney%20Spears	Break the Ice	https://www.last.fm/music/Britney%20Spears/Blackout	0.0	Blackout	Nostalgia	Nostalgia	c8602bd3-cdb7-486f-9e46-1cc042c9a89a	1	2	qr7l3zZju9kS4Azs
onion::1172::7599e273-c585-33d6-9eeb-9e55659272c4	10528	1172	7599e273-c585-33d6-9eeb-9e55659272c4	Madonna	https://www.last.fm/music/Madonna/_/Hung+Up	https://www.last.fm/music/Madonna	Hung Up	https://www.last.fm/music/Madonna/Confessions%20on%20a%20Dance%20Floor	0.0	Confessions on a Dance Floor	Nostalgia	Nostalgia	c8602bd3-cdb7-486f-9e46-1cc042c9a89a	1	2	6DwzPznhYUCUe4Ud
onion::1172::08cafe0a-6706-343c-bd09-2db29851835f	10532	1172	08cafe0a-6706-343c-bd09-2db29851835f	Rihanna	https://www.last.fm/music/Rihanna/_/Breakin%27+Dishes	https://www.last.fm/music/Rihanna	Breakin' Dishes	https://www.last.fm/music/Rihanna/Good%20Girl%20Gone%20Bad	0.0	Good Girl Gone Bad	Nostalgia	Nostalgia	c8602bd3-cdb7-486f-9e46-1cc042c9a89a	1	2	EEDpe8A5q7mkaneL
onion::1172::1e1e2a28-9fb7-36e8-ade7-d207fbe88497	10533	1172	1e1e2a28-9fb7-36e8-ade7-d207fbe88497	Lady Gaga	https://www.last.fm/music/Lady+Gaga/_/Government+Hooker	https://www.last.fm/music/Lady%20Gaga	Government Hooker	https://www.last.fm/music/Lady%20Gaga/Born%20This%20Way%20(International%20Special%20Edition%20Version)	0.0	Born This Way (International Special Edition Version)	Nostalgia	Nostalgia	c8602bd3-cdb7-486f-9e46-1cc042c9a89a	1	2	cdRPI6v1DmHSYKFO
onion::1172::2731fdf6-2e3b-48ac-a6ba-10f134ebb104	10535	1172	2731fdf6-2e3b-48ac-a6ba-10f134ebb104	Britney Spears	https://www.last.fm/music/Britney+Spears/_/Piece+of+Me	https://www.last.fm/music/Britney%20Spears	Piece of Me	https://www.last.fm/music/Britney%20Spears/Blackout	0.0	Blackout	Nostalgia	Nostalgia	c8602bd3-cdb7-486f-9e46-1cc042c9a89a	1	2	6Wa3pHMOGYEw6OQx
onion::1172::4134b972-74d7-4820-801f-43d497e8e04b	10537	1172	4134b972-74d7-4820-801f-43d497e8e04b	Katy Perry	https://www.last.fm/music/Katy+Perry/_/Part+of+Me	https://www.last.fm/music/Katy%20Perry	Part of Me	https://www.last.fm/music/Katy%20Perry/Teenage%20Dream%3A%20The%20Complete%20Confection	0.0	Teenage Dream: The Complete Confection	Nostalgia	Nostalgia	c8602bd3-cdb7-486f-9e46-1cc042c9a89a	1	2	8xrJB9uhruYJUVAL
onion::1174::a46fe5f7-fb2f-4f59-afae-53862b3850f6	10558	1174	a46fe5f7-fb2f-4f59-afae-53862b3850f6	Lorde	https://www.last.fm/music/Lorde/_/Liability	https://www.last.fm/music/Lorde	Liability	https://www.last.fm/music/Lorde/Melodrama	0.0	Melodrama	Entertainment	Singing Along	c62f237e-b677-48b7-afb5-a022371c5d26	3	5	qq5vzfzinhePpehj
onion::951::17gohmCYDlZSYxp41xqVQ8	7997	951	17gohmCYDlZSYxp41xqVQ8	Girls' Generation			Lion Heart			Lion Heart - The 5th Album	Enjoyment	Time Passing	13b47337-9a4e-462a-9dac-7a048ce31e9c	2	3	sOekdGBmffcsrxxZ
onion::953::36799ac4-a3f6-4400-9292-8b7ec718833c	8004	953	36799ac4-a3f6-4400-9292-8b7ec718833c	Drop Nineteens	https://www.last.fm/music/Drop+Nineteens/_/Kick+The+Tragedy	https://www.last.fm/music/Drop%20Nineteens	Kick The Tragedy	https://www.last.fm/music/Drop%20Nineteens/Delaware	0.0	Delaware	Emotion (regulation)	Emotional Resonance	4d0c1d72-2b70-4cc5-b3ab-de252e529638	3	5	kHfP0hOte6XuMZfd
onion::953::0b546a58-8090-4e60-9b43-5b23e52855a9	8006	953	0b546a58-8090-4e60-9b43-5b23e52855a9	Slowdive	https://www.last.fm/music/Slowdive/_/Souvlaki+Space+Station	https://www.last.fm/music/Slowdive	Souvlaki Space Station	https://www.last.fm/music/Slowdive/Souvlaki	0.0	Souvlaki	Emotion (regulation)	Emotional Resonance	4d0c1d72-2b70-4cc5-b3ab-de252e529638	3	5	wv31PcNiaYRZjBo2
onion::954::0ee71819-24bb-4819-9769-33403ca1b65f	8018	954	0ee71819-24bb-4819-9769-33403ca1b65f	Deftones	https://www.last.fm/music/Deftones/_/Sleep+Walk	https://www.last.fm/music/Deftones	Sleep Walk	https://www.last.fm/music/Deftones/Covers	0.0	Covers	Passion / Pleasure	Habitual Listening	4d0c1d72-2b70-4cc5-b3ab-de252e529638	2	3	3s3OGyFZzcIQlAt9
onion::954::00805d9e-5595-38de-aee6-6afced7ec64c	8020	954	00805d9e-5595-38de-aee6-6afced7ec64c	Boards of Canada	https://www.last.fm/music/Boards+of+Canada/_/Peacock+Tail	https://www.last.fm/music/Boards%20of%20Canada	Peacock Tail	https://www.last.fm/music/Boards%20of%20Canada/The%20Campfire%20Headphase	0.0	The Campfire Headphase	Passion / Pleasure	Habitual Listening	4d0c1d72-2b70-4cc5-b3ab-de252e529638	2	3	nLJe7MiZ3UsnGlx7
onion::954::1225a823-e525-397b-8ee8-a58aa0a98787	8023	954	1225a823-e525-397b-8ee8-a58aa0a98787	MGMT	https://www.last.fm/music/MGMT/_/Siberian+Breaks	https://www.last.fm/music/MGMT	Siberian Breaks	https://www.last.fm/music/MGMT/Congratulations	0.0	Congratulations	Passion / Pleasure	Habitual Listening	4d0c1d72-2b70-4cc5-b3ab-de252e529638	2	3	x8pdh3PERW7ItJWL
onion::955::d8335f3b-cf82-4340-bef4-4a529d689f7e	8032	955	d8335f3b-cf82-4340-bef4-4a529d689f7e	Crim3s	https://www.last.fm/music/Crim3s/_/Stress	https://www.last.fm/music/Crim3s	Stress	https://www.last.fm/music/Crim3s/Stay%20Ugly%20EP	0.0	Stay Ugly EP	Distraction	Distraction	4d0c1d72-2b70-4cc5-b3ab-de252e529638	2	4	mvUaP8k67qOFfA65
onion::955::1cd1567e-876e-32b8-90bb-e5abebcf2d65	8033	955	1cd1567e-876e-32b8-90bb-e5abebcf2d65	Have a Nice Life	https://www.last.fm/music/Have+a+Nice+Life/_/There+Is+No+Food	https://www.last.fm/music/Have%20a%20Nice%20Life	There Is No Food	https://www.last.fm/music/Have%20a%20Nice%20Life/Deathconsciousness	0.0	Deathconsciousness	Distraction	Distraction	4d0c1d72-2b70-4cc5-b3ab-de252e529638	2	4	xbAlcMWi8e1RgvUf
onion::956::0pJTrMWCiR0TuJ5FApIqrz	8036	956	0pJTrMWCiR0TuJ5FApIqrz	Tame Impala			Music To Walk Home By			Lonerism	Relaxing	Comfort and Security	4d0c1d72-2b70-4cc5-b3ab-de252e529638	2	2	WBZXGy6cWwR2hWdG
onion::956::6ewQE1dNPv9qqlnB1CxrvM	8037	956	6ewQE1dNPv9qqlnB1CxrvM	Tame Impala			Mind Mischief			Lonerism	Relaxing	Comfort and Security	4d0c1d72-2b70-4cc5-b3ab-de252e529638	2	2	kSlG0eApnx01j6Lr
onion::956::3651adba-2957-4c17-92bf-f88d67c48597	8038	956	3651adba-2957-4c17-92bf-f88d67c48597	Tame Impala	https://www.last.fm/music/Tame+Impala/_/Disciples	https://www.last.fm/music/Tame%20Impala	Disciples	https://www.last.fm/music/Tame%20Impala/Currents	0.0	Currents	Relaxing	Comfort and Security	4d0c1d72-2b70-4cc5-b3ab-de252e529638	2	2	utfMCwd1SdVbA3oo
onion::956::8814cf73-a2e9-314c-9eab-ae2b5a84924c	8041	956	8814cf73-a2e9-314c-9eab-ae2b5a84924c	Slowdive	https://www.last.fm/music/Slowdive/_/Catch+the+Breeze	https://www.last.fm/music/Slowdive	Catch the Breeze	https://www.last.fm/music/Slowdive/Just%20for%20a%20Day	0.0	Just for a Day	Relaxing	Comfort and Security	4d0c1d72-2b70-4cc5-b3ab-de252e529638	2	2	f2Nji2TuE9MywRlr
onion::957::65a23443-e846-4a24-9fad-09fe7ccf0c24	8052	957	65a23443-e846-4a24-9fad-09fe7ccf0c24	A$AP Rocky	https://www.last.fm/music/A$AP+Rocky/_/LVL	https://www.last.fm/music/A%24AP%20Rocky	LVL	https://www.last.fm/music/A%24AP%20Rocky/LONG.LIVE.A%24AP%20(Deluxe%20Version)	0.0	LONG.LIVE.A$AP (Deluxe Version)	Calming	Frustration Venting	4d0c1d72-2b70-4cc5-b3ab-de252e529638	2	3	yymMz6dVlY8OXptl
onion::959::00805d9e-5595-38de-aee6-6afced7ec64c	8067	959	00805d9e-5595-38de-aee6-6afced7ec64c	Boards of Canada	https://www.last.fm/music/Boards+of+Canada/_/Peacock+Tail	https://www.last.fm/music/Boards%20of%20Canada	Peacock Tail	https://www.last.fm/music/Boards%20of%20Canada/The%20Campfire%20Headphase	0.0	The Campfire Headphase	Motivation	Background Utility	4d0c1d72-2b70-4cc5-b3ab-de252e529638	1	2	nLJe7MiZ3UsnGlx7
onion::960::9ad4e4f4-6460-44f2-88ef-6d82e83a5b74	8075	960	9ad4e4f4-6460-44f2-88ef-6d82e83a5b74	Billy Idol	https://www.last.fm/music/Billy+Idol/_/Eyes+Without+a+Face	https://www.last.fm/music/Billy%20Idol	Eyes Without a Face	https://www.last.fm/music/Billy%20Idol/Rebel%20Yell	0.0	Rebel Yell	Meaningful Engagement / Purpose	Life Meaning & Structure	4d0c1d72-2b70-4cc5-b3ab-de252e529638	1	1	nuCATSqQe0xru1fQ
onion::960::93995510-7f2f-4f5d-8b12-528289f89769	8078	960	93995510-7f2f-4f5d-8b12-528289f89769	2Pac	https://www.last.fm/music/2Pac/_/Keep+Ya+Head+Up	https://www.last.fm/music/2Pac	Keep Ya Head Up	https://www.last.fm/music/2Pac/Greatest%20Hits	0.0	Greatest Hits	Meaningful Engagement / Purpose	Life Meaning & Structure	4d0c1d72-2b70-4cc5-b3ab-de252e529638	1	1	6sUE7Mf0a49mHeJr
onion::961::5d7e0508-af24-4b4a-b4e4-307206f6d3aa	8085	961	5d7e0508-af24-4b4a-b4e4-307206f6d3aa	Pond	https://www.last.fm/music/Pond/_/Holding+Out+For+You	https://www.last.fm/music/Pond	Holding Out For You	https://www.last.fm/music/Pond/Man%20It%20Feels%20Like%20Space%20Again	0.0	Man It Feels Like Space Again	Escape	Letting Go	4d0c1d72-2b70-4cc5-b3ab-de252e529638	1	2	MVUn9ZfetIhDKbxt
onion::962::00805d9e-5595-38de-aee6-6afced7ec64c	8090	962	00805d9e-5595-38de-aee6-6afced7ec64c	Boards of Canada	https://www.last.fm/music/Boards+of+Canada/_/Peacock+Tail	https://www.last.fm/music/Boards%20of%20Canada	Peacock Tail	https://www.last.fm/music/Boards%20of%20Canada/The%20Campfire%20Headphase	0.0	The Campfire Headphase	Enjoyment	Time Passing	4d0c1d72-2b70-4cc5-b3ab-de252e529638	1	2	nLJe7MiZ3UsnGlx7
onion::962::custom-1770922898911	8093	962	custom-1770922898911	Pink Floyd			Echoes		0.0	Meddle	Enjoyment	Time Passing	4d0c1d72-2b70-4cc5-b3ab-de252e529638	1	2	ZzRNeJcFDGKzRqih
onion::963::2dc11845-a1de-440f-8c89-4c5933dc11df	8094	963	2dc11845-a1de-440f-8c89-4c5933dc11df	Big L	https://www.last.fm/music/Big+L/_/Put+It+On	https://www.last.fm/music/Big%20L	Put It On	https://www.last.fm/music/Big%20L/Lifestylez%20Ov%20Da%20Poor%20%26%20Dangerous	0.0	Lifestylez Ov Da Poor & Dangerous	Well-Being	Pleasure & Enjoyment	fb53f96c-c21d-43de-94e6-67c39446c40b	2	5	VYzHRsHTECosF8iP
onion::964::15fb488e-b012-4d3d-ab3a-5a6d3572dd8b	8101	964	15fb488e-b012-4d3d-ab3a-5a6d3572dd8b	Falling in Reverse	https://www.last.fm/music/Falling+in+Reverse/_/Game+Over	https://www.last.fm/music/Falling%20in%20Reverse	Game Over	https://www.last.fm/music/Falling%20in%20Reverse/Fashionably%20Late%20(Deluxe%20Edition)	0.0	Fashionably Late (Deluxe Edition)	(Self-) Reflection / Introspection	Self-Reflection	fb53f96c-c21d-43de-94e6-67c39446c40b	2	5	cc3l1tmMZ9DNFGGx
onion::964::ceff3f5d-6eaa-4dc5-bbeb-5c33b6740a7c	8105	964	ceff3f5d-6eaa-4dc5-bbeb-5c33b6740a7c	Jimmy Eat World	https://www.last.fm/music/Jimmy+Eat+World/_/Sweetness	https://www.last.fm/music/Jimmy%20Eat%20World	Sweetness	https://www.last.fm/music/Jimmy%20Eat%20World/Bleed%20American	0.0	Bleed American	(Self-) Reflection / Introspection	Self-Reflection	fb53f96c-c21d-43de-94e6-67c39446c40b	2	5	aKlZWBqnnxbbhe5r
onion::966::15fb488e-b012-4d3d-ab3a-5a6d3572dd8b	8121	966	15fb488e-b012-4d3d-ab3a-5a6d3572dd8b	Falling in Reverse	https://www.last.fm/music/Falling+in+Reverse/_/Game+Over	https://www.last.fm/music/Falling%20in%20Reverse	Game Over	https://www.last.fm/music/Falling%20in%20Reverse/Fashionably%20Late%20(Deluxe%20Edition)	0.0	Fashionably Late (Deluxe Edition)	Meaningful Engagement / Purpose	Life Meaning & Structure	fb53f96c-c21d-43de-94e6-67c39446c40b	1	4	cc3l1tmMZ9DNFGGx
onion::966::Green Day-Basket Case-1-18	8122	966	Green Day-Basket Case-1-18	Green Day	https://www.last.fm/music/Green+Day/_/Basket+Case	https://www.last.fm/music/Green%20Day	Basket Case	https://www.last.fm/music/Green%20Day/Dookie	0.0	Dookie	Meaningful Engagement / Purpose	Life Meaning & Structure	fb53f96c-c21d-43de-94e6-67c39446c40b	1	4	cC1MB9fo6jK3h8Wb
onion::966::ceff3f5d-6eaa-4dc5-bbeb-5c33b6740a7c	8123	966	ceff3f5d-6eaa-4dc5-bbeb-5c33b6740a7c	Jimmy Eat World	https://www.last.fm/music/Jimmy+Eat+World/_/Sweetness	https://www.last.fm/music/Jimmy%20Eat%20World	Sweetness	https://www.last.fm/music/Jimmy%20Eat%20World/Bleed%20American	0.0	Bleed American	Meaningful Engagement / Purpose	Life Meaning & Structure	fb53f96c-c21d-43de-94e6-67c39446c40b	1	4	aKlZWBqnnxbbhe5r
onion::966::Mark Morrison-Return of the Mack-3-141	8131	966	Mark Morrison-Return of the Mack-3-141	Mark Morrison	https://www.last.fm/music/Mark+Morrison/_/Return+of+the+Mack	https://www.last.fm/music/Mark%20Morrison	Return of the Mack	https://www.last.fm/music/Mark%20Morrison/Return%20of%20the%20Mack	0.0	Return of the Mack	Meaningful Engagement / Purpose	Life Meaning & Structure	fb53f96c-c21d-43de-94e6-67c39446c40b	1	4	L5EBbhohw8AhRMt4
onion::969::27214a53-8f61-47d6-9120-241b840af1f8	8162	969	27214a53-8f61-47d6-9120-241b840af1f8	TV on the Radio	https://www.last.fm/music/TV+on+the+Radio/_/DLZ	https://www.last.fm/music/TV%20on%20the%20Radio	DLZ	https://www.last.fm/music/TV%20on%20the%20Radio/Dear%20Science	0.0	Dear Science	Nostalgia	Nostalgia	fb53f96c-c21d-43de-94e6-67c39446c40b	2	5	LmYZjUdYPlBrAoQj
onion::971::2dc11845-a1de-440f-8c89-4c5933dc11df	8171	971	2dc11845-a1de-440f-8c89-4c5933dc11df	Big L	https://www.last.fm/music/Big+L/_/Put+It+On	https://www.last.fm/music/Big%20L	Put It On	https://www.last.fm/music/Big%20L/Lifestylez%20Ov%20Da%20Poor%20%26%20Dangerous	0.0	Lifestylez Ov Da Poor & Dangerous	Passion / Pleasure	Habitual Listening	fb53f96c-c21d-43de-94e6-67c39446c40b	2	3	VYzHRsHTECosF8iP
onion::971::2e01631d-0c03-4b18-83a0-fc4b5eba9039	8179	971	2e01631d-0c03-4b18-83a0-fc4b5eba9039	Asobi Seksu	https://www.last.fm/music/Asobi+Seksu/_/Thursday	https://www.last.fm/music/Asobi%20Seksu	Thursday	https://www.last.fm/music/Asobi%20Seksu/Citrus	0.0	Citrus	Passion / Pleasure	Habitual Listening	fb53f96c-c21d-43de-94e6-67c39446c40b	2	3	piFOO3vrSBEQyj1H
onion::971::5fe23096-88a5-47c9-8641-e099b5d60264	8185	971	5fe23096-88a5-47c9-8641-e099b5d60264	EVE 6	https://www.last.fm/music/EVE+6/_/Inside+Out	https://www.last.fm/music/EVE%206	Inside Out	https://www.last.fm/music/EVE%206/Eve%206	0.0	Eve 6	Passion / Pleasure	Habitual Listening	fb53f96c-c21d-43de-94e6-67c39446c40b	2	3	j7QOltOwwcF7RxnM
onion::971::Nelly-Ride Wit Me-2-262	8189	971	Nelly-Ride Wit Me-2-262	Nelly	https://www.last.fm/music/Nelly/_/Ride+Wit+Me	https://www.last.fm/music/Nelly	Ride Wit Me	https://www.last.fm/music/Nelly/Country%20Grammar	0.0	Country Grammar	Passion / Pleasure	Habitual Listening	fb53f96c-c21d-43de-94e6-67c39446c40b	2	3	sNPbN3kHMz0H08S7
onion::972::15fb488e-b012-4d3d-ab3a-5a6d3572dd8b	8190	972	15fb488e-b012-4d3d-ab3a-5a6d3572dd8b	Falling in Reverse	https://www.last.fm/music/Falling+in+Reverse/_/Game+Over	https://www.last.fm/music/Falling%20in%20Reverse	Game Over	https://www.last.fm/music/Falling%20in%20Reverse/Fashionably%20Late%20(Deluxe%20Edition)	0.0	Fashionably Late (Deluxe Edition)	Admiration / Connection to artist	Musician Identification	fb53f96c-c21d-43de-94e6-67c39446c40b	1	4	cc3l1tmMZ9DNFGGx
onion::973::09461e3a-8727-4efa-aef1-a21205c407de	8200	973	09461e3a-8727-4efa-aef1-a21205c407de	Passion Pit	https://www.last.fm/music/Passion+Pit/_/Sleepyhead	https://www.last.fm/music/Passion%20Pit	Sleepyhead	https://www.last.fm/music/Passion%20Pit/Manners	0.0	Manners	Well-Being	Pleasure & Enjoyment	6fad66ac-6f70-465b-bf89-c4c0165eefbe	2	5	GsGZVExrQ5wxOcIN
onion::974::93a562a5-931b-4871-891c-89e2f4755ac5	8219	974	93a562a5-931b-4871-891c-89e2f4755ac5	Cigarettes After Sex	https://www.last.fm/music/Cigarettes+After+Sex/_/Keep+On+Loving+You	https://www.last.fm/music/Cigarettes%20After%20Sex	Keep On Loving You	https://www.last.fm/music/Cigarettes%20After%20Sex/Affection	0.0	Affection	Passion / Pleasure	Habitual Listening	6fad66ac-6f70-465b-bf89-c4c0165eefbe	3	5	ZRF4SPeG6xWfrtMA
onion::974::e6af6da7-551d-434e-b3a8-33737862b119	8221	974	e6af6da7-551d-434e-b3a8-33737862b119	Drake	https://www.last.fm/music/Drake/_/Over+My+Dead+Body	https://www.last.fm/music/Drake	Over My Dead Body	https://www.last.fm/music/Drake/Take%20Care%20(Deluxe)	0.0	Take Care (Deluxe)	Passion / Pleasure	Habitual Listening	6fad66ac-6f70-465b-bf89-c4c0165eefbe	3	5	A6GLGUNgkWutv25f
onion::974::04793eb3-cc9c-38ec-a66a-c07d5c7f7fbe	8222	974	04793eb3-cc9c-38ec-a66a-c07d5c7f7fbe	Craig David	https://www.last.fm/music/Craig+David/_/Rendezvous	https://www.last.fm/music/Craig%20David	Rendezvous	https://www.last.fm/music/Craig%20David/Born%20to%20Do%20It	0.0	Born to Do It	Passion / Pleasure	Habitual Listening	6fad66ac-6f70-465b-bf89-c4c0165eefbe	3	5	rizXd5RJ65w3oq8s
onion::974::37c14d12-dbab-427f-9680-c443b47d0c77	8224	974	37c14d12-dbab-427f-9680-c443b47d0c77	Frou Frou	https://www.last.fm/music/Frou+Frou/_/Must+Be+Dreaming	https://www.last.fm/music/Frou%20Frou	Must Be Dreaming	https://www.last.fm/music/Frou%20Frou/Details	0.0	Details	Passion / Pleasure	Habitual Listening	6fad66ac-6f70-465b-bf89-c4c0165eefbe	3	5	UVDs5yH0n4pKtuE9
onion::975::333aa109-580b-429b-8ae1-5d1d2377f691	8244	975	333aa109-580b-429b-8ae1-5d1d2377f691	James Blake	https://www.last.fm/music/James+Blake/_/Limit+to+Your+Love	https://www.last.fm/music/James%20Blake	Limit to Your Love	https://www.last.fm/music/James%20Blake/Limit%20to%20Your%20Love	0.0	Limit to Your Love	Emotion (regulation)	Emotional Resonance	6fad66ac-6f70-465b-bf89-c4c0165eefbe	2	4	0JxOPeLv6rBhDdLJ
onion::976::37c14d12-dbab-427f-9680-c443b47d0c77	8261	976	37c14d12-dbab-427f-9680-c443b47d0c77	Frou Frou	https://www.last.fm/music/Frou+Frou/_/Must+Be+Dreaming	https://www.last.fm/music/Frou%20Frou	Must Be Dreaming	https://www.last.fm/music/Frou%20Frou/Details	0.0	Details	Mood Enhancement	Cheerfulness	6fad66ac-6f70-465b-bf89-c4c0165eefbe	1	3	UVDs5yH0n4pKtuE9
onion::976::04375b54-41c2-4717-bf4d-6cebc044e066	8263	976	04375b54-41c2-4717-bf4d-6cebc044e066	Ariana Grande	https://www.last.fm/music/Ariana+Grande/_/The+Way	https://www.last.fm/music/Ariana%20Grande	The Way	https://www.last.fm/music/Ariana%20Grande/Yours%20Truly	0.0	Yours Truly	Mood Enhancement	Cheerfulness	6fad66ac-6f70-465b-bf89-c4c0165eefbe	1	3	39YdqZgV0dk86vFO
onion::978::Mark Morrison-Return of the Mack-3-99	8280	978	Mark Morrison-Return of the Mack-3-99	Mark Morrison	https://www.last.fm/music/Mark+Morrison/_/Return+of+the+Mack	https://www.last.fm/music/Mark%20Morrison	Return of the Mack	https://www.last.fm/music/Mark%20Morrison/Return%20of%20the%20Mack	0.0	Return of the Mack	Enjoyment	Time Passing	6fad66ac-6f70-465b-bf89-c4c0165eefbe	2	3	L5EBbhohw8AhRMt4
onion::978::Snow Patrol-Chasing Cars-3-270	8283	978	Snow Patrol-Chasing Cars-3-270	Snow Patrol	https://www.last.fm/music/Snow+Patrol/_/Chasing+Cars	https://www.last.fm/music/Snow%20Patrol	Chasing Cars	https://www.last.fm/music/Snow%20Patrol/Eyes%20Open	0.0	Eyes Open	Enjoyment	Time Passing	6fad66ac-6f70-465b-bf89-c4c0165eefbe	2	3	CiLFjUJvYWGmyr2d
onion::979::37c14d12-dbab-427f-9680-c443b47d0c77	8297	979	37c14d12-dbab-427f-9680-c443b47d0c77	Frou Frou	https://www.last.fm/music/Frou+Frou/_/Must+Be+Dreaming	https://www.last.fm/music/Frou%20Frou	Must Be Dreaming	https://www.last.fm/music/Frou%20Frou/Details	0.0	Details	Admiration / Connection to artist	Musician Identification	6fad66ac-6f70-465b-bf89-c4c0165eefbe	2	3	UVDs5yH0n4pKtuE9
onion::979::333aa109-580b-429b-8ae1-5d1d2377f691	8298	979	333aa109-580b-429b-8ae1-5d1d2377f691	James Blake	https://www.last.fm/music/James+Blake/_/Limit+to+Your+Love	https://www.last.fm/music/James%20Blake	Limit to Your Love	https://www.last.fm/music/James%20Blake/Limit%20to%20Your%20Love	0.0	Limit to Your Love	Admiration / Connection to artist	Musician Identification	6fad66ac-6f70-465b-bf89-c4c0165eefbe	2	3	0JxOPeLv6rBhDdLJ
onion::979::4692c7ba-70c2-4986-8f05-ef1d968cd054	8301	979	4692c7ba-70c2-4986-8f05-ef1d968cd054	Tracy Chapman	https://www.last.fm/music/Tracy+Chapman/_/Fast+Car	https://www.last.fm/music/Tracy%20Chapman	Fast Car	https://www.last.fm/music/Tracy%20Chapman/Tracy%20Chapman	0.0	Tracy Chapman	Admiration / Connection to artist	Musician Identification	6fad66ac-6f70-465b-bf89-c4c0165eefbe	2	3	c0VlO6Z7FmfIJLVV
onion::1327::custom-1772680206701	11975	1327	custom-1772680206701	Cage The Elephant			Telescope		0.0	Melophobia	Emotion (regulation)	Emotional Resonance	8c5a6ecc-10f9-4281-8e88-c0f74b2310b9	2	5	9IdQhSUNdQOULx6r
onion::980::04793eb3-cc9c-38ec-a66a-c07d5c7f7fbe	8311	980	04793eb3-cc9c-38ec-a66a-c07d5c7f7fbe	Craig David	https://www.last.fm/music/Craig+David/_/Rendezvous	https://www.last.fm/music/Craig%20David	Rendezvous	https://www.last.fm/music/Craig%20David/Born%20to%20Do%20It	0.0	Born to Do It	Motivation	Background Utility	6fad66ac-6f70-465b-bf89-c4c0165eefbe	3	5	rizXd5RJ65w3oq8s
onion::980::e6af6da7-551d-434e-b3a8-33737862b119	8313	980	e6af6da7-551d-434e-b3a8-33737862b119	Drake	https://www.last.fm/music/Drake/_/Over+My+Dead+Body	https://www.last.fm/music/Drake	Over My Dead Body	https://www.last.fm/music/Drake/Take%20Care%20(Deluxe)	0.0	Take Care (Deluxe)	Motivation	Background Utility	6fad66ac-6f70-465b-bf89-c4c0165eefbe	3	5	A6GLGUNgkWutv25f
onion::980::b39172d3-369e-4a10-b713-34a52c454eda	8320	980	b39172d3-369e-4a10-b713-34a52c454eda	Goapele	https://www.last.fm/music/Goapele/_/Closer	https://www.last.fm/music/Goapele	Closer	https://www.last.fm/music/Goapele/Even%20Closer	0.0	Even Closer	Motivation	Background Utility	6fad66ac-6f70-465b-bf89-c4c0165eefbe	3	5	e5cDHkvLJCWQ7ilI
onion::982::11954493-5c69-44c8-8c8e-be8fe0da2afd	8343	982	11954493-5c69-44c8-8c8e-be8fe0da2afd	A$AP Rocky	https://www.last.fm/music/A$AP+Rocky/_/Goldie	https://www.last.fm/music/A%24AP%20Rocky	Goldie	https://www.last.fm/music/A%24AP%20Rocky/LONG.LIVE.A%24AP%20(Deluxe%20Version)	0.0	LONG.LIVE.A$AP (Deluxe Version)	Bonding / Connection to others	Shared Taste	6fad66ac-6f70-465b-bf89-c4c0165eefbe	1	2	KBLWfj1EaK4nGnTs
onion::983::054fd782-c9c1-4e49-9e54-45b81c4e79d1	8354	983	054fd782-c9c1-4e49-9e54-45b81c4e79d1	Brenton Wood	https://www.last.fm/music/Brenton+Wood/_/Oogum+Boogum+Song	https://www.last.fm/music/Brenton%20Wood	Oogum Boogum Song	https://www.last.fm/music/Brenton%20Wood/Oogum%20Boogum	0.0	Oogum Boogum	Well-Being	Pleasure & Enjoyment	e57c3ad2-7c23-45d2-9b77-b59702e99f9e	3	3	aIrb4rQsuIBAUgEY
onion::983::02e94c5e-e5f1-42f8-ba95-b9016eb38e23	8358	983	02e94c5e-e5f1-42f8-ba95-b9016eb38e23	Hozier	https://www.last.fm/music/Hozier/_/Jackie+and+Wilson	https://www.last.fm/music/Hozier	Jackie and Wilson	https://www.last.fm/music/Hozier/Hozier%20(Expanded%20Edition)	0.0	Hozier (Expanded Edition)	Well-Being	Pleasure & Enjoyment	e57c3ad2-7c23-45d2-9b77-b59702e99f9e	3	3	IfxRHzp78w4rRYpA
onion::984::267f43c2-e520-43b7-bbba-638d6ce3fdde	8365	984	267f43c2-e520-43b7-bbba-638d6ce3fdde	One Direction	https://www.last.fm/music/One+Direction/_/Temporary+Fix	https://www.last.fm/music/One%20Direction	Temporary Fix	https://www.last.fm/music/One%20Direction/Made%20in%20the%20A.M.%20(Deluxe%20Edition)	0.0	Made in the A.M. (Deluxe Edition)	Entertainment	Singing Along	e57c3ad2-7c23-45d2-9b77-b59702e99f9e	3	3	qEK60KgB2K85OqKT
onion::984::02e94c5e-e5f1-42f8-ba95-b9016eb38e23	8368	984	02e94c5e-e5f1-42f8-ba95-b9016eb38e23	Hozier	https://www.last.fm/music/Hozier/_/Jackie+and+Wilson	https://www.last.fm/music/Hozier	Jackie and Wilson	https://www.last.fm/music/Hozier/Hozier%20(Expanded%20Edition)	0.0	Hozier (Expanded Edition)	Entertainment	Singing Along	e57c3ad2-7c23-45d2-9b77-b59702e99f9e	3	3	IfxRHzp78w4rRYpA
onion::985::00348281-f9a5-4c14-a14d-60c9a84e04b4	8373	985	00348281-f9a5-4c14-a14d-60c9a84e04b4	Harry Styles	https://www.last.fm/music/Harry+Styles/_/Sweet+Creature	https://www.last.fm/music/Harry%20Styles	Sweet Creature	https://www.last.fm/music/Harry%20Styles/Harry%20Styles	0.0	Harry Styles	Motivation	Background Utility	e57c3ad2-7c23-45d2-9b77-b59702e99f9e	2	2	NJLt0eXJ4Np86Fx3
onion::985::05d60376-9a60-317a-86f5-bf688091ffcd	8376	985	05d60376-9a60-317a-86f5-bf688091ffcd	The Fray	https://www.last.fm/music/The+Fray/_/Look+After+You	https://www.last.fm/music/The%20Fray	Look After You	https://www.last.fm/music/The%20Fray/How%20to%20Save%20a%20Life	0.0	How to Save a Life	Motivation	Background Utility	e57c3ad2-7c23-45d2-9b77-b59702e99f9e	2	2	qH51SjfnrflMF2LM
onion::986::054fd782-c9c1-4e49-9e54-45b81c4e79d1	8380	986	054fd782-c9c1-4e49-9e54-45b81c4e79d1	Brenton Wood	https://www.last.fm/music/Brenton+Wood/_/Oogum+Boogum+Song	https://www.last.fm/music/Brenton%20Wood	Oogum Boogum Song	https://www.last.fm/music/Brenton%20Wood/Oogum%20Boogum	0.0	Oogum Boogum	Passion / Pleasure	Habitual Listening	e57c3ad2-7c23-45d2-9b77-b59702e99f9e	2	2	aIrb4rQsuIBAUgEY
onion::986::00a36fc4-6b38-4e0d-bba8-738841578351	8382	986	00a36fc4-6b38-4e0d-bba8-738841578351	Hozier	https://www.last.fm/music/Hozier/_/Work+Song	https://www.last.fm/music/Hozier	Work Song	https://www.last.fm/music/Hozier/Hozier%20(Expanded%20Edition)	0.0	Hozier (Expanded Edition)	Passion / Pleasure	Habitual Listening	e57c3ad2-7c23-45d2-9b77-b59702e99f9e	2	2	LHDaIkA7aE6dGw3r
onion::986::05d60376-9a60-317a-86f5-bf688091ffcd	8383	986	05d60376-9a60-317a-86f5-bf688091ffcd	The Fray	https://www.last.fm/music/The+Fray/_/Look+After+You	https://www.last.fm/music/The%20Fray	Look After You	https://www.last.fm/music/The%20Fray/How%20to%20Save%20a%20Life	0.0	How to Save a Life	Passion / Pleasure	Habitual Listening	e57c3ad2-7c23-45d2-9b77-b59702e99f9e	2	2	qH51SjfnrflMF2LM
onion::986::02e94c5e-e5f1-42f8-ba95-b9016eb38e23	8384	986	02e94c5e-e5f1-42f8-ba95-b9016eb38e23	Hozier	https://www.last.fm/music/Hozier/_/Jackie+and+Wilson	https://www.last.fm/music/Hozier	Jackie and Wilson	https://www.last.fm/music/Hozier/Hozier%20(Expanded%20Edition)	0.0	Hozier (Expanded Edition)	Passion / Pleasure	Habitual Listening	e57c3ad2-7c23-45d2-9b77-b59702e99f9e	2	2	IfxRHzp78w4rRYpA
onion::986::ee54cb00-8cc3-47a4-8c12-7871c42b71a1	8385	986	ee54cb00-8cc3-47a4-8c12-7871c42b71a1	Fleetwood Mac	https://www.last.fm/music/Fleetwood+Mac/_/Landslide	https://www.last.fm/music/Fleetwood%20Mac	Landslide	https://www.last.fm/music/Fleetwood%20Mac/Fleetwood%20Mac	0.0	Fleetwood Mac	Passion / Pleasure	Habitual Listening	e57c3ad2-7c23-45d2-9b77-b59702e99f9e	2	2	6urvk94d6y3xZpvq
onion::987::7ee2797e-d687-308f-8807-525a36172f50	8395	987	7ee2797e-d687-308f-8807-525a36172f50	Green Day	https://www.last.fm/music/Green+Day/_/American+Idiot	https://www.last.fm/music/Green%20Day	American Idiot	https://www.last.fm/music/Green%20Day/American%20Idiot	0.0	American Idiot	Nostalgia	Nostalgia	e57c3ad2-7c23-45d2-9b77-b59702e99f9e	2	2	l0ahobbDqRsCaepj
onion::988::53jnnqFSRGMDB9ADrNriCA	8397	988	53jnnqFSRGMDB9ADrNriCA	Lady Gaga			Bloody Mary			Born This Way	Enjoyment	Time Passing	e57c3ad2-7c23-45d2-9b77-b59702e99f9e	2	3	NLFq6BDW2f1VDfq6
onion::988::00a36fc4-6b38-4e0d-bba8-738841578351	8399	988	00a36fc4-6b38-4e0d-bba8-738841578351	Hozier	https://www.last.fm/music/Hozier/_/Work+Song	https://www.last.fm/music/Hozier	Work Song	https://www.last.fm/music/Hozier/Hozier%20(Expanded%20Edition)	0.0	Hozier (Expanded Edition)	Enjoyment	Time Passing	e57c3ad2-7c23-45d2-9b77-b59702e99f9e	2	3	LHDaIkA7aE6dGw3r
onion::988::05d60376-9a60-317a-86f5-bf688091ffcd	8400	988	05d60376-9a60-317a-86f5-bf688091ffcd	The Fray	https://www.last.fm/music/The+Fray/_/Look+After+You	https://www.last.fm/music/The%20Fray	Look After You	https://www.last.fm/music/The%20Fray/How%20to%20Save%20a%20Life	0.0	How to Save a Life	Enjoyment	Time Passing	e57c3ad2-7c23-45d2-9b77-b59702e99f9e	2	3	qH51SjfnrflMF2LM
onion::988::e1cd0dc7-9086-4710-8858-40a02e39ef8b	8402	988	e1cd0dc7-9086-4710-8858-40a02e39ef8b	The 1975	https://www.last.fm/music/The+1975/_/Chocolate	https://www.last.fm/music/The%201975	Chocolate	https://www.last.fm/music/The%201975/The%201975	0.0	The 1975	Enjoyment	Time Passing	e57c3ad2-7c23-45d2-9b77-b59702e99f9e	2	3	OBL6XrfPy89oleqA
onion::988::02e94c5e-e5f1-42f8-ba95-b9016eb38e23	8403	988	02e94c5e-e5f1-42f8-ba95-b9016eb38e23	Hozier	https://www.last.fm/music/Hozier/_/Jackie+and+Wilson	https://www.last.fm/music/Hozier	Jackie and Wilson	https://www.last.fm/music/Hozier/Hozier%20(Expanded%20Edition)	0.0	Hozier (Expanded Edition)	Enjoyment	Time Passing	e57c3ad2-7c23-45d2-9b77-b59702e99f9e	2	3	IfxRHzp78w4rRYpA
onion::989::Fergie-Fergalicious-1-67	8404	989	Fergie-Fergalicious-1-67	Fergie	https://www.last.fm/music/Fergie/_/Fergalicious	https://www.last.fm/music/Fergie	Fergalicious	https://www.last.fm/music/Fergie/The%20Dutchess	0.0	The Dutchess	Mood Enhancement	Cheerfulness	e57c3ad2-7c23-45d2-9b77-b59702e99f9e	2	2	EQ1QVyEwtzNWfDWV
onion::989::Billy Joel-Uptown Girl-2-262	8406	989	Billy Joel-Uptown Girl-2-262	Billy Joel	https://www.last.fm/music/Billy+Joel/_/Uptown+Girl	https://www.last.fm/music/Billy%20Joel	Uptown Girl	https://www.last.fm/music/Billy%20Joel/An%20Innocent%20Man	0.0	An Innocent Man	Mood Enhancement	Cheerfulness	e57c3ad2-7c23-45d2-9b77-b59702e99f9e	2	2	yWRhfm4JZ4VqIuS8
onion::989::054fd782-c9c1-4e49-9e54-45b81c4e79d1	8407	989	054fd782-c9c1-4e49-9e54-45b81c4e79d1	Brenton Wood	https://www.last.fm/music/Brenton+Wood/_/Oogum+Boogum+Song	https://www.last.fm/music/Brenton%20Wood	Oogum Boogum Song	https://www.last.fm/music/Brenton%20Wood/Oogum%20Boogum	0.0	Oogum Boogum	Mood Enhancement	Cheerfulness	e57c3ad2-7c23-45d2-9b77-b59702e99f9e	2	2	aIrb4rQsuIBAUgEY
onion::990::4b779c16-65b7-4956-ae29-ddf02a922348	8412	990	4b779c16-65b7-4956-ae29-ddf02a922348	Ed Sheeran	https://www.last.fm/music/Ed+Sheeran/_/Give+Me+Love	https://www.last.fm/music/Ed%20Sheeran	Give Me Love	https://www.last.fm/music/Ed%20Sheeran/%2B	0.0	+	Relaxing	Comfort and Security	e57c3ad2-7c23-45d2-9b77-b59702e99f9e	1	2	3vbtwqhpTpQXYKs5
onion::990::1d2cd3ff-89af-480a-a16d-a07d1a6505fd	8413	990	1d2cd3ff-89af-480a-a16d-a07d1a6505fd	One Direction	https://www.last.fm/music/One+Direction/_/Love+You+Goodbye	https://www.last.fm/music/One%20Direction	Love You Goodbye	https://www.last.fm/music/One%20Direction/Made%20in%20the%20A.M.%20(Deluxe%20Edition)	0.0	Made in the A.M. (Deluxe Edition)	Relaxing	Comfort and Security	e57c3ad2-7c23-45d2-9b77-b59702e99f9e	1	2	3WbLHly5FdqBrZeo
onion::992::2b632288-0cca-4cc8-85cc-8272f862920e	8424	992	2b632288-0cca-4cc8-85cc-8272f862920e	Post Malone	https://www.last.fm/music/Post+Malone/_/Better+Now	https://www.last.fm/music/Post%20Malone	Better Now	https://www.last.fm/music/Post%20Malone/beerbongs%20%26%20bentleys	0.0	beerbongs & bentleys	Fitness Motivation	Fitness & Performance	e57c3ad2-7c23-45d2-9b77-b59702e99f9e	1	2	87Ct1HWIQ8QBLuP9
onion::993::5d9e16a7-3b24-44b5-b936-b7eb4c236067	8428	993	5d9e16a7-3b24-44b5-b936-b7eb4c236067	Lydia	https://www.last.fm/music/Lydia/_/This+Is+Twice+Now	https://www.last.fm/music/Lydia	This Is Twice Now	https://www.last.fm/music/Lydia/Illuminate	0.0	Illuminate	Nostalgia	Nostalgia	69e1af9f-21bc-4a76-9973-d956705bcf15	2	5	NCOrhDx0qvY61onf
onion::993::4b89d546-87b7-4b06-9c80-8502ada3914a	8432	993	4b89d546-87b7-4b06-9c80-8502ada3914a	From First to Last	https://www.last.fm/music/From+First+to+Last/_/Note+to+Self	https://www.last.fm/music/From%20First%20to%20Last	Note to Self	https://www.last.fm/music/From%20First%20to%20Last/Dear%20Diary%2C%20My%20Teen%20Angst%20Has%20A%20Body%20Count	0.0	Dear Diary, My Teen Angst Has A Body Count	Nostalgia	Nostalgia	69e1af9f-21bc-4a76-9973-d956705bcf15	2	5	gEJHVkFdPGas8ImW
onion::994::febea64e-6334-454f-9dd9-1b5115b65e6b	8433	994	febea64e-6334-454f-9dd9-1b5115b65e6b	My Chemical Romance	https://www.last.fm/music/My+Chemical+Romance/_/Boy+Division	https://www.last.fm/music/My%20Chemical%20Romance	Boy Division	https://www.last.fm/music/My%20Chemical%20Romance/Number%20One	0.0	Number One	Relief	Relief	69e1af9f-21bc-4a76-9973-d956705bcf15	2	4	Y27ivYBGVTTu1Pzo
onion::994::cc89675f-8619-4cf9-87e4-cab7e9fef697	8435	994	cc89675f-8619-4cf9-87e4-cab7e9fef697	Melvins	https://www.last.fm/music/Melvins/_/A+History+of+Bad+Men	https://www.last.fm/music/Melvins	A History of Bad Men	https://www.last.fm/music/Melvins/A%20Senile%20Animal	0.0	A Senile Animal	Relief	Relief	69e1af9f-21bc-4a76-9973-d956705bcf15	2	4	acRcYe7lAKDHr5ca
onion::994::f9d245a6-d610-47ff-af52-3e0c9e69b918	8437	994	f9d245a6-d610-47ff-af52-3e0c9e69b918	The 1975	https://www.last.fm/music/The+1975/_/Robbers	https://www.last.fm/music/The%201975	Robbers	https://www.last.fm/music/The%201975/The%201975%20(Deluxe%20Version)	0.0	The 1975 (Deluxe Version)	Relief	Relief	69e1af9f-21bc-4a76-9973-d956705bcf15	2	4	01Kgo55olDKOHxQz
onion::995::279a4318-f5f5-3903-886b-dfd8dc36cd14	8439	995	279a4318-f5f5-3903-886b-dfd8dc36cd14	Bel Canto	https://www.last.fm/music/Bel+Canto/_/Unicorn	https://www.last.fm/music/Bel%20Canto	Unicorn	https://www.last.fm/music/Bel%20Canto/Shimmering%2C%20warm%20and%20bright	0.0	Shimmering, warm and bright	Relaxing	Comfort and Security	69e1af9f-21bc-4a76-9973-d956705bcf15	1	3	ARRGkgK7lRVv2zTD
onion::995::c7409839-01a8-4d83-83ca-a192913b2aa8	8442	995	c7409839-01a8-4d83-83ca-a192913b2aa8	The Cranberries	https://www.last.fm/music/The+Cranberries/_/Sunday	https://www.last.fm/music/The%20Cranberries	Sunday	https://www.last.fm/music/The%20Cranberries/Everybody%20Else%20Is%20Doing%20It%2C%20So%20Why%20Can't%20We%3F	0.0	Everybody Else Is Doing It, So Why Can't We?	Relaxing	Comfort and Security	69e1af9f-21bc-4a76-9973-d956705bcf15	1	3	f71ObCKTQqdP53oI
onion::996::5866fd53-d633-3ba1-8c53-4c439f37ce8c	8444	996	5866fd53-d633-3ba1-8c53-4c439f37ce8c	Alice in Chains	https://www.last.fm/music/Alice+in+Chains/_/Nutshell	https://www.last.fm/music/Alice%20in%20Chains	Nutshell	https://www.last.fm/music/Alice%20in%20Chains/Jar%20of%20Flies	0.0	Jar of Flies	Emotion (regulation)	Emotional Resonance	69e1af9f-21bc-4a76-9973-d956705bcf15	2	4	7ELJ2sVO3n3mZHVM
onion::996::a2e24d1d-1dff-4a8c-a350-77420e8b81e0	8445	996	a2e24d1d-1dff-4a8c-a350-77420e8b81e0	Swans	https://www.last.fm/music/Swans/_/Blind	https://www.last.fm/music/Swans	Blind	https://www.last.fm/music/Swans/White%20Light%20From%20the%20Mouth%20of%20Infinity	0.0	White Light From the Mouth of Infinity	Emotion (regulation)	Emotional Resonance	69e1af9f-21bc-4a76-9973-d956705bcf15	2	4	wRXjGkMQ6oNBt5Sn
onion::998::02c7a889-5641-37cc-b9b2-d6de6b26fed6	8453	998	02c7a889-5641-37cc-b9b2-d6de6b26fed6	Paramore	https://www.last.fm/music/Paramore/_/When+It+Rains	https://www.last.fm/music/Paramore	When It Rains	https://www.last.fm/music/Paramore/RIOT!	0.0	RIOT!	Escape	Letting Go	69e1af9f-21bc-4a76-9973-d956705bcf15	1	2	p8v5zaEbLBuiNh4a
onion::998::04a2e914-dd76-47e6-9f8a-7a501369c7d9	8455	998	04a2e914-dd76-47e6-9f8a-7a501369c7d9	Paramore	https://www.last.fm/music/Paramore/_/Hallelujah	https://www.last.fm/music/Paramore	Hallelujah	https://www.last.fm/music/Paramore/RIOT!	0.0	RIOT!	Escape	Letting Go	69e1af9f-21bc-4a76-9973-d956705bcf15	1	2	qvRQmTW9BEtK67ci
onion::998::3043610a-0ee3-3637-8804-88f457a5642d	8456	998	3043610a-0ee3-3637-8804-88f457a5642d	My Chemical Romance	https://www.last.fm/music/My+Chemical+Romance/_/DESTROYA	https://www.last.fm/music/My%20Chemical%20Romance	DESTROYA	https://www.last.fm/music/My%20Chemical%20Romance/Danger%20Days%3A%20The%20True%20Lives%20of%20the%20Fabulous%20Killjoys	0.0	Danger Days: The True Lives of the Fabulous Killjoys	Escape	Letting Go	69e1af9f-21bc-4a76-9973-d956705bcf15	1	2	PKkIiPJ0ygGIxeah
onion::998::0ff0ca46-fae2-478b-806c-1b869e61b0ae	8457	998	0ff0ca46-fae2-478b-806c-1b869e61b0ae	Fall Out Boy	https://www.last.fm/music/Fall+Out+Boy/_/Thriller	https://www.last.fm/music/Fall%20Out%20Boy	Thriller	https://www.last.fm/music/Fall%20Out%20Boy/Infinity%20on%20High	0.0	Infinity on High	Escape	Letting Go	69e1af9f-21bc-4a76-9973-d956705bcf15	1	2	Yo7LaTaktvweywUt
onion::999::364a10df-d8f5-4578-a1fb-92b3b2f4fbf8	8461	999	364a10df-d8f5-4578-a1fb-92b3b2f4fbf8	MGMT	https://www.last.fm/music/MGMT/_/Little+Dark+Age	https://www.last.fm/music/MGMT	Little Dark Age	https://www.last.fm/music/MGMT/Little%20Dark%20Age	0.0	Little Dark Age	Enjoyment	Time Passing	69e1af9f-21bc-4a76-9973-d956705bcf15	1	2	m4O1iLh6fC43xjRy
onion::1000::febea64e-6334-454f-9dd9-1b5115b65e6b	8463	1000	febea64e-6334-454f-9dd9-1b5115b65e6b	My Chemical Romance	https://www.last.fm/music/My+Chemical+Romance/_/Boy+Division	https://www.last.fm/music/My%20Chemical%20Romance	Boy Division	https://www.last.fm/music/My%20Chemical%20Romance/Number%20One	0.0	Number One	Mood Enhancement	Cheerfulness	69e1af9f-21bc-4a76-9973-d956705bcf15	1	3	Y27ivYBGVTTu1Pzo
onion::1000::f9d245a6-d610-47ff-af52-3e0c9e69b918	8465	1000	f9d245a6-d610-47ff-af52-3e0c9e69b918	The 1975	https://www.last.fm/music/The+1975/_/Robbers	https://www.last.fm/music/The%201975	Robbers	https://www.last.fm/music/The%201975/The%201975%20(Deluxe%20Version)	0.0	The 1975 (Deluxe Version)	Mood Enhancement	Cheerfulness	69e1af9f-21bc-4a76-9973-d956705bcf15	1	3	01Kgo55olDKOHxQz
onion::1001::3a61f453-fcd8-4150-a803-2d244d8afbe4	8468	1001	3a61f453-fcd8-4150-a803-2d244d8afbe4	My Chemical Romance	https://www.last.fm/music/My+Chemical+Romance/_/Demolition+Lovers	https://www.last.fm/music/My%20Chemical%20Romance	Demolition Lovers	https://www.last.fm/music/My%20Chemical%20Romance/I%20Brought%20You%20My%20Bullets%2C%20You%20Brought%20Me%20Your%20Love	0.0	I Brought You My Bullets, You Brought Me Your Love	Creativity	Creative Visualization	69e1af9f-21bc-4a76-9973-d956705bcf15	2	4	0gx2q0M2oRaSjKn1
onion::1001::089e5578-27b9-472e-b687-005310439b1d	8469	1001	089e5578-27b9-472e-b687-005310439b1d	My Chemical Romance	https://www.last.fm/music/My+Chemical+Romance/_/Vampires+Will+Never+Hurt+You	https://www.last.fm/music/My%20Chemical%20Romance	Vampires Will Never Hurt You	https://www.last.fm/music/My%20Chemical%20Romance/I%20Brought%20You%20My%20Bullets%2C%20You%20Brought%20Me%20Your%20Love	0.0	I Brought You My Bullets, You Brought Me Your Love	Creativity	Creative Visualization	69e1af9f-21bc-4a76-9973-d956705bcf15	2	4	8p8CjfbEGHBZCF1Q
onion::1001::20631af6-c1de-4ba9-9595-105a0d175f72	8472	1001	20631af6-c1de-4ba9-9595-105a0d175f72	Fall Out Boy	https://www.last.fm/music/Fall+Out+Boy/_/Hum+Hallelujah	https://www.last.fm/music/Fall%20Out%20Boy	Hum Hallelujah	https://www.last.fm/music/Fall%20Out%20Boy/Infinity%20on%20High	0.0	Infinity on High	Creativity	Creative Visualization	69e1af9f-21bc-4a76-9973-d956705bcf15	2	4	oHXB3zMR6AcPP3zd
onion::1003::3a5c62da-0fb9-39eb-b6e0-8ff2952e7772	8480	1003	3a5c62da-0fb9-39eb-b6e0-8ff2952e7772	Big Time Rush	https://www.last.fm/music/Big+Time+Rush/_/Halfway+There	https://www.last.fm/music/Big%20Time%20Rush	Halfway There	https://www.last.fm/music/Big%20Time%20Rush/BTR	0.0	BTR	Well-Being	Pleasure & Enjoyment	8bf36675-683b-44b1-9f86-6948a3b83daf	3	5	Xkdw9KM4zM5rKBcK
onion::1003::1bbe7988-ad98-414a-8f5c-f81fe699e7f5	8495	1003	1bbe7988-ad98-414a-8f5c-f81fe699e7f5	Troye Sivan	https://www.last.fm/music/Troye+Sivan/_/Touch	https://www.last.fm/music/Troye%20Sivan	Touch	https://www.last.fm/music/Troye%20Sivan/TRXYE	0.0	TRXYE	Well-Being	Pleasure & Enjoyment	8bf36675-683b-44b1-9f86-6948a3b83daf	3	5	p1HRuaC4O9PxzCfo
onion::1005::4781cddf-7779-4bda-822b-157fa20ec042	8527	1005	4781cddf-7779-4bda-822b-157fa20ec042	TAEMIN			WANT			WANT - The 2nd Mini Album	Creativity	Creative Visualization	8bf36675-683b-44b1-9f86-6948a3b83daf	3	5	punIhlBkwM0vB9oy
onion::1006::2b71dcf6-aca3-4a45-adf2-c209f9af1f8f	8540	1006	2b71dcf6-aca3-4a45-adf2-c209f9af1f8f	Hozier	https://www.last.fm/music/Hozier/_/Run	https://www.last.fm/music/Hozier	Run	https://www.last.fm/music/Hozier/Hozier%20(Expanded%20Edition)	0.0	Hozier (Expanded Edition)	Community	Community	8bf36675-683b-44b1-9f86-6948a3b83daf	1	5	D0QddNhpA0vmmTBI
onion::1007::d66e22b3-1a57-47de-8824-df07e76335b9	8554	1007	d66e22b3-1a57-47de-8824-df07e76335b9	Twenty One Pilots	https://www.last.fm/music/Twenty+One+Pilots/_/Chlorine	https://www.last.fm/music/Twenty%20One%20Pilots	Chlorine	https://www.last.fm/music/Twenty%20One%20Pilots/Trench	0.0	Trench	Relief	Relief	8bf36675-683b-44b1-9f86-6948a3b83daf	2	5	xOyScgiztu4p6Jgk
onion::1009::d66e22b3-1a57-47de-8824-df07e76335b9	8631	1009	d66e22b3-1a57-47de-8824-df07e76335b9	Twenty One Pilots	https://www.last.fm/music/Twenty+One+Pilots/_/Chlorine	https://www.last.fm/music/Twenty%20One%20Pilots	Chlorine	https://www.last.fm/music/Twenty%20One%20Pilots/Trench	0.0	Trench	Passion / Pleasure	Habitual Listening	8bf36675-683b-44b1-9f86-6948a3b83daf	4	5	xOyScgiztu4p6Jgk
onion::1009::83043e87-da31-4684-8670-6f9e3b0bd176	8632	1009	83043e87-da31-4684-8670-6f9e3b0bd176	Twenty One Pilots	https://www.last.fm/music/Twenty+One+Pilots/_/Migraine	https://www.last.fm/music/Twenty%20One%20Pilots	Migraine	https://www.last.fm/music/Twenty%20One%20Pilots/Vessel	0.0	Vessel	Passion / Pleasure	Habitual Listening	8bf36675-683b-44b1-9f86-6948a3b83daf	4	5	7T18G9fVXZigDZbv
onion::1012::b82fb90c-dc4f-42d9-8e4a-4af76078fd9b	8665	1012	b82fb90c-dc4f-42d9-8e4a-4af76078fd9b	Twenty One Pilots	https://www.last.fm/music/Twenty+One+Pilots/_/Heavydirtysoul	https://www.last.fm/music/Twenty%20One%20Pilots	Heavydirtysoul	https://www.last.fm/music/Twenty%20One%20Pilots/Blurryface	0.0	Blurryface	Nostalgia	Nostalgia	8bf36675-683b-44b1-9f86-6948a3b83daf	1	3	bXz2rhlViPcyadmg
onion::1012::38d135a2-6a56-45c5-83e6-7784c15d5cbd	8666	1012	38d135a2-6a56-45c5-83e6-7784c15d5cbd	Twenty One Pilots	https://www.last.fm/music/Twenty+One+Pilots/_/Car+Radio	https://www.last.fm/music/Twenty%20One%20Pilots	Car Radio	https://www.last.fm/music/Twenty%20One%20Pilots/Vessel	0.0	Vessel	Nostalgia	Nostalgia	8bf36675-683b-44b1-9f86-6948a3b83daf	1	3	HyoVtzW9LmcJFCDQ
onion::1012::d119365a-cecc-4f8e-ba16-61e3db9cf964	8667	1012	d119365a-cecc-4f8e-ba16-61e3db9cf964	Twenty One Pilots	https://www.last.fm/music/Twenty+One+Pilots/_/Ride	https://www.last.fm/music/Twenty%20One%20Pilots	Ride	https://www.last.fm/music/Twenty%20One%20Pilots/Blurryface	0.0	Blurryface	Nostalgia	Nostalgia	8bf36675-683b-44b1-9f86-6948a3b83daf	1	3	0yECeqcY1EWblSB0
onion::1012::46bb3e3a-eb7a-4092-90dd-b705292f49d7	8668	1012	46bb3e3a-eb7a-4092-90dd-b705292f49d7	Twenty One Pilots	https://www.last.fm/music/Twenty+One+Pilots/_/Stressed+Out	https://www.last.fm/music/Twenty%20One%20Pilots	Stressed Out	https://www.last.fm/music/Twenty%20One%20Pilots/Blurryface	0.0	Blurryface	Nostalgia	Nostalgia	8bf36675-683b-44b1-9f86-6948a3b83daf	1	3	BBaha1obZecGL5TC
onion::1012::aa261a18-db7e-4021-9f05-079c42a26181	8670	1012	aa261a18-db7e-4021-9f05-079c42a26181	Troye Sivan	https://www.last.fm/music/Troye+Sivan/_/BITE	https://www.last.fm/music/Troye%20Sivan	BITE	https://www.last.fm/music/Troye%20Sivan/Blue%20Neighbourhood%20(Deluxe)	0.0	Blue Neighbourhood (Deluxe)	Nostalgia	Nostalgia	8bf36675-683b-44b1-9f86-6948a3b83daf	1	3	Cd07fQdWjDbf0uz9
onion::1012::1bbe7988-ad98-414a-8f5c-f81fe699e7f5	8671	1012	1bbe7988-ad98-414a-8f5c-f81fe699e7f5	Troye Sivan	https://www.last.fm/music/Troye+Sivan/_/Touch	https://www.last.fm/music/Troye%20Sivan	Touch	https://www.last.fm/music/Troye%20Sivan/TRXYE	0.0	TRXYE	Nostalgia	Nostalgia	8bf36675-683b-44b1-9f86-6948a3b83daf	1	3	p1HRuaC4O9PxzCfo
onion::1012::3a5c62da-0fb9-39eb-b6e0-8ff2952e7772	8679	1012	3a5c62da-0fb9-39eb-b6e0-8ff2952e7772	Big Time Rush	https://www.last.fm/music/Big+Time+Rush/_/Halfway+There	https://www.last.fm/music/Big%20Time%20Rush	Halfway There	https://www.last.fm/music/Big%20Time%20Rush/BTR	0.0	BTR	Nostalgia	Nostalgia	8bf36675-683b-44b1-9f86-6948a3b83daf	1	3	Xkdw9KM4zM5rKBcK
onion::1012::7cfa3a92-1ce6-45a1-89de-a4f240ca19ee	8681	1012	7cfa3a92-1ce6-45a1-89de-a4f240ca19ee	Fall Out Boy	https://www.last.fm/music/Fall+Out+Boy/_/The+Last+of+the+Real+Ones	https://www.last.fm/music/Fall%20Out%20Boy	The Last of the Real Ones	https://www.last.fm/music/Fall%20Out%20Boy/MANIA	0.0	MANIA	Nostalgia	Nostalgia	8bf36675-683b-44b1-9f86-6948a3b83daf	1	3	xFHCmNKbwm8pAFuD
onion::1012::dacec90c-73a2-4ab3-bf72-eed881f2771c	8682	1012	dacec90c-73a2-4ab3-bf72-eed881f2771c	Fall Out Boy	https://www.last.fm/music/Fall+Out+Boy/_/Uma+Thurman	https://www.last.fm/music/Fall%20Out%20Boy	Uma Thurman	https://www.last.fm/music/Fall%20Out%20Boy/American%20Beauty%2FAmerican%20Psycho	0.0	American Beauty/American Psycho	Nostalgia	Nostalgia	8bf36675-683b-44b1-9f86-6948a3b83daf	1	3	oLeEb5eAuMyBZB5J
onion::1012::4ca9ba77-5a62-4fa7-ab76-760f62373c3c	8683	1012	4ca9ba77-5a62-4fa7-ab76-760f62373c3c	Fall Out Boy	https://www.last.fm/music/Fall+Out+Boy/_/Irresistible	https://www.last.fm/music/Fall%20Out%20Boy	Irresistible	https://www.last.fm/music/Fall%20Out%20Boy/American%20Beauty%2FAmerican%20Psycho	0.0	American Beauty/American Psycho	Nostalgia	Nostalgia	8bf36675-683b-44b1-9f86-6948a3b83daf	1	3	icmzCyKolwblS3kB
onion::1012::61c04242-df00-499d-bf55-503ecc5e631f	8684	1012	61c04242-df00-499d-bf55-503ecc5e631f	Aurora	https://www.last.fm/music/Aurora/_/Runaway	https://www.last.fm/music/Aurora	Runaway	https://www.last.fm/music/Aurora/All%20My%20Demons%20Greeting%20Me%20As%20A%20Friend%20(Deluxe)	0.0	All My Demons Greeting Me As A Friend (Deluxe)	Nostalgia	Nostalgia	8bf36675-683b-44b1-9f86-6948a3b83daf	1	3	sLzprA9tBJRZ10Lm
onion::1012::00600976-a9c5-4214-b91f-9b8c6c61db8b	8685	1012	00600976-a9c5-4214-b91f-9b8c6c61db8b	Aurora	https://www.last.fm/music/Aurora/_/Under+the+Water	https://www.last.fm/music/Aurora	Under the Water	https://www.last.fm/music/Aurora/All%20My%20Demons%20Greeting%20Me%20As%20A%20Friend%20(Deluxe)	0.0	All My Demons Greeting Me As A Friend (Deluxe)	Nostalgia	Nostalgia	8bf36675-683b-44b1-9f86-6948a3b83daf	1	3	D1p6ITKuwRAs1DDS
onion::1013::febea64e-6334-454f-9dd9-1b5115b65e6b	8690	1013	febea64e-6334-454f-9dd9-1b5115b65e6b	My Chemical Romance	https://www.last.fm/music/My+Chemical+Romance/_/Boy+Division	https://www.last.fm/music/My%20Chemical%20Romance	Boy Division	https://www.last.fm/music/My%20Chemical%20Romance/Number%20One	0.0	Number One	Passion / Pleasure	Habitual Listening	8e874388-cfda-4bc4-a541-496886d894e0	5	5	Y27ivYBGVTTu1Pzo
onion::1013::0715bb03-30f6-4120-94d5-faefef3ac4a6	8691	1013	0715bb03-30f6-4120-94d5-faefef3ac4a6	My Chemical Romance	https://www.last.fm/music/My+Chemical+Romance/_/Thank+You+for+the+Venom	https://www.last.fm/music/My%20Chemical%20Romance	Thank You for the Venom	https://www.last.fm/music/My%20Chemical%20Romance/Three%20Cheers%20for%20Sweet%20Revenge	0.0	Three Cheers for Sweet Revenge	Passion / Pleasure	Habitual Listening	8e874388-cfda-4bc4-a541-496886d894e0	5	5	HaEK4vJgjkzCpjqw
onion::1013::36dac23c-0d91-4850-a47e-f5a36c11fb4f	8696	1013	36dac23c-0d91-4850-a47e-f5a36c11fb4f	My Chemical Romance	https://www.last.fm/music/My+Chemical+Romance/_/Cubicles	https://www.last.fm/music/My%20Chemical%20Romance	Cubicles	https://www.last.fm/music/My%20Chemical%20Romance/I%20Brought%20You%20My%20Bullets%2C%20You%20Brought%20Me%20Your%20Love	0.0	I Brought You My Bullets, You Brought Me Your Love	Passion / Pleasure	Habitual Listening	8e874388-cfda-4bc4-a541-496886d894e0	5	5	HZarggufXTzp02lF
onion::1015::196fb6bd-128f-43e4-a598-5f317fbc6eef	8718	1015	196fb6bd-128f-43e4-a598-5f317fbc6eef	My Chemical Romance	https://www.last.fm/music/My+Chemical+Romance/_/Early+Sunsets+Over+Monroeville	https://www.last.fm/music/My%20Chemical%20Romance	Early Sunsets Over Monroeville	https://www.last.fm/music/My%20Chemical%20Romance/I%20Brought%20You%20My%20Bullets%2C%20You%20Brought%20Me%20Your%20Love	0.0	I Brought You My Bullets, You Brought Me Your Love	Creativity	Creative Visualization	8e874388-cfda-4bc4-a541-496886d894e0	5	5	hfr7Kx7WXoRTtpjl
onion::1016::0a742238-1b1f-3eb1-9067-891b6e4a90e5	8722	1016	0a742238-1b1f-3eb1-9067-891b6e4a90e5	Mindless Self Indulgence	https://www.last.fm/music/Mindless+Self+Indulgence/_/Harry+Truman	https://www.last.fm/music/Mindless%20Self%20Indulgence	Harry Truman	https://www.last.fm/music/Mindless%20Self%20Indulgence/Frankenstein%20Girls%20Will%20Seem%20Strangely%20Sexy	0.0	Frankenstein Girls Will Seem Strangely Sexy	Motivation	Background Utility	8e874388-cfda-4bc4-a541-496886d894e0	5	5	9q230fa7AxwPF7N8
onion::1016::6894aff2-c978-3482-b009-9e12c5e08a3e	8723	1016	6894aff2-c978-3482-b009-9e12c5e08a3e	Midtown	https://www.last.fm/music/Midtown/_/Give+It+Up	https://www.last.fm/music/Midtown	Give It Up	https://www.last.fm/music/Midtown/Forget%20What%20You%20Know	0.0	Forget What You Know	Motivation	Background Utility	8e874388-cfda-4bc4-a541-496886d894e0	5	5	r56ah8WvwyHScW50
onion::1017::0a742238-1b1f-3eb1-9067-891b6e4a90e5	8731	1017	0a742238-1b1f-3eb1-9067-891b6e4a90e5	Mindless Self Indulgence	https://www.last.fm/music/Mindless+Self+Indulgence/_/Harry+Truman	https://www.last.fm/music/Mindless%20Self%20Indulgence	Harry Truman	https://www.last.fm/music/Mindless%20Self%20Indulgence/Frankenstein%20Girls%20Will%20Seem%20Strangely%20Sexy	0.0	Frankenstein Girls Will Seem Strangely Sexy	Distraction	Distraction	8e874388-cfda-4bc4-a541-496886d894e0	5	5	9q230fa7AxwPF7N8
onion::1017::febea64e-6334-454f-9dd9-1b5115b65e6b	8732	1017	febea64e-6334-454f-9dd9-1b5115b65e6b	My Chemical Romance	https://www.last.fm/music/My+Chemical+Romance/_/Boy+Division	https://www.last.fm/music/My%20Chemical%20Romance	Boy Division	https://www.last.fm/music/My%20Chemical%20Romance/Number%20One	0.0	Number One	Distraction	Distraction	8e874388-cfda-4bc4-a541-496886d894e0	5	5	Y27ivYBGVTTu1Pzo
onion::1018::3accfd14-b5bc-404b-a9c5-8a3edfff24a0	8734	1018	3accfd14-b5bc-404b-a9c5-8a3edfff24a0	Mindless Self Indulgence	https://www.last.fm/music/Mindless+Self+Indulgence/_/Bed+of+Roses	https://www.last.fm/music/Mindless%20Self%20Indulgence	Bed of Roses	https://www.last.fm/music/Mindless%20Self%20Indulgence/Pink	0.0	Pink	Emotion (regulation)	Emotional Resonance	8e874388-cfda-4bc4-a541-496886d894e0	2	3	OlXh9jUCeXM0YkVC
onion::1018::36dac23c-0d91-4850-a47e-f5a36c11fb4f	8736	1018	36dac23c-0d91-4850-a47e-f5a36c11fb4f	My Chemical Romance	https://www.last.fm/music/My+Chemical+Romance/_/Cubicles	https://www.last.fm/music/My%20Chemical%20Romance	Cubicles	https://www.last.fm/music/My%20Chemical%20Romance/I%20Brought%20You%20My%20Bullets%2C%20You%20Brought%20Me%20Your%20Love	0.0	I Brought You My Bullets, You Brought Me Your Love	Emotion (regulation)	Emotional Resonance	8e874388-cfda-4bc4-a541-496886d894e0	2	3	HZarggufXTzp02lF
onion::1020::0a742238-1b1f-3eb1-9067-891b6e4a90e5	8754	1020	0a742238-1b1f-3eb1-9067-891b6e4a90e5	Mindless Self Indulgence	https://www.last.fm/music/Mindless+Self+Indulgence/_/Harry+Truman	https://www.last.fm/music/Mindless%20Self%20Indulgence	Harry Truman	https://www.last.fm/music/Mindless%20Self%20Indulgence/Frankenstein%20Girls%20Will%20Seem%20Strangely%20Sexy	0.0	Frankenstein Girls Will Seem Strangely Sexy	Well-Being	Pleasure & Enjoyment	8e874388-cfda-4bc4-a541-496886d894e0	5	5	9q230fa7AxwPF7N8
onion::1020::0715bb03-30f6-4120-94d5-faefef3ac4a6	8755	1020	0715bb03-30f6-4120-94d5-faefef3ac4a6	My Chemical Romance	https://www.last.fm/music/My+Chemical+Romance/_/Thank+You+for+the+Venom	https://www.last.fm/music/My%20Chemical%20Romance	Thank You for the Venom	https://www.last.fm/music/My%20Chemical%20Romance/Three%20Cheers%20for%20Sweet%20Revenge	0.0	Three Cheers for Sweet Revenge	Well-Being	Pleasure & Enjoyment	8e874388-cfda-4bc4-a541-496886d894e0	5	5	HaEK4vJgjkzCpjqw
onion::1020::5697553e-f367-3d43-960e-bfa43116b931	8759	1020	5697553e-f367-3d43-960e-bfa43116b931	Hollywood Undead	https://www.last.fm/music/Hollywood+Undead/_/Bottle+and+a+Gun	https://www.last.fm/music/Hollywood%20Undead	Bottle and a Gun	https://www.last.fm/music/Hollywood%20Undead/Swan%20Songs%20(Collector%E2%80%99s%20Edition)	0.0	Swan Songs (Collector’s Edition)	Well-Being	Pleasure & Enjoyment	8e874388-cfda-4bc4-a541-496886d894e0	5	5	AT0nPgtUneEvRI3e
onion::1021::6894aff2-c978-3482-b009-9e12c5e08a3e	8763	1021	6894aff2-c978-3482-b009-9e12c5e08a3e	Midtown	https://www.last.fm/music/Midtown/_/Give+It+Up	https://www.last.fm/music/Midtown	Give It Up	https://www.last.fm/music/Midtown/Forget%20What%20You%20Know	0.0	Forget What You Know	Nostalgia	Nostalgia	8e874388-cfda-4bc4-a541-496886d894e0	3	4	r56ah8WvwyHScW50
onion::1021::5697553e-f367-3d43-960e-bfa43116b931	8766	1021	5697553e-f367-3d43-960e-bfa43116b931	Hollywood Undead	https://www.last.fm/music/Hollywood+Undead/_/Bottle+and+a+Gun	https://www.last.fm/music/Hollywood%20Undead	Bottle and a Gun	https://www.last.fm/music/Hollywood%20Undead/Swan%20Songs%20(Collector%E2%80%99s%20Edition)	0.0	Swan Songs (Collector’s Edition)	Nostalgia	Nostalgia	8e874388-cfda-4bc4-a541-496886d894e0	3	4	AT0nPgtUneEvRI3e
onion::1022::3a61f453-fcd8-4150-a803-2d244d8afbe4	8775	1022	3a61f453-fcd8-4150-a803-2d244d8afbe4	My Chemical Romance	https://www.last.fm/music/My+Chemical+Romance/_/Demolition+Lovers	https://www.last.fm/music/My%20Chemical%20Romance	Demolition Lovers	https://www.last.fm/music/My%20Chemical%20Romance/I%20Brought%20You%20My%20Bullets%2C%20You%20Brought%20Me%20Your%20Love	0.0	I Brought You My Bullets, You Brought Me Your Love	Support	Support	8e874388-cfda-4bc4-a541-496886d894e0	2	2	0gx2q0M2oRaSjKn1
onion::1022::196fb6bd-128f-43e4-a598-5f317fbc6eef	8779	1022	196fb6bd-128f-43e4-a598-5f317fbc6eef	My Chemical Romance	https://www.last.fm/music/My+Chemical+Romance/_/Early+Sunsets+Over+Monroeville	https://www.last.fm/music/My%20Chemical%20Romance	Early Sunsets Over Monroeville	https://www.last.fm/music/My%20Chemical%20Romance/I%20Brought%20You%20My%20Bullets%2C%20You%20Brought%20Me%20Your%20Love	0.0	I Brought You My Bullets, You Brought Me Your Love	Support	Support	8e874388-cfda-4bc4-a541-496886d894e0	2	2	hfr7Kx7WXoRTtpjl
onion::1022::36dac23c-0d91-4850-a47e-f5a36c11fb4f	8781	1022	36dac23c-0d91-4850-a47e-f5a36c11fb4f	My Chemical Romance	https://www.last.fm/music/My+Chemical+Romance/_/Cubicles	https://www.last.fm/music/My%20Chemical%20Romance	Cubicles	https://www.last.fm/music/My%20Chemical%20Romance/I%20Brought%20You%20My%20Bullets%2C%20You%20Brought%20Me%20Your%20Love	0.0	I Brought You My Bullets, You Brought Me Your Love	Support	Support	8e874388-cfda-4bc4-a541-496886d894e0	2	2	HZarggufXTzp02lF
onion::1023::5f2b72eb-bd12-40d4-9de5-fa9f9a59a403	8783	1023	5f2b72eb-bd12-40d4-9de5-fa9f9a59a403	Loreena McKennitt	https://www.last.fm/music/Loreena+McKennitt/_/Caravanserai	https://www.last.fm/music/Loreena%20McKennitt	Caravanserai	https://www.last.fm/music/Loreena%20McKennitt/An%20Ancient%20Muse	0.0	An Ancient Muse	Well-Being	Pleasure & Enjoyment	eca3509a-ea43-4a82-939d-b17f328bbeab	2	5	bsFedjb9QSz5vEdD
onion::1023::023b7202-11d8-452f-a578-c30be28ea452	8784	1023	023b7202-11d8-452f-a578-c30be28ea452	Celtic Woman	https://www.last.fm/music/Celtic+Woman/_/May+It+Be	https://www.last.fm/music/Celtic%20Woman	May It Be	https://www.last.fm/music/Celtic%20Woman/Celtic%20Woman	0.0	Celtic Woman	Well-Being	Pleasure & Enjoyment	eca3509a-ea43-4a82-939d-b17f328bbeab	2	5	Sm5T93ReOlYjxhU8
onion::1023::Enya-Orinoco Flow-1-39	8785	1023	Enya-Orinoco Flow-1-39	Enya	https://www.last.fm/music/Enya/_/Orinoco+Flow	https://www.last.fm/music/Enya	Orinoco Flow	https://www.last.fm/music/Enya/Watermark	0.0	Watermark	Well-Being	Pleasure & Enjoyment	eca3509a-ea43-4a82-939d-b17f328bbeab	2	5	VP3HX2fMMqIH0gnJ
onion::1023::Lita Ford-Close My Eyes Forever-1-77	8789	1023	Lita Ford-Close My Eyes Forever-1-77	Lita Ford	https://www.last.fm/music/Lita+Ford/_/Close+My+Eyes+Forever	https://www.last.fm/music/Lita%20Ford	Close My Eyes Forever	https://www.last.fm/music/Lita%20Ford/The%20Best%20of%20Lita%20Ford	0.0	The Best of Lita Ford	Well-Being	Pleasure & Enjoyment	eca3509a-ea43-4a82-939d-b17f328bbeab	2	5	QDgjful1oIFrabhh
onion::1023::Dire Straits-Sultans of Swing-1-81	8790	1023	Dire Straits-Sultans of Swing-1-81	Dire Straits	https://www.last.fm/music/Dire+Straits/_/Sultans+of+Swing	https://www.last.fm/music/Dire%20Straits	Sultans of Swing	https://www.last.fm/music/Dire%20Straits/Sultans%20of%20Swing%3A%20The%20Very%20Best%20of%20Dire%20Straits%20Dire%20Straits	0.0	Sultans of Swing: The Very Best of Dire Straits Dire Straits	Well-Being	Pleasure & Enjoyment	eca3509a-ea43-4a82-939d-b17f328bbeab	2	5	PFYen7nm8cFFUub4
onion::1023::Creedence Clearwater Revival-Who'll Stop the Rain-1-177	8794	1023	Creedence Clearwater Revival-Who'll Stop the Rain-1-177	Creedence Clearwater Revival	https://www.last.fm/music/Creedence+Clearwater+Revival/_/Who%27ll+Stop+the+Rain	https://www.last.fm/music/Creedence%20Clearwater%20Revival	Who'll Stop the Rain	https://www.last.fm/music/Creedence%20Clearwater%20Revival/Cosmo's%20Factory	0.0	Cosmo's Factory	Well-Being	Pleasure & Enjoyment	eca3509a-ea43-4a82-939d-b17f328bbeab	2	5	UXPd5VeJtjvJdm6V
onion::1023::4d17fe5d-e67b-44d0-84f3-ae1f13459128	8795	1023	4d17fe5d-e67b-44d0-84f3-ae1f13459128	Laura Nyro	https://www.last.fm/music/Laura+Nyro/_/Time+And+Love	https://www.last.fm/music/Laura%20Nyro	Time And Love	https://www.last.fm/music/Laura%20Nyro/New%20York%20Tendaberry	0.0	New York Tendaberry	Well-Being	Pleasure & Enjoyment	eca3509a-ea43-4a82-939d-b17f328bbeab	2	5	NoywtR5g66pmxswM
onion::1023::69049e4a-4ccd-4823-81a8-f940d3c7401f	8796	1023	69049e4a-4ccd-4823-81a8-f940d3c7401f	Amorphis	https://www.last.fm/music/Amorphis/_/You+I+Need	https://www.last.fm/music/Amorphis	You I Need	https://www.last.fm/music/Amorphis/The%20Beginning%20of%20Times%20(Deluxe%20Edition)	0.0	The Beginning of Times (Deluxe Edition)	Well-Being	Pleasure & Enjoyment	eca3509a-ea43-4a82-939d-b17f328bbeab	2	5	RXoWo0EC6cIxdsUw
onion::1023::8d75eebb-a623-31a1-88df-24c99613c961	8798	1023	8d75eebb-a623-31a1-88df-24c99613c961	Rush	https://www.last.fm/music/Rush/_/Freewill	https://www.last.fm/music/Rush	Freewill	https://www.last.fm/music/Rush/Permanent%20Waves%20(Remastered)	0.0	Permanent Waves (Remastered)	Well-Being	Pleasure & Enjoyment	eca3509a-ea43-4a82-939d-b17f328bbeab	2	5	2fMVrcGwcE2faINe
onion::1024::e5178630-952b-486e-bb67-559c62f1b3db	8803	1024	e5178630-952b-486e-bb67-559c62f1b3db	Creedence Clearwater Revival	https://www.last.fm/music/Creedence+Clearwater+Revival/_/Fortunate+Son	https://www.last.fm/music/Creedence%20Clearwater%20Revival	Fortunate Son	https://www.last.fm/music/Creedence%20Clearwater%20Revival/Willy%20and%20the%20Poor%20Boys	0.0	Willy and the Poor Boys	Mood Enhancement	Cheerfulness	eca3509a-ea43-4a82-939d-b17f328bbeab	1	3	AbQHO1jNOSeCmTwH
onion::1024::4e5c454e-67c1-4970-b257-5904624eb076	8811	1024	4e5c454e-67c1-4970-b257-5904624eb076	Lyriel	https://www.last.fm/music/Lyriel/_/Leverage	https://www.last.fm/music/Lyriel	Leverage	https://www.last.fm/music/Lyriel/Leverage	0.0	Leverage	Mood Enhancement	Cheerfulness	eca3509a-ea43-4a82-939d-b17f328bbeab	1	3	B364U1C4E0MKBDzm
onion::1024::4sBlQ2yaxrj8zF7J8EE6cA	8812	1024	4sBlQ2yaxrj8zF7J8EE6cA	Gloryhammer			Angus McFife			Tales From The Kingdom Of Fife	Mood Enhancement	Cheerfulness	eca3509a-ea43-4a82-939d-b17f328bbeab	1	3	cCTOkAC3enFtOUMh
onion::1025::e5178630-952b-486e-bb67-559c62f1b3db	8814	1025	e5178630-952b-486e-bb67-559c62f1b3db	Creedence Clearwater Revival	https://www.last.fm/music/Creedence+Clearwater+Revival/_/Fortunate+Son	https://www.last.fm/music/Creedence%20Clearwater%20Revival	Fortunate Son	https://www.last.fm/music/Creedence%20Clearwater%20Revival/Willy%20and%20the%20Poor%20Boys	0.0	Willy and the Poor Boys	Emotion (regulation)	Emotional Resonance	eca3509a-ea43-4a82-939d-b17f328bbeab	2	3	AbQHO1jNOSeCmTwH
onion::1025::0000ffc0-736e-3588-8423-67dc0f19a579	8822	1025	0000ffc0-736e-3588-8423-67dc0f19a579	Joni Mitchell	https://www.last.fm/music/Joni+Mitchell/_/River	https://www.last.fm/music/Joni%20Mitchell	River	https://www.last.fm/music/Joni%20Mitchell/Blue	0.0	Blue	Emotion (regulation)	Emotional Resonance	eca3509a-ea43-4a82-939d-b17f328bbeab	2	3	0vd7SREH018NTDta
onion::1025::4F5DFVeAoQijmX30DVyZIy	8823	1025	4F5DFVeAoQijmX30DVyZIy	Delain			We Are The Others			We Are The Others	Emotion (regulation)	Emotional Resonance	eca3509a-ea43-4a82-939d-b17f328bbeab	2	3	oov3Rs6RG3l82soF
onion::1026::98538a46-a36b-3a01-925b-0448eb8bfd51	8827	1026	98538a46-a36b-3a01-925b-0448eb8bfd51	sToa	https://www.last.fm/music/sToa/_/Sakrileg	https://www.last.fm/music/sToa	Sakrileg	https://www.last.fm/music/sToa/Silmand	0.0	Silmand	Creativity	Creative Visualization	eca3509a-ea43-4a82-939d-b17f328bbeab	1	5	A15E8pFSarKLBVmR
onion::1026::139850a3-804d-4ec1-beea-aed4e49e3d7a	8829	1026	139850a3-804d-4ec1-beea-aed4e49e3d7a	Delain	https://www.last.fm/music/Delain/_/The+Glory+and+the+Scum	https://www.last.fm/music/Delain	The Glory and the Scum	https://www.last.fm/music/Delain/Moonbathers	0.0	Moonbathers	Creativity	Creative Visualization	eca3509a-ea43-4a82-939d-b17f328bbeab	1	5	EQtP7ZFnUjLwgPUE
onion::1026::3mvE6342MSu7wJvXUpTamG	8830	1026	3mvE6342MSu7wJvXUpTamG	Stream of Passion			Out In the Real World			Embrace the Storm	Creativity	Creative Visualization	eca3509a-ea43-4a82-939d-b17f328bbeab	1	5	zq4iGQ6XY9e62zxw
onion::1029::custom-1771290106802	8844	1029	custom-1771290106802	Evanescence			Imaginary		0.0		Relaxing	Comfort and Security	eca3509a-ea43-4a82-939d-b17f328bbeab	2	3	mqgSF6cg6J5RkAR7
onion::1030::custom-1771290423921	8852	1030	custom-1771290423921	Green Day			American Idiot		0.0		Calming	Frustration Venting	eca3509a-ea43-4a82-939d-b17f328bbeab	1	3	l0ahobbDqRsCaepj
onion::1031::65B1tEOv5W294uCKbmEcFV	8857	1031	65B1tEOv5W294uCKbmEcFV	Lee Ann Womack			I Hope You Dance			I Hope You Dance	Nostalgia	Nostalgia	eca3509a-ea43-4a82-939d-b17f328bbeab	1	1	BTs9roT3cFKEW8yL
onion::1032::The Allman Brothers Band-Midnight Rider-2-158	8868	1032	The Allman Brothers Band-Midnight Rider-2-158	The Allman Brothers Band	https://www.last.fm/music/The+Allman+Brothers+Band/_/Midnight+Rider	https://www.last.fm/music/The%20Allman%20Brothers%20Band	Midnight Rider	https://www.last.fm/music/The%20Allman%20Brothers%20Band/Idlewild%20South%20(Deluxe%20Edition)	0.0	Idlewild South (Deluxe Edition)	Enjoyment	Time Passing	eca3509a-ea43-4a82-939d-b17f328bbeab	2	4	I7xwlyqUByL76Wpu
onion::1032::3b9c6409-3fb8-4c06-bf6a-417c7f9bcd23	8869	1032	3b9c6409-3fb8-4c06-bf6a-417c7f9bcd23	Delain	https://www.last.fm/music/Delain/_/Scandal	https://www.last.fm/music/Delain	Scandal	https://www.last.fm/music/Delain/Moonbathers	0.0	Moonbathers	Enjoyment	Time Passing	eca3509a-ea43-4a82-939d-b17f328bbeab	2	4	FGinHAVZZurprXMN
onion::1032::94a35ba1-2895-479c-b491-920828d5c245	8870	1032	94a35ba1-2895-479c-b491-920828d5c245	Free	https://www.last.fm/music/Free/_/All+Right+Now	https://www.last.fm/music/Free	All Right Now	https://www.last.fm/music/Free/Fire%20And%20Water%20(Deluxe%20Edition)	0.0	Fire And Water (Deluxe Edition)	Enjoyment	Time Passing	eca3509a-ea43-4a82-939d-b17f328bbeab	2	4	jwlntFffxuVG4HLI
onion::1032::6m9THoEZdyxNoWKPi587bX	8872	1032	6m9THoEZdyxNoWKPi587bX	Santana			Oye Como Va			Viva Santana!	Enjoyment	Time Passing	eca3509a-ea43-4a82-939d-b17f328bbeab	2	4	QvxkMSraOKulkeVJ
onion::1032::80472c31-b815-4c88-9cd1-a4cd4a3d093c	8874	1032	80472c31-b815-4c88-9cd1-a4cd4a3d093c	Rush	https://www.last.fm/music/Rush/_/Tom+Sawyer	https://www.last.fm/music/Rush	Tom Sawyer	https://www.last.fm/music/Rush/Moving%20Pictures%20(Remastered)	0.0	Moving Pictures (Remastered)	Enjoyment	Time Passing	eca3509a-ea43-4a82-939d-b17f328bbeab	2	4	D9hbL7FCPq1r3x4z
onion::1033::09cc9ed2-a847-4cc5-8be5-af66c7c9a28b	8880	1033	09cc9ed2-a847-4cc5-8be5-af66c7c9a28b	Playboi Carti	https://www.last.fm/music/Playboi+Carti/_/NO.+9	https://www.last.fm/music/Playboi%20Carti	NO. 9	https://www.last.fm/music/Playboi%20Carti/Playboi%20Carti	0.0	Playboi Carti	Well-Being	Pleasure & Enjoyment	591ce98f-1a00-4b0a-88c2-4d198a22ce91	5	5	FH2Ky4ibZcDIcIwd
onion::1035::89e8d76b-b247-4b07-aea4-1b65755fe993	8889	1035	89e8d76b-b247-4b07-aea4-1b65755fe993	Brent Faiyaz	https://www.last.fm/music/Brent+Faiyaz/_/Gang+Over+Luv	https://www.last.fm/music/Brent%20Faiyaz	Gang Over Luv	https://www.last.fm/music/Brent%20Faiyaz/Sonder%20Son	0.0	Sonder Son	Passion / Pleasure	Habitual Listening	591ce98f-1a00-4b0a-88c2-4d198a22ce91	5	5	vJOgd6WChrmC4Vi5
onion::1036::09cc9ed2-a847-4cc5-8be5-af66c7c9a28b	8896	1036	09cc9ed2-a847-4cc5-8be5-af66c7c9a28b	Playboi Carti	https://www.last.fm/music/Playboi+Carti/_/NO.+9	https://www.last.fm/music/Playboi%20Carti	NO. 9	https://www.last.fm/music/Playboi%20Carti/Playboi%20Carti	0.0	Playboi Carti	Mood Enhancement	Cheerfulness	591ce98f-1a00-4b0a-88c2-4d198a22ce91	5	3	FH2Ky4ibZcDIcIwd
onion::1039::94407e8b-8bb3-442c-95b4-da768a747c0f	8911	1039	94407e8b-8bb3-442c-95b4-da768a747c0f	Kanye West	https://www.last.fm/music/Kanye+West/_/New+Slaves	https://www.last.fm/music/Kanye%20West	New Slaves	https://www.last.fm/music/Kanye%20West/Yeezus	0.0	Yeezus	Enjoyment	Time Passing	591ce98f-1a00-4b0a-88c2-4d198a22ce91	5	4	Oos3HnzbuXnyvwZb
onion::1039::Nelly-Ride Wit Me-2-192	8915	1039	Nelly-Ride Wit Me-2-192	Nelly	https://www.last.fm/music/Nelly/_/Ride+Wit+Me	https://www.last.fm/music/Nelly	Ride Wit Me	https://www.last.fm/music/Nelly/Country%20Grammar	0.0	Country Grammar	Enjoyment	Time Passing	591ce98f-1a00-4b0a-88c2-4d198a22ce91	5	4	sNPbN3kHMz0H08S7
onion::1040::121503da-c65b-4cf2-951d-26fe3035f46f	8918	1040	121503da-c65b-4cf2-951d-26fe3035f46f	Chief Keef	https://www.last.fm/music/Chief+Keef/_/Ape+Shit	https://www.last.fm/music/Chief%20Keef	Ape Shit	https://www.last.fm/music/Chief%20Keef/Almighty%20So	0.0	Almighty So	Entertainment	Singing Along	591ce98f-1a00-4b0a-88c2-4d198a22ce91	4	2	FxkBuHBVUXPk8gVq
onion::1040::557914e7-c68d-4b98-90c6-d0519be4e65e	8919	1040	557914e7-c68d-4b98-90c6-d0519be4e65e	Playboi Carti	https://www.last.fm/music/Playboi+Carti/_/dothatshit!	https://www.last.fm/music/Playboi%20Carti	dothatshit!	https://www.last.fm/music/Playboi%20Carti/Playboi%20Carti	0.0	Playboi Carti	Entertainment	Singing Along	591ce98f-1a00-4b0a-88c2-4d198a22ce91	4	2	0TanEa2QCnKAedsL
onion::1041::94407e8b-8bb3-442c-95b4-da768a747c0f	8923	1041	94407e8b-8bb3-442c-95b4-da768a747c0f	Kanye West	https://www.last.fm/music/Kanye+West/_/New+Slaves	https://www.last.fm/music/Kanye%20West	New Slaves	https://www.last.fm/music/Kanye%20West/Yeezus	0.0	Yeezus	Community	Community	591ce98f-1a00-4b0a-88c2-4d198a22ce91	4	2	Oos3HnzbuXnyvwZb
onion::1042::452538a8-aebc-4ba7-b4e6-77f3000f89f8	8930	1042	452538a8-aebc-4ba7-b4e6-77f3000f89f8	Fantasia	https://www.last.fm/music/Fantasia/_/When+I+See+U	https://www.last.fm/music/Fantasia	When I See U	https://www.last.fm/music/Fantasia/Fantasia	0.0	Fantasia	Emotion (regulation)	Emotional Resonance	591ce98f-1a00-4b0a-88c2-4d198a22ce91	3	3	L4hixlDBqJuuRsi6
onion::1043::59fc5ddf-a1d9-4746-902d-71fb5a9a78c2	8933	1043	59fc5ddf-a1d9-4746-902d-71fb5a9a78c2	Taylor Swift	https://www.last.fm/music/Taylor+Swift/_/Shake+It+Off	https://www.last.fm/music/Taylor%20Swift	Shake It Off	https://www.last.fm/music/Taylor%20Swift/1989%20(Big%20Machine%20Radio%20Release%20Special)	0.0	1989 (Big Machine Radio Release Special)	(Self-) Reflection / Introspection	Self-Reflection	fc09e9ec-3e54-4ed5-b910-b7faf9dc88fe	2	3	WMPyZbE6EvI5f4wF
onion::1044::59fc5ddf-a1d9-4746-902d-71fb5a9a78c2	8939	1044	59fc5ddf-a1d9-4746-902d-71fb5a9a78c2	Taylor Swift	https://www.last.fm/music/Taylor+Swift/_/Shake+It+Off	https://www.last.fm/music/Taylor%20Swift	Shake It Off	https://www.last.fm/music/Taylor%20Swift/1989%20(Big%20Machine%20Radio%20Release%20Special)	0.0	1989 (Big Machine Radio Release Special)	Mood Enhancement	Cheerfulness	fc09e9ec-3e54-4ed5-b910-b7faf9dc88fe	1	5	WMPyZbE6EvI5f4wF
onion::1045::Daniel Powter-Bad Day-1-0	8945	1045	Daniel Powter-Bad Day-1-0	Daniel Powter	https://www.last.fm/music/Daniel+Powter/_/Bad+Day	https://www.last.fm/music/Daniel%20Powter	Bad Day	https://www.last.fm/music/Daniel%20Powter/Daniel%20Powter	0.0	Daniel Powter	Nostalgia	Nostalgia	fc09e9ec-3e54-4ed5-b910-b7faf9dc88fe	1	3	kK8tqwwMRf7ov9GD
onion::1046::2c13963e-8a3c-45bf-bdb7-0956bf7723dc	8952	1046	2c13963e-8a3c-45bf-bdb7-0956bf7723dc	Hailee Steinfeld	https://www.last.fm/music/Hailee+Steinfeld/_/Most+Girls	https://www.last.fm/music/Hailee%20Steinfeld	Most Girls	https://www.last.fm/music/Hailee%20Steinfeld/Most%20Girls	0.0	Most Girls	Stimulation	Empowerment	fc09e9ec-3e54-4ed5-b910-b7faf9dc88fe	1	5	D23st8Frfz7nKpE0
onion::1048::61677729-c4cf-41eb-ab02-bf9ab2820895	8960	1048	61677729-c4cf-41eb-ab02-bf9ab2820895	Taylor Swift	https://www.last.fm/music/Taylor+Swift/_/Back+to+December	https://www.last.fm/music/Taylor%20Swift	Back to December	https://www.last.fm/music/Taylor%20Swift/Speak%20Now	0.0	Speak Now	Relaxing	Comfort and Security	fc09e9ec-3e54-4ed5-b910-b7faf9dc88fe	1	2	Wk8yYIWx81WiAK6M
onion::1048::3df8c4bf-f73f-4795-9bd2-4454ce6a5521	8961	1048	3df8c4bf-f73f-4795-9bd2-4454ce6a5521	Arcade Fire	https://www.last.fm/music/Arcade+Fire/_/Everything+Now	https://www.last.fm/music/Arcade%20Fire	Everything Now	https://www.last.fm/music/Arcade%20Fire/Everything%20Now	0.0	Everything Now	Relaxing	Comfort and Security	fc09e9ec-3e54-4ed5-b910-b7faf9dc88fe	1	2	NRRdR4UolSRN4RV9
onion::1049::04a6f0d9-2f10-4a4f-b40e-c88ebf83d890	8966	1049	04a6f0d9-2f10-4a4f-b40e-c88ebf83d890	Ed Sheeran	https://www.last.fm/music/Ed+Sheeran/_/Galway+Girl	https://www.last.fm/music/Ed%20Sheeran	Galway Girl	https://www.last.fm/music/Ed%20Sheeran/Galway%20Girl	0.0	Galway Girl	Distraction	Distraction	fc09e9ec-3e54-4ed5-b910-b7faf9dc88fe	1	2	7I0SNqYAVs4StrdH
onion::1049::b1eabc24-e01f-41bd-a260-c254359b3ca0	8967	1049	b1eabc24-e01f-41bd-a260-c254359b3ca0	Bruno Mars	https://www.last.fm/music/Bruno+Mars/_/Versace+on+the+Floor	https://www.last.fm/music/Bruno%20Mars	Versace on the Floor	https://www.last.fm/music/Bruno%20Mars/Versace%20on%20the%20Floor	0.0	Versace on the Floor	Distraction	Distraction	fc09e9ec-3e54-4ed5-b910-b7faf9dc88fe	1	2	kWGPFJxd2ZNw2vxO
onion::1051::1a1c7f0b-05a4-3299-bbfb-d1857ec2baf4	8978	1051	1a1c7f0b-05a4-3299-bbfb-d1857ec2baf4	Carrie Underwood	https://www.last.fm/music/Carrie+Underwood/_/See+You+Again	https://www.last.fm/music/Carrie%20Underwood	See You Again	https://www.last.fm/music/Carrie%20Underwood/Blown%20Away	0.0	Blown Away	Exploration	Exploration	fc09e9ec-3e54-4ed5-b910-b7faf9dc88fe	1	3	8VTlaVyNM9E3iTsb
onion::1052::443fa096-f6d2-4406-98bc-bab83ea894f4	8981	1052	443fa096-f6d2-4406-98bc-bab83ea894f4	Taylor Swift	https://www.last.fm/music/Taylor+Swift/_/Our+Song	https://www.last.fm/music/Taylor%20Swift	Our Song	https://www.last.fm/music/Taylor%20Swift/Taylor%20Swift	0.0	Taylor Swift	Connection / Belonging	Connection / Belonging	fc09e9ec-3e54-4ed5-b910-b7faf9dc88fe	1	2	CovyQ9KZ9gOB04WT
onion::1053::0151b4c7-0bc2-4cfe-bb85-11fd6d1a865d	8985	1053	0151b4c7-0bc2-4cfe-bb85-11fd6d1a865d	Bridgit Mendler	https://www.last.fm/music/Bridgit+Mendler/_/Ready+or+Not	https://www.last.fm/music/Bridgit%20Mendler	Ready or Not		0.0		Well-Being	Pleasure & Enjoyment	2a01cc68-e501-4b04-a006-b5fb78971bdd	4	5	IDLDx4jQADtBJJOq
onion::1053::f9488df8-e941-43d3-be26-5e7d2a8b993f	8989	1053	f9488df8-e941-43d3-be26-5e7d2a8b993f	Laura Branigan	https://www.last.fm/music/Laura+Branigan/_/The+Lucky+One	https://www.last.fm/music/Laura%20Branigan	The Lucky One	https://www.last.fm/music/Laura%20Branigan/Self%20Control	0.0	Self Control	Well-Being	Pleasure & Enjoyment	2a01cc68-e501-4b04-a006-b5fb78971bdd	4	5	8NHruLIbXvrIKrAY
onion::1053::91d31e03-343b-3264-aee3-c1dbd1e30405	8990	1053	91d31e03-343b-3264-aee3-c1dbd1e30405	Alphaville	https://www.last.fm/music/Alphaville/_/Forever+Young	https://www.last.fm/music/Alphaville	Forever Young	https://www.last.fm/music/Alphaville/Forever%20Young%20(Super%20Deluxe%20Edition%3B%202019%20Remaster)	0.0	Forever Young (Super Deluxe Edition; 2019 Remaster)	Well-Being	Pleasure & Enjoyment	2a01cc68-e501-4b04-a006-b5fb78971bdd	4	5	FU5HolU1UWdTd7YT
onion::1053::bb905e33-5bd9-4c98-b10d-2c5f02c4459b	8991	1053	bb905e33-5bd9-4c98-b10d-2c5f02c4459b	Kim Carnes	https://www.last.fm/music/Kim+Carnes/_/Bette+Davis+Eyes	https://www.last.fm/music/Kim%20Carnes	Bette Davis Eyes	https://www.last.fm/music/Kim%20Carnes/Mistaken%20Identity	0.0	Mistaken Identity	Well-Being	Pleasure & Enjoyment	2a01cc68-e501-4b04-a006-b5fb78971bdd	4	5	JcNb61ftSGRdgcgj
onion::1053::f47f9d53-a182-4f86-b92e-d67522fd9bba	8992	1053	f47f9d53-a182-4f86-b92e-d67522fd9bba	Cyndi Lauper	https://www.last.fm/music/Cyndi+Lauper/_/Girls+Just+Want+to+Have+Fun	https://www.last.fm/music/Cyndi%20Lauper	Girls Just Want to Have Fun	https://www.last.fm/music/Cyndi%20Lauper/She's%20So%20Unusual	0.0	She's So Unusual	Well-Being	Pleasure & Enjoyment	2a01cc68-e501-4b04-a006-b5fb78971bdd	4	5	zz8r9NlX7t11pEw8
onion::1053::62bbc16e-4fda-439b-b692-ca43524ada4d	8993	1053	62bbc16e-4fda-439b-b692-ca43524ada4d	Krewella	https://www.last.fm/music/Krewella/_/Alive	https://www.last.fm/music/Krewella	Alive		0.0		Well-Being	Pleasure & Enjoyment	2a01cc68-e501-4b04-a006-b5fb78971bdd	4	5	EwcdJsBlrqPOizGs
onion::1053::d8725dec-329f-4531-a6e3-39c8e7f3aa75	8996	1053	d8725dec-329f-4531-a6e3-39c8e7f3aa75	Sophie Ellis-Bextor	https://www.last.fm/music/Sophie+Ellis-Bextor/_/Music+Gets+the+Best+of+Me	https://www.last.fm/music/Sophie%20Ellis-Bextor	Music Gets the Best of Me	https://www.last.fm/music/Sophie%20Ellis-Bextor/Read%20My%20Lips%20(Deluxe%20Version)	0.0	Read My Lips (Deluxe Version)	Well-Being	Pleasure & Enjoyment	2a01cc68-e501-4b04-a006-b5fb78971bdd	4	5	tEro5JPIXi3XATHL
onion::1053::3a3fbb4e-f695-4df4-a0fb-54594ebe7e98	9000	1053	3a3fbb4e-f695-4df4-a0fb-54594ebe7e98	Owl City	https://www.last.fm/music/Owl+City/_/Gold	https://www.last.fm/music/Owl%20City	Gold	https://www.last.fm/music/Owl%20City/The%20Midsummer%20Station	0.0	The Midsummer Station	Well-Being	Pleasure & Enjoyment	2a01cc68-e501-4b04-a006-b5fb78971bdd	4	5	BjjHIkBQDXX8O8lv
onion::1053::3d505cfb-5254-4031-893c-9efcd8747af2	9001	1053	3d505cfb-5254-4031-893c-9efcd8747af2	Carly Rae Jepsen	https://www.last.fm/music/Carly+Rae+Jepsen/_/Cut+to+the+Feeling	https://www.last.fm/music/Carly%20Rae%20Jepsen	Cut to the Feeling	https://www.last.fm/music/Carly%20Rae%20Jepsen/Emotion%20(10th%20Anniversary%20Edition)	0.0	Emotion (10th Anniversary Edition)	Well-Being	Pleasure & Enjoyment	2a01cc68-e501-4b04-a006-b5fb78971bdd	4	5	VQNEHXmIFhFR4mNS
onion::1053::1FGBkpcEWBmJW3XgWvK8kG	9006	1053	1FGBkpcEWBmJW3XgWvK8kG	Krewella			Team			Krewella (Hits Japan Special Edition)	Well-Being	Pleasure & Enjoyment	2a01cc68-e501-4b04-a006-b5fb78971bdd	4	5	xGhHh3tmkcuye6Iu
onion::1054::custom-1771358719941	9010	1054	custom-1771358719941	Miranda Lambert			New Strings		0.0	Kerosene	Stimulation	Empowerment	2a01cc68-e501-4b04-a006-b5fb78971bdd	1	5	R4yeHSzV6zoOftux
onion::1055::f9488df8-e941-43d3-be26-5e7d2a8b993f	9015	1055	f9488df8-e941-43d3-be26-5e7d2a8b993f	Laura Branigan	https://www.last.fm/music/Laura+Branigan/_/The+Lucky+One	https://www.last.fm/music/Laura%20Branigan	The Lucky One	https://www.last.fm/music/Laura%20Branigan/Self%20Control	0.0	Self Control	Passion / Pleasure	Habitual Listening	2a01cc68-e501-4b04-a006-b5fb78971bdd	4	3	8NHruLIbXvrIKrAY
onion::1055::91d31e03-343b-3264-aee3-c1dbd1e30405	9016	1055	91d31e03-343b-3264-aee3-c1dbd1e30405	Alphaville	https://www.last.fm/music/Alphaville/_/Forever+Young	https://www.last.fm/music/Alphaville	Forever Young	https://www.last.fm/music/Alphaville/Forever%20Young%20(Super%20Deluxe%20Edition%3B%202019%20Remaster)	0.0	Forever Young (Super Deluxe Edition; 2019 Remaster)	Passion / Pleasure	Habitual Listening	2a01cc68-e501-4b04-a006-b5fb78971bdd	4	3	FU5HolU1UWdTd7YT
onion::1055::Laura Branigan-Self Control-1-122	9018	1055	Laura Branigan-Self Control-1-122	Laura Branigan	https://www.last.fm/music/Laura+Branigan/_/Self+Control	https://www.last.fm/music/Laura%20Branigan	Self Control	https://www.last.fm/music/Laura%20Branigan/Self%20Control	0.0	Self Control	Passion / Pleasure	Habitual Listening	2a01cc68-e501-4b04-a006-b5fb78971bdd	4	3	80LS3ppeVurlHCgr
onion::1055::bb905e33-5bd9-4c98-b10d-2c5f02c4459b	9019	1055	bb905e33-5bd9-4c98-b10d-2c5f02c4459b	Kim Carnes	https://www.last.fm/music/Kim+Carnes/_/Bette+Davis+Eyes	https://www.last.fm/music/Kim%20Carnes	Bette Davis Eyes	https://www.last.fm/music/Kim%20Carnes/Mistaken%20Identity	0.0	Mistaken Identity	Passion / Pleasure	Habitual Listening	2a01cc68-e501-4b04-a006-b5fb78971bdd	4	3	JcNb61ftSGRdgcgj
onion::1055::Tears for Fears-Mad World-1-125	9020	1055	Tears for Fears-Mad World-1-125	Tears for Fears	https://www.last.fm/music/Tears+for+Fears/_/Mad+World	https://www.last.fm/music/Tears%20for%20Fears	Mad World	https://www.last.fm/music/Tears%20for%20Fears/The%20Hurting	0.0	The Hurting	Passion / Pleasure	Habitual Listening	2a01cc68-e501-4b04-a006-b5fb78971bdd	4	3	TKCScJ2KJ78HCRcB
onion::1055::Bryan Adams-Heaven-1-128	9021	1055	Bryan Adams-Heaven-1-128	Bryan Adams	https://www.last.fm/music/Bryan+Adams/_/Heaven	https://www.last.fm/music/Bryan%20Adams	Heaven	https://www.last.fm/music/Bryan%20Adams/Reckless%20(30th%20Anniversary%20%2F%20Deluxe%20Edition)	0.0	Reckless (30th Anniversary / Deluxe Edition)	Passion / Pleasure	Habitual Listening	2a01cc68-e501-4b04-a006-b5fb78971bdd	4	3	ArJGMpFcEtEpVMe4
onion::1055::f47f9d53-a182-4f86-b92e-d67522fd9bba	9022	1055	f47f9d53-a182-4f86-b92e-d67522fd9bba	Cyndi Lauper	https://www.last.fm/music/Cyndi+Lauper/_/Girls+Just+Want+to+Have+Fun	https://www.last.fm/music/Cyndi%20Lauper	Girls Just Want to Have Fun	https://www.last.fm/music/Cyndi%20Lauper/She's%20So%20Unusual	0.0	She's So Unusual	Passion / Pleasure	Habitual Listening	2a01cc68-e501-4b04-a006-b5fb78971bdd	4	3	zz8r9NlX7t11pEw8
onion::1055::9e766458-0588-4610-93ad-0521315258d1	9023	1055	9e766458-0588-4610-93ad-0521315258d1	Yeah Yeah Yeahs	https://www.last.fm/music/Yeah+Yeah+Yeahs/_/Maps	https://www.last.fm/music/Yeah%20Yeah%20Yeahs	Maps	https://www.last.fm/music/Yeah%20Yeah%20Yeahs/Fever%20To%20Tell%20(Deluxe%20Remastered)	0.0	Fever To Tell (Deluxe Remastered)	Passion / Pleasure	Habitual Listening	2a01cc68-e501-4b04-a006-b5fb78971bdd	4	3	TwCuYxw66T2dFYg6
onion::1055::579d7ce5-cd8a-4a88-a5c0-5c4718db97f6	9024	1055	579d7ce5-cd8a-4a88-a5c0-5c4718db97f6	Tiffany	https://www.last.fm/music/Tiffany/_/All+This+Time	https://www.last.fm/music/Tiffany	All This Time	https://www.last.fm/music/Tiffany/Hold%20An%20Old%20Friend's%20Hand	0.0	Hold An Old Friend's Hand	Passion / Pleasure	Habitual Listening	2a01cc68-e501-4b04-a006-b5fb78971bdd	4	3	qYVUaXRDByXUaxDx
onion::1055::d4dd8f69-a1b4-4dca-ab44-9e1257bc6156	9025	1055	d4dd8f69-a1b4-4dca-ab44-9e1257bc6156	The Band Perry	https://www.last.fm/music/The+Band+Perry/_/You+Lie	https://www.last.fm/music/The%20Band%20Perry	You Lie	https://www.last.fm/music/The%20Band%20Perry/The%20Band%20Perry	0.0	The Band Perry	Passion / Pleasure	Habitual Listening	2a01cc68-e501-4b04-a006-b5fb78971bdd	4	3	OAb4P2FlpiKq3koQ
onion::1055::5f103d13-2508-4b0b-b6ea-10d0cb413f20	9034	1055	5f103d13-2508-4b0b-b6ea-10d0cb413f20	The Band Perry	https://www.last.fm/music/The+Band+Perry/_/If+I+Die+Young	https://www.last.fm/music/The%20Band%20Perry	If I Die Young	https://www.last.fm/music/The%20Band%20Perry/The%20Band%20Perry	0.0	The Band Perry	Passion / Pleasure	Habitual Listening	2a01cc68-e501-4b04-a006-b5fb78971bdd	4	3	8YG54cfyhByNPhN9
onion::1055::d8725dec-329f-4531-a6e3-39c8e7f3aa75	9042	1055	d8725dec-329f-4531-a6e3-39c8e7f3aa75	Sophie Ellis-Bextor	https://www.last.fm/music/Sophie+Ellis-Bextor/_/Music+Gets+the+Best+of+Me	https://www.last.fm/music/Sophie%20Ellis-Bextor	Music Gets the Best of Me	https://www.last.fm/music/Sophie%20Ellis-Bextor/Read%20My%20Lips%20(Deluxe%20Version)	0.0	Read My Lips (Deluxe Version)	Passion / Pleasure	Habitual Listening	2a01cc68-e501-4b04-a006-b5fb78971bdd	4	3	tEro5JPIXi3XATHL
onion::1055::The Corrs-Breathless-2-182	9046	1055	The Corrs-Breathless-2-182	The Corrs	https://www.last.fm/music/The+Corrs/_/Breathless	https://www.last.fm/music/The%20Corrs	Breathless	https://www.last.fm/music/The%20Corrs/In%20Blue	0.0	In Blue	Passion / Pleasure	Habitual Listening	2a01cc68-e501-4b04-a006-b5fb78971bdd	4	3	w53OOrCRFci0wvRQ
onion::1055::15f2cf86-5faf-488c-8595-e66ead1a4c87	9047	1055	15f2cf86-5faf-488c-8595-e66ead1a4c87	CHVRCHES	https://www.last.fm/music/CHVRCHES/_/The+Mother+We+Share	https://www.last.fm/music/CHVRCHES	The Mother We Share	https://www.last.fm/music/CHVRCHES/The%20Bones%20of%20What%20You%20Believe	0.0	The Bones of What You Believe	Passion / Pleasure	Habitual Listening	2a01cc68-e501-4b04-a006-b5fb78971bdd	4	3	m6SuPB9y0HISzpyt
onion::1055::3a3fbb4e-f695-4df4-a0fb-54594ebe7e98	9048	1055	3a3fbb4e-f695-4df4-a0fb-54594ebe7e98	Owl City	https://www.last.fm/music/Owl+City/_/Gold	https://www.last.fm/music/Owl%20City	Gold	https://www.last.fm/music/Owl%20City/The%20Midsummer%20Station	0.0	The Midsummer Station	Passion / Pleasure	Habitual Listening	2a01cc68-e501-4b04-a006-b5fb78971bdd	4	3	BjjHIkBQDXX8O8lv
onion::1055::3d505cfb-5254-4031-893c-9efcd8747af2	9049	1055	3d505cfb-5254-4031-893c-9efcd8747af2	Carly Rae Jepsen	https://www.last.fm/music/Carly+Rae+Jepsen/_/Cut+to+the+Feeling	https://www.last.fm/music/Carly%20Rae%20Jepsen	Cut to the Feeling	https://www.last.fm/music/Carly%20Rae%20Jepsen/Emotion%20(10th%20Anniversary%20Edition)	0.0	Emotion (10th Anniversary Edition)	Passion / Pleasure	Habitual Listening	2a01cc68-e501-4b04-a006-b5fb78971bdd	4	3	VQNEHXmIFhFR4mNS
onion::1055::44b7c3fb-7cbf-4be5-bb72-ac285a89bea4	9051	1055	44b7c3fb-7cbf-4be5-bb72-ac285a89bea4	Dagny	https://www.last.fm/music/Dagny/_/Love+You+Like+That	https://www.last.fm/music/Dagny	Love You Like That	https://www.last.fm/music/Dagny/Love%20You%20Like%20That	0.0	Love You Like That	Passion / Pleasure	Habitual Listening	2a01cc68-e501-4b04-a006-b5fb78971bdd	4	3	bfAJnlVNbnSeVHK7
onion::1056::f9488df8-e941-43d3-be26-5e7d2a8b993f	9053	1056	f9488df8-e941-43d3-be26-5e7d2a8b993f	Laura Branigan	https://www.last.fm/music/Laura+Branigan/_/The+Lucky+One	https://www.last.fm/music/Laura%20Branigan	The Lucky One	https://www.last.fm/music/Laura%20Branigan/Self%20Control	0.0	Self Control	Motivation	Background Utility	2a01cc68-e501-4b04-a006-b5fb78971bdd	5	5	8NHruLIbXvrIKrAY
onion::1056::91d31e03-343b-3264-aee3-c1dbd1e30405	9054	1056	91d31e03-343b-3264-aee3-c1dbd1e30405	Alphaville	https://www.last.fm/music/Alphaville/_/Forever+Young	https://www.last.fm/music/Alphaville	Forever Young	https://www.last.fm/music/Alphaville/Forever%20Young%20(Super%20Deluxe%20Edition%3B%202019%20Remaster)	0.0	Forever Young (Super Deluxe Edition; 2019 Remaster)	Motivation	Background Utility	2a01cc68-e501-4b04-a006-b5fb78971bdd	5	5	FU5HolU1UWdTd7YT
onion::1056::Laura Branigan-Self Control-1-122	9056	1056	Laura Branigan-Self Control-1-122	Laura Branigan	https://www.last.fm/music/Laura+Branigan/_/Self+Control	https://www.last.fm/music/Laura%20Branigan	Self Control	https://www.last.fm/music/Laura%20Branigan/Self%20Control	0.0	Self Control	Motivation	Background Utility	2a01cc68-e501-4b04-a006-b5fb78971bdd	5	5	80LS3ppeVurlHCgr
onion::1056::bb905e33-5bd9-4c98-b10d-2c5f02c4459b	9057	1056	bb905e33-5bd9-4c98-b10d-2c5f02c4459b	Kim Carnes	https://www.last.fm/music/Kim+Carnes/_/Bette+Davis+Eyes	https://www.last.fm/music/Kim%20Carnes	Bette Davis Eyes	https://www.last.fm/music/Kim%20Carnes/Mistaken%20Identity	0.0	Mistaken Identity	Motivation	Background Utility	2a01cc68-e501-4b04-a006-b5fb78971bdd	5	5	JcNb61ftSGRdgcgj
onion::1056::Tears for Fears-Mad World-1-125	9058	1056	Tears for Fears-Mad World-1-125	Tears for Fears	https://www.last.fm/music/Tears+for+Fears/_/Mad+World	https://www.last.fm/music/Tears%20for%20Fears	Mad World	https://www.last.fm/music/Tears%20for%20Fears/The%20Hurting	0.0	The Hurting	Motivation	Background Utility	2a01cc68-e501-4b04-a006-b5fb78971bdd	5	5	TKCScJ2KJ78HCRcB
onion::1056::Bryan Adams-Heaven-1-128	9060	1056	Bryan Adams-Heaven-1-128	Bryan Adams	https://www.last.fm/music/Bryan+Adams/_/Heaven	https://www.last.fm/music/Bryan%20Adams	Heaven	https://www.last.fm/music/Bryan%20Adams/Reckless%20(30th%20Anniversary%20%2F%20Deluxe%20Edition)	0.0	Reckless (30th Anniversary / Deluxe Edition)	Motivation	Background Utility	2a01cc68-e501-4b04-a006-b5fb78971bdd	5	5	ArJGMpFcEtEpVMe4
onion::1056::f47f9d53-a182-4f86-b92e-d67522fd9bba	9061	1056	f47f9d53-a182-4f86-b92e-d67522fd9bba	Cyndi Lauper	https://www.last.fm/music/Cyndi+Lauper/_/Girls+Just+Want+to+Have+Fun	https://www.last.fm/music/Cyndi%20Lauper	Girls Just Want to Have Fun	https://www.last.fm/music/Cyndi%20Lauper/She's%20So%20Unusual	0.0	She's So Unusual	Motivation	Background Utility	2a01cc68-e501-4b04-a006-b5fb78971bdd	5	5	zz8r9NlX7t11pEw8
onion::1056::62bbc16e-4fda-439b-b692-ca43524ada4d	9062	1056	62bbc16e-4fda-439b-b692-ca43524ada4d	Krewella	https://www.last.fm/music/Krewella/_/Alive	https://www.last.fm/music/Krewella	Alive		0.0		Motivation	Background Utility	2a01cc68-e501-4b04-a006-b5fb78971bdd	5	5	EwcdJsBlrqPOizGs
onion::1056::52414171-1ae5-4972-abbb-d9317a03fd0e	9063	1056	52414171-1ae5-4972-abbb-d9317a03fd0e	Zedd	https://www.last.fm/music/Zedd/_/Clarity	https://www.last.fm/music/Zedd	Clarity		0.0		Motivation	Background Utility	2a01cc68-e501-4b04-a006-b5fb78971bdd	5	5	jnEsfVqrNF5laFgL
onion::1056::9e766458-0588-4610-93ad-0521315258d1	9065	1056	9e766458-0588-4610-93ad-0521315258d1	Yeah Yeah Yeahs	https://www.last.fm/music/Yeah+Yeah+Yeahs/_/Maps	https://www.last.fm/music/Yeah%20Yeah%20Yeahs	Maps	https://www.last.fm/music/Yeah%20Yeah%20Yeahs/Fever%20To%20Tell%20(Deluxe%20Remastered)	0.0	Fever To Tell (Deluxe Remastered)	Motivation	Background Utility	2a01cc68-e501-4b04-a006-b5fb78971bdd	5	5	TwCuYxw66T2dFYg6
onion::1056::579d7ce5-cd8a-4a88-a5c0-5c4718db97f6	9067	1056	579d7ce5-cd8a-4a88-a5c0-5c4718db97f6	Tiffany	https://www.last.fm/music/Tiffany/_/All+This+Time	https://www.last.fm/music/Tiffany	All This Time	https://www.last.fm/music/Tiffany/Hold%20An%20Old%20Friend's%20Hand	0.0	Hold An Old Friend's Hand	Motivation	Background Utility	2a01cc68-e501-4b04-a006-b5fb78971bdd	5	5	qYVUaXRDByXUaxDx
onion::1056::d4dd8f69-a1b4-4dca-ab44-9e1257bc6156	9068	1056	d4dd8f69-a1b4-4dca-ab44-9e1257bc6156	The Band Perry	https://www.last.fm/music/The+Band+Perry/_/You+Lie	https://www.last.fm/music/The%20Band%20Perry	You Lie	https://www.last.fm/music/The%20Band%20Perry/The%20Band%20Perry	0.0	The Band Perry	Motivation	Background Utility	2a01cc68-e501-4b04-a006-b5fb78971bdd	5	5	OAb4P2FlpiKq3koQ
onion::1056::0e10789e-6103-4693-a379-72d013519f12	9072	1056	0e10789e-6103-4693-a379-72d013519f12	Avril Lavigne	https://www.last.fm/music/Avril+Lavigne/_/My+Happy+Ending	https://www.last.fm/music/Avril%20Lavigne	My Happy Ending	https://www.last.fm/music/Avril%20Lavigne/Under%20My%20Skin	0.0	Under My Skin	Motivation	Background Utility	2a01cc68-e501-4b04-a006-b5fb78971bdd	5	5	eZO9mnnl2T2ngRDN
onion::1056::5f103d13-2508-4b0b-b6ea-10d0cb413f20	9082	1056	5f103d13-2508-4b0b-b6ea-10d0cb413f20	The Band Perry	https://www.last.fm/music/The+Band+Perry/_/If+I+Die+Young	https://www.last.fm/music/The%20Band%20Perry	If I Die Young	https://www.last.fm/music/The%20Band%20Perry/The%20Band%20Perry	0.0	The Band Perry	Motivation	Background Utility	2a01cc68-e501-4b04-a006-b5fb78971bdd	5	5	8YG54cfyhByNPhN9
onion::1056::d8725dec-329f-4531-a6e3-39c8e7f3aa75	9090	1056	d8725dec-329f-4531-a6e3-39c8e7f3aa75	Sophie Ellis-Bextor	https://www.last.fm/music/Sophie+Ellis-Bextor/_/Music+Gets+the+Best+of+Me	https://www.last.fm/music/Sophie%20Ellis-Bextor	Music Gets the Best of Me	https://www.last.fm/music/Sophie%20Ellis-Bextor/Read%20My%20Lips%20(Deluxe%20Version)	0.0	Read My Lips (Deluxe Version)	Motivation	Background Utility	2a01cc68-e501-4b04-a006-b5fb78971bdd	5	5	tEro5JPIXi3XATHL
onion::1056::44b7c3fb-7cbf-4be5-bb72-ac285a89bea4	9093	1056	44b7c3fb-7cbf-4be5-bb72-ac285a89bea4	Dagny	https://www.last.fm/music/Dagny/_/Love+You+Like+That	https://www.last.fm/music/Dagny	Love You Like That	https://www.last.fm/music/Dagny/Love%20You%20Like%20That	0.0	Love You Like That	Motivation	Background Utility	2a01cc68-e501-4b04-a006-b5fb78971bdd	5	5	bfAJnlVNbnSeVHK7
onion::1056::3d505cfb-5254-4031-893c-9efcd8747af2	9094	1056	3d505cfb-5254-4031-893c-9efcd8747af2	Carly Rae Jepsen	https://www.last.fm/music/Carly+Rae+Jepsen/_/Cut+to+the+Feeling	https://www.last.fm/music/Carly%20Rae%20Jepsen	Cut to the Feeling	https://www.last.fm/music/Carly%20Rae%20Jepsen/Emotion%20(10th%20Anniversary%20Edition)	0.0	Emotion (10th Anniversary Edition)	Motivation	Background Utility	2a01cc68-e501-4b04-a006-b5fb78971bdd	5	5	VQNEHXmIFhFR4mNS
onion::1057::custom-1771359236511	9098	1057	custom-1771359236511	Avril Lavigne			Girlfriend		0.0		Fitness Motivation	Fitness & Performance	2a01cc68-e501-4b04-a006-b5fb78971bdd	1	5	VAfPQbtXvfEQaFr0
onion::1057::custom-1771359446754	9103	1057	custom-1771359446754	Krewella			Live for the Night		0.0		Fitness Motivation	Fitness & Performance	2a01cc68-e501-4b04-a006-b5fb78971bdd	1	5	Qi3v8hoTHdgBdbnA
onion::1058::32c3b084-ff80-43ba-9497-df7eaade83bb	9109	1058	32c3b084-ff80-43ba-9497-df7eaade83bb	The Donnas	https://www.last.fm/music/The+Donnas/_/Who+Invited+You	https://www.last.fm/music/The%20Donnas	Who Invited You	https://www.last.fm/music/The%20Donnas/Spend%20the%20Night%20(U.S.%20version)	0.0	Spend the Night (U.S. version)	Exploration	Exploration	2a01cc68-e501-4b04-a006-b5fb78971bdd	2	4	kfePZc1Z7YbkyvQq
onion::1058::3e968c82-8449-3249-a5c3-180d14f1268b	9110	1058	3e968c82-8449-3249-a5c3-180d14f1268b	Shiny Toy Guns	https://www.last.fm/music/Shiny+Toy+Guns/_/Rainy+Monday	https://www.last.fm/music/Shiny%20Toy%20Guns	Rainy Monday	https://www.last.fm/music/Shiny%20Toy%20Guns/We%20Are%20Pilots	0.0	We Are Pilots	Exploration	Exploration	2a01cc68-e501-4b04-a006-b5fb78971bdd	2	4	XfNurIuPSNa8dQ6Q
onion::1058::5c031f28-2188-4559-9449-eddf756d7c7e	9112	1058	5c031f28-2188-4559-9449-eddf756d7c7e	Lisa Loeb	https://www.last.fm/music/Lisa+Loeb/_/I+Do	https://www.last.fm/music/Lisa%20Loeb	I Do	https://www.last.fm/music/Lisa%20Loeb/Firecracker	0.0	Firecracker	Exploration	Exploration	2a01cc68-e501-4b04-a006-b5fb78971bdd	2	4	X1BgqU5qCsUEIzuR
onion::1058::ef84cb59-59ab-3bb1-8884-3ff23b751b4d	9114	1058	ef84cb59-59ab-3bb1-8884-3ff23b751b4d	Limahl	https://www.last.fm/music/Limahl/_/Never+Ending+Story	https://www.last.fm/music/Limahl	Never Ending Story	https://www.last.fm/music/Limahl/Don't%20Suppose	0.0	Don't Suppose	Exploration	Exploration	2a01cc68-e501-4b04-a006-b5fb78971bdd	2	4	zMJrtVfHDJaHztrw
onion::1058::10d02550-8ad6-4035-a9e0-83e9ab374307	9116	1058	10d02550-8ad6-4035-a9e0-83e9ab374307	Alphaville	https://www.last.fm/music/Alphaville/_/Lies	https://www.last.fm/music/Alphaville	Lies	https://www.last.fm/music/Alphaville/Forever%20Young	0.0	Forever Young	Exploration	Exploration	2a01cc68-e501-4b04-a006-b5fb78971bdd	2	4	kXAMV48wQ1udov8G
onion::1058::02843d4d-5769-4a80-ac81-39f769be78a7	9119	1058	02843d4d-5769-4a80-ac81-39f769be78a7	Alphaville	https://www.last.fm/music/Alphaville/_/Fallen+Angel	https://www.last.fm/music/Alphaville	Fallen Angel	https://www.last.fm/music/Alphaville/Forever%20Young	0.0	Forever Young	Exploration	Exploration	2a01cc68-e501-4b04-a006-b5fb78971bdd	2	4	MuP6PFdPTAg2iAuc
onion::1058::118a346f-d4d6-4752-905e-ffdbd1ea7d8a	9120	1058	118a346f-d4d6-4752-905e-ffdbd1ea7d8a	Alphaville	https://www.last.fm/music/Alphaville/_/To+Germany+With+Love	https://www.last.fm/music/Alphaville	To Germany With Love	https://www.last.fm/music/Alphaville/Forever%20Young	0.0	Forever Young	Exploration	Exploration	2a01cc68-e501-4b04-a006-b5fb78971bdd	2	4	Ehe6IphBrtHHNwfG
onion::1058::Alphaville-Big In Japan-1-140	9121	1058	Alphaville-Big In Japan-1-140	Alphaville	https://www.last.fm/music/Alphaville/_/Big+In+Japan	https://www.last.fm/music/Alphaville	Big In Japan	https://www.last.fm/music/Alphaville/Forever%20Young	0.0	Forever Young	Exploration	Exploration	2a01cc68-e501-4b04-a006-b5fb78971bdd	2	4	57hqkyEdEfeAP3aK
onion::1058::04b96cdb-7fe7-407a-a4b7-19e44aaba19a	9122	1058	04b96cdb-7fe7-407a-a4b7-19e44aaba19a	Alphaville	https://www.last.fm/music/Alphaville/_/Summer+In+Berlin	https://www.last.fm/music/Alphaville	Summer In Berlin	https://www.last.fm/music/Alphaville/Forever%20Young	0.0	Forever Young	Exploration	Exploration	2a01cc68-e501-4b04-a006-b5fb78971bdd	2	4	8mWcCf1jwTTW3v4C
onion::1058::00f67546-d3cf-3e23-b132-eec2aa034145	9127	1058	00f67546-d3cf-3e23-b132-eec2aa034145	Gillian Welch	https://www.last.fm/music/Gillian+Welch/_/Elvis+Presley+Blues	https://www.last.fm/music/Gillian%20Welch	Elvis Presley Blues	https://www.last.fm/music/Gillian%20Welch/Time%20(The%20Revelator)	0.0	Time (The Revelator)	Exploration	Exploration	2a01cc68-e501-4b04-a006-b5fb78971bdd	2	4	3OWPc4okLT83N1tr
onion::1058::46a4bbbe-6b80-4100-868b-a0f4154bc32a	9131	1058	46a4bbbe-6b80-4100-868b-a0f4154bc32a	Gillian Welch	https://www.last.fm/music/Gillian+Welch/_/Annabelle	https://www.last.fm/music/Gillian%20Welch	Annabelle	https://www.last.fm/music/Gillian%20Welch/Revival	0.0	Revival	Exploration	Exploration	2a01cc68-e501-4b04-a006-b5fb78971bdd	2	4	y67WVI8CtkhYv9Br
onion::1058::70982b17-b777-4202-8dfd-b79104c5e6e0	9138	1058	70982b17-b777-4202-8dfd-b79104c5e6e0	Neko Case	https://www.last.fm/music/Neko+Case/_/I+Wish+I+Was+the+Moon	https://www.last.fm/music/Neko%20Case	I Wish I Was the Moon	https://www.last.fm/music/Neko%20Case/Blacklisted	0.0	Blacklisted	Exploration	Exploration	2a01cc68-e501-4b04-a006-b5fb78971bdd	2	4	KIdL9PiDiwxMIYhU
onion::1058::01695a62-0a25-362f-8259-5b31cc4fd709	9139	1058	01695a62-0a25-362f-8259-5b31cc4fd709	Neko Case	https://www.last.fm/music/Neko+Case/_/This+Tornado+Loves+You	https://www.last.fm/music/Neko%20Case	This Tornado Loves You	https://www.last.fm/music/Neko%20Case/Middle%20Cyclone	0.0	Middle Cyclone	Exploration	Exploration	2a01cc68-e501-4b04-a006-b5fb78971bdd	2	4	uNRdezyBpSK13fgR
onion::1059::0151b4c7-0bc2-4cfe-bb85-11fd6d1a865d	9140	1059	0151b4c7-0bc2-4cfe-bb85-11fd6d1a865d	Bridgit Mendler	https://www.last.fm/music/Bridgit+Mendler/_/Ready+or+Not	https://www.last.fm/music/Bridgit%20Mendler	Ready or Not		0.0		Distraction	Distraction	2a01cc68-e501-4b04-a006-b5fb78971bdd	3	4	IDLDx4jQADtBJJOq
onion::1059::2477e2a4-93e6-4e46-8de9-d4be08b66897	9141	1059	2477e2a4-93e6-4e46-8de9-d4be08b66897	Bea Miller	https://www.last.fm/music/Bea+Miller/_/Fire+n+Gold	https://www.last.fm/music/Bea%20Miller	Fire n Gold		0.0		Distraction	Distraction	2a01cc68-e501-4b04-a006-b5fb78971bdd	3	4	B3FiVjCPl8Qkc82u
onion::1059::81dd5319-8d09-4c25-9d74-3182ad2f1f97	9142	1059	81dd5319-8d09-4c25-9d74-3182ad2f1f97	Marshmello	https://www.last.fm/music/Marshmello/_/Alone	https://www.last.fm/music/Marshmello	Alone	https://www.last.fm/music/Marshmello/Alone	0.0	Alone	Distraction	Distraction	2a01cc68-e501-4b04-a006-b5fb78971bdd	3	4	bh3LVKvBT7kKdIEH
onion::1059::f9488df8-e941-43d3-be26-5e7d2a8b993f	9145	1059	f9488df8-e941-43d3-be26-5e7d2a8b993f	Laura Branigan	https://www.last.fm/music/Laura+Branigan/_/The+Lucky+One	https://www.last.fm/music/Laura%20Branigan	The Lucky One	https://www.last.fm/music/Laura%20Branigan/Self%20Control	0.0	Self Control	Distraction	Distraction	2a01cc68-e501-4b04-a006-b5fb78971bdd	3	4	8NHruLIbXvrIKrAY
onion::1059::91d31e03-343b-3264-aee3-c1dbd1e30405	9146	1059	91d31e03-343b-3264-aee3-c1dbd1e30405	Alphaville	https://www.last.fm/music/Alphaville/_/Forever+Young	https://www.last.fm/music/Alphaville	Forever Young	https://www.last.fm/music/Alphaville/Forever%20Young%20(Super%20Deluxe%20Edition%3B%202019%20Remaster)	0.0	Forever Young (Super Deluxe Edition; 2019 Remaster)	Distraction	Distraction	2a01cc68-e501-4b04-a006-b5fb78971bdd	3	4	FU5HolU1UWdTd7YT
onion::1059::Laura Branigan-Self Control-1-122	9147	1059	Laura Branigan-Self Control-1-122	Laura Branigan	https://www.last.fm/music/Laura+Branigan/_/Self+Control	https://www.last.fm/music/Laura%20Branigan	Self Control	https://www.last.fm/music/Laura%20Branigan/Self%20Control	0.0	Self Control	Distraction	Distraction	2a01cc68-e501-4b04-a006-b5fb78971bdd	3	4	80LS3ppeVurlHCgr
onion::1059::bb905e33-5bd9-4c98-b10d-2c5f02c4459b	9148	1059	bb905e33-5bd9-4c98-b10d-2c5f02c4459b	Kim Carnes	https://www.last.fm/music/Kim+Carnes/_/Bette+Davis+Eyes	https://www.last.fm/music/Kim%20Carnes	Bette Davis Eyes	https://www.last.fm/music/Kim%20Carnes/Mistaken%20Identity	0.0	Mistaken Identity	Distraction	Distraction	2a01cc68-e501-4b04-a006-b5fb78971bdd	3	4	JcNb61ftSGRdgcgj
onion::1059::62bbc16e-4fda-439b-b692-ca43524ada4d	9149	1059	62bbc16e-4fda-439b-b692-ca43524ada4d	Krewella	https://www.last.fm/music/Krewella/_/Alive	https://www.last.fm/music/Krewella	Alive		0.0		Distraction	Distraction	2a01cc68-e501-4b04-a006-b5fb78971bdd	3	4	EwcdJsBlrqPOizGs
onion::1059::52414171-1ae5-4972-abbb-d9317a03fd0e	9150	1059	52414171-1ae5-4972-abbb-d9317a03fd0e	Zedd	https://www.last.fm/music/Zedd/_/Clarity	https://www.last.fm/music/Zedd	Clarity		0.0		Distraction	Distraction	2a01cc68-e501-4b04-a006-b5fb78971bdd	3	4	jnEsfVqrNF5laFgL
onion::1059::9e766458-0588-4610-93ad-0521315258d1	9154	1059	9e766458-0588-4610-93ad-0521315258d1	Yeah Yeah Yeahs	https://www.last.fm/music/Yeah+Yeah+Yeahs/_/Maps	https://www.last.fm/music/Yeah%20Yeah%20Yeahs	Maps	https://www.last.fm/music/Yeah%20Yeah%20Yeahs/Fever%20To%20Tell%20(Deluxe%20Remastered)	0.0	Fever To Tell (Deluxe Remastered)	Distraction	Distraction	2a01cc68-e501-4b04-a006-b5fb78971bdd	3	4	TwCuYxw66T2dFYg6
onion::1059::5f103d13-2508-4b0b-b6ea-10d0cb413f20	9157	1059	5f103d13-2508-4b0b-b6ea-10d0cb413f20	The Band Perry	https://www.last.fm/music/The+Band+Perry/_/If+I+Die+Young	https://www.last.fm/music/The%20Band%20Perry	If I Die Young	https://www.last.fm/music/The%20Band%20Perry/The%20Band%20Perry	0.0	The Band Perry	Distraction	Distraction	2a01cc68-e501-4b04-a006-b5fb78971bdd	3	4	8YG54cfyhByNPhN9
onion::1059::Pat Benatar-We Belong-2-80	9162	1059	Pat Benatar-We Belong-2-80	Pat Benatar	https://www.last.fm/music/Pat+Benatar/_/We+Belong	https://www.last.fm/music/Pat%20Benatar	We Belong	https://www.last.fm/music/Pat%20Benatar/Tropico	0.0	Tropico	Distraction	Distraction	2a01cc68-e501-4b04-a006-b5fb78971bdd	3	4	4S5TzGUyoD3frg8B
onion::1059::d8725dec-329f-4531-a6e3-39c8e7f3aa75	9166	1059	d8725dec-329f-4531-a6e3-39c8e7f3aa75	Sophie Ellis-Bextor	https://www.last.fm/music/Sophie+Ellis-Bextor/_/Music+Gets+the+Best+of+Me	https://www.last.fm/music/Sophie%20Ellis-Bextor	Music Gets the Best of Me	https://www.last.fm/music/Sophie%20Ellis-Bextor/Read%20My%20Lips%20(Deluxe%20Version)	0.0	Read My Lips (Deluxe Version)	Distraction	Distraction	2a01cc68-e501-4b04-a006-b5fb78971bdd	3	4	tEro5JPIXi3XATHL
onion::1060::custom-1771359870452	9171	1060	custom-1771359870452	Mother Mother			It's Alright		0.0		Relief	Relief	2a01cc68-e501-4b04-a006-b5fb78971bdd	1	5	ZBXTSrSGEHbLlNnF
onion::1061::2477e2a4-93e6-4e46-8de9-d4be08b66897	9173	1061	2477e2a4-93e6-4e46-8de9-d4be08b66897	Bea Miller	https://www.last.fm/music/Bea+Miller/_/Fire+n+Gold	https://www.last.fm/music/Bea%20Miller	Fire n Gold		0.0		Mood Enhancement	Cheerfulness	2a01cc68-e501-4b04-a006-b5fb78971bdd	3	5	B3FiVjCPl8Qkc82u
onion::1061::0151b4c7-0bc2-4cfe-bb85-11fd6d1a865d	9174	1061	0151b4c7-0bc2-4cfe-bb85-11fd6d1a865d	Bridgit Mendler	https://www.last.fm/music/Bridgit+Mendler/_/Ready+or+Not	https://www.last.fm/music/Bridgit%20Mendler	Ready or Not		0.0		Mood Enhancement	Cheerfulness	2a01cc68-e501-4b04-a006-b5fb78971bdd	3	5	IDLDx4jQADtBJJOq
onion::1070::2EcQY09CYgJ1qk6H1qZf8h	9234	1070	2EcQY09CYgJ1qk6H1qZf8h	Paramore	spotify:track:2EcQY09CYgJ1qk6H1qZf8h	spotify:artist:74XFHRwlV6OrjEM0A2NCMF	26	spotify:album:1c9Sx7XdXuMptGyfCB6hHs	221720.0	After Laughter	Relief	Relief	063822f2-c03b-4f8a-90ed-12572bbf301d	1	2	L2yvC3lmRkiMGg0b
onion::1061::91d31e03-343b-3264-aee3-c1dbd1e30405	9175	1061	91d31e03-343b-3264-aee3-c1dbd1e30405	Alphaville	https://www.last.fm/music/Alphaville/_/Forever+Young	https://www.last.fm/music/Alphaville	Forever Young	https://www.last.fm/music/Alphaville/Forever%20Young%20(Super%20Deluxe%20Edition%3B%202019%20Remaster)	0.0	Forever Young (Super Deluxe Edition; 2019 Remaster)	Mood Enhancement	Cheerfulness	2a01cc68-e501-4b04-a006-b5fb78971bdd	3	5	FU5HolU1UWdTd7YT
onion::1061::bb905e33-5bd9-4c98-b10d-2c5f02c4459b	9176	1061	bb905e33-5bd9-4c98-b10d-2c5f02c4459b	Kim Carnes	https://www.last.fm/music/Kim+Carnes/_/Bette+Davis+Eyes	https://www.last.fm/music/Kim%20Carnes	Bette Davis Eyes	https://www.last.fm/music/Kim%20Carnes/Mistaken%20Identity	0.0	Mistaken Identity	Mood Enhancement	Cheerfulness	2a01cc68-e501-4b04-a006-b5fb78971bdd	3	5	JcNb61ftSGRdgcgj
onion::1061::f47f9d53-a182-4f86-b92e-d67522fd9bba	9177	1061	f47f9d53-a182-4f86-b92e-d67522fd9bba	Cyndi Lauper	https://www.last.fm/music/Cyndi+Lauper/_/Girls+Just+Want+to+Have+Fun	https://www.last.fm/music/Cyndi%20Lauper	Girls Just Want to Have Fun	https://www.last.fm/music/Cyndi%20Lauper/She's%20So%20Unusual	0.0	She's So Unusual	Mood Enhancement	Cheerfulness	2a01cc68-e501-4b04-a006-b5fb78971bdd	3	5	zz8r9NlX7t11pEw8
onion::1061::3a3f8ba6-deae-43e2-bbcb-a12803a1b1eb	9178	1061	3a3f8ba6-deae-43e2-bbcb-a12803a1b1eb	Owl City	https://www.last.fm/music/Owl+City/_/Galaxies	https://www.last.fm/music/Owl%20City	Galaxies	https://www.last.fm/music/Owl%20City/All%20Things%20Bright%20and%20Beautiful	0.0	All Things Bright and Beautiful	Mood Enhancement	Cheerfulness	2a01cc68-e501-4b04-a006-b5fb78971bdd	3	5	U9vo5LiEHh7NJiGZ
onion::1061::52414171-1ae5-4972-abbb-d9317a03fd0e	9179	1061	52414171-1ae5-4972-abbb-d9317a03fd0e	Zedd	https://www.last.fm/music/Zedd/_/Clarity	https://www.last.fm/music/Zedd	Clarity		0.0		Mood Enhancement	Cheerfulness	2a01cc68-e501-4b04-a006-b5fb78971bdd	3	5	jnEsfVqrNF5laFgL
onion::1061::62bbc16e-4fda-439b-b692-ca43524ada4d	9180	1061	62bbc16e-4fda-439b-b692-ca43524ada4d	Krewella	https://www.last.fm/music/Krewella/_/Alive	https://www.last.fm/music/Krewella	Alive		0.0		Mood Enhancement	Cheerfulness	2a01cc68-e501-4b04-a006-b5fb78971bdd	3	5	EwcdJsBlrqPOizGs
onion::1061::3d505cfb-5254-4031-893c-9efcd8747af2	9186	1061	3d505cfb-5254-4031-893c-9efcd8747af2	Carly Rae Jepsen	https://www.last.fm/music/Carly+Rae+Jepsen/_/Cut+to+the+Feeling	https://www.last.fm/music/Carly%20Rae%20Jepsen	Cut to the Feeling	https://www.last.fm/music/Carly%20Rae%20Jepsen/Emotion%20(10th%20Anniversary%20Edition)	0.0	Emotion (10th Anniversary Edition)	Mood Enhancement	Cheerfulness	2a01cc68-e501-4b04-a006-b5fb78971bdd	3	5	VQNEHXmIFhFR4mNS
onion::1061::44b7c3fb-7cbf-4be5-bb72-ac285a89bea4	9187	1061	44b7c3fb-7cbf-4be5-bb72-ac285a89bea4	Dagny	https://www.last.fm/music/Dagny/_/Love+You+Like+That	https://www.last.fm/music/Dagny	Love You Like That	https://www.last.fm/music/Dagny/Love%20You%20Like%20That	0.0	Love You Like That	Mood Enhancement	Cheerfulness	2a01cc68-e501-4b04-a006-b5fb78971bdd	3	5	bfAJnlVNbnSeVHK7
onion::1061::3a3fbb4e-f695-4df4-a0fb-54594ebe7e98	9188	1061	3a3fbb4e-f695-4df4-a0fb-54594ebe7e98	Owl City	https://www.last.fm/music/Owl+City/_/Gold	https://www.last.fm/music/Owl%20City	Gold	https://www.last.fm/music/Owl%20City/The%20Midsummer%20Station	0.0	The Midsummer Station	Mood Enhancement	Cheerfulness	2a01cc68-e501-4b04-a006-b5fb78971bdd	3	5	BjjHIkBQDXX8O8lv
onion::1061::custom-1771360000167	9189	1061	custom-1771360000167	Slade			Run Runaway		0.0		Mood Enhancement	Cheerfulness	2a01cc68-e501-4b04-a006-b5fb78971bdd	3	5	66bMJ4bKqLx5nT2C
onion::1063::0516b5b0-de25-391d-a668-c79ad3854ff4	9196	1063	0516b5b0-de25-391d-a668-c79ad3854ff4	Paramore	https://www.last.fm/music/Paramore/_/All+I+Wanted	https://www.last.fm/music/Paramore	All I Wanted	https://www.last.fm/music/Paramore/brand%20new%20eyes	0.0	brand new eyes	Well-Being	Pleasure & Enjoyment	063822f2-c03b-4f8a-90ed-12572bbf301d	2	4	bmKBzZxQyNLcqtxU
onion::1065::0dae8c7f-d80f-4930-b656-7c0667b7337a	9205	1065	0dae8c7f-d80f-4930-b656-7c0667b7337a	Death Cab for Cutie	https://www.last.fm/music/Death+Cab+for+Cutie/_/Title+Track	https://www.last.fm/music/Death%20Cab%20for%20Cutie	Title Track	https://www.last.fm/music/Death%20Cab%20for%20Cutie/We%20Have%20the%20Facts%20and%20We're%20Voting%20Yes	0.0	We Have the Facts and We're Voting Yes	Motivation	Background Utility	063822f2-c03b-4f8a-90ed-12572bbf301d	2	3	U286162nJUKz251r
onion::1065::55d1c148-b890-353f-8ec5-f3be090b0437	9206	1065	55d1c148-b890-353f-8ec5-f3be090b0437	Death Cab for Cutie	https://www.last.fm/music/Death+Cab+for+Cutie/_/The+New+Year	https://www.last.fm/music/Death%20Cab%20for%20Cutie	The New Year	https://www.last.fm/music/Death%20Cab%20for%20Cutie/Transatlanticism%20(10th%20Anniversary%20Edition)	0.0	Transatlanticism (10th Anniversary Edition)	Motivation	Background Utility	063822f2-c03b-4f8a-90ed-12572bbf301d	2	3	ka0x7Gfuwgcnmw9x
onion::1067::a9285cf0-5cb3-38d3-a0a1-2e307ebfe768	9218	1067	a9285cf0-5cb3-38d3-a0a1-2e307ebfe768	Grizzly Bear	https://www.last.fm/music/Grizzly+Bear/_/Granny+Diner	https://www.last.fm/music/Grizzly%20Bear	Granny Diner	https://www.last.fm/music/Grizzly%20Bear/Friend%20EP	0.0	Friend EP	Enjoyment	Time Passing	063822f2-c03b-4f8a-90ed-12572bbf301d	1	3	yi0b4IPUyaExW3rW
onion::1067::3e7880dd-1c26-354a-b56c-cd3d0fbb212f	9219	1067	3e7880dd-1c26-354a-b56c-cd3d0fbb212f	Broken Social Scene	https://www.last.fm/music/Broken+Social+Scene/_/Sweetest+Kill	https://www.last.fm/music/Broken%20Social%20Scene	Sweetest Kill	https://www.last.fm/music/Broken%20Social%20Scene/Forgiveness%20Rock%20Record	0.0	Forgiveness Rock Record	Enjoyment	Time Passing	063822f2-c03b-4f8a-90ed-12572bbf301d	1	3	UAtRoYJXZsq4AZEs
onion::1068::76ac63ee-9b00-4f70-b443-1c0c3bd1e445	9221	1068	76ac63ee-9b00-4f70-b443-1c0c3bd1e445	Dua Lipa	https://www.last.fm/music/Dua+Lipa/_/New+Rules	https://www.last.fm/music/Dua%20Lipa	New Rules	https://www.last.fm/music/Dua%20Lipa/Dua%20Lipa%20(Deluxe)	0.0	Dua Lipa (Deluxe)	Distraction	Distraction	063822f2-c03b-4f8a-90ed-12572bbf301d	1	2	gSDEde5fekD0MWlk
onion::1069::0dae8c7f-d80f-4930-b656-7c0667b7337a	9226	1069	0dae8c7f-d80f-4930-b656-7c0667b7337a	Death Cab for Cutie	https://www.last.fm/music/Death+Cab+for+Cutie/_/Title+Track	https://www.last.fm/music/Death%20Cab%20for%20Cutie	Title Track	https://www.last.fm/music/Death%20Cab%20for%20Cutie/We%20Have%20the%20Facts%20and%20We're%20Voting%20Yes	0.0	We Have the Facts and We're Voting Yes	Relaxing	Comfort and Security	063822f2-c03b-4f8a-90ed-12572bbf301d	2	3	U286162nJUKz251r
onion::1070::1f51716f-b4c1-4003-82f4-cd4328e13382	9230	1070	1f51716f-b4c1-4003-82f4-cd4328e13382	Local Natives	https://www.last.fm/music/Local+Natives/_/Ceilings	https://www.last.fm/music/Local%20Natives	Ceilings	https://www.last.fm/music/Local%20Natives/Hummingbird%20(Deluxe%20Version)	0.0	Hummingbird (Deluxe Version)	Relief	Relief	063822f2-c03b-4f8a-90ed-12572bbf301d	1	2	hhor3mxWb0SJR8JV
onion::1071::1abbab1d-b5f5-45a5-9fc5-464ca48747e2	9238	1071	1abbab1d-b5f5-45a5-9fc5-464ca48747e2	Kanye West	https://www.last.fm/music/Kanye+West/_/Gold+Digger	https://www.last.fm/music/Kanye%20West	Gold Digger	https://www.last.fm/music/Kanye%20West/Late%20Registration	0.0	Late Registration	Entertainment	Singing Along	063822f2-c03b-4f8a-90ed-12572bbf301d	1	2	FDnPGRj95BakXOSj
onion::1072::65lnKzLuQeNQGBkciEY6RC	9244	1072	65lnKzLuQeNQGBkciEY6RC	City and Colour			As Much as I ever Could			Live in London, The Roundhouse - 18.10.11	Nostalgia	Nostalgia	063822f2-c03b-4f8a-90ed-12572bbf301d	1	2	mOCq6YBMcFDCYEPD
onion::1074::0533d1de-2ffa-4c7f-bb12-0b307a1d83c2	9254	1074	0533d1de-2ffa-4c7f-bb12-0b307a1d83c2	Duran Duran	https://www.last.fm/music/Duran+Duran/_/Danceophobia	https://www.last.fm/music/Duran%20Duran	Danceophobia	https://www.last.fm/music/Duran%20Duran/Paper%20Gods%20(Deluxe%20Version)	0.0	Paper Gods (Deluxe Version)	Mood Enhancement	Cheerfulness	dcc3a952-b683-4bde-a6b0-b3291b36ffc1	2	4	wFds67Htt062AqSN
onion::1074::11c7c1b4-f930-3a5d-97c7-11411ca5c354	9257	1074	11c7c1b4-f930-3a5d-97c7-11411ca5c354	Kaiser Chiefs	https://www.last.fm/music/Kaiser+Chiefs/_/Never+Miss+a+Beat	https://www.last.fm/music/Kaiser%20Chiefs	Never Miss a Beat	https://www.last.fm/music/Kaiser%20Chiefs/Off%20with%20Their%20Heads	0.0	Off with Their Heads	Mood Enhancement	Cheerfulness	dcc3a952-b683-4bde-a6b0-b3291b36ffc1	2	4	AaasAwBrWeUHJbsP
onion::1074::dc245436-aacf-432a-8f8f-6cf50951f710	9258	1074	dc245436-aacf-432a-8f8f-6cf50951f710	Kaiser Chiefs	https://www.last.fm/music/Kaiser+Chiefs/_/Na+Na+Na+Na+Naa	https://www.last.fm/music/Kaiser%20Chiefs	Na Na Na Na Naa	https://www.last.fm/music/Kaiser%20Chiefs/Employment	0.0	Employment	Mood Enhancement	Cheerfulness	dcc3a952-b683-4bde-a6b0-b3291b36ffc1	2	4	IijEHgw0iZIkvel9
onion::1074::110d7f19-4350-45be-8ee9-be4ce52222f5	9259	1074	110d7f19-4350-45be-8ee9-be4ce52222f5	Kaiser Chiefs	https://www.last.fm/music/Kaiser+Chiefs/_/Saturday+Night	https://www.last.fm/music/Kaiser%20Chiefs	Saturday Night	https://www.last.fm/music/Kaiser%20Chiefs/Employment	0.0	Employment	Mood Enhancement	Cheerfulness	dcc3a952-b683-4bde-a6b0-b3291b36ffc1	2	4	wii7fyX6QbQCzMHR
onion::1076::01046880-fc93-3a5f-8c43-8db6e9763f78	9275	1076	01046880-fc93-3a5f-8c43-8db6e9763f78	Duran Duran			Union of the Snake			Seven and the Ragged Tiger	Distraction	Distraction	dcc3a952-b683-4bde-a6b0-b3291b36ffc1	1	3	8DLjoqzwfSSwozDZ
onion::1077::09pKSu6JEi0MmtXyDMnQ2c	9277	1077	09pKSu6JEi0MmtXyDMnQ2c	The Osmonds			Crazy Horses			Crazy Horses	Nostalgia	Nostalgia	dcc3a952-b683-4bde-a6b0-b3291b36ffc1	1	2	hgz3dkw5j3psgdfJ
onion::1078::12996a17-9726-31a7-bac9-cd37751575b8	9282	1078	12996a17-9726-31a7-bac9-cd37751575b8	Duran Duran	https://www.last.fm/music/Duran+Duran/_/Love+Voodoo	https://www.last.fm/music/Duran%20Duran	Love Voodoo	https://www.last.fm/music/Duran%20Duran/Duran%20Duran%20%5BThe%20Wedding%20Album%5D	0.0	Duran Duran [The Wedding Album]	Passion / Pleasure	Habitual Listening	dcc3a952-b683-4bde-a6b0-b3291b36ffc1	1	2	sajt3IqLTr7L5uju
onion::1080::Duran Duran-Ordinary World-3-76	9300	1080	Duran Duran-Ordinary World-3-76	Duran Duran	https://www.last.fm/music/Duran+Duran/_/Ordinary+World	https://www.last.fm/music/Duran%20Duran	Ordinary World	https://www.last.fm/music/Duran%20Duran/Greatest	0.0	Greatest	Relaxing	Comfort and Security	dcc3a952-b683-4bde-a6b0-b3291b36ffc1	1	2	NkogiZ6PhaB7VpoT
onion::1080::7a777d0e-2639-47f5-bfcb-347a669a9396	9301	1080	7a777d0e-2639-47f5-bfcb-347a669a9396	Duran Duran	https://www.last.fm/music/Duran+Duran/_/Come+Undone	https://www.last.fm/music/Duran%20Duran	Come Undone	https://www.last.fm/music/Duran%20Duran/Duran%20Duran	0.0	Duran Duran	Relaxing	Comfort and Security	dcc3a952-b683-4bde-a6b0-b3291b36ffc1	1	2	f87VuyyZBMlzKCEu
onion::1081::0xbjaqanyL1Us6g8kVKE3h	9304	1081	0xbjaqanyL1Us6g8kVKE3h	Madonna			Till Death Do Us Part			Like A Prayer	Escape	Letting Go	dcc3a952-b683-4bde-a6b0-b3291b36ffc1	1	2	cwqPLtmHEpvTPKar
onion::1081::0fW13W2PZe6zq87vqUBR66	9307	1081	0fW13W2PZe6zq87vqUBR66	Tears For Fears			Mad World			The Hurting	Escape	Letting Go	dcc3a952-b683-4bde-a6b0-b3291b36ffc1	1	2	TKCScJ2KJ78HCRcB
onion::1082::5ywHrXGQmC9roMLXTqW8k3	9311	1082	5ywHrXGQmC9roMLXTqW8k3	Madonna			Joan Of Arc			Rebel Heart	Emotion (regulation)	Emotional Resonance	dcc3a952-b683-4bde-a6b0-b3291b36ffc1	1	2	kn7LGfkNZ0jjQVdj
onion::1082::custom-1771373146383	9312	1082	custom-1771373146383	Madonna			Inside of Me		0.0	Bedtime Stories	Emotion (regulation)	Emotional Resonance	dcc3a952-b683-4bde-a6b0-b3291b36ffc1	1	2	c8YlxiVWnPfh2P9X
onion::1083::21388839-65ae-49a9-9434-f1b1ee339777	9315	1083	21388839-65ae-49a9-9434-f1b1ee339777	Kavinsky	https://www.last.fm/music/Kavinsky/_/Nightcall	https://www.last.fm/music/Kavinsky	Nightcall	https://www.last.fm/music/Kavinsky/Nightcall	0.0	Nightcall	Well-Being	Pleasure & Enjoyment	a1eb447a-4211-4594-a7bc-2765407eb516	2	4	c45Mh1IMNXWR4tVI
onion::1083::58jVSXqb2cypfC6fwxrulm	9322	1083	58jVSXqb2cypfC6fwxrulm	Beartooth	spotify:track:58jVSXqb2cypfC6fwxrulm	spotify:artist:6vwjIs0tbIiseJMR3pqwiL	In Between	spotify:album:0cq8sFikYGr4vv5ZVDr9qg	213576.0	Disgusting	Well-Being	Pleasure & Enjoyment	a1eb447a-4211-4594-a7bc-2765407eb516	2	4	lbzIxwmY1WZZodmh
onion::1085::7a0Zmtupswb9Faai3Yj3Eo	9329	1085	7a0Zmtupswb9Faai3Yj3Eo	Asking Alexandria	spotify:track:7a0Zmtupswb9Faai3Yj3Eo	spotify:artist:1caBfBEapzw8z2Qz9q0OaQ	Killing You	spotify:album:3yPGBS6p3GyFb9EySzFyYi	191874.0	From Death To Destiny	Fitness Motivation	Fitness & Performance	a1eb447a-4211-4594-a7bc-2765407eb516	2	5	PSeJSsdOHRBapCx5
onion::1221::868f33eb-6ed7-47aa-873c-0b30e51be99b	11106	1221	868f33eb-6ed7-47aa-873c-0b30e51be99b	Pink Floyd			Dogs			Animals	Nostalgia	Nostalgia	aad3e196-d166-4efc-887d-533951e26efa	1	3	tra4duGP5HNGj9a0
onion::1085::2urXxf7IDFVz8epgbJjjyy	9330	1085	2urXxf7IDFVz8epgbJjjyy	Parkway Drive	spotify:track:2urXxf7IDFVz8epgbJjjyy	spotify:artist:159qqlGwzE04xyqpfAwRLo	Deliver Me	spotify:album:2VuCgCc6FCWuRsvxhwHLZk	253853.0	Deep Blue	Fitness Motivation	Fitness & Performance	a1eb447a-4211-4594-a7bc-2765407eb516	2	5	ALkTMKTyVcvOoIGD
onion::1085::09de8675-cf37-427d-89af-0cbe170dc090	9331	1085	09de8675-cf37-427d-89af-0cbe170dc090	Dance Gavin Dance	https://www.last.fm/music/Dance+Gavin+Dance/_/Inspire+the+Liars	https://www.last.fm/music/Dance%20Gavin%20Dance	Inspire the Liars	https://www.last.fm/music/Dance%20Gavin%20Dance/Mothership	0.0	Mothership	Fitness Motivation	Fitness & Performance	a1eb447a-4211-4594-a7bc-2765407eb516	2	5	bEWLtSSg5rqKZoW4
onion::1085::76e939bd-331c-4ecc-962b-b11f9593b41e	9332	1085	76e939bd-331c-4ecc-962b-b11f9593b41e	Dance Gavin Dance	https://www.last.fm/music/Dance+Gavin+Dance/_/We+Own+the+Night	https://www.last.fm/music/Dance%20Gavin%20Dance	We Own the Night	https://www.last.fm/music/Dance%20Gavin%20Dance/Instant%20Gratification	0.0	Instant Gratification	Fitness Motivation	Fitness & Performance	a1eb447a-4211-4594-a7bc-2765407eb516	2	5	mW2dD9lvwgkSHxrA
onion::1085::5c3e756a-293a-455b-a114-507b0da1d901	9334	1085	5c3e756a-293a-455b-a114-507b0da1d901	Animals as Leaders	https://www.last.fm/music/Animals+as+Leaders/_/Physical+Education	https://www.last.fm/music/Animals%20as%20Leaders	Physical Education	https://www.last.fm/music/Animals%20as%20Leaders/The%20Joy%20of%20Motion	0.0	The Joy of Motion	Fitness Motivation	Fitness & Performance	a1eb447a-4211-4594-a7bc-2765407eb516	2	5	bUY1mZc2PB7fKKsi
onion::1085::339cb5c9-3cba-418a-ab13-6bd91e369d6b	9336	1085	339cb5c9-3cba-418a-ab13-6bd91e369d6b	Dance Gavin Dance	https://www.last.fm/music/Dance+Gavin+Dance/_/Death+of+a+Strawberry	https://www.last.fm/music/Dance%20Gavin%20Dance	Death of a Strawberry	https://www.last.fm/music/Dance%20Gavin%20Dance/Instant%20Gratification	0.0	Instant Gratification	Fitness Motivation	Fitness & Performance	a1eb447a-4211-4594-a7bc-2765407eb516	2	5	18rt8qa4gtllA1g1
onion::1086::Duran Duran-Ordinary World-3-51	9338	1086	Duran Duran-Ordinary World-3-51	Duran Duran	https://www.last.fm/music/Duran+Duran/_/Ordinary+World	https://www.last.fm/music/Duran%20Duran	Ordinary World	https://www.last.fm/music/Duran%20Duran/Duran%20Duran	0.0	Duran Duran	Nostalgia	Nostalgia	a1eb447a-4211-4594-a7bc-2765407eb516	3	5	NkogiZ6PhaB7VpoT
onion::1086::Nirvana-In Bloom-1-101	9342	1086	Nirvana-In Bloom-1-101	Nirvana	https://www.last.fm/music/Nirvana/_/In+Bloom	https://www.last.fm/music/Nirvana	In Bloom	https://www.last.fm/music/Nirvana/Nevermind%20(Remastered)	0.0	Nevermind (Remastered)	Nostalgia	Nostalgia	a1eb447a-4211-4594-a7bc-2765407eb516	3	5	qpqWWT0zOdT0d6rV
onion::1086::Soundgarden-Fell on Black Days-3-268	9347	1086	Soundgarden-Fell on Black Days-3-268	Soundgarden	https://www.last.fm/music/Soundgarden/_/Fell+on+Black+Days	https://www.last.fm/music/Soundgarden	Fell on Black Days	https://www.last.fm/music/Soundgarden/Superunknown%20(Deluxe%20Edition)	0.0	Superunknown (Deluxe Edition)	Nostalgia	Nostalgia	a1eb447a-4211-4594-a7bc-2765407eb516	3	5	eBNYIIbNkesXm3x9
onion::1087::21388839-65ae-49a9-9434-f1b1ee339777	9355	1087	21388839-65ae-49a9-9434-f1b1ee339777	Kavinsky	https://www.last.fm/music/Kavinsky/_/Nightcall	https://www.last.fm/music/Kavinsky	Nightcall	https://www.last.fm/music/Kavinsky/Nightcall	0.0	Nightcall	Passion / Pleasure	Habitual Listening	a1eb447a-4211-4594-a7bc-2765407eb516	1	2	c45Mh1IMNXWR4tVI
onion::1087::3aaaf035-c31c-4d51-8590-76d230ddbd02	9356	1087	3aaaf035-c31c-4d51-8590-76d230ddbd02	The Limousines	https://www.last.fm/music/The+Limousines/_/Fool%27s+Gold	https://www.last.fm/music/The%20Limousines	Fool's Gold	https://www.last.fm/music/The%20Limousines/Hush	0.0	Hush	Passion / Pleasure	Habitual Listening	a1eb447a-4211-4594-a7bc-2765407eb516	1	2	xz1WHUfa47rZxmKo
onion::1087::Incubus-Drive-2-168	9357	1087	Incubus-Drive-2-168	Incubus	https://www.last.fm/music/Incubus/_/Drive	https://www.last.fm/music/Incubus	Drive	https://www.last.fm/music/Incubus/Make%20Yourself	0.0	Make Yourself	Passion / Pleasure	Habitual Listening	a1eb447a-4211-4594-a7bc-2765407eb516	1	2	ql2191d6uNCVM932
onion::1087::7a11d720-2bcb-41a8-8458-3eb7c8132368	9358	1087	7a11d720-2bcb-41a8-8458-3eb7c8132368	Beck	https://www.last.fm/music/Beck/_/Loser	https://www.last.fm/music/Beck	Loser	https://www.last.fm/music/Beck/Mellow%20Gold	0.0	Mellow Gold	Passion / Pleasure	Habitual Listening	a1eb447a-4211-4594-a7bc-2765407eb516	1	2	L03boXzr18xiTx9f
onion::1088::63fae47f-b551-45b7-9ecf-99412065c0bb	9366	1088	63fae47f-b551-45b7-9ecf-99412065c0bb	Daft Punk	https://www.last.fm/music/Daft+Punk/_/One+More+Time	https://www.last.fm/music/Daft%20Punk	One More Time	https://www.last.fm/music/Daft%20Punk/Discovery	0.0	Discovery	Mood Enhancement	Cheerfulness	a1eb447a-4211-4594-a7bc-2765407eb516	1	2	ENIvp2uev93F4JK6
onion::1088::Foster the People-Pumped Up Kicks-2-105	9369	1088	Foster the People-Pumped Up Kicks-2-105	Foster the People	https://www.last.fm/music/Foster+the+People/_/Pumped+Up+Kicks	https://www.last.fm/music/Foster%20the%20People	Pumped Up Kicks	https://www.last.fm/music/Foster%20the%20People/Torches	0.0	Torches	Mood Enhancement	Cheerfulness	a1eb447a-4211-4594-a7bc-2765407eb516	1	2	lJKIbZNzpS6IsNgh
onion::1089::41032123-64c4-488b-961d-38397c51939a	9374	1089	41032123-64c4-488b-961d-38397c51939a	Dido	https://www.last.fm/music/Dido/_/Thank+You	https://www.last.fm/music/Dido	Thank You	https://www.last.fm/music/Dido/No%20Angel	0.0	No Angel	Relief	Relief	a1eb447a-4211-4594-a7bc-2765407eb516	1	2	3Y38upRWxIOVg0Uq
onion::1090::72ukb9x8WEVaRUNPzl2MC9	9381	1090	72ukb9x8WEVaRUNPzl2MC9	Asking Alexandria	spotify:track:72ukb9x8WEVaRUNPzl2MC9	spotify:artist:1caBfBEapzw8z2Qz9q0OaQ	The Death Of Me	spotify:album:3yPGBS6p3GyFb9EySzFyYi	258898.0	From Death To Destiny	Stimulation	Empowerment	a1eb447a-4211-4594-a7bc-2765407eb516	2	4	LJlWsITflMi3R7rx
onion::1090::09de8675-cf37-427d-89af-0cbe170dc090	9382	1090	09de8675-cf37-427d-89af-0cbe170dc090	Dance Gavin Dance	https://www.last.fm/music/Dance+Gavin+Dance/_/Inspire+the+Liars	https://www.last.fm/music/Dance%20Gavin%20Dance	Inspire the Liars	https://www.last.fm/music/Dance%20Gavin%20Dance/Mothership	0.0	Mothership	Stimulation	Empowerment	a1eb447a-4211-4594-a7bc-2765407eb516	2	4	bEWLtSSg5rqKZoW4
onion::1090::76e939bd-331c-4ecc-962b-b11f9593b41e	9383	1090	76e939bd-331c-4ecc-962b-b11f9593b41e	Dance Gavin Dance	https://www.last.fm/music/Dance+Gavin+Dance/_/We+Own+the+Night	https://www.last.fm/music/Dance%20Gavin%20Dance	We Own the Night	https://www.last.fm/music/Dance%20Gavin%20Dance/Instant%20Gratification	0.0	Instant Gratification	Stimulation	Empowerment	a1eb447a-4211-4594-a7bc-2765407eb516	2	4	mW2dD9lvwgkSHxrA
onion::1090::7e65e1ce-fb3a-48e7-8089-0d4bcca8bdcd	9384	1090	7e65e1ce-fb3a-48e7-8089-0d4bcca8bdcd	Dance Gavin Dance	https://www.last.fm/music/Dance+Gavin+Dance/_/Son+of+Robot	https://www.last.fm/music/Dance%20Gavin%20Dance	Son of Robot	https://www.last.fm/music/Dance%20Gavin%20Dance/Artificial%20Selection	0.0	Artificial Selection	Stimulation	Empowerment	a1eb447a-4211-4594-a7bc-2765407eb516	2	4	VcVbOWfr1DzQc7vE
onion::1090::689593c4-79da-4ec5-becd-83a1385e6ff0	9385	1090	689593c4-79da-4ec5-becd-83a1385e6ff0	Dance Gavin Dance	https://www.last.fm/music/Dance+Gavin+Dance/_/Count+Bassy	https://www.last.fm/music/Dance%20Gavin%20Dance	Count Bassy	https://www.last.fm/music/Dance%20Gavin%20Dance/Artificial%20Selection	0.0	Artificial Selection	Stimulation	Empowerment	a1eb447a-4211-4594-a7bc-2765407eb516	2	4	NLksx5CAOmyGU2Di
onion::1090::1PhvaZGWrD5w46AcXyZoPs	9386	1090	1PhvaZGWrD5w46AcXyZoPs	Fair To Midland			Walls Of Jericho			Fables From a Mayfly: What I Tell You Three Times is True	Stimulation	Empowerment	a1eb447a-4211-4594-a7bc-2765407eb516	2	4	Y1VFFOLDxAqfz3Bj
onion::1091::63fae47f-b551-45b7-9ecf-99412065c0bb	9390	1091	63fae47f-b551-45b7-9ecf-99412065c0bb	Daft Punk	https://www.last.fm/music/Daft+Punk/_/One+More+Time	https://www.last.fm/music/Daft%20Punk	One More Time	https://www.last.fm/music/Daft%20Punk/Discovery	0.0	Discovery	Enjoyment	Time Passing	a1eb447a-4211-4594-a7bc-2765407eb516	2	2	ENIvp2uev93F4JK6
onion::1092::24436eea-e79f-4592-b7f8-3e9bfe01f483	9406	1092	24436eea-e79f-4592-b7f8-3e9bfe01f483	MGMT	https://www.last.fm/music/MGMT/_/Time+to+Pretend	https://www.last.fm/music/MGMT	Time to Pretend	https://www.last.fm/music/MGMT/Oracular%20Spectacular	0.0	Oracular Spectacular	Energy	Morning Wake-Up	a1eb447a-4211-4594-a7bc-2765407eb516	3	3	S7RFdCOEy8yX1StR
onion::1093::3iV11AiIEDIOVjKy3kgjld	9410	1093	3iV11AiIEDIOVjKy3kgjld	Pantera	spotify:track:3iV11AiIEDIOVjKy3kgjld	spotify:artist:14pVkFUHDL207LzLHtSA18	Becoming	spotify:album:70GAqt2avSiKBJ2IEymou1	185093.0	Far Beyond Driven	Well-Being	Pleasure & Enjoyment	5926c2ea-10cb-4d17-9dce-24c8e7ab2b9f	2	5	CSh6yX581pvLqDDf
onion::1093::3638fdc2-8285-4731-bdb7-22b061439cc3	9413	1093	3638fdc2-8285-4731-bdb7-22b061439cc3	Clutch	https://www.last.fm/music/Clutch/_/Electric+Worry	https://www.last.fm/music/Clutch	Electric Worry	https://www.last.fm/music/Clutch/From%20Beale%20Street%20to%20Oblivion	0.0	From Beale Street to Oblivion	Well-Being	Pleasure & Enjoyment	5926c2ea-10cb-4d17-9dce-24c8e7ab2b9f	2	5	oxfzIg24TsVT2Abc
onion::1093::custom-1771388977180	9415	1093	custom-1771388977180	Bruno Mars			The Lazy Song		0.0		Well-Being	Pleasure & Enjoyment	5926c2ea-10cb-4d17-9dce-24c8e7ab2b9f	2	5	vqFYS6LzsyiT21RG
onion::1095::31983646-5035-43fb-ad3f-f4b5e793ffaa	9421	1095	31983646-5035-43fb-ad3f-f4b5e793ffaa	Pantera	https://www.last.fm/music/Pantera/_/Live+in+a+Hole	https://www.last.fm/music/Pantera	Live in a Hole	https://www.last.fm/music/Pantera/Vulgar%20Display%20of%20Power	0.0	Vulgar Display of Power	Distraction	Distraction	5926c2ea-10cb-4d17-9dce-24c8e7ab2b9f	2	5	lN6nud2YR8rrSbez
onion::1095::7870cda5-5a73-4f58-b942-cba3eb21e3ba	9425	1095	7870cda5-5a73-4f58-b942-cba3eb21e3ba	Hanoi Rocks	https://www.last.fm/music/Hanoi+Rocks/_/Tragedy	https://www.last.fm/music/Hanoi%20Rocks	Tragedy	https://www.last.fm/music/Hanoi%20Rocks/Bangkok%20Shocks%2C%20Saigon%20Shakes	0.0	Bangkok Shocks, Saigon Shakes	Distraction	Distraction	5926c2ea-10cb-4d17-9dce-24c8e7ab2b9f	2	5	7Wp6f2RMVmVSE0Jc
onion::1095::custom-1771389666794	9427	1095	custom-1771389666794	Eminem			Without Me		0.0		Distraction	Distraction	5926c2ea-10cb-4d17-9dce-24c8e7ab2b9f	2	5	TYoYVKiQpzhvcatl
onion::1095::6kkyMeOMayULag3AcLjXKC	9428	1095	6kkyMeOMayULag3AcLjXKC	Slayer	spotify:track:6kkyMeOMayULag3AcLjXKC	spotify:artist:1IQ2e1buppatiN1bxUVkrk	Postmortem	spotify:album:4EKODboelaOmS0gt7hbTHN	207466.0	Reign In Blood	Distraction	Distraction	5926c2ea-10cb-4d17-9dce-24c8e7ab2b9f	2	5	tDHL9mA8H5qpqqO7
onion::1096::678Fh7cIfN1sLqxsj5sc2G	9429	1096	678Fh7cIfN1sLqxsj5sc2G	Dead Boys	spotify:track:678Fh7cIfN1sLqxsj5sc2G	spotify:artist:4RjtLUZNqLtMpRKIOaVokc	Sonic Reducer	spotify:album:6SiRxD9eeJELm4TR8C6MDJ	189333.0	Young, Loud And Snotty	Enjoyment	Time Passing	5926c2ea-10cb-4d17-9dce-24c8e7ab2b9f	3	4	dNVSQgiyMqANglpl
onion::1097::3cw1aUJoI85ASaxyTxHj31	9434	1097	3cw1aUJoI85ASaxyTxHj31	Circle Jerks	spotify:track:3cw1aUJoI85ASaxyTxHj31	spotify:artist:4ubY8RYfXkcEqgjEMDuLYl	Moral Majority	spotify:album:4YanXuir6vMbiMTYzQByCE	48946.0	Live at the Fillmore 1982	(Self-) Reflection / Introspection	Self-Reflection	5926c2ea-10cb-4d17-9dce-24c8e7ab2b9f	2	5	mBRnTVV5MLqfTDSO
onion::1097::31983646-5035-43fb-ad3f-f4b5e793ffaa	9435	1097	31983646-5035-43fb-ad3f-f4b5e793ffaa	Pantera	https://www.last.fm/music/Pantera/_/Live+in+a+Hole	https://www.last.fm/music/Pantera	Live in a Hole	https://www.last.fm/music/Pantera/Vulgar%20Display%20of%20Power	0.0	Vulgar Display of Power	(Self-) Reflection / Introspection	Self-Reflection	5926c2ea-10cb-4d17-9dce-24c8e7ab2b9f	2	5	lN6nud2YR8rrSbez
onion::1098::69QECPXP9ghwRvpRObsz01	9439	1098	69QECPXP9ghwRvpRObsz01	LL Cool J	spotify:track:69QECPXP9ghwRvpRObsz01	spotify:artist:1P8IfcNKwrkQP5xJWuhaOC	Mama Said Knock You Out	spotify:album:51alvFCEa3AwnZeKbpKxeZ	292973.0	Mama Said Knock You Out	Calming	Frustration Venting	5926c2ea-10cb-4d17-9dce-24c8e7ab2b9f	1	2	DHfG6PnSaCMjNxTy
onion::1098::31983646-5035-43fb-ad3f-f4b5e793ffaa	9440	1098	31983646-5035-43fb-ad3f-f4b5e793ffaa	Pantera	https://www.last.fm/music/Pantera/_/Live+in+a+Hole	https://www.last.fm/music/Pantera	Live in a Hole	https://www.last.fm/music/Pantera/Vulgar%20Display%20of%20Power	0.0	Vulgar Display of Power	Calming	Frustration Venting	5926c2ea-10cb-4d17-9dce-24c8e7ab2b9f	1	2	lN6nud2YR8rrSbez
onion::1099::2dbFLEQojkH0Z7xBL7uvMl	9445	1099	2dbFLEQojkH0Z7xBL7uvMl	Beastie Boys	spotify:track:2dbFLEQojkH0Z7xBL7uvMl	spotify:artist:03r4iKL2g2442PT9n2UKsx	She's Crafty	spotify:album:11oR0ZuqB3ucZwb5TGbZxb	215160.0	Licensed To Ill	Nostalgia	Nostalgia	5926c2ea-10cb-4d17-9dce-24c8e7ab2b9f	1	5	boi0zL0QXd5oKeja
onion::1099::1ddfc23a-01c6-4c6e-b57c-cdecd349f7ec	9447	1099	1ddfc23a-01c6-4c6e-b57c-cdecd349f7ec	Tyler Childers	https://www.last.fm/music/Tyler+Childers/_/Whitehouse+Road	https://www.last.fm/music/Tyler%20Childers	Whitehouse Road	https://www.last.fm/music/Tyler%20Childers/Purgatory	0.0	Purgatory	Nostalgia	Nostalgia	5926c2ea-10cb-4d17-9dce-24c8e7ab2b9f	1	5	1oZ5jT43O0m2kML5
onion::1099::22a76c81-8059-3850-8aa3-f1efcff59b3f	9448	1099	22a76c81-8059-3850-8aa3-f1efcff59b3f	Social Distortion	https://www.last.fm/music/Social+Distortion/_/Highway+101	https://www.last.fm/music/Social%20Distortion	Highway 101	https://www.last.fm/music/Social%20Distortion/Sex%2C%20Love%20and%20Rock%20'n'%20Roll	0.0	Sex, Love and Rock 'n' Roll	Nostalgia	Nostalgia	5926c2ea-10cb-4d17-9dce-24c8e7ab2b9f	1	5	dzj1qkzzV7mGzZXs
onion::1100::31983646-5035-43fb-ad3f-f4b5e793ffaa	9452	1100	31983646-5035-43fb-ad3f-f4b5e793ffaa	Pantera	https://www.last.fm/music/Pantera/_/Live+in+a+Hole	https://www.last.fm/music/Pantera	Live in a Hole	https://www.last.fm/music/Pantera/Vulgar%20Display%20of%20Power	0.0	Vulgar Display of Power	Emotion (regulation)	Emotional Resonance	5926c2ea-10cb-4d17-9dce-24c8e7ab2b9f	3	5	lN6nud2YR8rrSbez
onion::1100::3638fdc2-8285-4731-bdb7-22b061439cc3	9454	1100	3638fdc2-8285-4731-bdb7-22b061439cc3	Clutch	https://www.last.fm/music/Clutch/_/Electric+Worry	https://www.last.fm/music/Clutch	Electric Worry	https://www.last.fm/music/Clutch/From%20Beale%20Street%20to%20Oblivion	0.0	From Beale Street to Oblivion	Emotion (regulation)	Emotional Resonance	5926c2ea-10cb-4d17-9dce-24c8e7ab2b9f	3	5	oxfzIg24TsVT2Abc
onion::1101::7p0Pk7IJw1c494Qz5lXopE	9457	1101	7p0Pk7IJw1c494Qz5lXopE	Television	spotify:track:7p0Pk7IJw1c494Qz5lXopE	spotify:artist:0S7Zur2g8YhqlzqtlYStli	Torn Curtain	spotify:album:630o1rKTDsLeIPreOY1jqP	416506.0	Marquee Moon	Motivation	Background Utility	5926c2ea-10cb-4d17-9dce-24c8e7ab2b9f	2	3	xH5b4Azw0qllsdbT
onion::1102::265ecaf7-0c69-4edc-8015-ddf3dcdbc63d	9464	1102	265ecaf7-0c69-4edc-8015-ddf3dcdbc63d	Madonna	https://www.last.fm/music/Madonna/_/Vogue	https://www.last.fm/music/Madonna	Vogue	https://www.last.fm/music/Madonna/Celebration%20(Double%20Disc%20Version)	0.0	Celebration (Double Disc Version)	Creativity	Creative Visualization	eac348aa-434b-425e-88f1-e77071c3d3cf	2	5	i6eRQgNB2UlIVUSw
onion::1102::ba180258-0b78-433d-a7b2-3c274f2155e7	9466	1102	ba180258-0b78-433d-a7b2-3c274f2155e7	Nicole Dollanganger	https://www.last.fm/music/Nicole+Dollanganger/_/Alligator+Blood	https://www.last.fm/music/Nicole%20Dollanganger	Alligator Blood	https://www.last.fm/music/Nicole%20Dollanganger/Natural%20Born%20Losers	0.0	Natural Born Losers	Creativity	Creative Visualization	eac348aa-434b-425e-88f1-e77071c3d3cf	2	5	R0CqN2yddgonDag5
onion::1103::07f3f866-417b-416d-9066-2ffbd1ea049b	9469	1103	07f3f866-417b-416d-9066-2ffbd1ea049b	Massive Attack	https://www.last.fm/music/Massive+Attack/_/Black+Milk	https://www.last.fm/music/Massive%20Attack	Black Milk	https://www.last.fm/music/Massive%20Attack/Mezzanine	0.0	Mezzanine	Passion / Pleasure	Habitual Listening	eac348aa-434b-425e-88f1-e77071c3d3cf	3	5	tPRs02dtjC8USfpM
onion::1103::10dec8b6-1af0-47b0-8c90-296b85d2e1b9	9471	1103	10dec8b6-1af0-47b0-8c90-296b85d2e1b9	Feist	https://www.last.fm/music/Feist/_/My+Moon+My+Man	https://www.last.fm/music/Feist	My Moon My Man	https://www.last.fm/music/Feist/The%20Reminder	0.0	The Reminder	Passion / Pleasure	Habitual Listening	eac348aa-434b-425e-88f1-e77071c3d3cf	3	5	ZHb6P1WhuRwNm4U2
onion::1104::10dec8b6-1af0-47b0-8c90-296b85d2e1b9	9475	1104	10dec8b6-1af0-47b0-8c90-296b85d2e1b9	Feist	https://www.last.fm/music/Feist/_/My+Moon+My+Man	https://www.last.fm/music/Feist	My Moon My Man	https://www.last.fm/music/Feist/The%20Reminder	0.0	The Reminder	Entertainment	Singing Along	eac348aa-434b-425e-88f1-e77071c3d3cf	1	5	ZHb6P1WhuRwNm4U2
onion::1104::9fd9a78c-2525-464e-8826-4c9dcb5fb7aa	9477	1104	9fd9a78c-2525-464e-8826-4c9dcb5fb7aa	Nicole Dollanganger	https://www.last.fm/music/Nicole+Dollanganger/_/American+Tradition	https://www.last.fm/music/Nicole%20Dollanganger	American Tradition	https://www.last.fm/music/Nicole%20Dollanganger/Natural%20Born%20Losers	0.0	Natural Born Losers	Entertainment	Singing Along	eac348aa-434b-425e-88f1-e77071c3d3cf	1	5	2GpfD9v8gTbPlf3e
onion::1105::8cb43e2e-93fa-3f1b-8004-5ee15e05bdf5	9480	1105	8cb43e2e-93fa-3f1b-8004-5ee15e05bdf5	Ugly Kid Joe	https://www.last.fm/music/Ugly+Kid+Joe/_/Panhandlin%27+Prince	https://www.last.fm/music/Ugly%20Kid%20Joe	Panhandlin' Prince	https://www.last.fm/music/Ugly%20Kid%20Joe/America's%20Least%20Wanted	0.0	America's Least Wanted	Exploration	Exploration	5926c2ea-10cb-4d17-9dce-24c8e7ab2b9f	1	3	udvVMBnqUndqgc7R
onion::1105::Tears for Fears-Shout-2-17	9483	1105	Tears for Fears-Shout-2-17	Tears for Fears	https://www.last.fm/music/Tears+for+Fears/_/Shout	https://www.last.fm/music/Tears%20for%20Fears	Shout	https://www.last.fm/music/Tears%20for%20Fears/Tears%20Roll%20Down%20(Greatest%20Hits%2082-92)	0.0	Tears Roll Down (Greatest Hits 82-92)	Exploration	Exploration	5926c2ea-10cb-4d17-9dce-24c8e7ab2b9f	1	3	qGHDYOyP7HMPvxKJ
onion::1107::01c639bd-4b06-416c-89e3-c38d423a3d06	9492	1107	01c639bd-4b06-416c-89e3-c38d423a3d06	Lady Gaga	https://www.last.fm/music/Lady+Gaga/_/Venus	https://www.last.fm/music/Lady%20Gaga	Venus	https://www.last.fm/music/Lady%20Gaga/ARTPOP	0.0	ARTPOP	Mood Enhancement	Cheerfulness	eac348aa-434b-425e-88f1-e77071c3d3cf	1	4	WZufWxPELH3aI4nm
onion::1107::05467717-d414-4417-a512-1e6f1a867bfd	9493	1107	05467717-d414-4417-a512-1e6f1a867bfd	Lady Gaga	https://www.last.fm/music/Lady+Gaga/_/Aura	https://www.last.fm/music/Lady%20Gaga	Aura	https://www.last.fm/music/Lady%20Gaga/ARTPOP	0.0	ARTPOP	Mood Enhancement	Cheerfulness	eac348aa-434b-425e-88f1-e77071c3d3cf	1	4	wZ0p4OYnMpz2QNTQ
onion::1109::1db85b0c-2e92-4697-b677-501d235817ff	9503	1109	1db85b0c-2e92-4697-b677-501d235817ff	Lady Gaga	https://www.last.fm/music/Lady+Gaga/_/Donatella	https://www.last.fm/music/Lady%20Gaga	Donatella	https://www.last.fm/music/Lady%20Gaga/ARTPOP	0.0	ARTPOP	Stimulation	Empowerment	eac348aa-434b-425e-88f1-e77071c3d3cf	1	4	LuFeu9smK7RiTZqD
onion::1109::05467717-d414-4417-a512-1e6f1a867bfd	9504	1109	05467717-d414-4417-a512-1e6f1a867bfd	Lady Gaga	https://www.last.fm/music/Lady+Gaga/_/Aura	https://www.last.fm/music/Lady%20Gaga	Aura	https://www.last.fm/music/Lady%20Gaga/ARTPOP	0.0	ARTPOP	Stimulation	Empowerment	eac348aa-434b-425e-88f1-e77071c3d3cf	1	4	wZ0p4OYnMpz2QNTQ
onion::1109::761QvVHTibYjEi2r6A4g4Q	9506	1109	761QvVHTibYjEi2r6A4g4Q	Lana Del Rey			Get Free			Lust For Life	Stimulation	Empowerment	eac348aa-434b-425e-88f1-e77071c3d3cf	1	4	P1o1r87NLjlsSDw9
onion::1110::3c3a5a41-261b-47de-863e-7d7e563120a1	9508	1110	3c3a5a41-261b-47de-863e-7d7e563120a1	Solange	https://www.last.fm/music/Solange/_/Weary	https://www.last.fm/music/Solange	Weary	https://www.last.fm/music/Solange/A%20Seat%20at%20the%20Table	0.0	A Seat at the Table	Understanding	World Understanding	eac348aa-434b-425e-88f1-e77071c3d3cf	1	4	qqenQFCYW5s92daC
onion::1110::27df20d5-8b74-4ac5-a81d-79e629762fc0	9509	1110	27df20d5-8b74-4ac5-a81d-79e629762fc0	BROCKHAMPTON	https://www.last.fm/music/BROCKHAMPTON/_/HONEY	https://www.last.fm/music/BROCKHAMPTON	HONEY	https://www.last.fm/music/BROCKHAMPTON/iridescence	0.0	iridescence	Understanding	World Understanding	eac348aa-434b-425e-88f1-e77071c3d3cf	1	4	BcdexmBfydo097NL
onion::1110::556abe3f-849f-4906-a7c4-d4b5f8049b60	9510	1110	556abe3f-849f-4906-a7c4-d4b5f8049b60	BROCKHAMPTON	https://www.last.fm/music/BROCKHAMPTON/_/TONYA	https://www.last.fm/music/BROCKHAMPTON	TONYA	https://www.last.fm/music/BROCKHAMPTON/iridescence	0.0	iridescence	Understanding	World Understanding	eac348aa-434b-425e-88f1-e77071c3d3cf	1	4	vxcy2Ra2SLg5a1Zo
onion::1110::87a4a542-5da2-46e3-bd72-7ce6e7fdc4b4	9511	1110	87a4a542-5da2-46e3-bd72-7ce6e7fdc4b4	BROCKHAMPTON	https://www.last.fm/music/BROCKHAMPTON/_/DISTRICT	https://www.last.fm/music/BROCKHAMPTON	DISTRICT	https://www.last.fm/music/BROCKHAMPTON/iridescence	0.0	iridescence	Understanding	World Understanding	eac348aa-434b-425e-88f1-e77071c3d3cf	1	4	oklI9fQisUDm4i8F
onion::1111::9fd9a78c-2525-464e-8826-4c9dcb5fb7aa	9513	1111	9fd9a78c-2525-464e-8826-4c9dcb5fb7aa	Nicole Dollanganger	https://www.last.fm/music/Nicole+Dollanganger/_/American+Tradition	https://www.last.fm/music/Nicole%20Dollanganger	American Tradition	https://www.last.fm/music/Nicole%20Dollanganger/Natural%20Born%20Losers	0.0	Natural Born Losers	Enjoyment	Time Passing	eac348aa-434b-425e-88f1-e77071c3d3cf	2	5	2GpfD9v8gTbPlf3e
onion::1111::10dec8b6-1af0-47b0-8c90-296b85d2e1b9	9514	1111	10dec8b6-1af0-47b0-8c90-296b85d2e1b9	Feist	https://www.last.fm/music/Feist/_/My+Moon+My+Man	https://www.last.fm/music/Feist	My Moon My Man	https://www.last.fm/music/Feist/The%20Reminder	0.0	The Reminder	Enjoyment	Time Passing	eac348aa-434b-425e-88f1-e77071c3d3cf	2	5	ZHb6P1WhuRwNm4U2
onion::1112::e7993878-bfde-4550-8295-610adec3c5f4	9518	1112	e7993878-bfde-4550-8295-610adec3c5f4	Salvia Palth	https://www.last.fm/music/Salvia+Palth/_/I+Was+All+Over+Her	https://www.last.fm/music/Salvia%20Palth	I Was All Over Her	https://www.last.fm/music/Salvia%20Palth/Melanchole	0.0	Melanchole	Motivation	Background Utility	eac348aa-434b-425e-88f1-e77071c3d3cf	2	3	FL2adIy5dTxdJ6Df
onion::1112::74a037a3-915a-4f44-9bab-83a328ffe5ed	9519	1112	74a037a3-915a-4f44-9bab-83a328ffe5ed	Have a Nice Life	https://www.last.fm/music/Have+a+Nice+Life/_/A+Quick+One+Before+the+Eternal+Worm+Devours+Connecticut	https://www.last.fm/music/Have%20a%20Nice%20Life	A Quick One Before the Eternal Worm Devours Connecticut	https://www.last.fm/music/Have%20a%20Nice%20Life/Deathconsciousness	0.0	Deathconsciousness	Motivation	Background Utility	eac348aa-434b-425e-88f1-e77071c3d3cf	2	3	8HSf0zHdb0G5lR0N
onion::1112::3d810cf5-0484-378c-b7fb-afde52543d73	9521	1112	3d810cf5-0484-378c-b7fb-afde52543d73	Have a Nice Life	https://www.last.fm/music/Have+a+Nice+Life/_/Holy+Fucking+Shit:+40,000	https://www.last.fm/music/Have%20a%20Nice%20Life	Holy Fucking Shit: 40,000	https://www.last.fm/music/Have%20a%20Nice%20Life/Deathconsciousness	0.0	Deathconsciousness	Motivation	Background Utility	eac348aa-434b-425e-88f1-e77071c3d3cf	2	3	LBWL612A4659aB8u
onion::1112::246ee110-a2c2-34fe-9055-80bbcc20e70a	9522	1112	246ee110-a2c2-34fe-9055-80bbcc20e70a	Have a Nice Life	https://www.last.fm/music/Have+a+Nice+Life/_/Hunter	https://www.last.fm/music/Have%20a%20Nice%20Life	Hunter	https://www.last.fm/music/Have%20a%20Nice%20Life/Deathconsciousness	0.0	Deathconsciousness	Motivation	Background Utility	eac348aa-434b-425e-88f1-e77071c3d3cf	2	3	SFZc6kPsMFuEOMnW
onion::1113::126241da-d2cb-42c2-a40e-f30909057647	9523	1113	126241da-d2cb-42c2-a40e-f30909057647	Bruno Mars	https://www.last.fm/music/Bruno+Mars/_/When+I+Was+Your+Man	https://www.last.fm/music/Bruno%20Mars	When I Was Your Man	https://www.last.fm/music/Bruno%20Mars/Unorthodox%20Jukebox	0.0	Unorthodox Jukebox	Well-Being	Pleasure & Enjoyment	20608062-da82-4fcd-8fde-e6331c0cd124	2	3	U5F4JMfzI49fpU4E
onion::1113::2ba34d80-f8db-40c8-94d5-3661954549bd	9534	1113	2ba34d80-f8db-40c8-94d5-3661954549bd	Michael Jackson	https://www.last.fm/music/Michael+Jackson/_/Heaven+Can+Wait	https://www.last.fm/music/Michael%20Jackson	Heaven Can Wait	https://www.last.fm/music/Michael%20Jackson/Invincible	0.0	Invincible	Well-Being	Pleasure & Enjoyment	20608062-da82-4fcd-8fde-e6331c0cd124	2	3	uGC0kSvB5NCHp8br
onion::1114::8356a7c5-b969-4174-ae46-197344f3dbb0	9586	1114	8356a7c5-b969-4174-ae46-197344f3dbb0	Vulfpeck	https://www.last.fm/music/Vulfpeck/_/Back+Pocket	https://www.last.fm/music/Vulfpeck	Back Pocket	https://www.last.fm/music/Vulfpeck/Thrill%20of%20the%20Arts	0.0	Thrill of the Arts	Entertainment	Singing Along	20608062-da82-4fcd-8fde-e6331c0cd124	5	5	b4ZohTyn4pCHa0CL
onion::1113::51e017b0-12a0-4384-8c95-266eb39f960a	9538	1113	51e017b0-12a0-4384-8c95-266eb39f960a	Nicki Minaj	https://www.last.fm/music/Nicki+Minaj/_/Stupid+Hoe	https://www.last.fm/music/Nicki%20Minaj	Stupid Hoe	https://www.last.fm/music/Nicki%20Minaj/Pink%20Friday%20...%20Roman%20Reloaded%20(Deluxe)	0.0	Pink Friday ... Roman Reloaded (Deluxe)	Well-Being	Pleasure & Enjoyment	20608062-da82-4fcd-8fde-e6331c0cd124	2	3	sJ1U8EUHksZcyFW8
onion::1113::10cab099-bde3-434f-bddd-6b8df51beaca	9539	1113	10cab099-bde3-434f-bddd-6b8df51beaca	Melanie Martinez	https://www.last.fm/music/Melanie+Martinez/_/Cry+Baby	https://www.last.fm/music/Melanie%20Martinez	Cry Baby	https://www.last.fm/music/Melanie%20Martinez/Cry%20Baby%20(Deluxe%20Edition)	0.0	Cry Baby (Deluxe Edition)	Well-Being	Pleasure & Enjoyment	20608062-da82-4fcd-8fde-e6331c0cd124	2	3	vrgAfvzXKtwknKcb
onion::1114::126241da-d2cb-42c2-a40e-f30909057647	9573	1114	126241da-d2cb-42c2-a40e-f30909057647	Bruno Mars	https://www.last.fm/music/Bruno+Mars/_/When+I+Was+Your+Man	https://www.last.fm/music/Bruno%20Mars	When I Was Your Man	https://www.last.fm/music/Bruno%20Mars/Unorthodox%20Jukebox	0.0	Unorthodox Jukebox	Entertainment	Singing Along	20608062-da82-4fcd-8fde-e6331c0cd124	5	5	U5F4JMfzI49fpU4E
onion::1114::d771c353-1ddf-4271-96f7-d36a703a3717	9576	1114	d771c353-1ddf-4271-96f7-d36a703a3717	Paramore	https://www.last.fm/music/Paramore/_/The+Only+Exception	https://www.last.fm/music/Paramore	The Only Exception	https://www.last.fm/music/Paramore/brand%20new%20eyes	0.0	brand new eyes	Entertainment	Singing Along	20608062-da82-4fcd-8fde-e6331c0cd124	5	5	SGY1zM5vXy6T4rdB
onion::1114::2ba34d80-f8db-40c8-94d5-3661954549bd	9595	1114	2ba34d80-f8db-40c8-94d5-3661954549bd	Michael Jackson	https://www.last.fm/music/Michael+Jackson/_/Heaven+Can+Wait	https://www.last.fm/music/Michael%20Jackson	Heaven Can Wait	https://www.last.fm/music/Michael%20Jackson/Invincible	0.0	Invincible	Entertainment	Singing Along	20608062-da82-4fcd-8fde-e6331c0cd124	5	5	uGC0kSvB5NCHp8br
onion::1114::10cab099-bde3-434f-bddd-6b8df51beaca	9600	1114	10cab099-bde3-434f-bddd-6b8df51beaca	Melanie Martinez	https://www.last.fm/music/Melanie+Martinez/_/Cry+Baby	https://www.last.fm/music/Melanie%20Martinez	Cry Baby	https://www.last.fm/music/Melanie%20Martinez/Cry%20Baby%20(Deluxe%20Edition)	0.0	Cry Baby (Deluxe Edition)	Entertainment	Singing Along	20608062-da82-4fcd-8fde-e6331c0cd124	5	5	vrgAfvzXKtwknKcb
onion::1114::51e017b0-12a0-4384-8c95-266eb39f960a	9612	1114	51e017b0-12a0-4384-8c95-266eb39f960a	Nicki Minaj	https://www.last.fm/music/Nicki+Minaj/_/Stupid+Hoe	https://www.last.fm/music/Nicki%20Minaj	Stupid Hoe	https://www.last.fm/music/Nicki%20Minaj/Pink%20Friday%20...%20Roman%20Reloaded%20(Deluxe)	0.0	Pink Friday ... Roman Reloaded (Deluxe)	Entertainment	Singing Along	20608062-da82-4fcd-8fde-e6331c0cd124	5	5	sJ1U8EUHksZcyFW8
onion::1114::01c87bbf-bae3-48f7-a0ad-b3a011a07318	9613	1114	01c87bbf-bae3-48f7-a0ad-b3a011a07318	Nicki Minaj	https://www.last.fm/music/Nicki+Minaj/_/Chun-Li	https://www.last.fm/music/Nicki%20Minaj	Chun-Li	https://www.last.fm/music/Nicki%20Minaj/Chun-Li	0.0	Chun-Li	Entertainment	Singing Along	20608062-da82-4fcd-8fde-e6331c0cd124	5	5	FuwbJDI0DXtxLCBk
onion::1114::Bruno Mars-Grenade-1-208	9614	1114	Bruno Mars-Grenade-1-208	Bruno Mars	https://www.last.fm/music/Bruno+Mars/_/Grenade	https://www.last.fm/music/Bruno%20Mars	Grenade	https://www.last.fm/music/Bruno%20Mars/Doo-Wops%20%26%20Hooligans	0.0	Doo-Wops & Hooligans	Entertainment	Singing Along	20608062-da82-4fcd-8fde-e6331c0cd124	5	5	i6sQnvbs1wdujJbo
onion::1114::1e053cbf-d235-4094-b357-6cec5e535cf0	9616	1114	1e053cbf-d235-4094-b357-6cec5e535cf0	Ariana Grande	https://www.last.fm/music/Ariana+Grande/_/fake+smile	https://www.last.fm/music/Ariana%20Grande	fake smile	https://www.last.fm/music/Ariana%20Grande/thank%20u%2C%20next	0.0	thank u, next	Entertainment	Singing Along	20608062-da82-4fcd-8fde-e6331c0cd124	5	5	3shrACNQQ5eeQEAO
onion::1114::Imagine Dragons-Radioactive-3-108	9647	1114	Imagine Dragons-Radioactive-3-108	Imagine Dragons	https://www.last.fm/music/Imagine+Dragons/_/Radioactive	https://www.last.fm/music/Imagine%20Dragons	Radioactive	https://www.last.fm/music/Imagine%20Dragons/Night%20Visions	0.0	Night Visions	Entertainment	Singing Along	20608062-da82-4fcd-8fde-e6331c0cd124	5	5	0ng9VQtWuSjd0arq
onion::1114::68f6f722-f5a0-4520-a339-5734af146a26	9648	1114	68f6f722-f5a0-4520-a339-5734af146a26	Twenty One Pilots	https://www.last.fm/music/Twenty+One+Pilots/_/Fake+You+Out	https://www.last.fm/music/Twenty%20One%20Pilots	Fake You Out	https://www.last.fm/music/Twenty%20One%20Pilots/Vessel	0.0	Vessel	Entertainment	Singing Along	20608062-da82-4fcd-8fde-e6331c0cd124	5	5	4MMCSUPw4ybpd0i8
onion::1114::Lorde-Royals-2-198	9650	1114	Lorde-Royals-2-198	Lorde	https://www.last.fm/music/Lorde/_/Royals	https://www.last.fm/music/Lorde	Royals	https://www.last.fm/music/Lorde/Pure%20Heroine	0.0	Pure Heroine	Entertainment	Singing Along	20608062-da82-4fcd-8fde-e6331c0cd124	5	5	yfm7RER1PWTqgjIp
onion::1114::2205b485-8606-4491-9823-2d65062d363a	9651	1114	2205b485-8606-4491-9823-2d65062d363a	Fall Out Boy	https://www.last.fm/music/Fall+Out+Boy/_/Young+and+Menace	https://www.last.fm/music/Fall%20Out%20Boy	Young and Menace	https://www.last.fm/music/Fall%20Out%20Boy/MANIA	0.0	MANIA	Entertainment	Singing Along	20608062-da82-4fcd-8fde-e6331c0cd124	5	5	ErEXLDslZjAyGZIC
onion::1114::0307c0b8-cf1b-4b1f-b966-bc01773015d9	9653	1114	0307c0b8-cf1b-4b1f-b966-bc01773015d9	Demi Lovato	https://www.last.fm/music/Demi+Lovato/_/Give+Your+Heart+a+Break	https://www.last.fm/music/Demi%20Lovato	Give Your Heart a Break	https://www.last.fm/music/Demi%20Lovato/Unbroken	0.0	Unbroken	Entertainment	Singing Along	20608062-da82-4fcd-8fde-e6331c0cd124	5	5	pUuMeZzEklpCUpKt
onion::1114::02a578fd-ccc1-4d47-a1ca-f2dd8030cef2	9655	1114	02a578fd-ccc1-4d47-a1ca-f2dd8030cef2	Panic! at the Disco	https://www.last.fm/music/Panic!+at+the+Disco/_/Emperor%27s+New+Clothes	https://www.last.fm/music/Panic!%20at%20the%20Disco	Emperor's New Clothes	https://www.last.fm/music/Panic!%20at%20the%20Disco/Death%20of%20a%20Bachelor	0.0	Death of a Bachelor	Entertainment	Singing Along	20608062-da82-4fcd-8fde-e6331c0cd124	5	5	gEm1UeJWVe2bbAEg
onion::1116::d771c353-1ddf-4271-96f7-d36a703a3717	9718	1116	d771c353-1ddf-4271-96f7-d36a703a3717	Paramore	https://www.last.fm/music/Paramore/_/The+Only+Exception	https://www.last.fm/music/Paramore	The Only Exception	https://www.last.fm/music/Paramore/brand%20new%20eyes	0.0	brand new eyes	Enjoyment	Time Passing	20608062-da82-4fcd-8fde-e6331c0cd124	5	3	SGY1zM5vXy6T4rdB
onion::1114::c4c6251b-44b5-478e-b806-3401488d1070	9664	1114	c4c6251b-44b5-478e-b806-3401488d1070	Twenty One Pilots	https://www.last.fm/music/Twenty+One+Pilots/_/Doubt	https://www.last.fm/music/Twenty%20One%20Pilots	Doubt	https://www.last.fm/music/Twenty%20One%20Pilots/Blurryface	0.0	Blurryface	Entertainment	Singing Along	20608062-da82-4fcd-8fde-e6331c0cd124	5	5	VmxNq22lP2rOXmkR
onion::1114::082c1186-cbba-4f85-9e87-328fcd2e96e6	9666	1114	082c1186-cbba-4f85-9e87-328fcd2e96e6	Twenty One Pilots	https://www.last.fm/music/Twenty+One+Pilots/_/Fall+Away	https://www.last.fm/music/Twenty%20One%20Pilots	Fall Away	https://www.last.fm/music/Twenty%20One%20Pilots/Twenty%20One%20Pilots	0.0	Twenty One Pilots	Entertainment	Singing Along	20608062-da82-4fcd-8fde-e6331c0cd124	5	5	myoCvPb1dyaj0Tf0
onion::1115::2ba34d80-f8db-40c8-94d5-3661954549bd	9695	1115	2ba34d80-f8db-40c8-94d5-3661954549bd	Michael Jackson	https://www.last.fm/music/Michael+Jackson/_/Heaven+Can+Wait	https://www.last.fm/music/Michael%20Jackson	Heaven Can Wait	https://www.last.fm/music/Michael%20Jackson/Invincible	0.0	Invincible	Relaxing	Comfort and Security	20608062-da82-4fcd-8fde-e6331c0cd124	3	5	uGC0kSvB5NCHp8br
onion::1116::126241da-d2cb-42c2-a40e-f30909057647	9714	1116	126241da-d2cb-42c2-a40e-f30909057647	Bruno Mars	https://www.last.fm/music/Bruno+Mars/_/When+I+Was+Your+Man	https://www.last.fm/music/Bruno%20Mars	When I Was Your Man	https://www.last.fm/music/Bruno%20Mars/Unorthodox%20Jukebox	0.0	Unorthodox Jukebox	Enjoyment	Time Passing	20608062-da82-4fcd-8fde-e6331c0cd124	5	3	U5F4JMfzI49fpU4E
onion::1221::7F02x6EKYIQV3VcTaTm7oN	11109	1221	7F02x6EKYIQV3VcTaTm7oN	Pink Floyd			Hey You			The Wall	Nostalgia	Nostalgia	aad3e196-d166-4efc-887d-533951e26efa	1	3	JlfSEFOyxMZ8v1U5
onion::1116::1291d9d3-d334-3c9d-9780-46c73b8736d1	9722	1116	1291d9d3-d334-3c9d-9780-46c73b8736d1	Arctic Monkeys	https://www.last.fm/music/Arctic+Monkeys/_/Temptation+Greets+You+Like+Your+Naughty+Friend	https://www.last.fm/music/Arctic%20Monkeys	Temptation Greets You Like Your Naughty Friend	https://www.last.fm/music/Arctic%20Monkeys/Brianstorm	0.0	Brianstorm	Enjoyment	Time Passing	20608062-da82-4fcd-8fde-e6331c0cd124	5	3	jpOpFL7WM44XP0ya
onion::1116::173131f3-8c1b-4d51-82c1-5da01bf68b39	9723	1116	173131f3-8c1b-4d51-82c1-5da01bf68b39	Paramore	https://www.last.fm/music/Paramore/_/26	https://www.last.fm/music/Paramore	26	https://www.last.fm/music/Paramore/After%20Laughter	0.0	After Laughter	Enjoyment	Time Passing	20608062-da82-4fcd-8fde-e6331c0cd124	5	3	L2yvC3lmRkiMGg0b
onion::1116::d81d6569-1b9a-40ef-8809-a88b2adabebd	9734	1116	d81d6569-1b9a-40ef-8809-a88b2adabebd	Bloc Party	https://www.last.fm/music/Bloc+Party/_/Trojan+Horse	https://www.last.fm/music/Bloc%20Party	Trojan Horse	https://www.last.fm/music/Bloc%20Party/Intimacy	0.0	Intimacy	Enjoyment	Time Passing	20608062-da82-4fcd-8fde-e6331c0cd124	5	3	zYWaKyOukIclucIw
onion::1116::0d000c96-ce84-34e5-a58c-447e45f92069	9740	1116	0d000c96-ce84-34e5-a58c-447e45f92069	Paramore	https://www.last.fm/music/Paramore/_/Let+the+Flames+Begin	https://www.last.fm/music/Paramore	Let the Flames Begin	https://www.last.fm/music/Paramore/RIOT!	0.0	RIOT!	Enjoyment	Time Passing	20608062-da82-4fcd-8fde-e6331c0cd124	5	3	UJP2ItYeIZDWBqVU
onion::1116::8356a7c5-b969-4174-ae46-197344f3dbb0	9743	1116	8356a7c5-b969-4174-ae46-197344f3dbb0	Vulfpeck	https://www.last.fm/music/Vulfpeck/_/Back+Pocket	https://www.last.fm/music/Vulfpeck	Back Pocket	https://www.last.fm/music/Vulfpeck/Thrill%20of%20the%20Arts	0.0	Thrill of the Arts	Enjoyment	Time Passing	20608062-da82-4fcd-8fde-e6331c0cd124	5	3	b4ZohTyn4pCHa0CL
onion::1116::0b787838-e40f-49dd-b22f-37276a520bfc	9745	1116	0b787838-e40f-49dd-b22f-37276a520bfc	Slipknot	https://www.last.fm/music/Slipknot/_/Me+Inside	https://www.last.fm/music/Slipknot	Me Inside	https://www.last.fm/music/Slipknot/Slipknot%20(10th%20Anniversary%20Edition)	0.0	Slipknot (10th Anniversary Edition)	Enjoyment	Time Passing	20608062-da82-4fcd-8fde-e6331c0cd124	5	3	LabWO4VjCvwqBSQ3
onion::1116::2ba34d80-f8db-40c8-94d5-3661954549bd	9756	1116	2ba34d80-f8db-40c8-94d5-3661954549bd	Michael Jackson	https://www.last.fm/music/Michael+Jackson/_/Heaven+Can+Wait	https://www.last.fm/music/Michael%20Jackson	Heaven Can Wait	https://www.last.fm/music/Michael%20Jackson/Invincible	0.0	Invincible	Enjoyment	Time Passing	20608062-da82-4fcd-8fde-e6331c0cd124	5	3	uGC0kSvB5NCHp8br
onion::1116::Bruno Mars-Grenade-1-208	9760	1116	Bruno Mars-Grenade-1-208	Bruno Mars	https://www.last.fm/music/Bruno+Mars/_/Grenade	https://www.last.fm/music/Bruno%20Mars	Grenade	https://www.last.fm/music/Bruno%20Mars/Doo-Wops%20%26%20Hooligans	0.0	Doo-Wops & Hooligans	Enjoyment	Time Passing	20608062-da82-4fcd-8fde-e6331c0cd124	5	3	i6sQnvbs1wdujJbo
onion::1116::c4c6251b-44b5-478e-b806-3401488d1070	9763	1116	c4c6251b-44b5-478e-b806-3401488d1070	Twenty One Pilots	https://www.last.fm/music/Twenty+One+Pilots/_/Doubt	https://www.last.fm/music/Twenty%20One%20Pilots	Doubt	https://www.last.fm/music/Twenty%20One%20Pilots/Blurryface	0.0	Blurryface	Enjoyment	Time Passing	20608062-da82-4fcd-8fde-e6331c0cd124	5	3	VmxNq22lP2rOXmkR
onion::1116::082c1186-cbba-4f85-9e87-328fcd2e96e6	9767	1116	082c1186-cbba-4f85-9e87-328fcd2e96e6	Twenty One Pilots	https://www.last.fm/music/Twenty+One+Pilots/_/Fall+Away	https://www.last.fm/music/Twenty%20One%20Pilots	Fall Away	https://www.last.fm/music/Twenty%20One%20Pilots/Twenty%20One%20Pilots	0.0	Twenty One Pilots	Enjoyment	Time Passing	20608062-da82-4fcd-8fde-e6331c0cd124	5	3	myoCvPb1dyaj0Tf0
onion::1116::51e017b0-12a0-4384-8c95-266eb39f960a	9769	1116	51e017b0-12a0-4384-8c95-266eb39f960a	Nicki Minaj	https://www.last.fm/music/Nicki+Minaj/_/Stupid+Hoe	https://www.last.fm/music/Nicki%20Minaj	Stupid Hoe	https://www.last.fm/music/Nicki%20Minaj/Pink%20Friday%20...%20Roman%20Reloaded%20(Deluxe)	0.0	Pink Friday ... Roman Reloaded (Deluxe)	Enjoyment	Time Passing	20608062-da82-4fcd-8fde-e6331c0cd124	5	3	sJ1U8EUHksZcyFW8
onion::1116::10cab099-bde3-434f-bddd-6b8df51beaca	9774	1116	10cab099-bde3-434f-bddd-6b8df51beaca	Melanie Martinez	https://www.last.fm/music/Melanie+Martinez/_/Cry+Baby	https://www.last.fm/music/Melanie%20Martinez	Cry Baby	https://www.last.fm/music/Melanie%20Martinez/Cry%20Baby%20(Deluxe%20Edition)	0.0	Cry Baby (Deluxe Edition)	Enjoyment	Time Passing	20608062-da82-4fcd-8fde-e6331c0cd124	5	3	vrgAfvzXKtwknKcb
onion::1116::02a578fd-ccc1-4d47-a1ca-f2dd8030cef2	9777	1116	02a578fd-ccc1-4d47-a1ca-f2dd8030cef2	Panic! at the Disco	https://www.last.fm/music/Panic!+at+the+Disco/_/Emperor%27s+New+Clothes	https://www.last.fm/music/Panic!%20at%20the%20Disco	Emperor's New Clothes	https://www.last.fm/music/Panic!%20at%20the%20Disco/Death%20of%20a%20Bachelor	0.0	Death of a Bachelor	Enjoyment	Time Passing	20608062-da82-4fcd-8fde-e6331c0cd124	5	3	gEm1UeJWVe2bbAEg
onion::1116::67a7aa1c-8551-4146-865e-4ca91f2b8d84	9779	1116	67a7aa1c-8551-4146-865e-4ca91f2b8d84	Charli xcx	https://www.last.fm/music/Charli+xcx/_/Boom+Clap	https://www.last.fm/music/Charli%20xcx	Boom Clap	https://www.last.fm/music/Charli%20xcx/SUCKER	0.0	SUCKER	Enjoyment	Time Passing	20608062-da82-4fcd-8fde-e6331c0cd124	5	3	lJnN4v7WNufYM3w9
onion::1116::0307c0b8-cf1b-4b1f-b966-bc01773015d9	9782	1116	0307c0b8-cf1b-4b1f-b966-bc01773015d9	Demi Lovato	https://www.last.fm/music/Demi+Lovato/_/Give+Your+Heart+a+Break	https://www.last.fm/music/Demi%20Lovato	Give Your Heart a Break	https://www.last.fm/music/Demi%20Lovato/Unbroken	0.0	Unbroken	Enjoyment	Time Passing	20608062-da82-4fcd-8fde-e6331c0cd124	5	3	pUuMeZzEklpCUpKt
onion::1116::0077b6df-b551-48d4-8f2a-039146ed3f31	9786	1116	0077b6df-b551-48d4-8f2a-039146ed3f31	5 Seconds of Summer	https://www.last.fm/music/5+Seconds+of+Summer/_/End+Up+Here	https://www.last.fm/music/5%20Seconds%20of%20Summer	End Up Here	https://www.last.fm/music/5%20Seconds%20of%20Summer/5%20Seconds%20of%20Summer	0.0	5 Seconds of Summer	Enjoyment	Time Passing	20608062-da82-4fcd-8fde-e6331c0cd124	5	3	jDwY4fyd0ReZhPLB
onion::1116::2205b485-8606-4491-9823-2d65062d363a	9788	1116	2205b485-8606-4491-9823-2d65062d363a	Fall Out Boy	https://www.last.fm/music/Fall+Out+Boy/_/Young+and+Menace	https://www.last.fm/music/Fall%20Out%20Boy	Young and Menace	https://www.last.fm/music/Fall%20Out%20Boy/MANIA	0.0	MANIA	Enjoyment	Time Passing	20608062-da82-4fcd-8fde-e6331c0cd124	5	3	ErEXLDslZjAyGZIC
onion::1116::Lorde-Royals-2-198	9789	1116	Lorde-Royals-2-198	Lorde	https://www.last.fm/music/Lorde/_/Royals	https://www.last.fm/music/Lorde	Royals	https://www.last.fm/music/Lorde/Pure%20Heroine	0.0	Pure Heroine	Enjoyment	Time Passing	20608062-da82-4fcd-8fde-e6331c0cd124	5	3	yfm7RER1PWTqgjIp
onion::1116::68f6f722-f5a0-4520-a339-5734af146a26	9795	1116	68f6f722-f5a0-4520-a339-5734af146a26	Twenty One Pilots	https://www.last.fm/music/Twenty+One+Pilots/_/Fake+You+Out	https://www.last.fm/music/Twenty%20One%20Pilots	Fake You Out	https://www.last.fm/music/Twenty%20One%20Pilots/Vessel	0.0	Vessel	Enjoyment	Time Passing	20608062-da82-4fcd-8fde-e6331c0cd124	5	3	4MMCSUPw4ybpd0i8
onion::1116::Imagine Dragons-Radioactive-3-108	9796	1116	Imagine Dragons-Radioactive-3-108	Imagine Dragons	https://www.last.fm/music/Imagine+Dragons/_/Radioactive	https://www.last.fm/music/Imagine%20Dragons	Radioactive	https://www.last.fm/music/Imagine%20Dragons/Night%20Visions	0.0	Night Visions	Enjoyment	Time Passing	20608062-da82-4fcd-8fde-e6331c0cd124	5	3	0ng9VQtWuSjd0arq
onion::1116::19cdfc2d-2ddc-4995-a192-91c8259be253	9809	1116	19cdfc2d-2ddc-4995-a192-91c8259be253	5 Seconds of Summer	https://www.last.fm/music/5+Seconds+of+Summer/_/Disconnected	https://www.last.fm/music/5%20Seconds%20of%20Summer	Disconnected	https://www.last.fm/music/5%20Seconds%20of%20Summer/She%20Looks%20So%20Perfect%20(B-Sides)	0.0	She Looks So Perfect (B-Sides)	Enjoyment	Time Passing	20608062-da82-4fcd-8fde-e6331c0cd124	5	3	MbsMbtYzJXtKnTZh
onion::1116::86cd9771-b0b4-40b2-a629-45f8567fe606	9817	1116	86cd9771-b0b4-40b2-a629-45f8567fe606	5 Seconds of Summer	https://www.last.fm/music/5+Seconds+of+Summer/_/Killer+Queen	https://www.last.fm/music/5%20Seconds%20of%20Summer	Killer Queen	https://www.last.fm/music/5%20Seconds%20of%20Summer/Killer%20Queen	0.0	Killer Queen	Enjoyment	Time Passing	20608062-da82-4fcd-8fde-e6331c0cd124	5	3	6o2mMWib3okSzD77
onion::1116::fe810cba-adaf-4a98-a068-9fb5f1f698b5	9825	1116	fe810cba-adaf-4a98-a068-9fb5f1f698b5	AJR	https://www.last.fm/music/AJR/_/100+Bad+Days	https://www.last.fm/music/AJR	100 Bad Days	https://www.last.fm/music/AJR/100%20Bad%20Days	0.0	100 Bad Days	Enjoyment	Time Passing	20608062-da82-4fcd-8fde-e6331c0cd124	5	3	4n8JcDsvrfZjIDlu
onion::1116::1aad05c0-29de-4fd7-b284-7b6d09b7bb35	9848	1116	1aad05c0-29de-4fd7-b284-7b6d09b7bb35	Chappell Roan	https://www.last.fm/music/Chappell+Roan/_/Bitter	https://www.last.fm/music/Chappell%20Roan	Bitter	https://www.last.fm/music/Chappell%20Roan/Bitter	0.0	Bitter	Enjoyment	Time Passing	20608062-da82-4fcd-8fde-e6331c0cd124	5	3	sHrYm3CcNEf674yA
onion::1116::1e053cbf-d235-4094-b357-6cec5e535cf0	9861	1116	1e053cbf-d235-4094-b357-6cec5e535cf0	Ariana Grande	https://www.last.fm/music/Ariana+Grande/_/fake+smile	https://www.last.fm/music/Ariana%20Grande	fake smile	https://www.last.fm/music/Ariana%20Grande/thank%20u%2C%20next	0.0	thank u, next	Enjoyment	Time Passing	20608062-da82-4fcd-8fde-e6331c0cd124	5	3	3shrACNQQ5eeQEAO
onion::1116::9325c23d-e466-403f-b3aa-3b81d2485a13	9862	1116	9325c23d-e466-403f-b3aa-3b81d2485a13	beabadoobee	https://www.last.fm/music/beabadoobee/_/Coffee	https://www.last.fm/music/beabadoobee	Coffee	https://www.last.fm/music/beabadoobee/Coffee	0.0	Coffee	Enjoyment	Time Passing	20608062-da82-4fcd-8fde-e6331c0cd124	5	3	lyuGSKrsUPzOJSPy
onion::1117::d771c353-1ddf-4271-96f7-d36a703a3717	9867	1117	d771c353-1ddf-4271-96f7-d36a703a3717	Paramore	https://www.last.fm/music/Paramore/_/The+Only+Exception	https://www.last.fm/music/Paramore	The Only Exception	https://www.last.fm/music/Paramore/brand%20new%20eyes	0.0	brand new eyes	Passion / Pleasure	Habitual Listening	20608062-da82-4fcd-8fde-e6331c0cd124	5	4	SGY1zM5vXy6T4rdB
onion::1117::173131f3-8c1b-4d51-82c1-5da01bf68b39	9871	1117	173131f3-8c1b-4d51-82c1-5da01bf68b39	Paramore	https://www.last.fm/music/Paramore/_/26	https://www.last.fm/music/Paramore	26	https://www.last.fm/music/Paramore/After%20Laughter	0.0	After Laughter	Passion / Pleasure	Habitual Listening	20608062-da82-4fcd-8fde-e6331c0cd124	5	4	L2yvC3lmRkiMGg0b
onion::1117::1291d9d3-d334-3c9d-9780-46c73b8736d1	9872	1117	1291d9d3-d334-3c9d-9780-46c73b8736d1	Arctic Monkeys	https://www.last.fm/music/Arctic+Monkeys/_/Temptation+Greets+You+Like+Your+Naughty+Friend	https://www.last.fm/music/Arctic%20Monkeys	Temptation Greets You Like Your Naughty Friend	https://www.last.fm/music/Arctic%20Monkeys/Brianstorm	0.0	Brianstorm	Passion / Pleasure	Habitual Listening	20608062-da82-4fcd-8fde-e6331c0cd124	5	4	jpOpFL7WM44XP0ya
onion::1117::d81d6569-1b9a-40ef-8809-a88b2adabebd	9881	1117	d81d6569-1b9a-40ef-8809-a88b2adabebd	Bloc Party	https://www.last.fm/music/Bloc+Party/_/Trojan+Horse	https://www.last.fm/music/Bloc%20Party	Trojan Horse	https://www.last.fm/music/Bloc%20Party/Intimacy	0.0	Intimacy	Passion / Pleasure	Habitual Listening	20608062-da82-4fcd-8fde-e6331c0cd124	5	4	zYWaKyOukIclucIw
onion::1117::0d000c96-ce84-34e5-a58c-447e45f92069	9892	1117	0d000c96-ce84-34e5-a58c-447e45f92069	Paramore	https://www.last.fm/music/Paramore/_/Let+the+Flames+Begin	https://www.last.fm/music/Paramore	Let the Flames Begin	https://www.last.fm/music/Paramore/RIOT!	0.0	RIOT!	Passion / Pleasure	Habitual Listening	20608062-da82-4fcd-8fde-e6331c0cd124	5	4	UJP2ItYeIZDWBqVU
onion::1117::8356a7c5-b969-4174-ae46-197344f3dbb0	9894	1117	8356a7c5-b969-4174-ae46-197344f3dbb0	Vulfpeck	https://www.last.fm/music/Vulfpeck/_/Back+Pocket	https://www.last.fm/music/Vulfpeck	Back Pocket	https://www.last.fm/music/Vulfpeck/Thrill%20of%20the%20Arts	0.0	Thrill of the Arts	Passion / Pleasure	Habitual Listening	20608062-da82-4fcd-8fde-e6331c0cd124	5	4	b4ZohTyn4pCHa0CL
onion::1117::0b787838-e40f-49dd-b22f-37276a520bfc	9895	1117	0b787838-e40f-49dd-b22f-37276a520bfc	Slipknot	https://www.last.fm/music/Slipknot/_/Me+Inside	https://www.last.fm/music/Slipknot	Me Inside	https://www.last.fm/music/Slipknot/Slipknot%20(10th%20Anniversary%20Edition)	0.0	Slipknot (10th Anniversary Edition)	Passion / Pleasure	Habitual Listening	20608062-da82-4fcd-8fde-e6331c0cd124	5	4	LabWO4VjCvwqBSQ3
onion::1117::2ba34d80-f8db-40c8-94d5-3661954549bd	9906	1117	2ba34d80-f8db-40c8-94d5-3661954549bd	Michael Jackson	https://www.last.fm/music/Michael+Jackson/_/Heaven+Can+Wait	https://www.last.fm/music/Michael%20Jackson	Heaven Can Wait	https://www.last.fm/music/Michael%20Jackson/Invincible	0.0	Invincible	Passion / Pleasure	Habitual Listening	20608062-da82-4fcd-8fde-e6331c0cd124	5	4	uGC0kSvB5NCHp8br
onion::1117::Bruno Mars-Grenade-1-208	9908	1117	Bruno Mars-Grenade-1-208	Bruno Mars	https://www.last.fm/music/Bruno+Mars/_/Grenade	https://www.last.fm/music/Bruno%20Mars	Grenade	https://www.last.fm/music/Bruno%20Mars/Doo-Wops%20%26%20Hooligans	0.0	Doo-Wops & Hooligans	Passion / Pleasure	Habitual Listening	20608062-da82-4fcd-8fde-e6331c0cd124	5	4	i6sQnvbs1wdujJbo
onion::1117::c4c6251b-44b5-478e-b806-3401488d1070	9911	1117	c4c6251b-44b5-478e-b806-3401488d1070	Twenty One Pilots	https://www.last.fm/music/Twenty+One+Pilots/_/Doubt	https://www.last.fm/music/Twenty%20One%20Pilots	Doubt	https://www.last.fm/music/Twenty%20One%20Pilots/Blurryface	0.0	Blurryface	Passion / Pleasure	Habitual Listening	20608062-da82-4fcd-8fde-e6331c0cd124	5	4	VmxNq22lP2rOXmkR
onion::1117::082c1186-cbba-4f85-9e87-328fcd2e96e6	9914	1117	082c1186-cbba-4f85-9e87-328fcd2e96e6	Twenty One Pilots	https://www.last.fm/music/Twenty+One+Pilots/_/Fall+Away	https://www.last.fm/music/Twenty%20One%20Pilots	Fall Away	https://www.last.fm/music/Twenty%20One%20Pilots/Twenty%20One%20Pilots	0.0	Twenty One Pilots	Passion / Pleasure	Habitual Listening	20608062-da82-4fcd-8fde-e6331c0cd124	5	4	myoCvPb1dyaj0Tf0
onion::1117::10cab099-bde3-434f-bddd-6b8df51beaca	9920	1117	10cab099-bde3-434f-bddd-6b8df51beaca	Melanie Martinez	https://www.last.fm/music/Melanie+Martinez/_/Cry+Baby	https://www.last.fm/music/Melanie%20Martinez	Cry Baby	https://www.last.fm/music/Melanie%20Martinez/Cry%20Baby%20(Deluxe%20Edition)	0.0	Cry Baby (Deluxe Edition)	Passion / Pleasure	Habitual Listening	20608062-da82-4fcd-8fde-e6331c0cd124	5	4	vrgAfvzXKtwknKcb
onion::1117::67a7aa1c-8551-4146-865e-4ca91f2b8d84	9924	1117	67a7aa1c-8551-4146-865e-4ca91f2b8d84	Charli xcx	https://www.last.fm/music/Charli+xcx/_/Boom+Clap	https://www.last.fm/music/Charli%20xcx	Boom Clap	https://www.last.fm/music/Charli%20xcx/SUCKER	0.0	SUCKER	Passion / Pleasure	Habitual Listening	20608062-da82-4fcd-8fde-e6331c0cd124	5	4	lJnN4v7WNufYM3w9
onion::1117::02a578fd-ccc1-4d47-a1ca-f2dd8030cef2	9926	1117	02a578fd-ccc1-4d47-a1ca-f2dd8030cef2	Panic! at the Disco	https://www.last.fm/music/Panic!+at+the+Disco/_/Emperor%27s+New+Clothes	https://www.last.fm/music/Panic!%20at%20the%20Disco	Emperor's New Clothes	https://www.last.fm/music/Panic!%20at%20the%20Disco/Death%20of%20a%20Bachelor	0.0	Death of a Bachelor	Passion / Pleasure	Habitual Listening	20608062-da82-4fcd-8fde-e6331c0cd124	5	4	gEm1UeJWVe2bbAEg
onion::1117::0307c0b8-cf1b-4b1f-b966-bc01773015d9	9930	1117	0307c0b8-cf1b-4b1f-b966-bc01773015d9	Demi Lovato	https://www.last.fm/music/Demi+Lovato/_/Give+Your+Heart+a+Break	https://www.last.fm/music/Demi%20Lovato	Give Your Heart a Break	https://www.last.fm/music/Demi%20Lovato/Unbroken	0.0	Unbroken	Passion / Pleasure	Habitual Listening	20608062-da82-4fcd-8fde-e6331c0cd124	5	4	pUuMeZzEklpCUpKt
onion::1117::0077b6df-b551-48d4-8f2a-039146ed3f31	9933	1117	0077b6df-b551-48d4-8f2a-039146ed3f31	5 Seconds of Summer	https://www.last.fm/music/5+Seconds+of+Summer/_/End+Up+Here	https://www.last.fm/music/5%20Seconds%20of%20Summer	End Up Here	https://www.last.fm/music/5%20Seconds%20of%20Summer/5%20Seconds%20of%20Summer	0.0	5 Seconds of Summer	Passion / Pleasure	Habitual Listening	20608062-da82-4fcd-8fde-e6331c0cd124	5	4	jDwY4fyd0ReZhPLB
onion::1117::2205b485-8606-4491-9823-2d65062d363a	9935	1117	2205b485-8606-4491-9823-2d65062d363a	Fall Out Boy	https://www.last.fm/music/Fall+Out+Boy/_/Young+and+Menace	https://www.last.fm/music/Fall%20Out%20Boy	Young and Menace	https://www.last.fm/music/Fall%20Out%20Boy/MANIA	0.0	MANIA	Passion / Pleasure	Habitual Listening	20608062-da82-4fcd-8fde-e6331c0cd124	5	4	ErEXLDslZjAyGZIC
onion::1117::Lorde-Royals-2-198	9936	1117	Lorde-Royals-2-198	Lorde	https://www.last.fm/music/Lorde/_/Royals	https://www.last.fm/music/Lorde	Royals	https://www.last.fm/music/Lorde/Pure%20Heroine	0.0	Pure Heroine	Passion / Pleasure	Habitual Listening	20608062-da82-4fcd-8fde-e6331c0cd124	5	4	yfm7RER1PWTqgjIp
onion::1117::68f6f722-f5a0-4520-a339-5734af146a26	9942	1117	68f6f722-f5a0-4520-a339-5734af146a26	Twenty One Pilots	https://www.last.fm/music/Twenty+One+Pilots/_/Fake+You+Out	https://www.last.fm/music/Twenty%20One%20Pilots	Fake You Out	https://www.last.fm/music/Twenty%20One%20Pilots/Vessel	0.0	Vessel	Passion / Pleasure	Habitual Listening	20608062-da82-4fcd-8fde-e6331c0cd124	5	4	4MMCSUPw4ybpd0i8
onion::1117::Imagine Dragons-Radioactive-3-108	9943	1117	Imagine Dragons-Radioactive-3-108	Imagine Dragons	https://www.last.fm/music/Imagine+Dragons/_/Radioactive	https://www.last.fm/music/Imagine%20Dragons	Radioactive	https://www.last.fm/music/Imagine%20Dragons/Night%20Visions	0.0	Night Visions	Passion / Pleasure	Habitual Listening	20608062-da82-4fcd-8fde-e6331c0cd124	5	4	0ng9VQtWuSjd0arq
onion::1117::19cdfc2d-2ddc-4995-a192-91c8259be253	9955	1117	19cdfc2d-2ddc-4995-a192-91c8259be253	5 Seconds of Summer	https://www.last.fm/music/5+Seconds+of+Summer/_/Disconnected	https://www.last.fm/music/5%20Seconds%20of%20Summer	Disconnected	https://www.last.fm/music/5%20Seconds%20of%20Summer/She%20Looks%20So%20Perfect%20(B-Sides)	0.0	She Looks So Perfect (B-Sides)	Passion / Pleasure	Habitual Listening	20608062-da82-4fcd-8fde-e6331c0cd124	5	4	MbsMbtYzJXtKnTZh
onion::1117::8590bfca-7f28-4b72-8b9c-81935def4281	9964	1117	8590bfca-7f28-4b72-8b9c-81935def4281	Arctic Monkeys	https://www.last.fm/music/Arctic+Monkeys/_/Teddy+Picker	https://www.last.fm/music/Arctic%20Monkeys	Teddy Picker	https://www.last.fm/music/Arctic%20Monkeys/Teddy%20Picker	0.0	Teddy Picker	Passion / Pleasure	Habitual Listening	20608062-da82-4fcd-8fde-e6331c0cd124	5	4	tPtD2D5GB2YE56D0
onion::1117::fe810cba-adaf-4a98-a068-9fb5f1f698b5	9970	1117	fe810cba-adaf-4a98-a068-9fb5f1f698b5	AJR	https://www.last.fm/music/AJR/_/100+Bad+Days	https://www.last.fm/music/AJR	100 Bad Days	https://www.last.fm/music/AJR/100%20Bad%20Days	0.0	100 Bad Days	Passion / Pleasure	Habitual Listening	20608062-da82-4fcd-8fde-e6331c0cd124	5	4	4n8JcDsvrfZjIDlu
onion::1117::1e053cbf-d235-4094-b357-6cec5e535cf0	9974	1117	1e053cbf-d235-4094-b357-6cec5e535cf0	Ariana Grande	https://www.last.fm/music/Ariana+Grande/_/fake+smile	https://www.last.fm/music/Ariana%20Grande	fake smile	https://www.last.fm/music/Ariana%20Grande/thank%20u%2C%20next	0.0	thank u, next	Passion / Pleasure	Habitual Listening	20608062-da82-4fcd-8fde-e6331c0cd124	5	4	3shrACNQQ5eeQEAO
onion::1221::2gTnu5RZNVFVnWdjLnyUA5	11113	1221	2gTnu5RZNVFVnWdjLnyUA5	Pink Floyd			Nobody Home			The Wall	Nostalgia	Nostalgia	aad3e196-d166-4efc-887d-533951e26efa	1	3	0IOVWAhbdf1CsekA
onion::1117::1aad05c0-29de-4fd7-b284-7b6d09b7bb35	9986	1117	1aad05c0-29de-4fd7-b284-7b6d09b7bb35	Chappell Roan	https://www.last.fm/music/Chappell+Roan/_/Bitter	https://www.last.fm/music/Chappell%20Roan	Bitter	https://www.last.fm/music/Chappell%20Roan/Bitter	0.0	Bitter	Passion / Pleasure	Habitual Listening	20608062-da82-4fcd-8fde-e6331c0cd124	5	4	sHrYm3CcNEf674yA
onion::1118::126241da-d2cb-42c2-a40e-f30909057647	10003	1118	126241da-d2cb-42c2-a40e-f30909057647	Bruno Mars	https://www.last.fm/music/Bruno+Mars/_/When+I+Was+Your+Man	https://www.last.fm/music/Bruno%20Mars	When I Was Your Man	https://www.last.fm/music/Bruno%20Mars/Unorthodox%20Jukebox	0.0	Unorthodox Jukebox	Motivation	Background Utility	20608062-da82-4fcd-8fde-e6331c0cd124	5	4	U5F4JMfzI49fpU4E
onion::1118::d771c353-1ddf-4271-96f7-d36a703a3717	10007	1118	d771c353-1ddf-4271-96f7-d36a703a3717	Paramore	https://www.last.fm/music/Paramore/_/The+Only+Exception	https://www.last.fm/music/Paramore	The Only Exception	https://www.last.fm/music/Paramore/brand%20new%20eyes	0.0	brand new eyes	Motivation	Background Utility	20608062-da82-4fcd-8fde-e6331c0cd124	5	4	SGY1zM5vXy6T4rdB
onion::1118::d81d6569-1b9a-40ef-8809-a88b2adabebd	10016	1118	d81d6569-1b9a-40ef-8809-a88b2adabebd	Bloc Party	https://www.last.fm/music/Bloc+Party/_/Trojan+Horse	https://www.last.fm/music/Bloc%20Party	Trojan Horse	https://www.last.fm/music/Bloc%20Party/Intimacy	0.0	Intimacy	Motivation	Background Utility	20608062-da82-4fcd-8fde-e6331c0cd124	5	4	zYWaKyOukIclucIw
onion::1118::8356a7c5-b969-4174-ae46-197344f3dbb0	10026	1118	8356a7c5-b969-4174-ae46-197344f3dbb0	Vulfpeck	https://www.last.fm/music/Vulfpeck/_/Back+Pocket	https://www.last.fm/music/Vulfpeck	Back Pocket	https://www.last.fm/music/Vulfpeck/Thrill%20of%20the%20Arts	0.0	Thrill of the Arts	Motivation	Background Utility	20608062-da82-4fcd-8fde-e6331c0cd124	5	4	b4ZohTyn4pCHa0CL
onion::1221::2DVkYfl2YuOMlRfC98srEG	11114	1221	2DVkYfl2YuOMlRfC98srEG	Pink Floyd			Waiting for the Worms			The Wall	Nostalgia	Nostalgia	aad3e196-d166-4efc-887d-533951e26efa	1	3	6qNbHN2lGfuVydmr
onion::1118::2ba34d80-f8db-40c8-94d5-3661954549bd	10036	1118	2ba34d80-f8db-40c8-94d5-3661954549bd	Michael Jackson	https://www.last.fm/music/Michael+Jackson/_/Heaven+Can+Wait	https://www.last.fm/music/Michael%20Jackson	Heaven Can Wait	https://www.last.fm/music/Michael%20Jackson/Invincible	0.0	Invincible	Motivation	Background Utility	20608062-da82-4fcd-8fde-e6331c0cd124	5	4	uGC0kSvB5NCHp8br
onion::1118::Bruno Mars-Grenade-1-208	10040	1118	Bruno Mars-Grenade-1-208	Bruno Mars	https://www.last.fm/music/Bruno+Mars/_/Grenade	https://www.last.fm/music/Bruno%20Mars	Grenade	https://www.last.fm/music/Bruno%20Mars/Doo-Wops%20%26%20Hooligans	0.0	Doo-Wops & Hooligans	Motivation	Background Utility	20608062-da82-4fcd-8fde-e6331c0cd124	5	4	i6sQnvbs1wdujJbo
onion::1118::c4c6251b-44b5-478e-b806-3401488d1070	10045	1118	c4c6251b-44b5-478e-b806-3401488d1070	Twenty One Pilots	https://www.last.fm/music/Twenty+One+Pilots/_/Doubt	https://www.last.fm/music/Twenty%20One%20Pilots	Doubt	https://www.last.fm/music/Twenty%20One%20Pilots/Blurryface	0.0	Blurryface	Motivation	Background Utility	20608062-da82-4fcd-8fde-e6331c0cd124	5	4	VmxNq22lP2rOXmkR
onion::1118::51e017b0-12a0-4384-8c95-266eb39f960a	10049	1118	51e017b0-12a0-4384-8c95-266eb39f960a	Nicki Minaj	https://www.last.fm/music/Nicki+Minaj/_/Stupid+Hoe	https://www.last.fm/music/Nicki%20Minaj	Stupid Hoe	https://www.last.fm/music/Nicki%20Minaj/Pink%20Friday%20...%20Roman%20Reloaded%20(Deluxe)	0.0	Pink Friday ... Roman Reloaded (Deluxe)	Motivation	Background Utility	20608062-da82-4fcd-8fde-e6331c0cd124	5	4	sJ1U8EUHksZcyFW8
onion::1118::082c1186-cbba-4f85-9e87-328fcd2e96e6	10050	1118	082c1186-cbba-4f85-9e87-328fcd2e96e6	Twenty One Pilots	https://www.last.fm/music/Twenty+One+Pilots/_/Fall+Away	https://www.last.fm/music/Twenty%20One%20Pilots	Fall Away	https://www.last.fm/music/Twenty%20One%20Pilots/Twenty%20One%20Pilots	0.0	Twenty One Pilots	Motivation	Background Utility	20608062-da82-4fcd-8fde-e6331c0cd124	5	4	myoCvPb1dyaj0Tf0
onion::1118::10cab099-bde3-434f-bddd-6b8df51beaca	10055	1118	10cab099-bde3-434f-bddd-6b8df51beaca	Melanie Martinez	https://www.last.fm/music/Melanie+Martinez/_/Cry+Baby	https://www.last.fm/music/Melanie%20Martinez	Cry Baby	https://www.last.fm/music/Melanie%20Martinez/Cry%20Baby%20(Deluxe%20Edition)	0.0	Cry Baby (Deluxe Edition)	Motivation	Background Utility	20608062-da82-4fcd-8fde-e6331c0cd124	5	4	vrgAfvzXKtwknKcb
onion::1119::126241da-d2cb-42c2-a40e-f30909057647	10056	1119	126241da-d2cb-42c2-a40e-f30909057647	Bruno Mars	https://www.last.fm/music/Bruno+Mars/_/When+I+Was+Your+Man	https://www.last.fm/music/Bruno%20Mars	When I Was Your Man	https://www.last.fm/music/Bruno%20Mars/Unorthodox%20Jukebox	0.0	Unorthodox Jukebox	Relief	Relief	20608062-da82-4fcd-8fde-e6331c0cd124	5	4	U5F4JMfzI49fpU4E
onion::1119::d771c353-1ddf-4271-96f7-d36a703a3717	10058	1119	d771c353-1ddf-4271-96f7-d36a703a3717	Paramore	https://www.last.fm/music/Paramore/_/The+Only+Exception	https://www.last.fm/music/Paramore	The Only Exception	https://www.last.fm/music/Paramore/brand%20new%20eyes	0.0	brand new eyes	Relief	Relief	20608062-da82-4fcd-8fde-e6331c0cd124	5	4	SGY1zM5vXy6T4rdB
onion::1119::173131f3-8c1b-4d51-82c1-5da01bf68b39	10060	1119	173131f3-8c1b-4d51-82c1-5da01bf68b39	Paramore	https://www.last.fm/music/Paramore/_/26	https://www.last.fm/music/Paramore	26	https://www.last.fm/music/Paramore/After%20Laughter	0.0	After Laughter	Relief	Relief	20608062-da82-4fcd-8fde-e6331c0cd124	5	4	L2yvC3lmRkiMGg0b
onion::1120::126241da-d2cb-42c2-a40e-f30909057647	10062	1120	126241da-d2cb-42c2-a40e-f30909057647	Bruno Mars	https://www.last.fm/music/Bruno+Mars/_/When+I+Was+Your+Man	https://www.last.fm/music/Bruno%20Mars	When I Was Your Man	https://www.last.fm/music/Bruno%20Mars/Unorthodox%20Jukebox	0.0	Unorthodox Jukebox	Distraction	Distraction	20608062-da82-4fcd-8fde-e6331c0cd124	5	4	U5F4JMfzI49fpU4E
onion::1120::d771c353-1ddf-4271-96f7-d36a703a3717	10064	1120	d771c353-1ddf-4271-96f7-d36a703a3717	Paramore	https://www.last.fm/music/Paramore/_/The+Only+Exception	https://www.last.fm/music/Paramore	The Only Exception	https://www.last.fm/music/Paramore/brand%20new%20eyes	0.0	brand new eyes	Distraction	Distraction	20608062-da82-4fcd-8fde-e6331c0cd124	5	4	SGY1zM5vXy6T4rdB
onion::1120::173131f3-8c1b-4d51-82c1-5da01bf68b39	10065	1120	173131f3-8c1b-4d51-82c1-5da01bf68b39	Paramore	https://www.last.fm/music/Paramore/_/26	https://www.last.fm/music/Paramore	26	https://www.last.fm/music/Paramore/After%20Laughter	0.0	After Laughter	Distraction	Distraction	20608062-da82-4fcd-8fde-e6331c0cd124	5	4	L2yvC3lmRkiMGg0b
onion::1121::1291d9d3-d334-3c9d-9780-46c73b8736d1	10067	1121	1291d9d3-d334-3c9d-9780-46c73b8736d1	Arctic Monkeys	https://www.last.fm/music/Arctic+Monkeys/_/Temptation+Greets+You+Like+Your+Naughty+Friend	https://www.last.fm/music/Arctic%20Monkeys	Temptation Greets You Like Your Naughty Friend	https://www.last.fm/music/Arctic%20Monkeys/Brianstorm	0.0	Brianstorm	Calming	Frustration Venting	20608062-da82-4fcd-8fde-e6331c0cd124	2	2	jpOpFL7WM44XP0ya
onion::1121::0d000c96-ce84-34e5-a58c-447e45f92069	10070	1121	0d000c96-ce84-34e5-a58c-447e45f92069	Paramore	https://www.last.fm/music/Paramore/_/Let+the+Flames+Begin	https://www.last.fm/music/Paramore	Let the Flames Begin	https://www.last.fm/music/Paramore/RIOT!	0.0	RIOT!	Calming	Frustration Venting	20608062-da82-4fcd-8fde-e6331c0cd124	2	2	UJP2ItYeIZDWBqVU
onion::1122::126241da-d2cb-42c2-a40e-f30909057647	10071	1122	126241da-d2cb-42c2-a40e-f30909057647	Bruno Mars	https://www.last.fm/music/Bruno+Mars/_/When+I+Was+Your+Man	https://www.last.fm/music/Bruno%20Mars	When I Was Your Man	https://www.last.fm/music/Bruno%20Mars/Unorthodox%20Jukebox	0.0	Unorthodox Jukebox	Bonding / Connection to others	Shared Taste	20608062-da82-4fcd-8fde-e6331c0cd124	1	1	U5F4JMfzI49fpU4E
onion::1123::dec626ab-9c8c-44b8-96b2-38ca03da55f7	10079	1123	dec626ab-9c8c-44b8-96b2-38ca03da55f7	Hilary Duff	https://www.last.fm/music/Hilary+Duff/_/Fly	https://www.last.fm/music/Hilary%20Duff	Fly	https://www.last.fm/music/Hilary%20Duff/Hilary%20Duff	0.0	Hilary Duff	Nostalgia	Nostalgia	246d222f-f40f-4587-90c6-4e5822c141dc	2	3	Uvswwvfa5JSpeVIJ
onion::1123::931f1b3c-c652-4208-9b66-563ab47ee114	10084	1123	931f1b3c-c652-4208-9b66-563ab47ee114	Alan Jackson	https://www.last.fm/music/Alan+Jackson/_/Chattahoochee	https://www.last.fm/music/Alan%20Jackson	Chattahoochee	https://www.last.fm/music/Alan%20Jackson/A%20Lot%20About%20Livin'%20(And%20a%20Little%20'Bout%20Love)	0.0	A Lot About Livin' (And a Little 'Bout Love)	Nostalgia	Nostalgia	246d222f-f40f-4587-90c6-4e5822c141dc	2	3	0XKrI3m6kDLxvSM1
onion::1123::7ee2797e-d687-308f-8807-525a36172f50	10085	1123	7ee2797e-d687-308f-8807-525a36172f50	Green Day	https://www.last.fm/music/Green+Day/_/American+Idiot	https://www.last.fm/music/Green%20Day	American Idiot	https://www.last.fm/music/Green%20Day/American%20Idiot	0.0	American Idiot	Nostalgia	Nostalgia	246d222f-f40f-4587-90c6-4e5822c141dc	2	3	l0ahobbDqRsCaepj
onion::1123::57a2bcaa-5e46-4321-82a4-e50b56f2c2bf	10090	1123	57a2bcaa-5e46-4321-82a4-e50b56f2c2bf	Smash Mouth	https://www.last.fm/music/Smash+Mouth/_/All+Star	https://www.last.fm/music/Smash%20Mouth	All Star	https://www.last.fm/music/Smash%20Mouth/Astro%20Lounge	0.0	Astro Lounge	Nostalgia	Nostalgia	246d222f-f40f-4587-90c6-4e5822c141dc	2	3	oqLVWJQ5bISwcFRb
onion::1123::2d48740e-aeb9-4e16-a4e5-c501dc08c60a	10093	1123	2d48740e-aeb9-4e16-a4e5-c501dc08c60a	Hilary Duff	https://www.last.fm/music/Hilary+Duff/_/Stranger	https://www.last.fm/music/Hilary%20Duff	Stranger	https://www.last.fm/music/Hilary%20Duff/Dignity	0.0	Dignity	Nostalgia	Nostalgia	246d222f-f40f-4587-90c6-4e5822c141dc	2	3	HwBiVqoMT7pVUg8X
onion::1123::094eb85b-1b53-4f80-98e1-790147c04d42	10095	1123	094eb85b-1b53-4f80-98e1-790147c04d42	Hilary Duff	https://www.last.fm/music/Hilary+Duff/_/Why+Not	https://www.last.fm/music/Hilary%20Duff	Why Not	https://www.last.fm/music/Hilary%20Duff/Metamorphosis	0.0	Metamorphosis	Nostalgia	Nostalgia	246d222f-f40f-4587-90c6-4e5822c141dc	2	3	mkN4IUHjvqT7uC8F
onion::1123::dbc6163b-e4dc-4ecd-9c30-eec429758237	10096	1123	dbc6163b-e4dc-4ecd-9c30-eec429758237	Hilary Duff	https://www.last.fm/music/Hilary+Duff/_/Someone%27s+Watching+Over+Me	https://www.last.fm/music/Hilary%20Duff	Someone's Watching Over Me	https://www.last.fm/music/Hilary%20Duff/Hilary%20Duff	0.0	Hilary Duff	Nostalgia	Nostalgia	246d222f-f40f-4587-90c6-4e5822c141dc	2	3	9pX8RnMgFlSITatm
onion::1123::013038d3-6959-3f80-b3e1-f064ff845657	10097	1123	013038d3-6959-3f80-b3e1-f064ff845657	Hilary Duff	https://www.last.fm/music/Hilary+Duff/_/So+Yesterday	https://www.last.fm/music/Hilary%20Duff	So Yesterday	https://www.last.fm/music/Hilary%20Duff/Metamorphosis	0.0	Metamorphosis	Nostalgia	Nostalgia	246d222f-f40f-4587-90c6-4e5822c141dc	2	3	fqotTYeTLpnRj3lF
onion::1123::5c002591-4290-3a45-a358-8af37b238998	10100	1123	5c002591-4290-3a45-a358-8af37b238998	Hilary Duff	https://www.last.fm/music/Hilary+Duff/_/Jericho	https://www.last.fm/music/Hilary%20Duff	Jericho	https://www.last.fm/music/Hilary%20Duff/Hilary%20Duff	0.0	Hilary Duff	Nostalgia	Nostalgia	246d222f-f40f-4587-90c6-4e5822c141dc	2	3	uXGFCuAUSmYy5QdJ
onion::1123::Kenny Rogers-Coward of the County-1-105	10102	1123	Kenny Rogers-Coward of the County-1-105	Kenny Rogers	https://www.last.fm/music/Kenny+Rogers/_/Coward+of+the+County	https://www.last.fm/music/Kenny%20Rogers	Coward of the County	https://www.last.fm/music/Kenny%20Rogers/Kenny	0.0	Kenny	Nostalgia	Nostalgia	246d222f-f40f-4587-90c6-4e5822c141dc	2	3	qmVsMtn6A1vf9xMu
onion::1123::ea921832-6010-303d-8786-d4acd322b04a	10103	1123	ea921832-6010-303d-8786-d4acd322b04a	Little Big Town	https://www.last.fm/music/Little+Big+Town/_/Pontoon	https://www.last.fm/music/Little%20Big%20Town	Pontoon	https://www.last.fm/music/Little%20Big%20Town/Tornado	0.0	Tornado	Nostalgia	Nostalgia	246d222f-f40f-4587-90c6-4e5822c141dc	2	3	mgc8KHTdsqOkuAwz
onion::1123::0aadaf25-7f56-3748-8cd7-02c7540cb8b3	10104	1123	0aadaf25-7f56-3748-8cd7-02c7540cb8b3	David Lee Murphy	https://www.last.fm/music/David+Lee+Murphy/_/Dust+on+the+Bottle	https://www.last.fm/music/David%20Lee%20Murphy	Dust on the Bottle	https://www.last.fm/music/David%20Lee%20Murphy/Out%20with%20a%20Bang	0.0	Out with a Bang	Nostalgia	Nostalgia	246d222f-f40f-4587-90c6-4e5822c141dc	2	3	iQgor5Z4dUmb09JB
onion::1123::606fe223-1d5a-4927-81ee-0c40604d6b77	10106	1123	606fe223-1d5a-4927-81ee-0c40604d6b77	Dolly Parton	https://www.last.fm/music/Dolly+Parton/_/Jolene	https://www.last.fm/music/Dolly%20Parton	Jolene	https://www.last.fm/music/Dolly%20Parton/Jolene	0.0	Jolene	Nostalgia	Nostalgia	246d222f-f40f-4587-90c6-4e5822c141dc	2	3	IQ18pAadvThQNBDX
onion::1123::Kenny Rogers-Lucille-1-149	10107	1123	Kenny Rogers-Lucille-1-149	Kenny Rogers	https://www.last.fm/music/Kenny+Rogers/_/Lucille	https://www.last.fm/music/Kenny%20Rogers	Lucille	https://www.last.fm/music/Kenny%20Rogers/Kenny%20Rogers	0.0	Kenny Rogers	Nostalgia	Nostalgia	246d222f-f40f-4587-90c6-4e5822c141dc	2	3	OfTwKCy6gpDAnyx6
onion::1123::3519966e-6555-40a6-8e05-fae59ef6f5dc	10108	1123	3519966e-6555-40a6-8e05-fae59ef6f5dc	My Chemical Romance	https://www.last.fm/music/My+Chemical+Romance/_/Teenagers	https://www.last.fm/music/My%20Chemical%20Romance	Teenagers	https://www.last.fm/music/My%20Chemical%20Romance/The%20Black%20Parade	0.0	The Black Parade	Nostalgia	Nostalgia	246d222f-f40f-4587-90c6-4e5822c141dc	2	3	OzPQrP2eZhsEsx90
onion::1123::48ccb8d6-1309-487d-bec1-1da3d6ccdf94	10109	1123	48ccb8d6-1309-487d-bec1-1da3d6ccdf94	Puddle of Mudd	https://www.last.fm/music/Puddle+of+Mudd/_/She+Hates+Me	https://www.last.fm/music/Puddle%20of%20Mudd	She Hates Me	https://www.last.fm/music/Puddle%20of%20Mudd/Come%20Clean	0.0	Come Clean	Nostalgia	Nostalgia	246d222f-f40f-4587-90c6-4e5822c141dc	2	3	yEbjUv5FN9kHGC7e
onion::1123::04e4a3ee-004f-4d48-8ec2-9c7a8e08a1cd	10111	1123	04e4a3ee-004f-4d48-8ec2-9c7a8e08a1cd	Sum 41	https://www.last.fm/music/Sum+41/_/Fat+Lip	https://www.last.fm/music/Sum%2041	Fat Lip	https://www.last.fm/music/Sum%2041/All%20Killer%2C%20No%20Filler	0.0	All Killer, No Filler	Nostalgia	Nostalgia	246d222f-f40f-4587-90c6-4e5822c141dc	2	3	TN3i0tNvCfeSpteo
onion::1123::Bowling for Soup-1985-1-239	10114	1123	Bowling for Soup-1985-1-239	Bowling for Soup	https://www.last.fm/music/Bowling+for+Soup/_/1985	https://www.last.fm/music/Bowling%20for%20Soup	1985	https://www.last.fm/music/Bowling%20for%20Soup/A%20Hangover%20You%20Don't%20Deserve	0.0	A Hangover You Don't Deserve	Nostalgia	Nostalgia	246d222f-f40f-4587-90c6-4e5822c141dc	2	3	UQETWJ8f69Kkkgn5
onion::1123::Fountains of Wayne-Stacy's Mom-1-267	10118	1123	Fountains of Wayne-Stacy's Mom-1-267	Fountains of Wayne	https://www.last.fm/music/Fountains+of+Wayne/_/Stacy%27s+Mom	https://www.last.fm/music/Fountains%20of%20Wayne	Stacy's Mom	https://www.last.fm/music/Fountains%20of%20Wayne/Welcome%20Interstate%20Managers	0.0	Welcome Interstate Managers	Nostalgia	Nostalgia	246d222f-f40f-4587-90c6-4e5822c141dc	2	3	Kq9UoCXMw1ngH7NA
onion::1123::Simple Plan-Perfect-1-269	10120	1123	Simple Plan-Perfect-1-269	Simple Plan	https://www.last.fm/music/Simple+Plan/_/Perfect	https://www.last.fm/music/Simple%20Plan	Perfect	https://www.last.fm/music/Simple%20Plan/No%20Pads%2C%20No%20Helmets...Just%20Balls%20(15th%20Anniversary%20Tour%20Edition)	0.0	No Pads, No Helmets...Just Balls (15th Anniversary Tour Edition)	Nostalgia	Nostalgia	246d222f-f40f-4587-90c6-4e5822c141dc	2	3	FMfUsZZ2z5MASfXh
onion::1124::R.E.M.-Everybody Hurts-1-30	10122	1124	R.E.M.-Everybody Hurts-1-30	R.E.M.	https://www.last.fm/music/R.E.M./_/Everybody+Hurts	https://www.last.fm/music/R.E.M.	Everybody Hurts	https://www.last.fm/music/R.E.M./Automatic%20for%20the%20People	0.0	Automatic for the People	(Self-) Reflection / Introspection	Self-Reflection	246d222f-f40f-4587-90c6-4e5822c141dc	2	3	sFqCHGK5lz4pgEvg
onion::1124::2e95b60b-3c72-43f4-a0df-7c37b56d4d8f	10128	1124	2e95b60b-3c72-43f4-a0df-7c37b56d4d8f	The Pretty Reckless	https://www.last.fm/music/The+Pretty+Reckless/_/Already+Dead	https://www.last.fm/music/The%20Pretty%20Reckless	Already Dead	https://www.last.fm/music/The%20Pretty%20Reckless/Who%20You%20Selling%20For	0.0	Who You Selling For	(Self-) Reflection / Introspection	Self-Reflection	246d222f-f40f-4587-90c6-4e5822c141dc	2	3	RkUYPWSyHgogc9K3
onion::1124::05d98930-3c95-4a9f-87a7-c766ac2733c7	10133	1124	05d98930-3c95-4a9f-87a7-c766ac2733c7	Lenka	https://www.last.fm/music/Lenka/_/Trouble+Is+a+Friend	https://www.last.fm/music/Lenka	Trouble Is a Friend	https://www.last.fm/music/Lenka/Lenka%20(Expanded%20Edition)	0.0	Lenka (Expanded Edition)	(Self-) Reflection / Introspection	Self-Reflection	246d222f-f40f-4587-90c6-4e5822c141dc	2	3	obuGx2YICULJSILd
onion::1125::7ee2797e-d687-308f-8807-525a36172f50	10140	1125	7ee2797e-d687-308f-8807-525a36172f50	Green Day	https://www.last.fm/music/Green+Day/_/American+Idiot	https://www.last.fm/music/Green%20Day	American Idiot	https://www.last.fm/music/Green%20Day/American%20Idiot	0.0	American Idiot	Calming	Frustration Venting	246d222f-f40f-4587-90c6-4e5822c141dc	3	4	l0ahobbDqRsCaepj
onion::1126::3fpK9ipCTfhqla2rIjw42c	10146	1126	3fpK9ipCTfhqla2rIjw42c	Immortal Technique	spotify:track:3fpK9ipCTfhqla2rIjw42c	spotify:artist:7h8ja4JSORo2sXJPmCXRxa	The Cause of Death	spotify:album:7wFFgBFdFJDvAM8ZHue160	353240.0	Revolutionary Vol. 2	Emotion (regulation)	Emotional Resonance	246d222f-f40f-4587-90c6-4e5822c141dc	3	3	N4p5ZLBTGdKs7pSy
onion::1127::Lin-Manuel Miranda-Aaron Burr, Sir-1-3	10153	1127	Lin-Manuel Miranda-Aaron Burr, Sir-1-3	Lin-Manuel Miranda	https://www.last.fm/music/Lin-Manuel+Miranda/_/Aaron+Burr,+Sir	https://www.last.fm/music/Lin-Manuel%20Miranda	Aaron Burr, Sir	https://www.last.fm/music/Lin-Manuel%20Miranda/Hamilton%20(Original%20Broadway%20Cast%20Recording)	0.0	Hamilton (Original Broadway Cast Recording)	Entertainment	Singing Along	246d222f-f40f-4587-90c6-4e5822c141dc	4	5	t6Sus28YZiISkUne
onion::1127::57a2bcaa-5e46-4321-82a4-e50b56f2c2bf	10169	1127	57a2bcaa-5e46-4321-82a4-e50b56f2c2bf	Smash Mouth	https://www.last.fm/music/Smash+Mouth/_/All+Star	https://www.last.fm/music/Smash%20Mouth	All Star	https://www.last.fm/music/Smash%20Mouth/Astro%20Lounge	0.0	Astro Lounge	Entertainment	Singing Along	246d222f-f40f-4587-90c6-4e5822c141dc	4	5	oqLVWJQ5bISwcFRb
onion::1128::R.E.M.-Everybody Hurts-1-30	10171	1128	R.E.M.-Everybody Hurts-1-30	R.E.M.	https://www.last.fm/music/R.E.M./_/Everybody+Hurts	https://www.last.fm/music/R.E.M.	Everybody Hurts	https://www.last.fm/music/R.E.M./Automatic%20for%20the%20People	0.0	Automatic for the People	Relief	Relief	246d222f-f40f-4587-90c6-4e5822c141dc	1	2	sFqCHGK5lz4pgEvg
onion::1128::dec626ab-9c8c-44b8-96b2-38ca03da55f7	10175	1128	dec626ab-9c8c-44b8-96b2-38ca03da55f7	Hilary Duff	https://www.last.fm/music/Hilary+Duff/_/Fly	https://www.last.fm/music/Hilary%20Duff	Fly	https://www.last.fm/music/Hilary%20Duff/Hilary%20Duff	0.0	Hilary Duff	Relief	Relief	246d222f-f40f-4587-90c6-4e5822c141dc	1	2	Uvswwvfa5JSpeVIJ
onion::1129::94b0830d-296d-4372-a355-323607796a68	10177	1129	94b0830d-296d-4372-a355-323607796a68	Lily Allen	https://www.last.fm/music/Lily+Allen/_/Smile	https://www.last.fm/music/Lily%20Allen	Smile	https://www.last.fm/music/Lily%20Allen/Alright%2C%20Still%20(Bonus%20Track%20Version)	0.0	Alright, Still (Bonus Track Version)	Relaxing	Comfort and Security	246d222f-f40f-4587-90c6-4e5822c141dc	1	2	mDZtvY9S6ibMwHFx
onion::1130::Lin-Manuel Miranda-Aaron Burr, Sir-1-3	10184	1130	Lin-Manuel Miranda-Aaron Burr, Sir-1-3	Lin-Manuel Miranda	https://www.last.fm/music/Lin-Manuel+Miranda/_/Aaron+Burr,+Sir	https://www.last.fm/music/Lin-Manuel%20Miranda	Aaron Burr, Sir	https://www.last.fm/music/Lin-Manuel%20Miranda/Hamilton%20(Original%20Broadway%20Cast%20Recording)	0.0	Hamilton (Original Broadway Cast Recording)	Beliefs	Political Expression	246d222f-f40f-4587-90c6-4e5822c141dc	4	4	t6Sus28YZiISkUne
onion::1131::R.E.M.-Everybody Hurts-1-30	10203	1131	R.E.M.-Everybody Hurts-1-30	R.E.M.	https://www.last.fm/music/R.E.M./_/Everybody+Hurts	https://www.last.fm/music/R.E.M.	Everybody Hurts	https://www.last.fm/music/R.E.M./Automatic%20for%20the%20People	0.0	Automatic for the People	Meaningful Engagement / Purpose	Life Meaning & Structure	246d222f-f40f-4587-90c6-4e5822c141dc	1	2	sFqCHGK5lz4pgEvg
onion::1131::2d48740e-aeb9-4e16-a4e5-c501dc08c60a	10206	1131	2d48740e-aeb9-4e16-a4e5-c501dc08c60a	Hilary Duff	https://www.last.fm/music/Hilary+Duff/_/Stranger	https://www.last.fm/music/Hilary%20Duff	Stranger	https://www.last.fm/music/Hilary%20Duff/Dignity	0.0	Dignity	Meaningful Engagement / Purpose	Life Meaning & Structure	246d222f-f40f-4587-90c6-4e5822c141dc	1	2	HwBiVqoMT7pVUg8X
onion::1131::094eb85b-1b53-4f80-98e1-790147c04d42	10208	1131	094eb85b-1b53-4f80-98e1-790147c04d42	Hilary Duff	https://www.last.fm/music/Hilary+Duff/_/Why+Not	https://www.last.fm/music/Hilary%20Duff	Why Not	https://www.last.fm/music/Hilary%20Duff/Metamorphosis	0.0	Metamorphosis	Meaningful Engagement / Purpose	Life Meaning & Structure	246d222f-f40f-4587-90c6-4e5822c141dc	1	2	mkN4IUHjvqT7uC8F
onion::1131::dbc6163b-e4dc-4ecd-9c30-eec429758237	10209	1131	dbc6163b-e4dc-4ecd-9c30-eec429758237	Hilary Duff	https://www.last.fm/music/Hilary+Duff/_/Someone%27s+Watching+Over+Me	https://www.last.fm/music/Hilary%20Duff	Someone's Watching Over Me	https://www.last.fm/music/Hilary%20Duff/Hilary%20Duff	0.0	Hilary Duff	Meaningful Engagement / Purpose	Life Meaning & Structure	246d222f-f40f-4587-90c6-4e5822c141dc	1	2	9pX8RnMgFlSITatm
onion::1132::11c8cfff-6715-4b48-b325-6663027ceb8d	10211	1132	11c8cfff-6715-4b48-b325-6663027ceb8d	Little Big Town	https://www.last.fm/music/Little+Big+Town/_/Girl+Crush	https://www.last.fm/music/Little%20Big%20Town	Girl Crush	https://www.last.fm/music/Little%20Big%20Town/Pain%20Killer	0.0	Pain Killer	Mood Enhancement	Cheerfulness	246d222f-f40f-4587-90c6-4e5822c141dc	1	2	sydh90xV0OfdOwka
onion::1132::57a2bcaa-5e46-4321-82a4-e50b56f2c2bf	10214	1132	57a2bcaa-5e46-4321-82a4-e50b56f2c2bf	Smash Mouth	https://www.last.fm/music/Smash+Mouth/_/All+Star	https://www.last.fm/music/Smash%20Mouth	All Star	https://www.last.fm/music/Smash%20Mouth/Astro%20Lounge	0.0	Astro Lounge	Mood Enhancement	Cheerfulness	246d222f-f40f-4587-90c6-4e5822c141dc	1	2	oqLVWJQ5bISwcFRb
onion::1132::0aadaf25-7f56-3748-8cd7-02c7540cb8b3	10218	1132	0aadaf25-7f56-3748-8cd7-02c7540cb8b3	David Lee Murphy	https://www.last.fm/music/David+Lee+Murphy/_/Dust+on+the+Bottle	https://www.last.fm/music/David%20Lee%20Murphy	Dust on the Bottle	https://www.last.fm/music/David%20Lee%20Murphy/Out%20with%20a%20Bang	0.0	Out with a Bang	Mood Enhancement	Cheerfulness	246d222f-f40f-4587-90c6-4e5822c141dc	1	2	iQgor5Z4dUmb09JB
onion::1132::032290a3-f8ff-3270-b57b-a84e7c6dd5dc	10221	1132	032290a3-f8ff-3270-b57b-a84e7c6dd5dc	Shania Twain	https://www.last.fm/music/Shania+Twain/_/Any+Man+of+Mine	https://www.last.fm/music/Shania%20Twain	Any Man of Mine	https://www.last.fm/music/Shania%20Twain/The%20Woman%20in%20Me	0.0	The Woman in Me	Mood Enhancement	Cheerfulness	246d222f-f40f-4587-90c6-4e5822c141dc	1	2	e4U2Hmwm9h0NvXik
onion::1132::Fountains of Wayne-Stacy's Mom-1-267	10222	1132	Fountains of Wayne-Stacy's Mom-1-267	Fountains of Wayne	https://www.last.fm/music/Fountains+of+Wayne/_/Stacy%27s+Mom	https://www.last.fm/music/Fountains%20of%20Wayne	Stacy's Mom	https://www.last.fm/music/Fountains%20of%20Wayne/Welcome%20Interstate%20Managers	0.0	Welcome Interstate Managers	Mood Enhancement	Cheerfulness	246d222f-f40f-4587-90c6-4e5822c141dc	1	2	Kq9UoCXMw1ngH7NA
onion::1132::05d98930-3c95-4a9f-87a7-c766ac2733c7	10225	1132	05d98930-3c95-4a9f-87a7-c766ac2733c7	Lenka	https://www.last.fm/music/Lenka/_/Trouble+Is+a+Friend	https://www.last.fm/music/Lenka	Trouble Is a Friend	https://www.last.fm/music/Lenka/Lenka%20(Expanded%20Edition)	0.0	Lenka (Expanded Edition)	Mood Enhancement	Cheerfulness	246d222f-f40f-4587-90c6-4e5822c141dc	1	2	obuGx2YICULJSILd
onion::1133::c6af8ba2-e749-4fb5-80ab-10dbd96ea8e2	10226	1133	c6af8ba2-e749-4fb5-80ab-10dbd96ea8e2	The Symposium	https://www.last.fm/music/The+Symposium/_/The+Physical+Attractions	https://www.last.fm/music/The%20Symposium	The Physical Attractions	https://www.last.fm/music/The%20Symposium/The%20Symposium	0.0	The Symposium	Well-Being	Pleasure & Enjoyment	0f50d655-09d5-43ea-ad36-1aa8e8d4f832	4	4	vEZJ0PY1vKiFNbAi
onion::1133::0334b281-76cb-4451-a4ea-8608fc09e20a	10227	1133	0334b281-76cb-4451-a4ea-8608fc09e20a	Daft Punk	https://www.last.fm/music/Daft+Punk/_/Veridis+Quo	https://www.last.fm/music/Daft%20Punk	Veridis Quo	https://www.last.fm/music/Daft%20Punk/Discovery	0.0	Discovery	Well-Being	Pleasure & Enjoyment	0f50d655-09d5-43ea-ad36-1aa8e8d4f832	4	4	bwon6zFv5CPGk8Hk
onion::1133::65a23443-e846-4a24-9fad-09fe7ccf0c24	10229	1133	65a23443-e846-4a24-9fad-09fe7ccf0c24	A$AP Rocky	https://www.last.fm/music/A$AP+Rocky/_/LVL	https://www.last.fm/music/A%24AP%20Rocky	LVL	https://www.last.fm/music/A%24AP%20Rocky/LONG.LIVE.A%24AP%20(Deluxe%20Version)	0.0	LONG.LIVE.A$AP (Deluxe Version)	Well-Being	Pleasure & Enjoyment	0f50d655-09d5-43ea-ad36-1aa8e8d4f832	4	4	yymMz6dVlY8OXptl
onion::1133::104d30ee-f259-47a8-8c62-cf4fd798f6c3	10230	1133	104d30ee-f259-47a8-8c62-cf4fd798f6c3	Daft Punk	https://www.last.fm/music/Daft+Punk/_/Within	https://www.last.fm/music/Daft%20Punk	Within	https://www.last.fm/music/Daft%20Punk/Random%20Access%20Memories	0.0	Random Access Memories	Well-Being	Pleasure & Enjoyment	0f50d655-09d5-43ea-ad36-1aa8e8d4f832	4	4	2MrFuWEi2SjRXR35
onion::1134::c6af8ba2-e749-4fb5-80ab-10dbd96ea8e2	10237	1134	c6af8ba2-e749-4fb5-80ab-10dbd96ea8e2	The Symposium	https://www.last.fm/music/The+Symposium/_/The+Physical+Attractions	https://www.last.fm/music/The%20Symposium	The Physical Attractions	https://www.last.fm/music/The%20Symposium/The%20Symposium	0.0	The Symposium	Relief	Relief	0f50d655-09d5-43ea-ad36-1aa8e8d4f832	4	5	vEZJ0PY1vKiFNbAi
onion::1134::0334b281-76cb-4451-a4ea-8608fc09e20a	10238	1134	0334b281-76cb-4451-a4ea-8608fc09e20a	Daft Punk	https://www.last.fm/music/Daft+Punk/_/Veridis+Quo	https://www.last.fm/music/Daft%20Punk	Veridis Quo	https://www.last.fm/music/Daft%20Punk/Discovery	0.0	Discovery	Relief	Relief	0f50d655-09d5-43ea-ad36-1aa8e8d4f832	4	5	bwon6zFv5CPGk8Hk
onion::1135::65a23443-e846-4a24-9fad-09fe7ccf0c24	10247	1135	65a23443-e846-4a24-9fad-09fe7ccf0c24	A$AP Rocky	https://www.last.fm/music/A$AP+Rocky/_/LVL	https://www.last.fm/music/A%24AP%20Rocky	LVL	https://www.last.fm/music/A%24AP%20Rocky/LONG.LIVE.A%24AP%20(Deluxe%20Version)	0.0	LONG.LIVE.A$AP (Deluxe Version)	Creativity	Creative Visualization	0f50d655-09d5-43ea-ad36-1aa8e8d4f832	3	4	yymMz6dVlY8OXptl
onion::1136::c6af8ba2-e749-4fb5-80ab-10dbd96ea8e2	10257	1136	c6af8ba2-e749-4fb5-80ab-10dbd96ea8e2	The Symposium	https://www.last.fm/music/The+Symposium/_/The+Physical+Attractions	https://www.last.fm/music/The%20Symposium	The Physical Attractions	https://www.last.fm/music/The%20Symposium/The%20Symposium	0.0	The Symposium	Nostalgia	Nostalgia	0f50d655-09d5-43ea-ad36-1aa8e8d4f832	4	4	vEZJ0PY1vKiFNbAi
onion::1136::0334b281-76cb-4451-a4ea-8608fc09e20a	10258	1136	0334b281-76cb-4451-a4ea-8608fc09e20a	Daft Punk	https://www.last.fm/music/Daft+Punk/_/Veridis+Quo	https://www.last.fm/music/Daft%20Punk	Veridis Quo	https://www.last.fm/music/Daft%20Punk/Discovery	0.0	Discovery	Nostalgia	Nostalgia	0f50d655-09d5-43ea-ad36-1aa8e8d4f832	4	4	bwon6zFv5CPGk8Hk
onion::1137::0334b281-76cb-4451-a4ea-8608fc09e20a	10267	1137	0334b281-76cb-4451-a4ea-8608fc09e20a	Daft Punk	https://www.last.fm/music/Daft+Punk/_/Veridis+Quo	https://www.last.fm/music/Daft%20Punk	Veridis Quo	https://www.last.fm/music/Daft%20Punk/Discovery	0.0	Discovery	Relaxing	Comfort and Security	0f50d655-09d5-43ea-ad36-1aa8e8d4f832	3	4	bwon6zFv5CPGk8Hk
onion::1137::c6af8ba2-e749-4fb5-80ab-10dbd96ea8e2	10268	1137	c6af8ba2-e749-4fb5-80ab-10dbd96ea8e2	The Symposium	https://www.last.fm/music/The+Symposium/_/The+Physical+Attractions	https://www.last.fm/music/The%20Symposium	The Physical Attractions	https://www.last.fm/music/The%20Symposium/The%20Symposium	0.0	The Symposium	Relaxing	Comfort and Security	0f50d655-09d5-43ea-ad36-1aa8e8d4f832	3	4	vEZJ0PY1vKiFNbAi
onion::1138::0334b281-76cb-4451-a4ea-8608fc09e20a	10272	1138	0334b281-76cb-4451-a4ea-8608fc09e20a	Daft Punk	https://www.last.fm/music/Daft+Punk/_/Veridis+Quo	https://www.last.fm/music/Daft%20Punk	Veridis Quo	https://www.last.fm/music/Daft%20Punk/Discovery	0.0	Discovery	Enjoyment	Time Passing	0f50d655-09d5-43ea-ad36-1aa8e8d4f832	3	3	bwon6zFv5CPGk8Hk
onion::1141::003e75e4-7e77-3dcb-b460-5b79d8a2c123	10295	1141	003e75e4-7e77-3dcb-b460-5b79d8a2c123	Deftones	https://www.last.fm/music/Deftones/_/Entombed	https://www.last.fm/music/Deftones	Entombed	https://www.last.fm/music/Deftones/Koi%20No%20Yokan	0.0	Koi No Yokan	Exploration	Exploration	0f50d655-09d5-43ea-ad36-1aa8e8d4f832	2	2	bbBKY31ZVvqqr84Z
onion::1142::c6af8ba2-e749-4fb5-80ab-10dbd96ea8e2	10297	1142	c6af8ba2-e749-4fb5-80ab-10dbd96ea8e2	The Symposium	https://www.last.fm/music/The+Symposium/_/The+Physical+Attractions	https://www.last.fm/music/The%20Symposium	The Physical Attractions	https://www.last.fm/music/The%20Symposium/The%20Symposium	0.0	The Symposium	Admiration / Connection to artist	Musician Identification	0f50d655-09d5-43ea-ad36-1aa8e8d4f832	5	5	vEZJ0PY1vKiFNbAi
onion::1142::0334b281-76cb-4451-a4ea-8608fc09e20a	10298	1142	0334b281-76cb-4451-a4ea-8608fc09e20a	Daft Punk	https://www.last.fm/music/Daft+Punk/_/Veridis+Quo	https://www.last.fm/music/Daft%20Punk	Veridis Quo	https://www.last.fm/music/Daft%20Punk/Discovery	0.0	Discovery	Admiration / Connection to artist	Musician Identification	0f50d655-09d5-43ea-ad36-1aa8e8d4f832	5	5	bwon6zFv5CPGk8Hk
onion::1142::65a23443-e846-4a24-9fad-09fe7ccf0c24	10300	1142	65a23443-e846-4a24-9fad-09fe7ccf0c24	A$AP Rocky	https://www.last.fm/music/A$AP+Rocky/_/LVL	https://www.last.fm/music/A%24AP%20Rocky	LVL	https://www.last.fm/music/A%24AP%20Rocky/LONG.LIVE.A%24AP%20(Deluxe%20Version)	0.0	LONG.LIVE.A$AP (Deluxe Version)	Admiration / Connection to artist	Musician Identification	0f50d655-09d5-43ea-ad36-1aa8e8d4f832	5	5	yymMz6dVlY8OXptl
onion::1143::5vEE1d5gkv3pgfZyppLeX8	10311	1143	5vEE1d5gkv3pgfZyppLeX8	Ty Segall	spotify:track:5vEE1d5gkv3pgfZyppLeX8	spotify:artist:58XGUNsRNu3cVOIOYk5chx	Girlfriend	spotify:album:5P0LN9xrnLY1By7mlkKtkx	132760.0	Melted	Well-Being	Pleasure & Enjoyment	e8f2f165-c750-4416-833b-bea17b139cd6	3	5	2q1unFTlSk9GG6Wn
onion::1144::7j5TIXPi0cCbSSqItmbyZy	10316	1144	7j5TIXPi0cCbSSqItmbyZy	Madonna	spotify:track:7j5TIXPi0cCbSSqItmbyZy	spotify:artist:6tbjWDEIzxoDsBA1FuhfPW	Vogue	spotify:album:5MzwGwnO9gkh0z6Nl4FF8h	317080.0	The Immaculate Collection	Mood Enhancement	Cheerfulness	e8f2f165-c750-4416-833b-bea17b139cd6	2	4	i6eRQgNB2UlIVUSw
onion::1144::7JvTheiFwSaMFXFEbHnStK	10318	1144	7JvTheiFwSaMFXFEbHnStK	New Order	spotify:track:7JvTheiFwSaMFXFEbHnStK	spotify:artist:0yNLKJebCb8Aueb54LYya3	Crystal	spotify:album:4HFohweHxrMPrLjW2wkBdn	410026.0	Get Ready	Mood Enhancement	Cheerfulness	e8f2f165-c750-4416-833b-bea17b139cd6	2	4	wbmMChuG3ps66EmR
onion::1144::0qxpdTL56yE5W8lsHAnwYR	10320	1144	0qxpdTL56yE5W8lsHAnwYR	2:54	spotify:track:0qxpdTL56yE5W8lsHAnwYR	spotify:artist:3LsQKoRgMc8VEkQn66jfAQ	Revolving	spotify:album:2DeP1Tfu6dtxLZ8mfLuUSF	241173.0	2:54	Mood Enhancement	Cheerfulness	e8f2f165-c750-4416-833b-bea17b139cd6	2	4	S2WQu3vmL2vdzUBO
onion::1145::custom-1771536178236	10329	1145	custom-1771536178236	A.A. Bondy			I Can See The Pines Are Dancing		0.0		Relaxing	Comfort and Security	e8f2f165-c750-4416-833b-bea17b139cd6	3	5	ZWyNkL5X8dmwrSRi
onion::1146::6kwAbEjseqBob48jCus7Sz	10334	1146	6kwAbEjseqBob48jCus7Sz	Sia	spotify:track:6kwAbEjseqBob48jCus7Sz	spotify:artist:5WUlDfRSoLAfcVSX1WnrxN	Elastic Heart	spotify:album:3xFSl9lIRaYXIYkIn3OIl9	257200.0	1000 Forms Of Fear	Meaningful Engagement / Purpose	Life Meaning & Structure	e8f2f165-c750-4416-833b-bea17b139cd6	2	4	AtVf0xx3Yy3EAsYk
onion::1146::1cBxAm8a0fENn2ix3Dfm3u	10335	1146	1cBxAm8a0fENn2ix3Dfm3u	Depeche Mode	spotify:track:1cBxAm8a0fENn2ix3Dfm3u	spotify:artist:762310PdDnwsDxAQxzQkfX	Precious	spotify:album:57o8ROknLhGAxhiLKTOwSt	250160.0	Playing the Angel (Deluxe Version)	Meaningful Engagement / Purpose	Life Meaning & Structure	e8f2f165-c750-4416-833b-bea17b139cd6	2	4	uU38CUWKoRQ7BOmt
onion::1150::6DuX3rs3gHCEHMyDwC856c	10363	1150	6DuX3rs3gHCEHMyDwC856c	Fiona Apple			Slow Like Honey			Tidal	Motivation	Background Utility	e8f2f165-c750-4416-833b-bea17b139cd6	1	3	zmHVoqe06LDuWPk6
onion::1151::6zvblRkF0NyE5vN01B2B1T	10365	1151	6zvblRkF0NyE5vN01B2B1T	The Cure	spotify:track:6zvblRkF0NyE5vN01B2B1T	spotify:artist:7bu3H8JO7d0UbMoVzbo70s	This Twilight Garden	spotify:album:0YCb7xq4dAvkAGMtLmEJ4I	284200.0	Join The Dots - The B-Sides & Rarities	Passion / Pleasure	Habitual Listening	e8f2f165-c750-4416-833b-bea17b139cd6	2	3	fpd9Uu7k00eWhgFn
onion::1152::custom-1771537750566	10373	1152	custom-1771537750566	Tasmin Archer			Sleeping Satellite		0.0		Nostalgia	Nostalgia	e8f2f165-c750-4416-833b-bea17b139cd6	2	5	8za6DF3qpPWc4kDR
onion::1153::2YruoMfTiB8ryghIY8gsD5	10374	1153	2YruoMfTiB8ryghIY8gsD5	Daughter	spotify:track:2YruoMfTiB8ryghIY8gsD5	spotify:artist:46CitWgnWrvF9t70C2p1Me	Youth	spotify:album:5TAnv9ooPN3NxnCQNLGyxx	244280.0	Spotify Sessions	Relaxing	Comfort and Security	b4e496a5-4eca-434e-afc4-fdf330591ec9	2	3	4fQy322KQGMmKyyD
onion::1155::1bqrRn1pJWowNLA5N9L6uW	10388	1155	1bqrRn1pJWowNLA5N9L6uW	Lord Huron			Meet Me in the Woods			Strange Trails	Motivation	Background Utility	b4e496a5-4eca-434e-afc4-fdf330591ec9	2	3	4tLCY2BMGU7mPi4V
onion::1163::d03a3a1c-aca7-43ee-b98e-4e95789cae6e	10430	1163	d03a3a1c-aca7-43ee-b98e-4e95789cae6e	Britney Spears	https://www.last.fm/music/Britney+Spears/_/Break+the+Ice	https://www.last.fm/music/Britney%20Spears	Break the Ice	https://www.last.fm/music/Britney%20Spears/Blackout	0.0	Blackout	Well-Being	Pleasure & Enjoyment	c8602bd3-cdb7-486f-9e46-1cc042c9a89a	5	5	qr7l3zZju9kS4Azs
onion::1163::7599e273-c585-33d6-9eeb-9e55659272c4	10431	1163	7599e273-c585-33d6-9eeb-9e55659272c4	Madonna	https://www.last.fm/music/Madonna/_/Hung+Up	https://www.last.fm/music/Madonna	Hung Up	https://www.last.fm/music/Madonna/Confessions%20on%20a%20Dance%20Floor	0.0	Confessions on a Dance Floor	Well-Being	Pleasure & Enjoyment	c8602bd3-cdb7-486f-9e46-1cc042c9a89a	5	5	6DwzPznhYUCUe4Ud
onion::1164::03163c71-37b7-314e-8f49-9a9406f5f89f	10436	1164	03163c71-37b7-314e-8f49-9a9406f5f89f	Lesley Gore	https://www.last.fm/music/Lesley+Gore/_/You+Don%27t+Own+Me	https://www.last.fm/music/Lesley%20Gore	You Don't Own Me	https://www.last.fm/music/Lesley%20Gore/Lesley%20Gore%20Sings%20of%20Mixed-Up%20Hearts	0.0	Lesley Gore Sings of Mixed-Up Hearts	Emotion (regulation)	Emotional Resonance	c8602bd3-cdb7-486f-9e46-1cc042c9a89a	3	5	eUKuGdyJa0rVEOFK
onion::1164::1edb7a9a-e942-4eb0-952b-4e2365b9a35e	10439	1164	1edb7a9a-e942-4eb0-952b-4e2365b9a35e	Fiona Apple	https://www.last.fm/music/Fiona+Apple/_/Fast+as+You+Can	https://www.last.fm/music/Fiona%20Apple	Fast as You Can	https://www.last.fm/music/Fiona%20Apple/When%20the%20Pawn...	0.0	When the Pawn...	Emotion (regulation)	Emotional Resonance	c8602bd3-cdb7-486f-9e46-1cc042c9a89a	3	5	GWPGKg6iJcTs6iu0
onion::1164::294af72f-b67d-48ac-ae54-1b08cdf27979	10442	1164	294af72f-b67d-48ac-ae54-1b08cdf27979	Fiona Apple	https://www.last.fm/music/Fiona+Apple/_/Slow+Like+Honey	https://www.last.fm/music/Fiona%20Apple	Slow Like Honey	https://www.last.fm/music/Fiona%20Apple/Tidal	0.0	Tidal	Emotion (regulation)	Emotional Resonance	c8602bd3-cdb7-486f-9e46-1cc042c9a89a	3	5	zmHVoqe06LDuWPk6
onion::1164::4984c109-d913-4874-8453-5352933b6c77	10443	1164	4984c109-d913-4874-8453-5352933b6c77	Fiona Apple	https://www.last.fm/music/Fiona+Apple/_/Shadowboxer	https://www.last.fm/music/Fiona%20Apple	Shadowboxer	https://www.last.fm/music/Fiona%20Apple/Tidal	0.0	Tidal	Emotion (regulation)	Emotional Resonance	c8602bd3-cdb7-486f-9e46-1cc042c9a89a	3	5	ke5JKpLa8Dw7dCDO
onion::1165::d03a3a1c-aca7-43ee-b98e-4e95789cae6e	10446	1165	d03a3a1c-aca7-43ee-b98e-4e95789cae6e	Britney Spears	https://www.last.fm/music/Britney+Spears/_/Break+the+Ice	https://www.last.fm/music/Britney%20Spears	Break the Ice	https://www.last.fm/music/Britney%20Spears/Blackout	0.0	Blackout	Escape	Letting Go	c8602bd3-cdb7-486f-9e46-1cc042c9a89a	2	3	qr7l3zZju9kS4Azs
onion::1165::b9a64e05-0f52-32cc-a92d-5d37d4535c3b	10451	1165	b9a64e05-0f52-32cc-a92d-5d37d4535c3b	Madonna	https://www.last.fm/music/Madonna/_/Like+a+Prayer	https://www.last.fm/music/Madonna	Like a Prayer	https://www.last.fm/music/Madonna/Like%20a%20Prayer	0.0	Like a Prayer	Escape	Letting Go	c8602bd3-cdb7-486f-9e46-1cc042c9a89a	2	3	8FRtvOKGmvhiSygs
onion::1165::7599e273-c585-33d6-9eeb-9e55659272c4	10452	1165	7599e273-c585-33d6-9eeb-9e55659272c4	Madonna	https://www.last.fm/music/Madonna/_/Hung+Up	https://www.last.fm/music/Madonna	Hung Up	https://www.last.fm/music/Madonna/Confessions%20on%20a%20Dance%20Floor	0.0	Confessions on a Dance Floor	Escape	Letting Go	c8602bd3-cdb7-486f-9e46-1cc042c9a89a	2	3	6DwzPznhYUCUe4Ud
onion::1165::08cafe0a-6706-343c-bd09-2db29851835f	10456	1165	08cafe0a-6706-343c-bd09-2db29851835f	Rihanna	https://www.last.fm/music/Rihanna/_/Breakin%27+Dishes	https://www.last.fm/music/Rihanna	Breakin' Dishes	https://www.last.fm/music/Rihanna/Good%20Girl%20Gone%20Bad	0.0	Good Girl Gone Bad	Escape	Letting Go	c8602bd3-cdb7-486f-9e46-1cc042c9a89a	2	3	EEDpe8A5q7mkaneL
onion::1170::7599e273-c585-33d6-9eeb-9e55659272c4	10505	1170	7599e273-c585-33d6-9eeb-9e55659272c4	Madonna	https://www.last.fm/music/Madonna/_/Hung+Up	https://www.last.fm/music/Madonna	Hung Up	https://www.last.fm/music/Madonna/Confessions%20on%20a%20Dance%20Floor	0.0	Confessions on a Dance Floor	Mood Enhancement	Cheerfulness	c8602bd3-cdb7-486f-9e46-1cc042c9a89a	1	2	6DwzPznhYUCUe4Ud
onion::1173::8987b4da-e2c7-46f5-a25f-dfc6382329b7	10540	1173	8987b4da-e2c7-46f5-a25f-dfc6382329b7	Roy Blair	https://www.last.fm/music/Roy+Blair/_/Thunder	https://www.last.fm/music/Roy%20Blair	Thunder	https://www.last.fm/music/Roy%20Blair/Cat%20Heaven	0.0	Cat Heaven	Passion / Pleasure	Habitual Listening	c62f237e-b677-48b7-afb5-a022371c5d26	5	5	ZVhGZFAetMlJYmJE
onion::1173::0a12c26b-c3be-4c9e-a963-a8719f7f2dcc	10542	1173	0a12c26b-c3be-4c9e-a963-a8719f7f2dcc	TV Girl	https://www.last.fm/music/TV+Girl/_/Lovers+Rock	https://www.last.fm/music/TV%20Girl	Lovers Rock	https://www.last.fm/music/TV%20Girl/French%20Exit	0.0	French Exit	Passion / Pleasure	Habitual Listening	c62f237e-b677-48b7-afb5-a022371c5d26	5	5	2HFsFMY433xQqSUM
onion::1173::625c0604-c50c-40c6-b2ac-d477f925a95f	10544	1173	625c0604-c50c-40c6-b2ac-d477f925a95f	Kanye West	https://www.last.fm/music/Kanye+West/_/Stronger	https://www.last.fm/music/Kanye%20West	Stronger	https://www.last.fm/music/Kanye%20West/Graduation	0.0	Graduation	Passion / Pleasure	Habitual Listening	c62f237e-b677-48b7-afb5-a022371c5d26	5	5	BbjwoLBQtBZL1YfK
onion::1173::ca59bd7c-4471-4633-969e-071a788f68c7	10546	1173	ca59bd7c-4471-4633-969e-071a788f68c7	Tyler, The Creator	https://www.last.fm/music/Tyler,+The+Creator/_/Glitter	https://www.last.fm/music/Tyler%2C%20The%20Creator	Glitter	https://www.last.fm/music/Tyler%2C%20The%20Creator/Flower%20Boy	0.0	Flower Boy	Passion / Pleasure	Habitual Listening	c62f237e-b677-48b7-afb5-a022371c5d26	5	5	6G5PTMXvrIMuXyib
onion::1173::0d6abc46-3c12-4c48-af23-b8af63836f77	10548	1173	0d6abc46-3c12-4c48-af23-b8af63836f77	Rex Orange County	https://www.last.fm/music/Rex+Orange+County/_/New+House	https://www.last.fm/music/Rex%20Orange%20County	New House	https://www.last.fm/music/Rex%20Orange%20County/New%20House	0.0	New House	Passion / Pleasure	Habitual Listening	c62f237e-b677-48b7-afb5-a022371c5d26	5	5	SMfI0Ok8rgZ69jP0
onion::1174::1c1dbdc6-43f1-4f50-b7c8-4a8300786b57	10564	1174	1c1dbdc6-43f1-4f50-b7c8-4a8300786b57	Frank Ocean	https://www.last.fm/music/Frank+Ocean/_/Super+Rich+Kids	https://www.last.fm/music/Frank%20Ocean	Super Rich Kids	https://www.last.fm/music/Frank%20Ocean/channel%20ORANGE	0.0	channel ORANGE	Entertainment	Singing Along	c62f237e-b677-48b7-afb5-a022371c5d26	3	5	cJDYd61ccx6tgedT
onion::1174::0776a657-5591-4cc5-80f7-d89159b47318	10567	1174	0776a657-5591-4cc5-80f7-d89159b47318	Jon Bellion	https://www.last.fm/music/Jon+Bellion/_/Overwhelming	https://www.last.fm/music/Jon%20Bellion	Overwhelming	https://www.last.fm/music/Jon%20Bellion/The%20Human%20Condition	0.0	The Human Condition	Entertainment	Singing Along	c62f237e-b677-48b7-afb5-a022371c5d26	3	5	aoq89cZKYUeN9UCt
onion::1175::Green Day-Basket Case-1-14	10572	1175	Green Day-Basket Case-1-14	Green Day	https://www.last.fm/music/Green+Day/_/Basket+Case	https://www.last.fm/music/Green%20Day	Basket Case	https://www.last.fm/music/Green%20Day/Dookie	0.0	Dookie	Well-Being	Pleasure & Enjoyment	c62f237e-b677-48b7-afb5-a022371c5d26	5	5	cC1MB9fo6jK3h8Wb
onion::1175::ec9601c3-1bc0-45ec-8998-3fb61c1fcf0e	10573	1175	ec9601c3-1bc0-45ec-8998-3fb61c1fcf0e	Lorde	https://www.last.fm/music/Lorde/_/Ribs	https://www.last.fm/music/Lorde	Ribs	https://www.last.fm/music/Lorde/Pure%20Heroine	0.0	Pure Heroine	Well-Being	Pleasure & Enjoyment	c62f237e-b677-48b7-afb5-a022371c5d26	5	5	IiKMWlJ4N1MvBpHc
onion::1175::045a372d-e1eb-4d10-8ec9-383b637ecae0	10574	1175	045a372d-e1eb-4d10-8ec9-383b637ecae0	Harry Nilsson	https://www.last.fm/music/Harry+Nilsson/_/Gotta+Get+Up	https://www.last.fm/music/Harry%20Nilsson	Gotta Get Up	https://www.last.fm/music/Harry%20Nilsson/Nilsson%20Schmilsson	0.0	Nilsson Schmilsson	Well-Being	Pleasure & Enjoyment	c62f237e-b677-48b7-afb5-a022371c5d26	5	5	l0X3Oa2TGReb2j9k
onion::1175::900a284b-1f91-3b1c-a21f-b9ded8413af7	10578	1175	900a284b-1f91-3b1c-a21f-b9ded8413af7	Green Day	https://www.last.fm/music/Green+Day/_/21+Guns	https://www.last.fm/music/Green%20Day	21 Guns	https://www.last.fm/music/Green%20Day/21st%20Century%20Breakdown	0.0	21st Century Breakdown	Well-Being	Pleasure & Enjoyment	c62f237e-b677-48b7-afb5-a022371c5d26	5	5	wCAPVZT05ss5sINO
onion::1175::3e2732ac-b267-4de3-b49f-71bf3693fa86	10583	1175	3e2732ac-b267-4de3-b49f-71bf3693fa86	Frank Ocean	https://www.last.fm/music/Frank+Ocean/_/Pretty+Sweet	https://www.last.fm/music/Frank%20Ocean	Pretty Sweet	https://www.last.fm/music/Frank%20Ocean/Blonde	0.0	Blonde	Well-Being	Pleasure & Enjoyment	c62f237e-b677-48b7-afb5-a022371c5d26	5	5	78XDhPEcFuLGxB4t
onion::1176::Lorde-Team-1-87	10596	1176	Lorde-Team-1-87	Lorde	https://www.last.fm/music/Lorde/_/Team	https://www.last.fm/music/Lorde	Team	https://www.last.fm/music/Lorde/Pure%20Heroine	0.0	Pure Heroine	Motivation	Background Utility	c62f237e-b677-48b7-afb5-a022371c5d26	3	5	EmPJO7fTwQlTDjGG
onion::1176::7f71d202-6482-4e64-8039-7681ea9feea9	10601	1176	7f71d202-6482-4e64-8039-7681ea9feea9	Omar Apollo	https://www.last.fm/music/Omar+Apollo/_/ugotme	https://www.last.fm/music/Omar%20Apollo	ugotme	https://www.last.fm/music/Omar%20Apollo/Stereo	0.0	Stereo	Motivation	Background Utility	c62f237e-b677-48b7-afb5-a022371c5d26	3	5	OKl31Myy8GMPDSlZ
onion::1176::985a4c65-a736-46ee-83bd-c89405fcf944	10607	1176	985a4c65-a736-46ee-83bd-c89405fcf944	BROCKHAMPTON	https://www.last.fm/music/BROCKHAMPTON/_/MICHIGAN	https://www.last.fm/music/BROCKHAMPTON	MICHIGAN	https://www.last.fm/music/BROCKHAMPTON/ALL-AMERICAN%20TRASH	0.0	ALL-AMERICAN TRASH	Motivation	Background Utility	c62f237e-b677-48b7-afb5-a022371c5d26	3	5	TofdqetQ0R8KSmjd
onion::1176::06f4e448-10af-430c-a32d-47d19f6a889d	10610	1176	06f4e448-10af-430c-a32d-47d19f6a889d	Post Malone	https://www.last.fm/music/Post+Malone/_/Otherside	https://www.last.fm/music/Post%20Malone	Otherside	https://www.last.fm/music/Post%20Malone/beerbongs%20%26%20bentleys	0.0	beerbongs & bentleys	Motivation	Background Utility	c62f237e-b677-48b7-afb5-a022371c5d26	3	5	3ErV85kWuvu7qcD5
onion::1178::0SGkqnVQo9KPytSri1H6cF	10632	1178	0SGkqnVQo9KPytSri1H6cF	Big Sean	spotify:track:0SGkqnVQo9KPytSri1H6cF	spotify:artist:0c173mlxpT3dSFRgMO8XPh	Bounce Back	spotify:album:0XAIjjN5qxViVS0Y5fYkar	222360.0	I Decided.	Mood Enhancement	Cheerfulness	c62f237e-b677-48b7-afb5-a022371c5d26	1	4	HiQokENxwFZ7sLT8
onion::1178::0d6abc46-3c12-4c48-af23-b8af63836f77	10642	1178	0d6abc46-3c12-4c48-af23-b8af63836f77	Rex Orange County	https://www.last.fm/music/Rex+Orange+County/_/New+House	https://www.last.fm/music/Rex%20Orange%20County	New House	https://www.last.fm/music/Rex%20Orange%20County/New%20House	0.0	New House	Mood Enhancement	Cheerfulness	c62f237e-b677-48b7-afb5-a022371c5d26	1	4	SMfI0Ok8rgZ69jP0
onion::1178::0fab4f0d-0f57-4136-b9c6-42a72def2666	10648	1178	0fab4f0d-0f57-4136-b9c6-42a72def2666	Cults	https://www.last.fm/music/Cults/_/Always+Forever	https://www.last.fm/music/Cults	Always Forever	https://www.last.fm/music/Cults/Static	0.0	Static	Mood Enhancement	Cheerfulness	c62f237e-b677-48b7-afb5-a022371c5d26	1	4	uQQw5XTm4WLcsMvU
onion::1180::453QwgDIG95NmmLqSxnPsR	10667	1180	453QwgDIG95NmmLqSxnPsR	Jon Bellion	spotify:track:453QwgDIG95NmmLqSxnPsR	spotify:artist:50JJSqHUf2RQ9xsHs0KMHg	iRobot	spotify:album:2jJReDZqTuAxr4R0ItimZc	208658.0	The Human Condition	Meaningful Engagement / Purpose	Life Meaning & Structure	c62f237e-b677-48b7-afb5-a022371c5d26	5	5	rfDLkLFt8hEVdMKD
onion::1180::7j8k8M9korrPWTERMyD7mM	10668	1180	7j8k8M9korrPWTERMyD7mM	Childish Gambino	spotify:track:7j8k8M9korrPWTERMyD7mM	spotify:artist:73sIBHcqh3Z3NyqHKZ7FOL	Stand Tall	spotify:album:4xnq1L6P551Qcb9gBXNMK7	370773.0	"""Awaken, My Love!"""	Meaningful Engagement / Purpose	Life Meaning & Structure	c62f237e-b677-48b7-afb5-a022371c5d26	5	5	zFoMS1lXCTCpQNEq
onion::1180::Green Day-Basket Case-1-14	10669	1180	Green Day-Basket Case-1-14	Green Day	https://www.last.fm/music/Green+Day/_/Basket+Case	https://www.last.fm/music/Green%20Day	Basket Case	https://www.last.fm/music/Green%20Day/Dookie	0.0	Dookie	Meaningful Engagement / Purpose	Life Meaning & Structure	c62f237e-b677-48b7-afb5-a022371c5d26	5	5	cC1MB9fo6jK3h8Wb
onion::1180::6bfd951a-5001-4378-b793-0e6bc9ca375d	10671	1180	6bfd951a-5001-4378-b793-0e6bc9ca375d	Death Cab for Cutie	https://www.last.fm/music/Death+Cab+for+Cutie/_/Crooked+Teeth	https://www.last.fm/music/Death%20Cab%20for%20Cutie	Crooked Teeth	https://www.last.fm/music/Death%20Cab%20for%20Cutie/Plans	0.0	Plans	Meaningful Engagement / Purpose	Life Meaning & Structure	c62f237e-b677-48b7-afb5-a022371c5d26	5	5	3NMztCunn5w05vzy
onion::1180::045a372d-e1eb-4d10-8ec9-383b637ecae0	10672	1180	045a372d-e1eb-4d10-8ec9-383b637ecae0	Harry Nilsson	https://www.last.fm/music/Harry+Nilsson/_/Gotta+Get+Up	https://www.last.fm/music/Harry%20Nilsson	Gotta Get Up	https://www.last.fm/music/Harry%20Nilsson/Nilsson%20Schmilsson	0.0	Nilsson Schmilsson	Meaningful Engagement / Purpose	Life Meaning & Structure	c62f237e-b677-48b7-afb5-a022371c5d26	5	5	l0X3Oa2TGReb2j9k
onion::1180::0d432f1e-60d7-40bd-b52a-2b89b1332d08	10676	1180	0d432f1e-60d7-40bd-b52a-2b89b1332d08	Childish Gambino	https://www.last.fm/music/Childish+Gambino/_/Me+and+Your+Mama	https://www.last.fm/music/Childish%20Gambino	Me and Your Mama	https://www.last.fm/music/Childish%20Gambino/%22Awaken%2C%20My%20Love!%22	0.0	"""Awaken, My Love!"""	Meaningful Engagement / Purpose	Life Meaning & Structure	c62f237e-b677-48b7-afb5-a022371c5d26	5	5	DmHHbzUUMElexGgW
onion::1180::4f74f384-4556-4878-9a2c-d6e5b09de162	10679	1180	4f74f384-4556-4878-9a2c-d6e5b09de162	Tyler, The Creator	https://www.last.fm/music/Tyler,+The+Creator/_/November	https://www.last.fm/music/Tyler%2C%20The%20Creator	November	https://www.last.fm/music/Tyler%2C%20The%20Creator/Flower%20Boy	0.0	Flower Boy	Meaningful Engagement / Purpose	Life Meaning & Structure	c62f237e-b677-48b7-afb5-a022371c5d26	5	5	QGjrZZJtYQo7fqYg
onion::1180::018eb88c-75ca-4e9b-9957-cf6fceb596af	10680	1180	018eb88c-75ca-4e9b-9957-cf6fceb596af	Ed Sheeran	https://www.last.fm/music/Ed+Sheeran/_/Drunk	https://www.last.fm/music/Ed%20Sheeran	Drunk	https://www.last.fm/music/Ed%20Sheeran/%2B	0.0	+	Meaningful Engagement / Purpose	Life Meaning & Structure	c62f237e-b677-48b7-afb5-a022371c5d26	5	5	lYjaoVxr6iA5xoTu
onion::1180::0776a657-5591-4cc5-80f7-d89159b47318	10682	1180	0776a657-5591-4cc5-80f7-d89159b47318	Jon Bellion	https://www.last.fm/music/Jon+Bellion/_/Overwhelming	https://www.last.fm/music/Jon%20Bellion	Overwhelming	https://www.last.fm/music/Jon%20Bellion/The%20Human%20Condition	0.0	The Human Condition	Meaningful Engagement / Purpose	Life Meaning & Structure	c62f237e-b677-48b7-afb5-a022371c5d26	5	5	aoq89cZKYUeN9UCt
onion::1180::No Doubt-Just a Girl-2-275	10683	1180	No Doubt-Just a Girl-2-275	No Doubt	https://www.last.fm/music/No+Doubt/_/Just+a+Girl	https://www.last.fm/music/No%20Doubt	Just a Girl	https://www.last.fm/music/No%20Doubt/Tragic%20Kingdom	0.0	Tragic Kingdom	Meaningful Engagement / Purpose	Life Meaning & Structure	c62f237e-b677-48b7-afb5-a022371c5d26	5	5	ltzR4M5ZhP4tnWA0
onion::1181::0f587fcd-ba80-409d-b291-2b407a03a9a6	10693	1181	0f587fcd-ba80-409d-b291-2b407a03a9a6	Post Malone	https://www.last.fm/music/Post+Malone/_/No+Option	https://www.last.fm/music/Post%20Malone	No Option	https://www.last.fm/music/Post%20Malone/Stoney%20(Deluxe)	0.0	Stoney (Deluxe)	Relaxing	Comfort and Security	c62f237e-b677-48b7-afb5-a022371c5d26	2	3	DeXJFibOUhHGcEOe
onion::1181::06f4e448-10af-430c-a32d-47d19f6a889d	10695	1181	06f4e448-10af-430c-a32d-47d19f6a889d	Post Malone	https://www.last.fm/music/Post+Malone/_/Otherside	https://www.last.fm/music/Post%20Malone	Otherside	https://www.last.fm/music/Post%20Malone/beerbongs%20%26%20bentleys	0.0	beerbongs & bentleys	Relaxing	Comfort and Security	c62f237e-b677-48b7-afb5-a022371c5d26	2	3	3ErV85kWuvu7qcD5
onion::1181::Green Day-Basket Case-1-14	10701	1181	Green Day-Basket Case-1-14	Green Day	https://www.last.fm/music/Green+Day/_/Basket+Case	https://www.last.fm/music/Green%20Day	Basket Case	https://www.last.fm/music/Green%20Day/Dookie	0.0	Dookie	Relaxing	Comfort and Security	c62f237e-b677-48b7-afb5-a022371c5d26	2	3	cC1MB9fo6jK3h8Wb
onion::1181::900a284b-1f91-3b1c-a21f-b9ded8413af7	10702	1181	900a284b-1f91-3b1c-a21f-b9ded8413af7	Green Day	https://www.last.fm/music/Green+Day/_/21+Guns	https://www.last.fm/music/Green%20Day	21 Guns	https://www.last.fm/music/Green%20Day/21st%20Century%20Breakdown	0.0	21st Century Breakdown	Relaxing	Comfort and Security	c62f237e-b677-48b7-afb5-a022371c5d26	2	3	wCAPVZT05ss5sINO
onion::1182::6eT7xZZlB2mwyzJ2sUKG6w	10705	1182	6eT7xZZlB2mwyzJ2sUKG6w	Post Malone	spotify:track:6eT7xZZlB2mwyzJ2sUKG6w	spotify:artist:246dkjvS1zLTtiykXe5h60	White Iverson	spotify:album:5s0rmjP8XOPhP6HhqOhuyC	256533.0	Stoney	Relief	Relief	c62f237e-b677-48b7-afb5-a022371c5d26	1	3	3ddGJ4TmenmyC5Fj
onion::1182::ec9601c3-1bc0-45ec-8998-3fb61c1fcf0e	10707	1182	ec9601c3-1bc0-45ec-8998-3fb61c1fcf0e	Lorde	https://www.last.fm/music/Lorde/_/Ribs	https://www.last.fm/music/Lorde	Ribs	https://www.last.fm/music/Lorde/Pure%20Heroine	0.0	Pure Heroine	Relief	Relief	c62f237e-b677-48b7-afb5-a022371c5d26	1	3	IiKMWlJ4N1MvBpHc
onion::1182::045a372d-e1eb-4d10-8ec9-383b637ecae0	10708	1182	045a372d-e1eb-4d10-8ec9-383b637ecae0	Harry Nilsson	https://www.last.fm/music/Harry+Nilsson/_/Gotta+Get+Up	https://www.last.fm/music/Harry%20Nilsson	Gotta Get Up	https://www.last.fm/music/Harry%20Nilsson/Nilsson%20Schmilsson	0.0	Nilsson Schmilsson	Relief	Relief	c62f237e-b677-48b7-afb5-a022371c5d26	1	3	l0X3Oa2TGReb2j9k
onion::1182::0d432f1e-60d7-40bd-b52a-2b89b1332d08	10715	1182	0d432f1e-60d7-40bd-b52a-2b89b1332d08	Childish Gambino	https://www.last.fm/music/Childish+Gambino/_/Me+and+Your+Mama	https://www.last.fm/music/Childish%20Gambino	Me and Your Mama	https://www.last.fm/music/Childish%20Gambino/%22Awaken%2C%20My%20Love!%22	0.0	"""Awaken, My Love!"""	Relief	Relief	c62f237e-b677-48b7-afb5-a022371c5d26	1	3	DmHHbzUUMElexGgW
onion::1182::7f71d202-6482-4e64-8039-7681ea9feea9	10716	1182	7f71d202-6482-4e64-8039-7681ea9feea9	Omar Apollo	https://www.last.fm/music/Omar+Apollo/_/ugotme	https://www.last.fm/music/Omar%20Apollo	ugotme	https://www.last.fm/music/Omar%20Apollo/Stereo	0.0	Stereo	Relief	Relief	c62f237e-b677-48b7-afb5-a022371c5d26	1	3	OKl31Myy8GMPDSlZ
onion::1182::ca59bd7c-4471-4633-969e-071a788f68c7	10717	1182	ca59bd7c-4471-4633-969e-071a788f68c7	Tyler, The Creator	https://www.last.fm/music/Tyler,+The+Creator/_/Glitter	https://www.last.fm/music/Tyler%2C%20The%20Creator	Glitter	https://www.last.fm/music/Tyler%2C%20The%20Creator/Flower%20Boy	0.0	Flower Boy	Relief	Relief	c62f237e-b677-48b7-afb5-a022371c5d26	1	3	6G5PTMXvrIMuXyib
onion::1182::4f74f384-4556-4878-9a2c-d6e5b09de162	10718	1182	4f74f384-4556-4878-9a2c-d6e5b09de162	Tyler, The Creator	https://www.last.fm/music/Tyler,+The+Creator/_/November	https://www.last.fm/music/Tyler%2C%20The%20Creator	November	https://www.last.fm/music/Tyler%2C%20The%20Creator/Flower%20Boy	0.0	Flower Boy	Relief	Relief	c62f237e-b677-48b7-afb5-a022371c5d26	1	3	QGjrZZJtYQo7fqYg
onion::1182::09e06fe7-0f3c-4425-8e13-304b53150ec4	10721	1182	09e06fe7-0f3c-4425-8e13-304b53150ec4	Daniel Caesar	https://www.last.fm/music/Daniel+Caesar/_/Show+No+Regret	https://www.last.fm/music/Daniel%20Caesar	Show No Regret	https://www.last.fm/music/Daniel%20Caesar/Pilgrim's%20Paradise	0.0	Pilgrim's Paradise	Relief	Relief	c62f237e-b677-48b7-afb5-a022371c5d26	1	3	sgZmqxE12jqHAwPc
onion::1182::0f264fb1-05b4-401d-8b88-4ba9ec86bb33	10724	1182	0f264fb1-05b4-401d-8b88-4ba9ec86bb33	Khalid	https://www.last.fm/music/Khalid/_/Hopeless	https://www.last.fm/music/Khalid	Hopeless	https://www.last.fm/music/Khalid/American%20Teen	0.0	American Teen	Relief	Relief	c62f237e-b677-48b7-afb5-a022371c5d26	1	3	FmbDcV0OTy3SrJHy
onion::1183::2f37fa85-1c1f-3cec-81e9-4ae0683243b6	10728	1183	2f37fa85-1c1f-3cec-81e9-4ae0683243b6	Kings of Leon	https://www.last.fm/music/Kings+of+Leon/_/Pyro	https://www.last.fm/music/Kings%20of%20Leon	Pyro	https://www.last.fm/music/Kings%20of%20Leon/Come%20Around%20Sundown%20(Expanded%20Edition)	0.0	Come Around Sundown (Expanded Edition)	(Self-) Reflection / Introspection	Self-Reflection	78cbbb25-cabe-4148-a3c1-10f3d97c66f0	2	4	n7qIV7kovU9P5OIo
onion::1183::16cb13ca-fe45-4200-ae5a-33dc2045435b	10730	1183	16cb13ca-fe45-4200-ae5a-33dc2045435b	Big K.R.I.T.	https://www.last.fm/music/Big+K.R.I.T./_/Bury+Me+in+Gold	https://www.last.fm/music/Big%20K.R.I.T.	Bury Me in Gold	https://www.last.fm/music/Big%20K.R.I.T./4eva%20Is%20a%20Mighty%20Long%20Time	0.0	4eva Is a Mighty Long Time	(Self-) Reflection / Introspection	Self-Reflection	78cbbb25-cabe-4148-a3c1-10f3d97c66f0	2	4	QuBsqRgBbPWxsj4e
onion::1183::7a1750af-8601-46e4-a9b0-bd107748a9d9	10734	1183	7a1750af-8601-46e4-a9b0-bd107748a9d9	Kacey Musgraves	https://www.last.fm/music/Kacey+Musgraves/_/High+Horse	https://www.last.fm/music/Kacey%20Musgraves	High Horse	https://www.last.fm/music/Kacey%20Musgraves/Golden%20Hour	0.0	Golden Hour	(Self-) Reflection / Introspection	Self-Reflection	78cbbb25-cabe-4148-a3c1-10f3d97c66f0	2	4	KnMItrBYhHFixzJT
onion::1188::2c8058f4-5d37-44ca-8c7d-08b82939fe68	10763	1188	2c8058f4-5d37-44ca-8c7d-08b82939fe68	Mudvayne	https://www.last.fm/music/Mudvayne/_/Death+Blooms	https://www.last.fm/music/Mudvayne	Death Blooms	https://www.last.fm/music/Mudvayne/L.D.%2050	0.0	L.D. 50	Enjoyment	Time Passing	c1976964-3f6b-46ba-b0f6-5a1ace394024	3	4	sVVewlN6cbgaTAdt
onion::1183::3Vh78q9eFOmMZXKVfVJuAj	10736	1183	3Vh78q9eFOmMZXKVfVJuAj	Carrie Underwood	spotify:track:3Vh78q9eFOmMZXKVfVJuAj	spotify:artist:4xFUf1FHVy696Q1JQZMTRj	Wheel of the World	spotify:album:5HwzpaqYOZABPnmvl5JYFX	282840.0	Carnival Ride	(Self-) Reflection / Introspection	Self-Reflection	78cbbb25-cabe-4148-a3c1-10f3d97c66f0	2	4	5kRRzFRjQDMeKZh5
onion::1184::2f37fa85-1c1f-3cec-81e9-4ae0683243b6	10739	1184	2f37fa85-1c1f-3cec-81e9-4ae0683243b6	Kings of Leon	https://www.last.fm/music/Kings+of+Leon/_/Pyro	https://www.last.fm/music/Kings%20of%20Leon	Pyro	https://www.last.fm/music/Kings%20of%20Leon/Come%20Around%20Sundown%20(Expanded%20Edition)	0.0	Come Around Sundown (Expanded Edition)	Distraction	Distraction	78cbbb25-cabe-4148-a3c1-10f3d97c66f0	2	2	n7qIV7kovU9P5OIo
onion::1185::0516b5b0-de25-391d-a668-c79ad3854ff4	10744	1185	0516b5b0-de25-391d-a668-c79ad3854ff4	Paramore	https://www.last.fm/music/Paramore/_/All+I+Wanted	https://www.last.fm/music/Paramore	All I Wanted	https://www.last.fm/music/Paramore/brand%20new%20eyes	0.0	brand new eyes	Nostalgia	Nostalgia	c1976964-3f6b-46ba-b0f6-5a1ace394024	1	2	bmKBzZxQyNLcqtxU
onion::1185::124dbf00-a358-3722-85da-87a14f3d0f80	10746	1185	124dbf00-a358-3722-85da-87a14f3d0f80	Modest Mouse	https://www.last.fm/music/Modest+Mouse/_/Ocean+Breathes+Salty	https://www.last.fm/music/Modest%20Mouse	Ocean Breathes Salty	https://www.last.fm/music/Modest%20Mouse/Good%20News%20For%20People%20Who%20Love%20Bad%20News	0.0	Good News For People Who Love Bad News	Nostalgia	Nostalgia	c1976964-3f6b-46ba-b0f6-5a1ace394024	1	2	EbDkDpZAYjR8TQBA
onion::1185::Korn-Got the Life-1-173	10747	1185	Korn-Got the Life-1-173	Korn	https://www.last.fm/music/Korn/_/Got+the+Life	https://www.last.fm/music/Korn	Got the Life	https://www.last.fm/music/Korn/Follow%20the%20Leader	0.0	Follow the Leader	Nostalgia	Nostalgia	c1976964-3f6b-46ba-b0f6-5a1ace394024	1	2	Qnwag7oUczwK0EyO
onion::1186::03e0d53a-91bf-40c1-83cc-72e9132a763d	10751	1186	03e0d53a-91bf-40c1-83cc-72e9132a763d	Primus	https://www.last.fm/music/Primus/_/John+the+Fisherman	https://www.last.fm/music/Primus	John the Fisherman	https://www.last.fm/music/Primus/Frizzle%20Fry	0.0	Frizzle Fry	Motivation	Background Utility	c1976964-3f6b-46ba-b0f6-5a1ace394024	3	4	dHCsj8wfifAg8BrR
onion::1187::6e167a27-4993-46a2-bb74-46c45e9d5f49	10756	1187	6e167a27-4993-46a2-bb74-46c45e9d5f49	Lit	https://www.last.fm/music/Lit/_/My+Own+Worst+Enemy	https://www.last.fm/music/Lit	My Own Worst Enemy	https://www.last.fm/music/Lit/A%20Place%20in%20the%20Sun	0.0	A Place in the Sun	Mood Enhancement	Cheerfulness	c1976964-3f6b-46ba-b0f6-5a1ace394024	2	3	H1bM3eivsnVL3oO0
onion::1187::1e9a9f54-005f-474d-beb6-6bf29d0d077b	10758	1187	1e9a9f54-005f-474d-beb6-6bf29d0d077b	Adolescents	https://www.last.fm/music/Adolescents/_/Amoeba	https://www.last.fm/music/Adolescents	Amoeba	https://www.last.fm/music/Adolescents/Adolescents	0.0	Adolescents	Mood Enhancement	Cheerfulness	c1976964-3f6b-46ba-b0f6-5a1ace394024	2	3	tFnBI15yBSAUVW7D
onion::1189::64803c6e-afca-4f19-9f85-9964fabbe559	10764	1189	64803c6e-afca-4f19-9f85-9964fabbe559	Hum	https://www.last.fm/music/Hum/_/Ms.+Lazarus	https://www.last.fm/music/Hum	Ms. Lazarus	https://www.last.fm/music/Hum/Downward%20Is%20Heavenward	0.0	Downward Is Heavenward	Escape	Letting Go	c1976964-3f6b-46ba-b0f6-5a1ace394024	2	3	boIVXNV7toOhilvI
onion::1189::537a0763-13c2-4ec0-8d93-cf1f04556aec	10765	1189	537a0763-13c2-4ec0-8d93-cf1f04556aec	Hum	https://www.last.fm/music/Hum/_/Green+to+Me	https://www.last.fm/music/Hum	Green to Me	https://www.last.fm/music/Hum/Downward%20Is%20Heavenward	0.0	Downward Is Heavenward	Escape	Letting Go	c1976964-3f6b-46ba-b0f6-5a1ace394024	2	3	c8tEpCkVcfi6xMfF
onion::1189::061f9bee-ddf0-4c81-8998-e2852510511c	10766	1189	061f9bee-ddf0-4c81-8998-e2852510511c	Hum	https://www.last.fm/music/Hum/_/If+You+Are+To+Bloom	https://www.last.fm/music/Hum	If You Are To Bloom	https://www.last.fm/music/Hum/Downward%20Is%20Heavenward	0.0	Downward Is Heavenward	Escape	Letting Go	c1976964-3f6b-46ba-b0f6-5a1ace394024	2	3	G3Dr8x9cl3efkycS
onion::1190::293a0b4c-028b-30c2-94e5-65ef8dc43aac	10769	1190	293a0b4c-028b-30c2-94e5-65ef8dc43aac	Converge	https://www.last.fm/music/Converge/_/Vicious+Muse	https://www.last.fm/music/Converge	Vicious Muse	https://www.last.fm/music/Converge/All%20We%20Love%20We%20Leave%20Behind%20(Deluxe%20Edition)	0.0	All We Love We Leave Behind (Deluxe Edition)	Well-Being	Pleasure & Enjoyment	c1976964-3f6b-46ba-b0f6-5a1ace394024	3	4	5yQvjEQ6fQqLGWfU
onion::1190::97874b74-cfb2-3926-a304-ac206f0ad659	10770	1190	97874b74-cfb2-3926-a304-ac206f0ad659	In Flames	https://www.last.fm/music/In+Flames/_/Take+This+Life	https://www.last.fm/music/In%20Flames	Take This Life	https://www.last.fm/music/In%20Flames/Come%20Clarity	0.0	Come Clarity	Well-Being	Pleasure & Enjoyment	c1976964-3f6b-46ba-b0f6-5a1ace394024	3	4	lmahAtN6hekEYNeF
onion::1190::035fa7a1-288d-4512-a43d-c179a3f213c9	10772	1190	035fa7a1-288d-4512-a43d-c179a3f213c9	Incubus	https://www.last.fm/music/Incubus/_/Stellar	https://www.last.fm/music/Incubus	Stellar	https://www.last.fm/music/Incubus/Make%20Yourself	0.0	Make Yourself	Well-Being	Pleasure & Enjoyment	c1976964-3f6b-46ba-b0f6-5a1ace394024	3	4	baN3c1PKr6M9Vb6Z
onion::1191::03092d71-95e8-3951-a243-e8f9a809c849	10775	1191	03092d71-95e8-3951-a243-e8f9a809c849	Slipknot	https://www.last.fm/music/Slipknot/_/Before+I+Forget	https://www.last.fm/music/Slipknot	Before I Forget	https://www.last.fm/music/Slipknot/Vol.%203%3A%20The%20Subliminal%20Verses%20(Special%20Edition)	0.0	Vol. 3: The Subliminal Verses (Special Edition)	Community	Community	c1976964-3f6b-46ba-b0f6-5a1ace394024	1	2	APKvNoWBAkt74yXP
onion::1192::6e167a27-4993-46a2-bb74-46c45e9d5f49	10781	1192	6e167a27-4993-46a2-bb74-46c45e9d5f49	Lit	https://www.last.fm/music/Lit/_/My+Own+Worst+Enemy	https://www.last.fm/music/Lit	My Own Worst Enemy	https://www.last.fm/music/Lit/A%20Place%20in%20the%20Sun	0.0	A Place in the Sun	Entertainment	Singing Along	c1976964-3f6b-46ba-b0f6-5a1ace394024	1	3	H1bM3eivsnVL3oO0
onion::1193::07f6709a-df93-3175-96d3-89cad74f7419	10788	1193	07f6709a-df93-3175-96d3-89cad74f7419	The Posies	https://www.last.fm/music/The+Posies/_/Dream+All+Day	https://www.last.fm/music/The%20Posies	Dream All Day	https://www.last.fm/music/The%20Posies/Frosting%20on%20the%20Beater	0.0	Frosting on the Beater	Exploration	Exploration	c1976964-3f6b-46ba-b0f6-5a1ace394024	1	4	7odjQ42LYqAkssJk
onion::1195::ba345f32-2325-4ded-be0f-7a193e98a261	10794	1195	ba345f32-2325-4ded-be0f-7a193e98a261	Army of Lovers	https://www.last.fm/music/Army+of+Lovers/_/Crucified	https://www.last.fm/music/Army%20of%20Lovers	Crucified	https://www.last.fm/music/Army%20of%20Lovers/Massive%20Luxury%20Overdose	0.0	Massive Luxury Overdose	Relaxing	Comfort and Security	b40cf6ed-1d3b-4d74-bfb7-e92151e605ea	2	3	nY2fO3EN0UiJm2Tf
onion::1195::Toy-Box-Best Friend-1-210	10796	1195	Toy-Box-Best Friend-1-210	Toy-Box	https://www.last.fm/music/Toy-Box/_/Best+Friend	https://www.last.fm/music/Toy-Box	Best Friend	https://www.last.fm/music/Toy-Box/Fantastic	0.0	Fantastic	Relaxing	Comfort and Security	b40cf6ed-1d3b-4d74-bfb7-e92151e605ea	2	3	IG0zzQPGgMEmxn98
onion::1197::0f241243-2bb0-3778-b710-a819cfa1ef90	10806	1197	0f241243-2bb0-3778-b710-a819cfa1ef90	Gwen Stefani	https://www.last.fm/music/Gwen+Stefani/_/Bubble+Pop+Electric	https://www.last.fm/music/Gwen%20Stefani	Bubble Pop Electric	https://www.last.fm/music/Gwen%20Stefani/Love.%20Angel.%20Music.%20Baby.%20(Deluxe%20Version)	0.0	Love. Angel. Music. Baby. (Deluxe Version)	Distraction	Distraction	b40cf6ed-1d3b-4d74-bfb7-e92151e605ea	2	2	Fi9eWmU3mv0EcP3P
onion::1197::431c22b0-6795-488f-bc0d-e7e95e0749dd	10807	1197	431c22b0-6795-488f-bc0d-e7e95e0749dd	Lemon Demon	https://www.last.fm/music/Lemon+Demon/_/Cabinet+Man	https://www.last.fm/music/Lemon%20Demon	Cabinet Man	https://www.last.fm/music/Lemon%20Demon/Spirit%20Phone	0.0	Spirit Phone	Distraction	Distraction	b40cf6ed-1d3b-4d74-bfb7-e92151e605ea	2	2	HXR67d9mHNTVWMUq
onion::1198::6048c788-cfa8-4095-8c26-09871caeddf6	10810	1198	6048c788-cfa8-4095-8c26-09871caeddf6	Lemon Demon	https://www.last.fm/music/Lemon+Demon/_/Eighth+Wonder	https://www.last.fm/music/Lemon%20Demon	Eighth Wonder	https://www.last.fm/music/Lemon%20Demon/Spirit%20Phone	0.0	Spirit Phone	Motivation	Background Utility	b40cf6ed-1d3b-4d74-bfb7-e92151e605ea	2	5	jza81pmKApBN39UY
onion::1198::They Might Be Giants-Birdhouse in Your Soul-2-201	10812	1198	They Might Be Giants-Birdhouse in Your Soul-2-201	They Might Be Giants	https://www.last.fm/music/They+Might+Be+Giants/_/Birdhouse+in+Your+Soul	https://www.last.fm/music/They%20Might%20Be%20Giants	Birdhouse in Your Soul	https://www.last.fm/music/They%20Might%20Be%20Giants/Flood	0.0	Flood	Motivation	Background Utility	b40cf6ed-1d3b-4d74-bfb7-e92151e605ea	2	5	MKPDwvGPAXXXoEFg
onion::1198::084f0d47-c60f-4e0d-bec3-5198e5fefeb2	10813	1198	084f0d47-c60f-4e0d-bec3-5198e5fefeb2	DragonForce	https://www.last.fm/music/DragonForce/_/Symphony+Of+The+Night	https://www.last.fm/music/DragonForce	Symphony Of The Night	https://www.last.fm/music/DragonForce/Maximum%20Overload%20(Special%20Edition)	0.0	Maximum Overload (Special Edition)	Motivation	Background Utility	b40cf6ed-1d3b-4d74-bfb7-e92151e605ea	2	5	50Fs9Gagh8bCBnOE
onion::1221::3xGJuHvSxFJxxYlHj5BIoT	11120	1221	3xGJuHvSxFJxxYlHj5BIoT	Pink Floyd			Young Lust			The Wall	Nostalgia	Nostalgia	aad3e196-d166-4efc-887d-533951e26efa	1	3	gsYB7XRkeZzF5Z96
onion::1203::ba345f32-2325-4ded-be0f-7a193e98a261	10838	1203	ba345f32-2325-4ded-be0f-7a193e98a261	Army of Lovers	https://www.last.fm/music/Army+of+Lovers/_/Crucified	https://www.last.fm/music/Army%20of%20Lovers	Crucified	https://www.last.fm/music/Army%20of%20Lovers/Massive%20Luxury%20Overdose	0.0	Massive Luxury Overdose	Entertainment	Singing Along	b40cf6ed-1d3b-4d74-bfb7-e92151e605ea	2	3	nY2fO3EN0UiJm2Tf
onion::1204::657e0402-4372-4f60-9a6c-5903a4c30cc5	10843	1204	657e0402-4372-4f60-9a6c-5903a4c30cc5	Imogen Heap	https://www.last.fm/music/Imogen+Heap/_/Headlock	https://www.last.fm/music/Imogen%20Heap	Headlock	https://www.last.fm/music/Imogen%20Heap/Speak%20For%20Yourself%20(Deluxe%20Version)	0.0	Speak For Yourself (Deluxe Version)	Stimulation	Empowerment	b40cf6ed-1d3b-4d74-bfb7-e92151e605ea	2	3	1LVCIU4fWhE8ms3W
onion::1205::5b8a44a0-186d-4afc-982e-2adf2a4393a8	10849	1205	5b8a44a0-186d-4afc-982e-2adf2a4393a8	Leona Lewis	https://www.last.fm/music/Leona+Lewis/_/Footprints+in+the+Sand	https://www.last.fm/music/Leona%20Lewis	Footprints in the Sand	https://www.last.fm/music/Leona%20Lewis/Spirit	0.0	Spirit	Enjoyment	Time Passing	eb0de0a6-04fe-443d-8cb7-d53e86e6a2ac	4	5	8y9Uy6qcPdteNyE6
onion::1205::4fbe56ae-626d-33e6-a877-4b2d7c893939	10852	1205	4fbe56ae-626d-33e6-a877-4b2d7c893939	Usher	https://www.last.fm/music/Usher/_/Burn	https://www.last.fm/music/Usher	Burn	https://www.last.fm/music/Usher/Confessions%20(Expanded%20Edition)	0.0	Confessions (Expanded Edition)	Enjoyment	Time Passing	eb0de0a6-04fe-443d-8cb7-d53e86e6a2ac	4	5	YHeh8ZTEv3Q86BVb
onion::1205::40cfc521-f926-4edd-be60-af0770d0b6ff	10855	1205	40cfc521-f926-4edd-be60-af0770d0b6ff	CNCO	https://www.last.fm/music/CNCO/_/Mi+Medicina	https://www.last.fm/music/CNCO	Mi Medicina	https://www.last.fm/music/CNCO/CNCO	0.0	CNCO	Enjoyment	Time Passing	eb0de0a6-04fe-443d-8cb7-d53e86e6a2ac	4	5	QN0UpOx8WyL8ZmyV
onion::1206::b87be7e5-986e-4164-85ff-94a710485274	10866	1206	b87be7e5-986e-4164-85ff-94a710485274	Sam Hunt	https://www.last.fm/music/Sam+Hunt/_/House+Party	https://www.last.fm/music/Sam%20Hunt	House Party	https://www.last.fm/music/Sam%20Hunt/Montevallo	0.0	Montevallo	Mood Enhancement	Cheerfulness	eb0de0a6-04fe-443d-8cb7-d53e86e6a2ac	5	5	4xW5PHZraUlOQSY7
onion::1207::custom-1772126993762	10874	1207	custom-1772126993762	James Arthur			Naked		0.0		Emotion (regulation)	Emotional Resonance	eb0de0a6-04fe-443d-8cb7-d53e86e6a2ac	5	5	CstxvZeEjMymyPGP
onion::1207::5b8a44a0-186d-4afc-982e-2adf2a4393a8	10878	1207	5b8a44a0-186d-4afc-982e-2adf2a4393a8	Leona Lewis	https://www.last.fm/music/Leona+Lewis/_/Footprints+in+the+Sand	https://www.last.fm/music/Leona%20Lewis	Footprints in the Sand	https://www.last.fm/music/Leona%20Lewis/Spirit	0.0	Spirit	Emotion (regulation)	Emotional Resonance	eb0de0a6-04fe-443d-8cb7-d53e86e6a2ac	5	5	8y9Uy6qcPdteNyE6
onion::1207::2abc972e-16fc-4d10-8bd0-31d2269cfaf7	10880	1207	2abc972e-16fc-4d10-8bd0-31d2269cfaf7	Carrie Underwood	https://www.last.fm/music/Carrie+Underwood/_/So+Small	https://www.last.fm/music/Carrie%20Underwood	So Small	https://www.last.fm/music/Carrie%20Underwood/Carnival%20Ride	0.0	Carnival Ride	Emotion (regulation)	Emotional Resonance	eb0de0a6-04fe-443d-8cb7-d53e86e6a2ac	5	5	lPush1WVRmJkcC1H
onion::1207::36eeee9c-2b76-43d6-a580-ee474f3f10df	10881	1207	36eeee9c-2b76-43d6-a580-ee474f3f10df	Carrie Underwood	https://www.last.fm/music/Carrie+Underwood/_/Something+in+the+Water	https://www.last.fm/music/Carrie%20Underwood	Something in the Water	https://www.last.fm/music/Carrie%20Underwood/Greatest%20Hits%3A%20Decade%20%231	0.0	Greatest Hits: Decade #1	Emotion (regulation)	Emotional Resonance	eb0de0a6-04fe-443d-8cb7-d53e86e6a2ac	5	5	4ynKDzjeGGkq8JOt
onion::1207::3c362467-b7f0-473c-b2dd-d416378b2226	10884	1207	3c362467-b7f0-473c-b2dd-d416378b2226	Carrie Underwood	https://www.last.fm/music/Carrie+Underwood/_/Love+Wins	https://www.last.fm/music/Carrie%20Underwood	Love Wins	https://www.last.fm/music/Carrie%20Underwood/The%20Best%20Country%20Album%20In%20The%20World...Ever!	0.0	The Best Country Album In The World...Ever!	Emotion (regulation)	Emotional Resonance	eb0de0a6-04fe-443d-8cb7-d53e86e6a2ac	5	5	E5SXhvXwYZqyNNfo
onion::1208::0623b783-62c5-4291-9440-d5c20bf52c4e	10887	1208	0623b783-62c5-4291-9440-d5c20bf52c4e	CNCO	https://www.last.fm/music/CNCO/_/Tan+F%C3%A1cil	https://www.last.fm/music/CNCO	Tan Fácil	https://www.last.fm/music/CNCO/Primera%20Cita	0.0	Primera Cita	Exploration	Exploration	eb0de0a6-04fe-443d-8cb7-d53e86e6a2ac	5	5	PF3hin1KDvqEJ6Ui
onion::1209::40cfc521-f926-4edd-be60-af0770d0b6ff	10893	1209	40cfc521-f926-4edd-be60-af0770d0b6ff	CNCO	https://www.last.fm/music/CNCO/_/Mi+Medicina	https://www.last.fm/music/CNCO	Mi Medicina	https://www.last.fm/music/CNCO/CNCO	0.0	CNCO	Motivation	Background Utility	eb0de0a6-04fe-443d-8cb7-d53e86e6a2ac	5	5	QN0UpOx8WyL8ZmyV
onion::1209::5f44c861-9a44-4874-9ac6-cd1542abdad3	10894	1209	5f44c861-9a44-4874-9ac6-cd1542abdad3	Sam Hunt	https://www.last.fm/music/Sam+Hunt/_/Cop+Car	https://www.last.fm/music/Sam%20Hunt	Cop Car	https://www.last.fm/music/Sam%20Hunt/Montevallo	0.0	Montevallo	Motivation	Background Utility	eb0de0a6-04fe-443d-8cb7-d53e86e6a2ac	5	5	Dq9mzZzO0Gckyswm
onion::1209::d83f5c2a-d3ea-4c32-9c09-b25fe04d4926	10896	1209	d83f5c2a-d3ea-4c32-9c09-b25fe04d4926	MKTO	https://www.last.fm/music/MKTO/_/Just+Imagine+It	https://www.last.fm/music/MKTO	Just Imagine It	https://www.last.fm/music/MKTO/Bad%20Girls%20EP	0.0	Bad Girls EP	Motivation	Background Utility	eb0de0a6-04fe-443d-8cb7-d53e86e6a2ac	5	5	IVzvXJ3MI9vvMyuw
onion::1210::Leona Lewis-Bleeding Love-1-40	10901	1210	Leona Lewis-Bleeding Love-1-40	Leona Lewis	https://www.last.fm/music/Leona+Lewis/_/Bleeding+Love	https://www.last.fm/music/Leona%20Lewis	Bleeding Love	https://www.last.fm/music/Leona%20Lewis/Spirit	0.0	Spirit	Entertainment	Singing Along	eb0de0a6-04fe-443d-8cb7-d53e86e6a2ac	5	5	7kVURZXnP9Qtb7Ib
onion::1210::4fbe56ae-626d-33e6-a877-4b2d7c893939	10902	1210	4fbe56ae-626d-33e6-a877-4b2d7c893939	Usher	https://www.last.fm/music/Usher/_/Burn	https://www.last.fm/music/Usher	Burn	https://www.last.fm/music/Usher/Confessions%20(Expanded%20Edition)	0.0	Confessions (Expanded Edition)	Entertainment	Singing Along	eb0de0a6-04fe-443d-8cb7-d53e86e6a2ac	5	5	YHeh8ZTEv3Q86BVb
onion::1210::1e88b16f-9290-4622-8479-e193a9bcfb9e	10912	1210	1e88b16f-9290-4622-8479-e193a9bcfb9e	JoJo	https://www.last.fm/music/JoJo/_/Say+Love	https://www.last.fm/music/JoJo	Say Love	https://www.last.fm/music/JoJo/III.	0.0	III.	Entertainment	Singing Along	eb0de0a6-04fe-443d-8cb7-d53e86e6a2ac	5	5	vRbxLTEHX5RRQfZn
onion::1210::5f44c861-9a44-4874-9ac6-cd1542abdad3	10915	1210	5f44c861-9a44-4874-9ac6-cd1542abdad3	Sam Hunt	https://www.last.fm/music/Sam+Hunt/_/Cop+Car	https://www.last.fm/music/Sam%20Hunt	Cop Car	https://www.last.fm/music/Sam%20Hunt/Montevallo	0.0	Montevallo	Entertainment	Singing Along	eb0de0a6-04fe-443d-8cb7-d53e86e6a2ac	5	5	Dq9mzZzO0Gckyswm
onion::1211::Leona Lewis-Bleeding Love-1-40	10921	1211	Leona Lewis-Bleeding Love-1-40	Leona Lewis	https://www.last.fm/music/Leona+Lewis/_/Bleeding+Love	https://www.last.fm/music/Leona%20Lewis	Bleeding Love	https://www.last.fm/music/Leona%20Lewis/Spirit	0.0	Spirit	Nostalgia	Nostalgia	eb0de0a6-04fe-443d-8cb7-d53e86e6a2ac	5	5	7kVURZXnP9Qtb7Ib
onion::1211::3bi5bTs4vAyOqpKIZ2dP1N	10923	1211	3bi5bTs4vAyOqpKIZ2dP1N	Backstreet Boys			As Long as You Love Me			Original Album Classics	Nostalgia	Nostalgia	eb0de0a6-04fe-443d-8cb7-d53e86e6a2ac	5	5	pwj5TsPXQ5l0dgnf
onion::1211::5eEP8P8pKBOm15zJAwl7H9	10924	1211	5eEP8P8pKBOm15zJAwl7H9	Mariah Carey			I'll Be There			#1's	Nostalgia	Nostalgia	eb0de0a6-04fe-443d-8cb7-d53e86e6a2ac	5	5	pa6KAzfRE5NTuhZW
onion::1211::6ytJk7stJSFuZXs85AgE13	10927	1211	6ytJk7stJSFuZXs85AgE13	Mariah Carey			Angels Cry			Memoirs of an imperfect Angel	Nostalgia	Nostalgia	eb0de0a6-04fe-443d-8cb7-d53e86e6a2ac	5	5	CXCnkDgJqtuzlw40
onion::1211::47TqCyvtFAyqPe8jooMakz	10928	1211	47TqCyvtFAyqPe8jooMakz	Mariah Carey			H.A.T.E.U.			Memoirs of an imperfect Angel	Nostalgia	Nostalgia	eb0de0a6-04fe-443d-8cb7-d53e86e6a2ac	5	5	H01DahHz9gU8cmNS
onion::1211::custom-1772128138651	10930	1211	custom-1772128138651	Mariah Carey			we belong together		0.0		Nostalgia	Nostalgia	eb0de0a6-04fe-443d-8cb7-d53e86e6a2ac	5	5	pDYBDiCwFSpu6bdY
onion::1211::7HqOHhU1BkKnWJc6u57cHr	10934	1211	7HqOHhU1BkKnWJc6u57cHr	Brandy			Come A Little Closer			Full Moon	Nostalgia	Nostalgia	eb0de0a6-04fe-443d-8cb7-d53e86e6a2ac	5	5	OGQ58EnYlNUBEyiE
onion::1211::4fbe56ae-626d-33e6-a877-4b2d7c893939	10937	1211	4fbe56ae-626d-33e6-a877-4b2d7c893939	Usher	https://www.last.fm/music/Usher/_/Burn	https://www.last.fm/music/Usher	Burn	https://www.last.fm/music/Usher/Confessions%20(Expanded%20Edition)	0.0	Confessions (Expanded Edition)	Nostalgia	Nostalgia	eb0de0a6-04fe-443d-8cb7-d53e86e6a2ac	5	5	YHeh8ZTEv3Q86BVb
onion::1211::73sEFRISCOmunToMJtjuPS	10939	1211	73sEFRISCOmunToMJtjuPS	Rihanna			Hate That I Love You			Good Girl Gone Bad	Nostalgia	Nostalgia	eb0de0a6-04fe-443d-8cb7-d53e86e6a2ac	5	5	uHRTJQVhY5HnHVHB
onion::1212::40cfc521-f926-4edd-be60-af0770d0b6ff	10946	1212	40cfc521-f926-4edd-be60-af0770d0b6ff	CNCO	https://www.last.fm/music/CNCO/_/Mi+Medicina	https://www.last.fm/music/CNCO	Mi Medicina	https://www.last.fm/music/CNCO/CNCO	0.0	CNCO	Distraction	Distraction	eb0de0a6-04fe-443d-8cb7-d53e86e6a2ac	5	5	QN0UpOx8WyL8ZmyV
onion::1212::3HjdEpBmrjQ5j8n3shYgW8	10948	1212	3HjdEpBmrjQ5j8n3shYgW8	Brandy			I Wanna Be Down			Rhino Hi-Five: Brandy	Distraction	Distraction	eb0de0a6-04fe-443d-8cb7-d53e86e6a2ac	5	5	6avDvC82LLM2yije
onion::1212::1rsjEh7NopIh4Rx67P7ta6	10949	1212	1rsjEh7NopIh4Rx67P7ta6	Brandy			Long Distance			Human	Distraction	Distraction	eb0de0a6-04fe-443d-8cb7-d53e86e6a2ac	5	5	DUgxTfu1TneqtqoH
onion::1212::custom-1772128776362	10950	1212	custom-1772128776362	Mariah Carey			we belong together		0.0		Distraction	Distraction	eb0de0a6-04fe-443d-8cb7-d53e86e6a2ac	5	5	pDYBDiCwFSpu6bdY
onion::1212::8b646c19-06a0-49d1-b02b-0fc0cae2229b	10954	1212	8b646c19-06a0-49d1-b02b-0fc0cae2229b	Ne-Yo	https://www.last.fm/music/Ne-Yo/_/Mad	https://www.last.fm/music/Ne-Yo	Mad	https://www.last.fm/music/Ne-Yo/Year%20of%20the%20Gentleman%20(Bonus%20Track%20Edition)	0.0	Year of the Gentleman (Bonus Track Edition)	Distraction	Distraction	eb0de0a6-04fe-443d-8cb7-d53e86e6a2ac	5	5	TwtFpQa2IRpriRlK
onion::1212::Ne-Yo-So Sick-2-116	10955	1212	Ne-Yo-So Sick-2-116	Ne-Yo	https://www.last.fm/music/Ne-Yo/_/So+Sick	https://www.last.fm/music/Ne-Yo	So Sick	https://www.last.fm/music/Ne-Yo/In%20My%20Own%20Words	0.0	In My Own Words	Distraction	Distraction	eb0de0a6-04fe-443d-8cb7-d53e86e6a2ac	5	5	GiYQuPMcMHpOLuaP
onion::1212::b4b875a9-9737-49c7-8010-5a4282f991fa	10956	1212	b4b875a9-9737-49c7-8010-5a4282f991fa	Ne-Yo	https://www.last.fm/music/Ne-Yo/_/Miss+Independent	https://www.last.fm/music/Ne-Yo	Miss Independent	https://www.last.fm/music/Ne-Yo/Year%20of%20the%20Gentleman%20(Bonus%20Track%20Edition)	0.0	Year of the Gentleman (Bonus Track Edition)	Distraction	Distraction	eb0de0a6-04fe-443d-8cb7-d53e86e6a2ac	5	5	04iitW3ffa0mhpx3
onion::1212::04375b54-41c2-4717-bf4d-6cebc044e066	10957	1212	04375b54-41c2-4717-bf4d-6cebc044e066	Ariana Grande	https://www.last.fm/music/Ariana+Grande/_/The+Way	https://www.last.fm/music/Ariana%20Grande	The Way	https://www.last.fm/music/Ariana%20Grande/The%20Way	0.0	The Way	Distraction	Distraction	eb0de0a6-04fe-443d-8cb7-d53e86e6a2ac	5	5	39YdqZgV0dk86vFO
onion::1214::36eeee9c-2b76-43d6-a580-ee474f3f10df	10968	1214	36eeee9c-2b76-43d6-a580-ee474f3f10df	Carrie Underwood	https://www.last.fm/music/Carrie+Underwood/_/Something+in+the+Water	https://www.last.fm/music/Carrie%20Underwood	Something in the Water	https://www.last.fm/music/Carrie%20Underwood/Greatest%20Hits%3A%20Decade%20%231	0.0	Greatest Hits: Decade #1	Relaxing	Comfort and Security	eb0de0a6-04fe-443d-8cb7-d53e86e6a2ac	5	5	4ynKDzjeGGkq8JOt
onion::1215::f8bb32d8-b7fb-3644-af54-ad58ee15fab8	10972	1215	f8bb32d8-b7fb-3644-af54-ad58ee15fab8	IAMX	https://www.last.fm/music/IAMX/_/Bernadette	https://www.last.fm/music/IAMX	Bernadette	https://www.last.fm/music/IAMX/Volatile%20Times	0.0	Volatile Times	Creativity	Creative Visualization	aad3e196-d166-4efc-887d-533951e26efa	2	5	bbxmejLPxmxlKv2G
onion::1215::29630eb2-6967-30c1-b4a0-dd310464f22a	10974	1215	29630eb2-6967-30c1-b4a0-dd310464f22a	IAMX	https://www.last.fm/music/IAMX/_/Sorrow	https://www.last.fm/music/IAMX	Sorrow	https://www.last.fm/music/IAMX/The%20Unified%20Field	0.0	The Unified Field	Creativity	Creative Visualization	aad3e196-d166-4efc-887d-533951e26efa	2	5	zqVHy6XdsrZIMGZE
onion::1215::04391bbe-900b-4b44-b2db-1bd58ef8db0c	10976	1215	04391bbe-900b-4b44-b2db-1bd58ef8db0c	System of a Down	https://www.last.fm/music/System+of+a+Down/_/Lonely+Day	https://www.last.fm/music/System%20of%20a%20Down	Lonely Day	https://www.last.fm/music/System%20of%20a%20Down/Hypnotize	0.0	Hypnotize	Creativity	Creative Visualization	aad3e196-d166-4efc-887d-533951e26efa	2	5	7l0CwxkuMdLMOpXV
onion::1215::54b1a681-bf17-426d-b2f0-0fe586c24385	10991	1215	54b1a681-bf17-426d-b2f0-0fe586c24385	Fall Out Boy	https://www.last.fm/music/Fall+Out+Boy/_/Immortals	https://www.last.fm/music/Fall%20Out%20Boy	Immortals	https://www.last.fm/music/Fall%20Out%20Boy/American%20Beauty%2FAmerican%20Psycho	0.0	American Beauty/American Psycho	Creativity	Creative Visualization	aad3e196-d166-4efc-887d-533951e26efa	2	5	2XPjJSmbNHT3mqsq
onion::1215::26021118-34f3-429f-af73-efc4cde012a0	10992	1215	26021118-34f3-429f-af73-efc4cde012a0	Blondie	https://www.last.fm/music/Blondie/_/One+Way+or+Another	https://www.last.fm/music/Blondie	One Way or Another	https://www.last.fm/music/Blondie/Parallel%20Lines	0.0	Parallel Lines	Creativity	Creative Visualization	aad3e196-d166-4efc-887d-533951e26efa	2	5	82c4ykUn9iZZw9gt
onion::1215::79e3ca56-5615-4c43-abb6-5537baf9c842	10998	1215	79e3ca56-5615-4c43-abb6-5537baf9c842	Placebo	https://www.last.fm/music/Placebo/_/The+Never-Ending+Why	https://www.last.fm/music/Placebo	The Never-Ending Why	https://www.last.fm/music/Placebo/Battle%20for%20the%20Sun	0.0	Battle for the Sun	Creativity	Creative Visualization	aad3e196-d166-4efc-887d-533951e26efa	2	5	xJL1ejQNeMCFMY3k
onion::1215::12fed550-e9ce-3f5a-9447-de89b8306e97	10999	1215	12fed550-e9ce-3f5a-9447-de89b8306e97	My Chemical Romance	https://www.last.fm/music/My+Chemical+Romance/_/Summertime	https://www.last.fm/music/My%20Chemical%20Romance	Summertime	https://www.last.fm/music/My%20Chemical%20Romance/Danger%20Days%3A%20The%20True%20Lives%20of%20the%20Fabulous%20Killjoys	0.0	Danger Days: The True Lives of the Fabulous Killjoys	Creativity	Creative Visualization	aad3e196-d166-4efc-887d-533951e26efa	2	5	eu9O99nwxsQo259s
onion::1215::00cab8ee-ab3e-4b09-8f14-a192cdcf17fd	11002	1215	00cab8ee-ab3e-4b09-8f14-a192cdcf17fd	My Chemical Romance	https://www.last.fm/music/My+Chemical+Romance/_/To+the+End	https://www.last.fm/music/My%20Chemical%20Romance	To the End	https://www.last.fm/music/My%20Chemical%20Romance/Three%20Cheers%20for%20Sweet%20Revenge	0.0	Three Cheers for Sweet Revenge	Creativity	Creative Visualization	aad3e196-d166-4efc-887d-533951e26efa	2	5	6b5RJWnWJXeTXATh
onion::1217::04391bbe-900b-4b44-b2db-1bd58ef8db0c	11027	1217	04391bbe-900b-4b44-b2db-1bd58ef8db0c	System of a Down	https://www.last.fm/music/System+of+a+Down/_/Lonely+Day	https://www.last.fm/music/System%20of%20a%20Down	Lonely Day	https://www.last.fm/music/System%20of%20a%20Down/Hypnotize	0.0	Hypnotize	Well-Being	Pleasure & Enjoyment	aad3e196-d166-4efc-887d-533951e26efa	3	5	7l0CwxkuMdLMOpXV
onion::1216::29630eb2-6967-30c1-b4a0-dd310464f22a	11009	1216	29630eb2-6967-30c1-b4a0-dd310464f22a	IAMX	https://www.last.fm/music/IAMX/_/Sorrow	https://www.last.fm/music/IAMX	Sorrow	https://www.last.fm/music/IAMX/The%20Unified%20Field	0.0	The Unified Field	Emotion (regulation)	Emotional Resonance	aad3e196-d166-4efc-887d-533951e26efa	2	4	zqVHy6XdsrZIMGZE
onion::1216::04391bbe-900b-4b44-b2db-1bd58ef8db0c	11011	1216	04391bbe-900b-4b44-b2db-1bd58ef8db0c	System of a Down	https://www.last.fm/music/System+of+a+Down/_/Lonely+Day	https://www.last.fm/music/System%20of%20a%20Down	Lonely Day	https://www.last.fm/music/System%20of%20a%20Down/Hypnotize	0.0	Hypnotize	Emotion (regulation)	Emotional Resonance	aad3e196-d166-4efc-887d-533951e26efa	2	4	7l0CwxkuMdLMOpXV
onion::1216::09e4539e-e7b2-4743-8dff-30994f6284b2	11015	1216	09e4539e-e7b2-4743-8dff-30994f6284b2	The Decemberists	https://www.last.fm/music/The+Decemberists/_/16+Military+Wives	https://www.last.fm/music/The%20Decemberists	16 Military Wives	https://www.last.fm/music/The%20Decemberists/Picaresque	0.0	Picaresque	Emotion (regulation)	Emotional Resonance	aad3e196-d166-4efc-887d-533951e26efa	2	4	yAnDRle4In4XlRfR
onion::1216::Pink Floyd-Hey You-1-113	11020	1216	Pink Floyd-Hey You-1-113	Pink Floyd	https://www.last.fm/music/Pink+Floyd/_/Hey+You	https://www.last.fm/music/Pink%20Floyd	Hey You	https://www.last.fm/music/Pink%20Floyd/The%20Wall	0.0	The Wall	Emotion (regulation)	Emotional Resonance	aad3e196-d166-4efc-887d-533951e26efa	2	4	JlfSEFOyxMZ8v1U5
onion::1217::Pink Floyd-Hey You-1-113	11032	1217	Pink Floyd-Hey You-1-113	Pink Floyd	https://www.last.fm/music/Pink+Floyd/_/Hey+You	https://www.last.fm/music/Pink%20Floyd	Hey You	https://www.last.fm/music/Pink%20Floyd/The%20Wall	0.0	The Wall	Well-Being	Pleasure & Enjoyment	aad3e196-d166-4efc-887d-533951e26efa	3	5	JlfSEFOyxMZ8v1U5
onion::1217::54b1a681-bf17-426d-b2f0-0fe586c24385	11033	1217	54b1a681-bf17-426d-b2f0-0fe586c24385	Fall Out Boy	https://www.last.fm/music/Fall+Out+Boy/_/Immortals	https://www.last.fm/music/Fall%20Out%20Boy	Immortals	https://www.last.fm/music/Fall%20Out%20Boy/American%20Beauty%2FAmerican%20Psycho	0.0	American Beauty/American Psycho	Well-Being	Pleasure & Enjoyment	aad3e196-d166-4efc-887d-533951e26efa	3	5	2XPjJSmbNHT3mqsq
onion::1217::12fed550-e9ce-3f5a-9447-de89b8306e97	11040	1217	12fed550-e9ce-3f5a-9447-de89b8306e97	My Chemical Romance	https://www.last.fm/music/My+Chemical+Romance/_/Summertime	https://www.last.fm/music/My%20Chemical%20Romance	Summertime	https://www.last.fm/music/My%20Chemical%20Romance/Danger%20Days%3A%20The%20True%20Lives%20of%20the%20Fabulous%20Killjoys	0.0	Danger Days: The True Lives of the Fabulous Killjoys	Well-Being	Pleasure & Enjoyment	aad3e196-d166-4efc-887d-533951e26efa	3	5	eu9O99nwxsQo259s
onion::1217::6e516bd0-7756-4cdc-a6dd-374921afb9c6	11044	1217	6e516bd0-7756-4cdc-a6dd-374921afb9c6	Stevie Nicks	https://www.last.fm/music/Stevie+Nicks/_/Rooms+on+Fire	https://www.last.fm/music/Stevie%20Nicks	Rooms on Fire	https://www.last.fm/music/Stevie%20Nicks/The%20Other%20Side%20of%20the%20Mirror	0.0	The Other Side of the Mirror	Well-Being	Pleasure & Enjoyment	aad3e196-d166-4efc-887d-533951e26efa	3	5	DBaLz83g9BYXy5FQ
onion::1218::Pink Floyd-Brain Damage-2-155	11052	1218	Pink Floyd-Brain Damage-2-155	Pink Floyd	https://www.last.fm/music/Pink+Floyd/_/Brain+Damage	https://www.last.fm/music/Pink%20Floyd	Brain Damage	https://www.last.fm/music/Pink%20Floyd/The%20Dark%20Side%20of%20the%20Moon	0.0	The Dark Side of the Moon	Relaxing	Comfort and Security	aad3e196-d166-4efc-887d-533951e26efa	1	3	rBL21jDfPKoEqrX6
onion::1218::1858c5cb-56e9-4d5e-a010-7767ad41a531	11062	1218	1858c5cb-56e9-4d5e-a010-7767ad41a531	Nina Simone	https://www.last.fm/music/Nina+Simone/_/Sinnerman	https://www.last.fm/music/Nina%20Simone	Sinnerman	https://www.last.fm/music/Nina%20Simone/Pastel%20Blues	0.0	Pastel Blues	Relaxing	Comfort and Security	aad3e196-d166-4efc-887d-533951e26efa	1	3	sQUu224qaM0oXnsD
onion::1218::36a48bb3-d55b-4071-8de2-8ca9145747c0	11064	1218	36a48bb3-d55b-4071-8de2-8ca9145747c0	Gorillaz	https://www.last.fm/music/Gorillaz/_/Kids+with+Guns	https://www.last.fm/music/Gorillaz	Kids with Guns	https://www.last.fm/music/Gorillaz/Demon%20Days	0.0	Demon Days	Relaxing	Comfort and Security	aad3e196-d166-4efc-887d-533951e26efa	1	3	p1FW5d8AxBYrMFBs
onion::1219::095c62a8-c6ac-4225-934f-237c0ce7817d	11070	1219	095c62a8-c6ac-4225-934f-237c0ce7817d	Fall Out Boy	https://www.last.fm/music/Fall+Out+Boy/_/20+Dollar+Nose+Bleed	https://www.last.fm/music/Fall%20Out%20Boy	20 Dollar Nose Bleed	https://www.last.fm/music/Fall%20Out%20Boy/Folie%20%C3%A0%20deux	0.0	Folie à deux	Passion / Pleasure	Habitual Listening	aad3e196-d166-4efc-887d-533951e26efa	2	3	IjDXBZ3SvRwCXtGg
onion::1219::10ddfd38-dbcf-4ba3-9a8e-2560108d4919	11072	1219	10ddfd38-dbcf-4ba3-9a8e-2560108d4919	My Chemical Romance	https://www.last.fm/music/My+Chemical+Romance/_/Cancer	https://www.last.fm/music/My%20Chemical%20Romance	Cancer	https://www.last.fm/music/My%20Chemical%20Romance/The%20Black%20Parade	0.0	The Black Parade	Passion / Pleasure	Habitual Listening	aad3e196-d166-4efc-887d-533951e26efa	2	3	ylwSAxZRAEBzIx3p
onion::1219::1c30c271-d09f-4d0f-aa80-d4b6b9779118	11075	1219	1c30c271-d09f-4d0f-aa80-d4b6b9779118	IAMX	https://www.last.fm/music/IAMX/_/Walk+with+the+Noise	https://www.last.fm/music/IAMX	Walk with the Noise	https://www.last.fm/music/IAMX/The%20Unified%20Field	0.0	The Unified Field	Passion / Pleasure	Habitual Listening	aad3e196-d166-4efc-887d-533951e26efa	2	3	Mx8i7h5inHraLC6Y
onion::1223::4a0eba71-c4cf-3676-a7be-c2e1c812178f	11173	1223	4a0eba71-c4cf-3676-a7be-c2e1c812178f	Nirvana	https://www.last.fm/music/Nirvana/_/Breed	https://www.last.fm/music/Nirvana	Breed	https://www.last.fm/music/Nirvana/Nevermind%20(Remastered)	0.0	Nevermind (Remastered)	Distraction	Distraction	aad3e196-d166-4efc-887d-533951e26efa	1	2	CaS2TipDz8W7kbb0
onion::1219::6179fe8d-7626-47f0-89d6-5b7518c4a507	11079	1219	6179fe8d-7626-47f0-89d6-5b7518c4a507	Glass Animals	https://www.last.fm/music/Glass+Animals/_/Black+Mambo	https://www.last.fm/music/Glass%20Animals	Black Mambo	https://www.last.fm/music/Glass%20Animals/ZABA	0.0	ZABA	Passion / Pleasure	Habitual Listening	aad3e196-d166-4efc-887d-533951e26efa	2	3	vLcLw2wIsr1F3esl
onion::1219::54b1a681-bf17-426d-b2f0-0fe586c24385	11083	1219	54b1a681-bf17-426d-b2f0-0fe586c24385	Fall Out Boy	https://www.last.fm/music/Fall+Out+Boy/_/Immortals	https://www.last.fm/music/Fall%20Out%20Boy	Immortals	https://www.last.fm/music/Fall%20Out%20Boy/American%20Beauty%2FAmerican%20Psycho	0.0	American Beauty/American Psycho	Passion / Pleasure	Habitual Listening	aad3e196-d166-4efc-887d-533951e26efa	2	3	2XPjJSmbNHT3mqsq
onion::1219::Mother Mother-The Drugs-1-165	11084	1219	Mother Mother-The Drugs-1-165	Mother Mother	https://www.last.fm/music/Mother+Mother/_/The+Drugs	https://www.last.fm/music/Mother%20Mother	The Drugs	https://www.last.fm/music/Mother%20Mother/No%20Culture	0.0	No Culture	Passion / Pleasure	Habitual Listening	aad3e196-d166-4efc-887d-533951e26efa	2	3	ZwFVaHCpLrYAI9zD
onion::1219::36a48bb3-d55b-4071-8de2-8ca9145747c0	11087	1219	36a48bb3-d55b-4071-8de2-8ca9145747c0	Gorillaz	https://www.last.fm/music/Gorillaz/_/Kids+with+Guns	https://www.last.fm/music/Gorillaz	Kids with Guns	https://www.last.fm/music/Gorillaz/Demon%20Days	0.0	Demon Days	Passion / Pleasure	Habitual Listening	aad3e196-d166-4efc-887d-533951e26efa	2	3	p1FW5d8AxBYrMFBs
onion::1219::79e3ca56-5615-4c43-abb6-5537baf9c842	11089	1219	79e3ca56-5615-4c43-abb6-5537baf9c842	Placebo	https://www.last.fm/music/Placebo/_/The+Never-Ending+Why	https://www.last.fm/music/Placebo	The Never-Ending Why	https://www.last.fm/music/Placebo/Battle%20for%20the%20Sun	0.0	Battle for the Sun	Passion / Pleasure	Habitual Listening	aad3e196-d166-4efc-887d-533951e26efa	2	3	xJL1ejQNeMCFMY3k
onion::1220::cfd476ad-c7a9-41e4-911d-ca0de7b5b3a7	11090	1220	cfd476ad-c7a9-41e4-911d-ca0de7b5b3a7	Glass Animals	https://www.last.fm/music/Glass+Animals/_/Life+Itself	https://www.last.fm/music/Glass%20Animals	Life Itself	https://www.last.fm/music/Glass%20Animals/How%20to%20Be%20a%20Human%20Being	0.0	How to Be a Human Being	Entertainment	Singing Along	aad3e196-d166-4efc-887d-533951e26efa	1	2	qUEQ6tR4wNAo0uBh
onion::1220::dca2e9b7-75c1-4a11-aad3-9603d3245cb8	11093	1220	dca2e9b7-75c1-4a11-aad3-9603d3245cb8	Glass Animals	https://www.last.fm/music/Glass+Animals/_/Take+A+Slice	https://www.last.fm/music/Glass%20Animals	Take A Slice	https://www.last.fm/music/Glass%20Animals/How%20to%20Be%20a%20Human%20Being	0.0	How to Be a Human Being	Entertainment	Singing Along	aad3e196-d166-4efc-887d-533951e26efa	1	2	lAtpxnHTacm8yGbi
onion::1220::Pink Floyd-Brain Damage-2-155	11100	1220	Pink Floyd-Brain Damage-2-155	Pink Floyd	https://www.last.fm/music/Pink+Floyd/_/Brain+Damage	https://www.last.fm/music/Pink%20Floyd	Brain Damage	https://www.last.fm/music/Pink%20Floyd/The%20Dark%20Side%20of%20the%20Moon	0.0	The Dark Side of the Moon	Entertainment	Singing Along	aad3e196-d166-4efc-887d-533951e26efa	1	2	rBL21jDfPKoEqrX6
onion::1220::7e1b7d1e-16f9-40c8-9e42-f591d46b4d5f	11101	1220	7e1b7d1e-16f9-40c8-9e42-f591d46b4d5f	My Chemical Romance	https://www.last.fm/music/My+Chemical+Romance/_/Sleep	https://www.last.fm/music/My%20Chemical%20Romance	Sleep	https://www.last.fm/music/My%20Chemical%20Romance/The%20Black%20Parade	0.0	The Black Parade	Entertainment	Singing Along	aad3e196-d166-4efc-887d-533951e26efa	1	2	VfQLaeVN27thhxfM
onion::1220::6e516bd0-7756-4cdc-a6dd-374921afb9c6	11104	1220	6e516bd0-7756-4cdc-a6dd-374921afb9c6	Stevie Nicks	https://www.last.fm/music/Stevie+Nicks/_/Rooms+on+Fire	https://www.last.fm/music/Stevie%20Nicks	Rooms on Fire	https://www.last.fm/music/Stevie%20Nicks/The%20Other%20Side%20of%20the%20Mirror	0.0	The Other Side of the Mirror	Entertainment	Singing Along	aad3e196-d166-4efc-887d-533951e26efa	1	2	DBaLz83g9BYXy5FQ
onion::1220::00cab8ee-ab3e-4b09-8f14-a192cdcf17fd	11105	1220	00cab8ee-ab3e-4b09-8f14-a192cdcf17fd	My Chemical Romance	https://www.last.fm/music/My+Chemical+Romance/_/To+the+End	https://www.last.fm/music/My%20Chemical%20Romance	To the End	https://www.last.fm/music/My%20Chemical%20Romance/Three%20Cheers%20for%20Sweet%20Revenge	0.0	Three Cheers for Sweet Revenge	Entertainment	Singing Along	aad3e196-d166-4efc-887d-533951e26efa	1	2	6b5RJWnWJXeTXATh
onion::1222::00a36fc4-6b38-4e0d-bba8-738841578351	11123	1222	00a36fc4-6b38-4e0d-bba8-738841578351	Hozier	https://www.last.fm/music/Hozier/_/Work+Song	https://www.last.fm/music/Hozier	Work Song	https://www.last.fm/music/Hozier/Hozier%20(Expanded%20Edition)	0.0	Hozier (Expanded Edition)	Motivation	Background Utility	aad3e196-d166-4efc-887d-533951e26efa	1	2	LHDaIkA7aE6dGw3r
onion::1222::358eaa6a-6ded-4ec1-b677-0e200be91a79	11126	1222	358eaa6a-6ded-4ec1-b677-0e200be91a79	Gorillaz	https://www.last.fm/music/Gorillaz/_/Rhinestone+Eyes	https://www.last.fm/music/Gorillaz	Rhinestone Eyes	https://www.last.fm/music/Gorillaz/Plastic%20Beach	0.0	Plastic Beach	Motivation	Background Utility	aad3e196-d166-4efc-887d-533951e26efa	1	2	gxVc3JUykVtpBR7n
onion::1222::346c038a-1bd5-43f6-9bb5-b6e805e219b2	11130	1222	346c038a-1bd5-43f6-9bb5-b6e805e219b2	J. Cole	https://www.last.fm/music/J.+Cole/_/Foldin+Clothes	https://www.last.fm/music/J.%20Cole	Foldin Clothes	https://www.last.fm/music/J.%20Cole/4%20Your%20Eyez%20Only	0.0	4 Your Eyez Only	Motivation	Background Utility	aad3e196-d166-4efc-887d-533951e26efa	1	2	SHT8NtUgXaTI0nmP
onion::1222::0d32af4f-5493-4f3b-a2ad-f61fa55698e6	11132	1222	0d32af4f-5493-4f3b-a2ad-f61fa55698e6	J. Cole	https://www.last.fm/music/J.+Cole/_/Change	https://www.last.fm/music/J.%20Cole	Change	https://www.last.fm/music/J.%20Cole/4%20Your%20Eyez%20Only	0.0	4 Your Eyez Only	Motivation	Background Utility	aad3e196-d166-4efc-887d-533951e26efa	1	2	o7dYLW9Z5ruMXQOc
onion::1222::278b3b99-7c57-4b39-8439-d5a03bdba1bf	11133	1222	278b3b99-7c57-4b39-8439-d5a03bdba1bf	J. Cole	https://www.last.fm/music/J.+Cole/_/Ville+Mentality	https://www.last.fm/music/J.%20Cole	Ville Mentality	https://www.last.fm/music/J.%20Cole/4%20Your%20Eyez%20Only	0.0	4 Your Eyez Only	Motivation	Background Utility	aad3e196-d166-4efc-887d-533951e26efa	1	2	XIxDyGKYBp4hPsqd
onion::1222::0cf0712e-38c7-4ff3-bd57-68b66e9f98fd	11137	1222	0cf0712e-38c7-4ff3-bd57-68b66e9f98fd	J. Cole	https://www.last.fm/music/J.+Cole/_/Immortal	https://www.last.fm/music/J.%20Cole	Immortal	https://www.last.fm/music/J.%20Cole/4%20Your%20Eyez%20Only	0.0	4 Your Eyez Only	Motivation	Background Utility	aad3e196-d166-4efc-887d-533951e26efa	1	2	DrGYu7hdIOqBFUU0
onion::1222::Pink Floyd-Brain Damage-2-155	11138	1222	Pink Floyd-Brain Damage-2-155	Pink Floyd	https://www.last.fm/music/Pink+Floyd/_/Brain+Damage	https://www.last.fm/music/Pink%20Floyd	Brain Damage	https://www.last.fm/music/Pink%20Floyd/The%20Dark%20Side%20of%20the%20Moon	0.0	The Dark Side of the Moon	Motivation	Background Utility	aad3e196-d166-4efc-887d-533951e26efa	1	2	rBL21jDfPKoEqrX6
onion::1222::1858c5cb-56e9-4d5e-a010-7767ad41a531	11142	1222	1858c5cb-56e9-4d5e-a010-7767ad41a531	Nina Simone	https://www.last.fm/music/Nina+Simone/_/Sinnerman	https://www.last.fm/music/Nina%20Simone	Sinnerman	https://www.last.fm/music/Nina%20Simone/Pastel%20Blues	0.0	Pastel Blues	Motivation	Background Utility	aad3e196-d166-4efc-887d-533951e26efa	1	2	sQUu224qaM0oXnsD
onion::1223::42542ff6-2a2c-4500-8a8d-8bcc158f9c9f	11143	1223	42542ff6-2a2c-4500-8a8d-8bcc158f9c9f	Panic! at the Disco	https://www.last.fm/music/Panic!+at+the+Disco/_/Death+of+a+Bachelor	https://www.last.fm/music/Panic!%20at%20the%20Disco	Death of a Bachelor	https://www.last.fm/music/Panic!%20at%20the%20Disco/Death%20of%20a%20Bachelor	0.0	Death of a Bachelor	Distraction	Distraction	aad3e196-d166-4efc-887d-533951e26efa	1	2	KJSJ1BNKUGEZMUuz
onion::1223::Nine Inch Nails-Closer-2-202	11148	1223	Nine Inch Nails-Closer-2-202	Nine Inch Nails	https://www.last.fm/music/Nine+Inch+Nails/_/Closer	https://www.last.fm/music/Nine%20Inch%20Nails	Closer	https://www.last.fm/music/Nine%20Inch%20Nails/The%20Downward%20Spiral%20(Deluxe%20Edition)	0.0	The Downward Spiral (Deluxe Edition)	Distraction	Distraction	aad3e196-d166-4efc-887d-533951e26efa	1	2	wbsVd0dM1fk5VbXa
onion::1223::6e2fd907-2444-486a-8c82-6caedf57835e	11163	1223	6e2fd907-2444-486a-8c82-6caedf57835e	Slayer	https://www.last.fm/music/Slayer/_/Raining+Blood	https://www.last.fm/music/Slayer	Raining Blood	https://www.last.fm/music/Slayer/Reign%20in%20Blood	0.0	Reign in Blood	Distraction	Distraction	aad3e196-d166-4efc-887d-533951e26efa	1	2	9rTThcItyWfwrGGu
onion::1223::0b426ae7-8f92-338e-b9b3-073b7c3f3aef	11170	1223	0b426ae7-8f92-338e-b9b3-073b7c3f3aef	System of a Down	https://www.last.fm/music/System+of+a+Down/_/Old+School+Hollywood	https://www.last.fm/music/System%20of%20a%20Down	Old School Hollywood	https://www.last.fm/music/System%20of%20a%20Down/Mezmerize	0.0	Mezmerize	Distraction	Distraction	aad3e196-d166-4efc-887d-533951e26efa	1	2	BgF19XpFwxeBMz7X
onion::1224::42542ff6-2a2c-4500-8a8d-8bcc158f9c9f	11175	1224	42542ff6-2a2c-4500-8a8d-8bcc158f9c9f	Panic! at the Disco	https://www.last.fm/music/Panic!+at+the+Disco/_/Death+of+a+Bachelor	https://www.last.fm/music/Panic!%20at%20the%20Disco	Death of a Bachelor	https://www.last.fm/music/Panic!%20at%20the%20Disco/Death%20of%20a%20Bachelor	0.0	Death of a Bachelor	Community	Community	aad3e196-d166-4efc-887d-533951e26efa	1	2	KJSJ1BNKUGEZMUuz
onion::1224::c57dca7b-04ce-48f4-8839-3b7f275a694c	11176	1224	c57dca7b-04ce-48f4-8839-3b7f275a694c	We Are Scientists	https://www.last.fm/music/We+Are+Scientists/_/Nobody+Move,+Nobody+Get+Hurt	https://www.last.fm/music/We%20Are%20Scientists	Nobody Move, Nobody Get Hurt	https://www.last.fm/music/We%20Are%20Scientists/With%20Love%20And%20Squalor	0.0	With Love And Squalor	Community	Community	aad3e196-d166-4efc-887d-533951e26efa	1	2	Ljh4OQHktTus5vp8
onion::1224::bb3bc7e2-8a78-498d-8371-3cf1bc58af7e	11180	1224	bb3bc7e2-8a78-498d-8371-3cf1bc58af7e	Miniature Tigers	https://www.last.fm/music/Miniature+Tigers/_/Hot+Venom	https://www.last.fm/music/Miniature%20Tigers	Hot Venom	https://www.last.fm/music/Miniature%20Tigers/Tell%20It%20To%20The%20Volcano	0.0	Tell It To The Volcano	Community	Community	aad3e196-d166-4efc-887d-533951e26efa	1	2	jDL581QgI4xoGDwk
onion::1224::54b1a681-bf17-426d-b2f0-0fe586c24385	11185	1224	54b1a681-bf17-426d-b2f0-0fe586c24385	Fall Out Boy	https://www.last.fm/music/Fall+Out+Boy/_/Immortals	https://www.last.fm/music/Fall%20Out%20Boy	Immortals	https://www.last.fm/music/Fall%20Out%20Boy/American%20Beauty%2FAmerican%20Psycho	0.0	American Beauty/American Psycho	Community	Community	aad3e196-d166-4efc-887d-533951e26efa	1	2	2XPjJSmbNHT3mqsq
onion::1224::05906c6f-a5e0-333a-8a6e-dec7ea33e050	11187	1224	05906c6f-a5e0-333a-8a6e-dec7ea33e050	The Decemberists	https://www.last.fm/music/The+Decemberists/_/We+Both+Go+Down+Together	https://www.last.fm/music/The%20Decemberists	We Both Go Down Together	https://www.last.fm/music/The%20Decemberists/Picaresque	0.0	Picaresque	Community	Community	aad3e196-d166-4efc-887d-533951e26efa	1	2	Okak0bbb0AbGQzmy
onion::1225::06e273cb-f83d-44e9-b22b-23d3dc753d17	11192	1225	06e273cb-f83d-44e9-b22b-23d3dc753d17	Death Cab for Cutie	https://www.last.fm/music/Death+Cab+for+Cutie/_/Doors+Unlocked+and+Open	https://www.last.fm/music/Death%20Cab%20for%20Cutie	Doors Unlocked and Open	https://www.last.fm/music/Death%20Cab%20for%20Cutie/Codes%20and%20Keys	0.0	Codes and Keys	Well-Being	Pleasure & Enjoyment	162fbc2d-18cf-40bd-a461-77a944c9ca5e	5	5	LJIdILw93XsaPYDW
onion::1226::b6461d23-2298-41e7-8681-c3ac65d6a61e	11197	1226	b6461d23-2298-41e7-8681-c3ac65d6a61e	Kasabian	https://www.last.fm/music/Kasabian/_/Stevie	https://www.last.fm/music/Kasabian	Stevie	https://www.last.fm/music/Kasabian/48%3A13	0.0	48:13	Fitness Motivation	Fitness & Performance	162fbc2d-18cf-40bd-a461-77a944c9ca5e	3	5	RUDWyBi8Nvl8g1Jn
onion::1226::2677f5e7-2693-4f87-83e0-efec7ff1b598	11198	1226	2677f5e7-2693-4f87-83e0-efec7ff1b598	Henry Jackman	https://www.last.fm/music/Henry+Jackman/_/First+Class	https://www.last.fm/music/Henry%20Jackman	First Class	https://www.last.fm/music/Henry%20Jackman/X-Men%3A%20First%20Class	0.0	X-Men: First Class	Fitness Motivation	Fitness & Performance	162fbc2d-18cf-40bd-a461-77a944c9ca5e	3	5	5UBFCEwRgYcabfj3
onion::1241::custom-1772558939632	11291	1241	custom-1772558939632	AURORA			Gentle Earthquakes		0.0	Infections of a Different King (Step I)	Meaningful Engagement / Purpose	Life Meaning & Structure	153d18de-586b-4c79-9fac-293c2c619291	3	4	RttK2ruJO1pCJ7wb
onion::1227::54ffbdb6-fe77-4116-a718-b72c8b298d60	11203	1227	54ffbdb6-fe77-4116-a718-b72c8b298d60	The Decemberists	https://www.last.fm/music/The+Decemberists/_/Down+by+the+Water	https://www.last.fm/music/The%20Decemberists	Down by the Water	https://www.last.fm/music/The%20Decemberists/The%20King%20Is%20Dead	0.0	The King Is Dead	Stimulation	Empowerment	162fbc2d-18cf-40bd-a461-77a944c9ca5e	3	5	aw53inzwp9aCznmj
onion::1228::408e14f4-72a1-4ca4-a8a7-c5a6a4c8b8ad	11208	1228	408e14f4-72a1-4ca4-a8a7-c5a6a4c8b8ad	Duran Duran	https://www.last.fm/music/Duran+Duran/_/Ordinary+World	https://www.last.fm/music/Duran%20Duran	Ordinary World	https://www.last.fm/music/Duran%20Duran/Duran%20Duran	0.0	Duran Duran	Passion / Pleasure	Habitual Listening	162fbc2d-18cf-40bd-a461-77a944c9ca5e	3	4	NkogiZ6PhaB7VpoT
onion::1229::82007969-f201-4059-bfbd-b827611b1411	11210	1229	82007969-f201-4059-bfbd-b827611b1411	Cold War Kids	https://www.last.fm/music/Cold+War+Kids/_/Royal+Blue	https://www.last.fm/music/Cold%20War%20Kids	Royal Blue	https://www.last.fm/music/Cold%20War%20Kids/Mine%20Is%20Yours	0.0	Mine Is Yours	Mood Enhancement	Cheerfulness	162fbc2d-18cf-40bd-a461-77a944c9ca5e	2	3	5MWFTTFfAD2l1rQC
onion::1229::623dd9d7-f05f-3082-b956-4785d74f5a37	11211	1229	623dd9d7-f05f-3082-b956-4785d74f5a37	Something Corporate	https://www.last.fm/music/Something+Corporate/_/I+Woke+Up+in+a+Car	https://www.last.fm/music/Something%20Corporate	I Woke Up in a Car	https://www.last.fm/music/Something%20Corporate/Played%20in%20Space%3A%20The%20Best%20of%20Something%20Corporate	0.0	Played in Space: The Best of Something Corporate	Mood Enhancement	Cheerfulness	162fbc2d-18cf-40bd-a461-77a944c9ca5e	2	3	uOXsp4hweTXpxp3V
onion::1230::2046110e-0019-4277-a984-f814d8fc8967	11216	1230	2046110e-0019-4277-a984-f814d8fc8967	Breaking Benjamin	https://www.last.fm/music/Breaking+Benjamin/_/Breath	https://www.last.fm/music/Breaking%20Benjamin	Breath	https://www.last.fm/music/Breaking%20Benjamin/Phobia%20(Clean%20Version)	0.0	Phobia (Clean Version)	Relief	Relief	162fbc2d-18cf-40bd-a461-77a944c9ca5e	2	3	qieoaF8oKYuI5cur
onion::1230::f552c256-dac4-4eb5-b16a-d35860f4119b	11217	1230	f552c256-dac4-4eb5-b16a-d35860f4119b	Brand New	https://www.last.fm/music/Brand+New/_/Mix+Tape	https://www.last.fm/music/Brand%20New	Mix Tape	https://www.last.fm/music/Brand%20New/Your%20Favorite%20Weapon%20(Deluxe%20Edition)	0.0	Your Favorite Weapon (Deluxe Edition)	Relief	Relief	162fbc2d-18cf-40bd-a461-77a944c9ca5e	2	3	d4GPdpE9JxqlzhUd
onion::1231::13a837ef-40a7-3936-a25d-25bc3c2bcc45	11221	1231	13a837ef-40a7-3936-a25d-25bc3c2bcc45	Great Lake Swimmers	https://www.last.fm/music/Great+Lake+Swimmers/_/Your+Rocky+Spine	https://www.last.fm/music/Great%20Lake%20Swimmers	Your Rocky Spine	https://www.last.fm/music/Great%20Lake%20Swimmers/Weeds%20(Music%20from%20the%20Original%20TV%20Series)%2C%20Vol.%203	0.0	Weeds (Music from the Original TV Series), Vol. 3	Relaxing	Comfort and Security	162fbc2d-18cf-40bd-a461-77a944c9ca5e	2	3	NM3o6UORk8p2jj9r
onion::1231::23ec84a9-8a3e-45a2-9814-7047c0e9d053	11223	1231	23ec84a9-8a3e-45a2-9814-7047c0e9d053	Jake Bugg	https://www.last.fm/music/Jake+Bugg/_/Me+and+You	https://www.last.fm/music/Jake%20Bugg	Me and You	https://www.last.fm/music/Jake%20Bugg/Shangri%20La	0.0	Shangri La	Relaxing	Comfort and Security	162fbc2d-18cf-40bd-a461-77a944c9ca5e	2	3	3Idf0Ywuvnl3yAgy
onion::1231::5a94c7e9-7639-3c06-a353-2c97780d744e	11224	1231	5a94c7e9-7639-3c06-a353-2c97780d744e	Coconut Records	https://www.last.fm/music/Coconut+Records/_/Microphone	https://www.last.fm/music/Coconut%20Records	Microphone	https://www.last.fm/music/Coconut%20Records/Davy	0.0	Davy	Relaxing	Comfort and Security	162fbc2d-18cf-40bd-a461-77a944c9ca5e	2	3	TwVLpy5f6d5swRNT
onion::1232::c3b0cf69-f679-4f04-acf0-3d30c0b4e497	11225	1232	c3b0cf69-f679-4f04-acf0-3d30c0b4e497	Eminem	https://www.last.fm/music/Eminem/_/Mockingbird	https://www.last.fm/music/Eminem	Mockingbird	https://www.last.fm/music/Eminem/Curtain%20Call%3A%20The%20Hits%20(Deluxe%20Edition)	0.0	Curtain Call: The Hits (Deluxe Edition)	Emotion (regulation)	Emotional Resonance	162fbc2d-18cf-40bd-a461-77a944c9ca5e	2	4	orLkyDKbxldM2FWk
onion::1232::947594ce-f9b7-42e7-ab30-ccef34883e06	11229	1232	947594ce-f9b7-42e7-ab30-ccef34883e06	Manchester Orchestra	https://www.last.fm/music/Manchester+Orchestra/_/The+Silence	https://www.last.fm/music/Manchester%20Orchestra	The Silence	https://www.last.fm/music/Manchester%20Orchestra/A%20Black%20Mile%20to%20the%20Surface	0.0	A Black Mile to the Surface	Emotion (regulation)	Emotional Resonance	162fbc2d-18cf-40bd-a461-77a944c9ca5e	2	4	7wNukQj1LDsr3JkU
onion::1238::1d56fd40-8933-4c73-ae0c-1cc35c841d77	11272	1238	1d56fd40-8933-4c73-ae0c-1cc35c841d77	Dean Fujioka	https://www.last.fm/music/Dean+Fujioka/_/History+Maker	https://www.last.fm/music/Dean%20Fujioka	History Maker	https://www.last.fm/music/Dean%20Fujioka/History%20Maker	0.0	History Maker	Stimulation	Empowerment	153d18de-586b-4c79-9fac-293c2c619291	2	4	C8AHVMrsku7Z6Alf
onion::1238::17542ba1-bb35-3374-b9ed-8167ca486696	11273	1238	17542ba1-bb35-3374-b9ed-8167ca486696	Kelly Clarkson	https://www.last.fm/music/Kelly+Clarkson/_/Dark+Side	https://www.last.fm/music/Kelly%20Clarkson	Dark Side	https://www.last.fm/music/Kelly%20Clarkson/Stronger%20(Deluxe%20Version)	0.0	Stronger (Deluxe Version)	Stimulation	Empowerment	153d18de-586b-4c79-9fac-293c2c619291	2	4	lnZYrSXjX8s1AkQ0
onion::1240::custom-1772558753311	11286	1240	custom-1772558753311	Daughter			Burn It Down		0.0	Music From Before the Storm	(Self-) Reflection / Introspection	Self-Reflection	153d18de-586b-4c79-9fac-293c2c619291	2	5	ptHLXJnwdguNexfB
onion::1240::custom-1772558840890	11290	1240	custom-1772558840890	Gabrielle Aplin			Start of Time		0.0	English Rain	(Self-) Reflection / Introspection	Self-Reflection	153d18de-586b-4c79-9fac-293c2c619291	2	5	RQGLg2zELrrSJSAl
onion::1242::custom-1772559302107	11300	1242	custom-1772559302107	AURORA			The Seed		0.0	A Different Kind of Human (Step II)	Understanding	World Understanding	153d18de-586b-4c79-9fac-293c2c619291	1	4	FnjWxnvGdeb7ulON
onion::1243::custom-1772559615848	11308	1243	custom-1772559615848	Dodie			She		0.0	Human	Nostalgia	Nostalgia	153d18de-586b-4c79-9fac-293c2c619291	1	3	bzKC3quTf7xliRmN
onion::1243::05c798da-268f-4398-a67a-b49f77163740	11309	1243	05c798da-268f-4398-a67a-b49f77163740	girl in red			i wanna be your girlfriend			i wanna be your girlfriend	Nostalgia	Nostalgia	153d18de-586b-4c79-9fac-293c2c619291	1	3	FldezZSLaa48MWej
onion::1244::0y5u8YRqydwjCTU7fp1z65	11313	1244	0y5u8YRqydwjCTU7fp1z65	Mother Falcon			Marigold			You Knew	Exploration	Exploration	153d18de-586b-4c79-9fac-293c2c619291	1	3	VoHtMh3XQuGv56mS
onion::1245::2b7f81e7-63e0-4afd-a270-89f003e47e67	11316	1245	2b7f81e7-63e0-4afd-a270-89f003e47e67	Tame Impala	https://www.last.fm/music/Tame+Impala/_/Let+It+Happen	https://www.last.fm/music/Tame%20Impala	Let It Happen	https://www.last.fm/music/Tame%20Impala/Currents	0.0	Currents	Well-Being	Pleasure & Enjoyment	90babc62-5100-49f6-9eff-a15992483dd9	2	4	anFPQOBQz4WPD1ob
onion::1247::7b900cde-eada-44d2-9e06-949c99cee7b1	11327	1247	7b900cde-eada-44d2-9e06-949c99cee7b1	TAEMIN	https://www.last.fm/music/TAEMIN/_/MOVE	https://www.last.fm/music/TAEMIN	MOVE	https://www.last.fm/music/TAEMIN/MOVE%20-%20The%202nd%20Album	0.0	MOVE - The 2nd Album	Meaningful Engagement / Purpose	Life Meaning & Structure	90babc62-5100-49f6-9eff-a15992483dd9	1	4	kHext4kltqDFZgku
onion::1247::23dfc72c-29e9-43f7-8e59-2498014a0cd8	11330	1247	23dfc72c-29e9-43f7-8e59-2498014a0cd8	Chase Atlantic	https://www.last.fm/music/Chase+Atlantic/_/Friends	https://www.last.fm/music/Chase%20Atlantic	Friends	https://www.last.fm/music/Chase%20Atlantic/Nostalgia%20-%20EP	0.0	Nostalgia - EP	Meaningful Engagement / Purpose	Life Meaning & Structure	90babc62-5100-49f6-9eff-a15992483dd9	1	4	7Qumm8N7qnP1Rh91
onion::1374::67cdrrKC32SfLTcYMPDfcK	12500	1374	67cdrrKC32SfLTcYMPDfcK	Crystal Castles			Violent Youth			(III)	Motivation	Background Utility	d526c1f1-5aa8-4d6c-be8e-d0222b753825	4	5	0kLmYF9ryiLpl4Ik
onion::1251::7e513ab8-974d-4d45-9247-dad8bcadd9b7	11349	1251	7e513ab8-974d-4d45-9247-dad8bcadd9b7	Ruelle	https://www.last.fm/music/Ruelle/_/Game+of+Survival	https://www.last.fm/music/Ruelle	Game of Survival	https://www.last.fm/music/Ruelle/Madness	0.0	Madness	Distraction	Distraction	90babc62-5100-49f6-9eff-a15992483dd9	1	4	Xo4dvoW8kWkau1Es
onion::1254::7b900cde-eada-44d2-9e06-949c99cee7b1	11365	1254	7b900cde-eada-44d2-9e06-949c99cee7b1	TAEMIN	https://www.last.fm/music/TAEMIN/_/MOVE	https://www.last.fm/music/TAEMIN	MOVE	https://www.last.fm/music/TAEMIN/MOVE%20-%20The%202nd%20Album	0.0	MOVE - The 2nd Album	Escape	Letting Go	90babc62-5100-49f6-9eff-a15992483dd9	1	4	kHext4kltqDFZgku
onion::1255::7d8495fd-dda4-4f7e-8a23-2c702be0fc00	11371	1255	7d8495fd-dda4-4f7e-8a23-2c702be0fc00	Bladee	https://www.last.fm/music/Bladee/_/Wrist+Cry	https://www.last.fm/music/Bladee	Wrist Cry	https://www.last.fm/music/Bladee/Eversince	0.0	Eversince	Emotion (regulation)	Emotional Resonance	b1de7268-61db-4e0b-8141-3c12ded34684	3	5	einuzDusXIH15oIe
onion::1256::7623d4ed-1b43-3b7e-bdc8-3f7dfce1f689	11378	1256	7623d4ed-1b43-3b7e-bdc8-3f7dfce1f689	Ween	https://www.last.fm/music/Ween/_/Ocean+Man	https://www.last.fm/music/Ween	Ocean Man	https://www.last.fm/music/Ween/The%20Mollusk	0.0	The Mollusk	Well-Being	Pleasure & Enjoyment	b1de7268-61db-4e0b-8141-3c12ded34684	5	5	tf3wHJZ2UoB2rhl3
onion::1256::Stevie Wonder-Sir Duke-1-295	11379	1256	Stevie Wonder-Sir Duke-1-295	Stevie Wonder	https://www.last.fm/music/Stevie+Wonder/_/Sir+Duke	https://www.last.fm/music/Stevie%20Wonder	Sir Duke	https://www.last.fm/music/Stevie%20Wonder/Songs%20in%20the%20Key%20of%20Life	0.0	Songs in the Key of Life	Well-Being	Pleasure & Enjoyment	b1de7268-61db-4e0b-8141-3c12ded34684	5	5	jMg6CVPGjHDIjPl9
onion::1256::a875aee5-9698-4e68-9049-f67f7a6274a3	11380	1256	a875aee5-9698-4e68-9049-f67f7a6274a3	Marietta	https://www.last.fm/music/Marietta/_/Chase,+I+Hardly+Know+Ya	https://www.last.fm/music/Marietta	Chase, I Hardly Know Ya	https://www.last.fm/music/Marietta/Summer%20Death	0.0	Summer Death	Well-Being	Pleasure & Enjoyment	b1de7268-61db-4e0b-8141-3c12ded34684	5	5	rUcvSa4S5TWMdEmo
onion::1257::3a82ad2a-ad96-4aac-9e6f-7d8e33269b6f	11384	1257	3a82ad2a-ad96-4aac-9e6f-7d8e33269b6f	Playboi Carti	https://www.last.fm/music/Playboi+Carti/_/Location	https://www.last.fm/music/Playboi%20Carti	Location	https://www.last.fm/music/Playboi%20Carti/Playboi%20Carti	0.0	Playboi Carti	Passion / Pleasure	Habitual Listening	b1de7268-61db-4e0b-8141-3c12ded34684	3	4	iH7GorVg4y19Z4jn
onion::1257::20f29d3a-692b-4f2e-bb2b-af29b4224312	11385	1257	20f29d3a-692b-4f2e-bb2b-af29b4224312	Childish Gambino	https://www.last.fm/music/Childish+Gambino/_/Zombies	https://www.last.fm/music/Childish%20Gambino	Zombies	https://www.last.fm/music/Childish%20Gambino/%22Awaken%2C%20My%20Love!%22	0.0	"""Awaken, My Love!"""	Passion / Pleasure	Habitual Listening	b1de7268-61db-4e0b-8141-3c12ded34684	3	4	0rrZTnbjrMnPs6bt
onion::1257::1c6e3322-9bde-32b4-9614-ddcdb89e5e90	11387	1257	1c6e3322-9bde-32b4-9614-ddcdb89e5e90	Slowdive	https://www.last.fm/music/Slowdive/_/Machine+Gun	https://www.last.fm/music/Slowdive	Machine Gun	https://www.last.fm/music/Slowdive/Souvlaki	0.0	Souvlaki	Passion / Pleasure	Habitual Listening	b1de7268-61db-4e0b-8141-3c12ded34684	3	4	SfYhtnPqHEzR1UoA
onion::1258::4f20c98d-160a-378e-90a4-86bcf09eb190	11390	1258	4f20c98d-160a-378e-90a4-86bcf09eb190	Title Fight	https://www.last.fm/music/Title+Fight/_/27	https://www.last.fm/music/Title%20Fight	27	https://www.last.fm/music/Title%20Fight/Shed	0.0	Shed	Community	Community	b1de7268-61db-4e0b-8141-3c12ded34684	4	3	QGj0PFSzucCTLy8f
onion::1258::4d3d245d-452e-4c83-9057-8acb5ff22b4b	11393	1258	4d3d245d-452e-4c83-9057-8acb5ff22b4b	Childish Gambino	https://www.last.fm/music/Childish+Gambino/_/Stand+Tall	https://www.last.fm/music/Childish%20Gambino	Stand Tall	https://www.last.fm/music/Childish%20Gambino/%22Awaken%2C%20My%20Love!%22	0.0	"""Awaken, My Love!"""	Community	Community	b1de7268-61db-4e0b-8141-3c12ded34684	4	3	zFoMS1lXCTCpQNEq
onion::1258::7255d28d-ebb5-41e0-97bb-4f2c8f2cf2c7	11394	1258	7255d28d-ebb5-41e0-97bb-4f2c8f2cf2c7	Hum	https://www.last.fm/music/Hum/_/I+Hate+It+Too	https://www.last.fm/music/Hum	I Hate It Too	https://www.last.fm/music/Hum/You'd%20Prefer%20an%20Astronaut	0.0	You'd Prefer an Astronaut	Community	Community	b1de7268-61db-4e0b-8141-3c12ded34684	4	3	4e68v4JTM9gzdlb7
onion::1260::8ef5deae-63c6-487f-bca9-ba3e34d4dded	11405	1260	8ef5deae-63c6-487f-bca9-ba3e34d4dded	Sweet Trip	https://www.last.fm/music/Sweet+Trip/_/Dsco	https://www.last.fm/music/Sweet%20Trip	Dsco	https://www.last.fm/music/Sweet%20Trip/Velocity%3A%20Design%3A%20Comfort.	0.0	Velocity: Design: Comfort.	Mood Enhancement	Cheerfulness	b1de7268-61db-4e0b-8141-3c12ded34684	3	3	zdzy2ihJo3NuBDje
onion::1260::0a8c191a-6c96-48ac-ab20-a51028d9e5ee	11407	1260	0a8c191a-6c96-48ac-ab20-a51028d9e5ee	Kero Kero Bonito	https://www.last.fm/music/Kero+Kero+Bonito/_/Trampoline	https://www.last.fm/music/Kero%20Kero%20Bonito	Trampoline	https://www.last.fm/music/Kero%20Kero%20Bonito/Bonito%20Generation	0.0	Bonito Generation	Mood Enhancement	Cheerfulness	b1de7268-61db-4e0b-8141-3c12ded34684	3	3	ZUj5krqZHiqkDkyF
onion::1260::custom-1772571986702	11408	1260	custom-1772571986702	Kero Kero Bonito			Sometimes		0.0	Time 'n' Place	Mood Enhancement	Cheerfulness	b1de7268-61db-4e0b-8141-3c12ded34684	3	3	CavqXS4APmsZXOAy
onion::1261::0633a774-421b-3a9d-9fa7-a4ccde732e10	11414	1261	0633a774-421b-3a9d-9fa7-a4ccde732e10	Steely Dan	https://www.last.fm/music/Steely+Dan/_/Black+Cow	https://www.last.fm/music/Steely%20Dan	Black Cow	https://www.last.fm/music/Steely%20Dan/Aja	0.0	Aja	Relaxing	Comfort and Security	b1de7268-61db-4e0b-8141-3c12ded34684	3	3	8raUZyJEMPESv1U0
onion::1262::0selgFuj4P8ZUIEzJK5Bld	11416	1262	0selgFuj4P8ZUIEzJK5Bld	Bladee			Skin			Eversince	(Self-) Reflection / Introspection	Self-Reflection	b1de7268-61db-4e0b-8141-3c12ded34684	2	3	lKA8uQdCEoFu9bYh
onion::1262::0LMnBqkbJHqybtEwY7WPdE	11418	1262	0LMnBqkbJHqybtEwY7WPdE	Title Fight			Like A Ritual			Floral Green	(Self-) Reflection / Introspection	Self-Reflection	b1de7268-61db-4e0b-8141-3c12ded34684	2	3	6DxGXg72FfNt9YcS
onion::1262::1WfXaDEvYj992zYfPmiZjy	11419	1262	1WfXaDEvYj992zYfPmiZjy	Title Fight			Sympathy			Floral Green	(Self-) Reflection / Introspection	Self-Reflection	b1de7268-61db-4e0b-8141-3c12ded34684	2	3	NpCTWbsRK9yx4E45
onion::1262::a875aee5-9698-4e68-9049-f67f7a6274a3	11421	1262	a875aee5-9698-4e68-9049-f67f7a6274a3	Marietta	https://www.last.fm/music/Marietta/_/Chase,+I+Hardly+Know+Ya	https://www.last.fm/music/Marietta	Chase, I Hardly Know Ya	https://www.last.fm/music/Marietta/Summer%20Death	0.0	Summer Death	(Self-) Reflection / Introspection	Self-Reflection	b1de7268-61db-4e0b-8141-3c12ded34684	2	3	rUcvSa4S5TWMdEmo
onion::1262::7255d28d-ebb5-41e0-97bb-4f2c8f2cf2c7	11422	1262	7255d28d-ebb5-41e0-97bb-4f2c8f2cf2c7	Hum	https://www.last.fm/music/Hum/_/I+Hate+It+Too	https://www.last.fm/music/Hum	I Hate It Too	https://www.last.fm/music/Hum/You'd%20Prefer%20an%20Astronaut	0.0	You'd Prefer an Astronaut	(Self-) Reflection / Introspection	Self-Reflection	b1de7268-61db-4e0b-8141-3c12ded34684	2	3	4e68v4JTM9gzdlb7
onion::1263::446f70d5-2935-455a-b3f9-95318b6fd6fb	11426	1263	446f70d5-2935-455a-b3f9-95318b6fd6fb	The Doobie Brothers	https://www.last.fm/music/The+Doobie+Brothers/_/How+Do+the+Fools+Survive%3F	https://www.last.fm/music/The%20Doobie%20Brothers	How Do the Fools Survive?	https://www.last.fm/music/The%20Doobie%20Brothers/Minute%20by%20Minute	0.0	Minute by Minute	Relief	Relief	b1de7268-61db-4e0b-8141-3c12ded34684	3	3	GYOvmQHSmITayLwf
onion::1263::3eb69b2b-6962-4e84-8775-22518ac42592	11429	1263	3eb69b2b-6962-4e84-8775-22518ac42592	Marvin Gaye	https://www.last.fm/music/Marvin+Gaye/_/Distant+Lover	https://www.last.fm/music/Marvin%20Gaye	Distant Lover	https://www.last.fm/music/Marvin%20Gaye/Let's%20Get%20It%20On	0.0	Let's Get It On	Relief	Relief	b1de7268-61db-4e0b-8141-3c12ded34684	3	3	k5osAlis8eTdcOXl
onion::1263::7623d4ed-1b43-3b7e-bdc8-3f7dfce1f689	11433	1263	7623d4ed-1b43-3b7e-bdc8-3f7dfce1f689	Ween	https://www.last.fm/music/Ween/_/Ocean+Man	https://www.last.fm/music/Ween	Ocean Man	https://www.last.fm/music/Ween/The%20Mollusk	0.0	The Mollusk	Relief	Relief	b1de7268-61db-4e0b-8141-3c12ded34684	3	3	tf3wHJZ2UoB2rhl3
onion::1265::e9e64c45-2062-418a-b193-d73aa1ac7449	11440	1265	e9e64c45-2062-418a-b193-d73aa1ac7449	Hollywood Undead	https://www.last.fm/music/Hollywood+Undead/_/Everywhere+I+Go	https://www.last.fm/music/Hollywood%20Undead	Everywhere I Go	https://www.last.fm/music/Hollywood%20Undead/Swan%20Songs	0.0	Swan Songs	Creativity	Creative Visualization	cda295f0-a80f-4a87-9f68-c0834d0609f1	2	5	G8dgKGT39FBIkjF9
onion::1265::02d5dd01-b410-465f-aadd-979a92c3220e	11441	1265	02d5dd01-b410-465f-aadd-979a92c3220e	Starset	https://www.last.fm/music/Starset/_/Monster	https://www.last.fm/music/Starset	Monster	https://www.last.fm/music/Starset/Vessels	0.0	Vessels	Creativity	Creative Visualization	cda295f0-a80f-4a87-9f68-c0834d0609f1	2	5	Hbk6tjofjFONeex4
onion::1265::20d1271f-fe1f-447b-b31a-bd0df61ad82f	11444	1265	20d1271f-fe1f-447b-b31a-bd0df61ad82f	Panic! at the Disco	https://www.last.fm/music/Panic!+at+the+Disco/_/Nicotine	https://www.last.fm/music/Panic!%20at%20the%20Disco	Nicotine	https://www.last.fm/music/Panic!%20at%20the%20Disco/Too%20Weird%20to%20Live%2C%20Too%20Rare%20to%20Die!	0.0	Too Weird to Live, Too Rare to Die!	Creativity	Creative Visualization	cda295f0-a80f-4a87-9f68-c0834d0609f1	2	5	xnuKXoU2XPmt6hqs
onion::1265::15412b19-7c8d-41dd-82dd-0f536206cc46	11447	1265	15412b19-7c8d-41dd-82dd-0f536206cc46	Theory of a Deadman	https://www.last.fm/music/Theory+of+a+Deadman/_/Angel	https://www.last.fm/music/Theory%20of%20a%20Deadman	Angel	https://www.last.fm/music/Theory%20of%20a%20Deadman/Savages	0.0	Savages	Creativity	Creative Visualization	cda295f0-a80f-4a87-9f68-c0834d0609f1	2	5	xdjze2DKiLRHZPax
onion::1266::003bd65f-76e8-4725-9a32-e4ec2aeb9125	11448	1266	003bd65f-76e8-4725-9a32-e4ec2aeb9125	Bring Me the Horizon	https://www.last.fm/music/Bring+Me+the+Horizon/_/Doomed	https://www.last.fm/music/Bring%20Me%20the%20Horizon	Doomed	https://www.last.fm/music/Bring%20Me%20the%20Horizon/That's%20the%20Spirit	0.0	That's the Spirit	Emotion (regulation)	Emotional Resonance	cda295f0-a80f-4a87-9f68-c0834d0609f1	3	5	3SD0dkASvfbU4RoX
onion::1266::8ad6c385-52ff-4043-8232-7cfc49fea1fe	11449	1266	8ad6c385-52ff-4043-8232-7cfc49fea1fe	Starset	https://www.last.fm/music/Starset/_/Ricochet	https://www.last.fm/music/Starset	Ricochet	https://www.last.fm/music/Starset/Vessels	0.0	Vessels	Emotion (regulation)	Emotional Resonance	cda295f0-a80f-4a87-9f68-c0834d0609f1	3	5	Nofgka0HtkCCIy8Z
onion::1266::Linkin Park-In the End-1-173	11450	1266	Linkin Park-In the End-1-173	Linkin Park	https://www.last.fm/music/Linkin+Park/_/In+the+End	https://www.last.fm/music/Linkin%20Park	In the End	https://www.last.fm/music/Linkin%20Park/Hybrid%20Theory%20(Bonus%20Edition)	0.0	Hybrid Theory (Bonus Edition)	Emotion (regulation)	Emotional Resonance	cda295f0-a80f-4a87-9f68-c0834d0609f1	3	5	VKvF5oSWmxCDL97f
onion::1266::251f5c8d-1974-4d02-bb34-9039f6eb2492	11452	1266	251f5c8d-1974-4d02-bb34-9039f6eb2492	Bring Me the Horizon	https://www.last.fm/music/Bring+Me+the+Horizon/_/Drown	https://www.last.fm/music/Bring%20Me%20the%20Horizon	Drown	https://www.last.fm/music/Bring%20Me%20the%20Horizon/That's%20the%20Spirit	0.0	That's the Spirit	Emotion (regulation)	Emotional Resonance	cda295f0-a80f-4a87-9f68-c0834d0609f1	3	5	tJCqaZcGgiaEMVLA
onion::1266::c4c6251b-44b5-478e-b806-3401488d1070	11453	1266	c4c6251b-44b5-478e-b806-3401488d1070	Twenty One Pilots	https://www.last.fm/music/Twenty+One+Pilots/_/Doubt	https://www.last.fm/music/Twenty%20One%20Pilots	Doubt	https://www.last.fm/music/Twenty%20One%20Pilots/Blurryface	0.0	Blurryface	Emotion (regulation)	Emotional Resonance	cda295f0-a80f-4a87-9f68-c0834d0609f1	3	5	VmxNq22lP2rOXmkR
onion::1266::1bd338b3-aeaf-4a5c-b12c-34ae94569861	11456	1266	1bd338b3-aeaf-4a5c-b12c-34ae94569861	Too Close to Touch	https://www.last.fm/music/Too+Close+to+Touch/_/Sympathy	https://www.last.fm/music/Too%20Close%20to%20Touch	Sympathy	https://www.last.fm/music/Too%20Close%20to%20Touch/Haven't%20Been%20Myself	0.0	Haven't Been Myself	Emotion (regulation)	Emotional Resonance	cda295f0-a80f-4a87-9f68-c0834d0609f1	3	5	KriUG4488Kii9XKs
onion::1276::Evanescence-My Immortal-2-279	11583	1276	Evanescence-My Immortal-2-279	Evanescence	https://www.last.fm/music/Evanescence/_/My+Immortal	https://www.last.fm/music/Evanescence	My Immortal	https://www.last.fm/music/Evanescence/Fallen	0.0	Fallen	Relaxing	Comfort and Security	1868d327-d632-46f1-9043-74d1ab9ba533	4	5	PTjAgaULILFpDWCm
onion::1267::2b9241b3-a7c4-4866-a15d-17344cf44541	11462	1267	2b9241b3-a7c4-4866-a15d-17344cf44541	Britney Spears	https://www.last.fm/music/Britney+Spears/_/Circus	https://www.last.fm/music/Britney%20Spears	Circus	https://www.last.fm/music/Britney%20Spears/Circus%20(Deluxe%20Version)	0.0	Circus (Deluxe Version)	Distraction	Distraction	cda295f0-a80f-4a87-9f68-c0834d0609f1	2	4	cWXpvnMaoOLOcPZx
onion::1267::Lady Gaga-Applause-1-193	11463	1267	Lady Gaga-Applause-1-193	Lady Gaga	https://www.last.fm/music/Lady+Gaga/_/Applause	https://www.last.fm/music/Lady%20Gaga	Applause	https://www.last.fm/music/Lady%20Gaga/ARTPOP	0.0	ARTPOP	Distraction	Distraction	cda295f0-a80f-4a87-9f68-c0834d0609f1	2	4	USxnLgstA31jmG6q
onion::1267::194b78f1-ac67-4480-9bce-300958a5ffb9	11464	1267	194b78f1-ac67-4480-9bce-300958a5ffb9	Porcelain Black	https://www.last.fm/music/Porcelain+Black/_/One+Woman+Army	https://www.last.fm/music/Porcelain%20Black	One Woman Army	https://www.last.fm/music/Porcelain%20Black/One%20Woman%20Army	0.0	One Woman Army	Distraction	Distraction	cda295f0-a80f-4a87-9f68-c0834d0609f1	2	4	wo3249plMXd8cM0R
onion::1267::Britney Spears-I Wanna Go-2-102	11465	1267	Britney Spears-I Wanna Go-2-102	Britney Spears	https://www.last.fm/music/Britney+Spears/_/I+Wanna+Go	https://www.last.fm/music/Britney%20Spears	I Wanna Go	https://www.last.fm/music/Britney%20Spears/Femme%20Fatale%20(Deluxe%20Version)	0.0	Femme Fatale (Deluxe Version)	Distraction	Distraction	cda295f0-a80f-4a87-9f68-c0834d0609f1	2	4	7ybFOESP4YA8HJ5Q
onion::1267::e9e64c45-2062-418a-b193-d73aa1ac7449	11469	1267	e9e64c45-2062-418a-b193-d73aa1ac7449	Hollywood Undead	https://www.last.fm/music/Hollywood+Undead/_/Everywhere+I+Go	https://www.last.fm/music/Hollywood%20Undead	Everywhere I Go	https://www.last.fm/music/Hollywood%20Undead/Swan%20Songs	0.0	Swan Songs	Distraction	Distraction	cda295f0-a80f-4a87-9f68-c0834d0609f1	2	4	G8dgKGT39FBIkjF9
onion::1268::00814269-b88d-4999-980c-31f735cc0e82	11478	1268	00814269-b88d-4999-980c-31f735cc0e82	Grouplove	https://www.last.fm/music/Grouplove/_/Tongue+Tied	https://www.last.fm/music/Grouplove	Tongue Tied	https://www.last.fm/music/Grouplove/Never%20Trust%20a%20Happy%20Song	0.0	Never Trust a Happy Song	Escape	Letting Go	cda295f0-a80f-4a87-9f68-c0834d0609f1	1	3	nfVNJlHreFIa7gZN
onion::1268::e9e64c45-2062-418a-b193-d73aa1ac7449	11479	1268	e9e64c45-2062-418a-b193-d73aa1ac7449	Hollywood Undead	https://www.last.fm/music/Hollywood+Undead/_/Everywhere+I+Go	https://www.last.fm/music/Hollywood%20Undead	Everywhere I Go	https://www.last.fm/music/Hollywood%20Undead/Swan%20Songs	0.0	Swan Songs	Escape	Letting Go	cda295f0-a80f-4a87-9f68-c0834d0609f1	1	3	G8dgKGT39FBIkjF9
onion::1270::003bd65f-76e8-4725-9a32-e4ec2aeb9125	11499	1270	003bd65f-76e8-4725-9a32-e4ec2aeb9125	Bring Me the Horizon	https://www.last.fm/music/Bring+Me+the+Horizon/_/Doomed	https://www.last.fm/music/Bring%20Me%20the%20Horizon	Doomed	https://www.last.fm/music/Bring%20Me%20the%20Horizon/That's%20the%20Spirit	0.0	That's the Spirit	Calming	Frustration Venting	cda295f0-a80f-4a87-9f68-c0834d0609f1	1	2	3SD0dkASvfbU4RoX
onion::1270::251f5c8d-1974-4d02-bb34-9039f6eb2492	11500	1270	251f5c8d-1974-4d02-bb34-9039f6eb2492	Bring Me the Horizon	https://www.last.fm/music/Bring+Me+the+Horizon/_/Drown	https://www.last.fm/music/Bring%20Me%20the%20Horizon	Drown	https://www.last.fm/music/Bring%20Me%20the%20Horizon/That's%20the%20Spirit	0.0	That's the Spirit	Calming	Frustration Venting	cda295f0-a80f-4a87-9f68-c0834d0609f1	1	2	tJCqaZcGgiaEMVLA
onion::1272::00814269-b88d-4999-980c-31f735cc0e82	11515	1272	00814269-b88d-4999-980c-31f735cc0e82	Grouplove	https://www.last.fm/music/Grouplove/_/Tongue+Tied	https://www.last.fm/music/Grouplove	Tongue Tied	https://www.last.fm/music/Grouplove/Never%20Trust%20a%20Happy%20Song	0.0	Never Trust a Happy Song	Well-Being	Pleasure & Enjoyment	cda295f0-a80f-4a87-9f68-c0834d0609f1	5	5	nfVNJlHreFIa7gZN
onion::1272::e9e64c45-2062-418a-b193-d73aa1ac7449	11516	1272	e9e64c45-2062-418a-b193-d73aa1ac7449	Hollywood Undead	https://www.last.fm/music/Hollywood+Undead/_/Everywhere+I+Go	https://www.last.fm/music/Hollywood%20Undead	Everywhere I Go	https://www.last.fm/music/Hollywood%20Undead/Swan%20Songs	0.0	Swan Songs	Well-Being	Pleasure & Enjoyment	cda295f0-a80f-4a87-9f68-c0834d0609f1	5	5	G8dgKGT39FBIkjF9
onion::1272::Lady Gaga-Applause-1-193	11517	1272	Lady Gaga-Applause-1-193	Lady Gaga	https://www.last.fm/music/Lady+Gaga/_/Applause	https://www.last.fm/music/Lady%20Gaga	Applause	https://www.last.fm/music/Lady%20Gaga/ARTPOP	0.0	ARTPOP	Well-Being	Pleasure & Enjoyment	cda295f0-a80f-4a87-9f68-c0834d0609f1	5	5	USxnLgstA31jmG6q
onion::1272::2b9241b3-a7c4-4866-a15d-17344cf44541	11518	1272	2b9241b3-a7c4-4866-a15d-17344cf44541	Britney Spears	https://www.last.fm/music/Britney+Spears/_/Circus	https://www.last.fm/music/Britney%20Spears	Circus	https://www.last.fm/music/Britney%20Spears/Circus%20(Deluxe%20Version)	0.0	Circus (Deluxe Version)	Well-Being	Pleasure & Enjoyment	cda295f0-a80f-4a87-9f68-c0834d0609f1	5	5	cWXpvnMaoOLOcPZx
onion::1272::251f5c8d-1974-4d02-bb34-9039f6eb2492	11520	1272	251f5c8d-1974-4d02-bb34-9039f6eb2492	Bring Me the Horizon	https://www.last.fm/music/Bring+Me+the+Horizon/_/Drown	https://www.last.fm/music/Bring%20Me%20the%20Horizon	Drown	https://www.last.fm/music/Bring%20Me%20the%20Horizon/That's%20the%20Spirit	0.0	That's the Spirit	Well-Being	Pleasure & Enjoyment	cda295f0-a80f-4a87-9f68-c0834d0609f1	5	5	tJCqaZcGgiaEMVLA
onion::1272::1bd338b3-aeaf-4a5c-b12c-34ae94569861	11521	1272	1bd338b3-aeaf-4a5c-b12c-34ae94569861	Too Close to Touch	https://www.last.fm/music/Too+Close+to+Touch/_/Sympathy	https://www.last.fm/music/Too%20Close%20to%20Touch	Sympathy	https://www.last.fm/music/Too%20Close%20to%20Touch/Haven't%20Been%20Myself	0.0	Haven't Been Myself	Well-Being	Pleasure & Enjoyment	cda295f0-a80f-4a87-9f68-c0834d0609f1	5	5	KriUG4488Kii9XKs
onion::1273::Tove Lo-Talking Body-4-25	11540	1273	Tove Lo-Talking Body-4-25	Tove Lo	https://www.last.fm/music/Tove+Lo/_/Talking+Body	https://www.last.fm/music/Tove%20Lo	Talking Body	https://www.last.fm/music/Tove%20Lo/Queen%20of%20the%20Clouds	0.0	Queen of the Clouds	Passion / Pleasure	Habitual Listening	cda295f0-a80f-4a87-9f68-c0834d0609f1	5	4	PfAw3ABTL6trkab3
onion::1274::2b9241b3-a7c4-4866-a15d-17344cf44541	11544	1274	2b9241b3-a7c4-4866-a15d-17344cf44541	Britney Spears	https://www.last.fm/music/Britney+Spears/_/Circus	https://www.last.fm/music/Britney%20Spears	Circus	https://www.last.fm/music/Britney%20Spears/Circus%20(Deluxe%20Version)	0.0	Circus (Deluxe Version)	Nostalgia	Nostalgia	cda295f0-a80f-4a87-9f68-c0834d0609f1	1	2	cWXpvnMaoOLOcPZx
onion::1274::Britney Spears-I Wanna Go-2-102	11545	1274	Britney Spears-I Wanna Go-2-102	Britney Spears	https://www.last.fm/music/Britney+Spears/_/I+Wanna+Go	https://www.last.fm/music/Britney%20Spears	I Wanna Go	https://www.last.fm/music/Britney%20Spears/Femme%20Fatale%20(Deluxe%20Version)	0.0	Femme Fatale (Deluxe Version)	Nostalgia	Nostalgia	cda295f0-a80f-4a87-9f68-c0834d0609f1	1	2	7ybFOESP4YA8HJ5Q
onion::1274::Lady Gaga-Applause-1-193	11547	1274	Lady Gaga-Applause-1-193	Lady Gaga	https://www.last.fm/music/Lady+Gaga/_/Applause	https://www.last.fm/music/Lady%20Gaga	Applause	https://www.last.fm/music/Lady%20Gaga/ARTPOP	0.0	ARTPOP	Nostalgia	Nostalgia	cda295f0-a80f-4a87-9f68-c0834d0609f1	1	2	USxnLgstA31jmG6q
onion::1274::Ke$ha-We R Who We R-2-164	11552	1274	Ke$ha-We R Who We R-2-164	Ke$ha	https://www.last.fm/music/Ke$ha/_/We+R+Who+We+R	https://www.last.fm/music/Ke%24ha	We R Who We R	https://www.last.fm/music/Ke%24ha/Cannibal%20(Expanded%20Edition)	0.0	Cannibal (Expanded Edition)	Nostalgia	Nostalgia	cda295f0-a80f-4a87-9f68-c0834d0609f1	1	2	lRLghnaPyAvhhXFy
onion::1274::9fff929b-c0cc-4ae8-a01d-d0a6ae84b86b	11553	1274	9fff929b-c0cc-4ae8-a01d-d0a6ae84b86b	Ke$ha	https://www.last.fm/music/Ke$ha/_/Your+Love+Is+My+Drug	https://www.last.fm/music/Ke%24ha	Your Love Is My Drug	https://www.last.fm/music/Ke%24ha/Animal	0.0	Animal	Nostalgia	Nostalgia	cda295f0-a80f-4a87-9f68-c0834d0609f1	1	2	lEPUm2Z9Egqr8wYl
onion::1275::cc51ad13-1d42-426f-a8ca-0fdd937e049d	11556	1275	cc51ad13-1d42-426f-a8ca-0fdd937e049d	Imagine Dragons	https://www.last.fm/music/Imagine+Dragons/_/Whatever+It+Takes	https://www.last.fm/music/Imagine%20Dragons	Whatever It Takes	https://www.last.fm/music/Imagine%20Dragons/Evolve	0.0	Evolve	Creativity	Creative Visualization	1868d327-d632-46f1-9043-74d1ab9ba533	3	5	sP0L6JGZHJ075alT
onion::1275::a661c185-23de-3704-97b7-a0f8e73e0939	11566	1275	a661c185-23de-3704-97b7-a0f8e73e0939	Nine Inch Nails	https://www.last.fm/music/Nine+Inch+Nails/_/Just+Like+You+Imagined	https://www.last.fm/music/Nine%20Inch%20Nails	Just Like You Imagined	https://www.last.fm/music/Nine%20Inch%20Nails/The%20Fragile	0.0	The Fragile	Creativity	Creative Visualization	1868d327-d632-46f1-9043-74d1ab9ba533	3	5	2RcsNSMvmpugDVWf
onion::1276::11ede217-30da-3282-990c-da5c35ddcf80	11573	1276	11ede217-30da-3282-990c-da5c35ddcf80	My Darkest Days	https://www.last.fm/music/My+Darkest+Days/_/Save+Yourself	https://www.last.fm/music/My%20Darkest%20Days	Save Yourself	https://www.last.fm/music/My%20Darkest%20Days/Sick%20And%20Twisted%20Affair%20(Deluxe%20Edition)	0.0	Sick And Twisted Affair (Deluxe Edition)	Relaxing	Comfort and Security	1868d327-d632-46f1-9043-74d1ab9ba533	4	5	4IiknhfE7MX87bpJ
onion::1276::055cdb75-273b-4b2e-aacb-6ebeb6add60d	11574	1276	055cdb75-273b-4b2e-aacb-6ebeb6add60d	My Chemical Romance	https://www.last.fm/music/My+Chemical+Romance/_/Mama	https://www.last.fm/music/My%20Chemical%20Romance	Mama	https://www.last.fm/music/My%20Chemical%20Romance/The%20Black%20Parade	0.0	The Black Parade	Relaxing	Comfort and Security	1868d327-d632-46f1-9043-74d1ab9ba533	4	5	xFz8tcUiaDPHp1jO
onion::1276::a4ce7c12-606c-41fa-83ac-323bb26ca50a	11576	1276	a4ce7c12-606c-41fa-83ac-323bb26ca50a	Three Days Grace	https://www.last.fm/music/Three+Days+Grace/_/Let+It+Die	https://www.last.fm/music/Three%20Days%20Grace	Let It Die	https://www.last.fm/music/Three%20Days%20Grace/One%20X	0.0	One X	Relaxing	Comfort and Security	1868d327-d632-46f1-9043-74d1ab9ba533	4	5	9eCM79TxrMKzMle1
onion::1276::b8b9c5ca-4a84-4159-925d-5fe7b3eba8b6	11582	1276	b8b9c5ca-4a84-4159-925d-5fe7b3eba8b6	Highly Suspect	https://www.last.fm/music/Highly+Suspect/_/Lost	https://www.last.fm/music/Highly%20Suspect	Lost	https://www.last.fm/music/Highly%20Suspect/Mister%20Asylum	0.0	Mister Asylum	Relaxing	Comfort and Security	1868d327-d632-46f1-9043-74d1ab9ba533	4	5	xWT0pAALYsjyepzU
onion::1276::800058c2-9fe1-3523-b82f-ef0596115b04	11585	1276	800058c2-9fe1-3523-b82f-ef0596115b04	Enya	https://www.last.fm/music/Enya/_/Watermark	https://www.last.fm/music/Enya	Watermark	https://www.last.fm/music/Enya/Watermark	0.0	Watermark	Relaxing	Comfort and Security	1868d327-d632-46f1-9043-74d1ab9ba533	4	5	8VtphbDg4uDAYiXo
onion::1277::1398bf54-1c51-463f-9c03-83da5cba9986	11586	1277	1398bf54-1c51-463f-9c03-83da5cba9986	Charisma.com	https://www.last.fm/music/Charisma.com/_/HATE	https://www.last.fm/music/Charisma.com	HATE	https://www.last.fm/music/Charisma.com/%E3%82%A2%E3%82%A4%E3%82%A2%E3%82%A4%20%E3%82%B7%E3%83%B3%E3%83%89%E3%83%AD%E3%83%BC%E3%83%A0	0.0	アイアイ シンドローム	Well-Being	Pleasure & Enjoyment	1868d327-d632-46f1-9043-74d1ab9ba533	5	5	8imJokmAzphbZ4Xh
onion::1277::020f763c-eecd-4ef5-b0fc-c45ff61c4b21	11589	1277	020f763c-eecd-4ef5-b0fc-c45ff61c4b21	Lisa	https://www.last.fm/music/Lisa/_/Rising+Hope	https://www.last.fm/music/Lisa	Rising Hope	https://www.last.fm/music/Lisa/Launcher	0.0	Launcher	Well-Being	Pleasure & Enjoyment	1868d327-d632-46f1-9043-74d1ab9ba533	5	5	Bbq2yaUVFQWQqG9B
onion::1277::3a45c9d1-6884-472b-8d74-bb11ceb5193c	11593	1277	3a45c9d1-6884-472b-8d74-bb11ceb5193c	Clairo	https://www.last.fm/music/Clairo/_/Pretty+Girl	https://www.last.fm/music/Clairo	Pretty Girl	https://www.last.fm/music/Clairo/Pretty%20Girl	0.0	Pretty Girl	Well-Being	Pleasure & Enjoyment	1868d327-d632-46f1-9043-74d1ab9ba533	5	5	Ma2mTEggvRXtRXb8
onion::1278::cc51ad13-1d42-426f-a8ca-0fdd937e049d	11596	1278	cc51ad13-1d42-426f-a8ca-0fdd937e049d	Imagine Dragons	https://www.last.fm/music/Imagine+Dragons/_/Whatever+It+Takes	https://www.last.fm/music/Imagine%20Dragons	Whatever It Takes	https://www.last.fm/music/Imagine%20Dragons/Evolve	0.0	Evolve	Calming	Frustration Venting	1868d327-d632-46f1-9043-74d1ab9ba533	3	5	sP0L6JGZHJ075alT
onion::1278::055cdb75-273b-4b2e-aacb-6ebeb6add60d	11597	1278	055cdb75-273b-4b2e-aacb-6ebeb6add60d	My Chemical Romance	https://www.last.fm/music/My+Chemical+Romance/_/Mama	https://www.last.fm/music/My%20Chemical%20Romance	Mama	https://www.last.fm/music/My%20Chemical%20Romance/The%20Black%20Parade	0.0	The Black Parade	Calming	Frustration Venting	1868d327-d632-46f1-9043-74d1ab9ba533	3	5	xFz8tcUiaDPHp1jO
onion::1278::a4ce7c12-606c-41fa-83ac-323bb26ca50a	11603	1278	a4ce7c12-606c-41fa-83ac-323bb26ca50a	Three Days Grace	https://www.last.fm/music/Three+Days+Grace/_/Let+It+Die	https://www.last.fm/music/Three%20Days%20Grace	Let It Die	https://www.last.fm/music/Three%20Days%20Grace/One%20X	0.0	One X	Calming	Frustration Venting	1868d327-d632-46f1-9043-74d1ab9ba533	3	5	9eCM79TxrMKzMle1
onion::1278::089e5578-27b9-472e-b687-005310439b1d	11604	1278	089e5578-27b9-472e-b687-005310439b1d	My Chemical Romance	https://www.last.fm/music/My+Chemical+Romance/_/Vampires+Will+Never+Hurt+You	https://www.last.fm/music/My%20Chemical%20Romance	Vampires Will Never Hurt You	https://www.last.fm/music/My%20Chemical%20Romance/I%20Brought%20You%20My%20Bullets%2C%20You%20Brought%20Me%20Your%20Love	0.0	I Brought You My Bullets, You Brought Me Your Love	Calming	Frustration Venting	1868d327-d632-46f1-9043-74d1ab9ba533	3	5	8p8CjfbEGHBZCF1Q
onion::1289::Maroon 5-This Love-1-282	11739	1289	Maroon 5-This Love-1-282	Maroon 5	https://www.last.fm/music/Maroon+5/_/This+Love	https://www.last.fm/music/Maroon%205	This Love	https://www.last.fm/music/Maroon%205/Songs%20About%20Jane	0.0	Songs About Jane	Distraction	Distraction	bffc290b-8e88-4783-9af0-89f45d4bef2e	1	2	OHiJws8t4NlFjJcB
onion::1278::ebc26478-4045-4abf-bc65-bceb007207c1	11612	1278	ebc26478-4045-4abf-bc65-bceb007207c1	Papa Roach	https://www.last.fm/music/Papa+Roach/_/Not+Listening	https://www.last.fm/music/Papa%20Roach	Not Listening	https://www.last.fm/music/Papa%20Roach/Getting%20Away%20with%20Murder	0.0	Getting Away with Murder	Calming	Frustration Venting	1868d327-d632-46f1-9043-74d1ab9ba533	3	5	FAoeZ6ZwhJSOxHVW
onion::1279::055cdb75-273b-4b2e-aacb-6ebeb6add60d	11616	1279	055cdb75-273b-4b2e-aacb-6ebeb6add60d	My Chemical Romance	https://www.last.fm/music/My+Chemical+Romance/_/Mama	https://www.last.fm/music/My%20Chemical%20Romance	Mama	https://www.last.fm/music/My%20Chemical%20Romance/The%20Black%20Parade	0.0	The Black Parade	Nostalgia	Nostalgia	1868d327-d632-46f1-9043-74d1ab9ba533	5	5	xFz8tcUiaDPHp1jO
onion::1279::f8bb32d8-b7fb-3644-af54-ad58ee15fab8	11621	1279	f8bb32d8-b7fb-3644-af54-ad58ee15fab8	IAMX	https://www.last.fm/music/IAMX/_/Bernadette	https://www.last.fm/music/IAMX	Bernadette	https://www.last.fm/music/IAMX/Volatile%20Times	0.0	Volatile Times	Nostalgia	Nostalgia	1868d327-d632-46f1-9043-74d1ab9ba533	5	5	bbxmejLPxmxlKv2G
onion::1279::edd06c6d-bae3-363b-bcf5-19ba7d66e661	11622	1279	edd06c6d-bae3-363b-bcf5-19ba7d66e661	Papercut Massacre	https://www.last.fm/music/Papercut+Massacre/_/Lose+My+Life	https://www.last.fm/music/Papercut%20Massacre	Lose My Life	https://www.last.fm/music/Papercut%20Massacre/If%20These%20Scars%20Could%20Talk	0.0	If These Scars Could Talk	Nostalgia	Nostalgia	1868d327-d632-46f1-9043-74d1ab9ba533	5	5	qsDZnfO3O7udZui7
onion::1279::089e5578-27b9-472e-b687-005310439b1d	11624	1279	089e5578-27b9-472e-b687-005310439b1d	My Chemical Romance	https://www.last.fm/music/My+Chemical+Romance/_/Vampires+Will+Never+Hurt+You	https://www.last.fm/music/My%20Chemical%20Romance	Vampires Will Never Hurt You	https://www.last.fm/music/My%20Chemical%20Romance/I%20Brought%20You%20My%20Bullets%2C%20You%20Brought%20Me%20Your%20Love	0.0	I Brought You My Bullets, You Brought Me Your Love	Nostalgia	Nostalgia	1868d327-d632-46f1-9043-74d1ab9ba533	5	5	8p8CjfbEGHBZCF1Q
onion::1280::1398bf54-1c51-463f-9c03-83da5cba9986	11631	1280	1398bf54-1c51-463f-9c03-83da5cba9986	Charisma.com	https://www.last.fm/music/Charisma.com/_/HATE	https://www.last.fm/music/Charisma.com	HATE	https://www.last.fm/music/Charisma.com/%E3%82%A2%E3%82%A4%E3%82%A2%E3%82%A4%20%E3%82%B7%E3%83%B3%E3%83%89%E3%83%AD%E3%83%BC%E3%83%A0	0.0	アイアイ シンドローム	Motivation	Background Utility	1868d327-d632-46f1-9043-74d1ab9ba533	5	5	8imJokmAzphbZ4Xh
onion::1280::020f763c-eecd-4ef5-b0fc-c45ff61c4b21	11633	1280	020f763c-eecd-4ef5-b0fc-c45ff61c4b21	Lisa	https://www.last.fm/music/Lisa/_/Rising+Hope	https://www.last.fm/music/Lisa	Rising Hope	https://www.last.fm/music/Lisa/Launcher	0.0	Launcher	Motivation	Background Utility	1868d327-d632-46f1-9043-74d1ab9ba533	5	5	Bbq2yaUVFQWQqG9B
onion::1281::cc51ad13-1d42-426f-a8ca-0fdd937e049d	11639	1281	cc51ad13-1d42-426f-a8ca-0fdd937e049d	Imagine Dragons	https://www.last.fm/music/Imagine+Dragons/_/Whatever+It+Takes	https://www.last.fm/music/Imagine%20Dragons	Whatever It Takes	https://www.last.fm/music/Imagine%20Dragons/Evolve	0.0	Evolve	Passion / Pleasure	Habitual Listening	1868d327-d632-46f1-9043-74d1ab9ba533	5	5	sP0L6JGZHJ075alT
onion::1281::11ede217-30da-3282-990c-da5c35ddcf80	11642	1281	11ede217-30da-3282-990c-da5c35ddcf80	My Darkest Days	https://www.last.fm/music/My+Darkest+Days/_/Save+Yourself	https://www.last.fm/music/My%20Darkest%20Days	Save Yourself	https://www.last.fm/music/My%20Darkest%20Days/Sick%20And%20Twisted%20Affair%20(Deluxe%20Edition)	0.0	Sick And Twisted Affair (Deluxe Edition)	Passion / Pleasure	Habitual Listening	1868d327-d632-46f1-9043-74d1ab9ba533	5	5	4IiknhfE7MX87bpJ
onion::1281::055cdb75-273b-4b2e-aacb-6ebeb6add60d	11645	1281	055cdb75-273b-4b2e-aacb-6ebeb6add60d	My Chemical Romance	https://www.last.fm/music/My+Chemical+Romance/_/Mama	https://www.last.fm/music/My%20Chemical%20Romance	Mama	https://www.last.fm/music/My%20Chemical%20Romance/The%20Black%20Parade	0.0	The Black Parade	Passion / Pleasure	Habitual Listening	1868d327-d632-46f1-9043-74d1ab9ba533	5	5	xFz8tcUiaDPHp1jO
onion::1281::f8bb32d8-b7fb-3644-af54-ad58ee15fab8	11654	1281	f8bb32d8-b7fb-3644-af54-ad58ee15fab8	IAMX	https://www.last.fm/music/IAMX/_/Bernadette	https://www.last.fm/music/IAMX	Bernadette	https://www.last.fm/music/IAMX/Volatile%20Times	0.0	Volatile Times	Passion / Pleasure	Habitual Listening	1868d327-d632-46f1-9043-74d1ab9ba533	5	5	bbxmejLPxmxlKv2G
onion::1281::edd06c6d-bae3-363b-bcf5-19ba7d66e661	11656	1281	edd06c6d-bae3-363b-bcf5-19ba7d66e661	Papercut Massacre	https://www.last.fm/music/Papercut+Massacre/_/Lose+My+Life	https://www.last.fm/music/Papercut%20Massacre	Lose My Life	https://www.last.fm/music/Papercut%20Massacre/If%20These%20Scars%20Could%20Talk	0.0	If These Scars Could Talk	Passion / Pleasure	Habitual Listening	1868d327-d632-46f1-9043-74d1ab9ba533	5	5	qsDZnfO3O7udZui7
onion::1281::1398bf54-1c51-463f-9c03-83da5cba9986	11658	1281	1398bf54-1c51-463f-9c03-83da5cba9986	Charisma.com	https://www.last.fm/music/Charisma.com/_/HATE	https://www.last.fm/music/Charisma.com	HATE	https://www.last.fm/music/Charisma.com/%E3%82%A2%E3%82%A4%E3%82%A2%E3%82%A4%20%E3%82%B7%E3%83%B3%E3%83%89%E3%83%AD%E3%83%BC%E3%83%A0	0.0	アイアイ シンドローム	Passion / Pleasure	Habitual Listening	1868d327-d632-46f1-9043-74d1ab9ba533	5	5	8imJokmAzphbZ4Xh
onion::1282::3043610a-0ee3-3637-8804-88f457a5642d	11660	1282	3043610a-0ee3-3637-8804-88f457a5642d	My Chemical Romance	https://www.last.fm/music/My+Chemical+Romance/_/DESTROYA	https://www.last.fm/music/My%20Chemical%20Romance	DESTROYA	https://www.last.fm/music/My%20Chemical%20Romance/Danger%20Days%3A%20The%20True%20Lives%20of%20the%20Fabulous%20Killjoys	0.0	Danger Days: The True Lives of the Fabulous Killjoys	Distraction	Distraction	1868d327-d632-46f1-9043-74d1ab9ba533	5	5	PKkIiPJ0ygGIxeah
onion::1282::055cdb75-273b-4b2e-aacb-6ebeb6add60d	11661	1282	055cdb75-273b-4b2e-aacb-6ebeb6add60d	My Chemical Romance	https://www.last.fm/music/My+Chemical+Romance/_/Mama	https://www.last.fm/music/My%20Chemical%20Romance	Mama	https://www.last.fm/music/My%20Chemical%20Romance/The%20Black%20Parade	0.0	The Black Parade	Distraction	Distraction	1868d327-d632-46f1-9043-74d1ab9ba533	5	5	xFz8tcUiaDPHp1jO
onion::1282::089e5578-27b9-472e-b687-005310439b1d	11663	1282	089e5578-27b9-472e-b687-005310439b1d	My Chemical Romance	https://www.last.fm/music/My+Chemical+Romance/_/Vampires+Will+Never+Hurt+You	https://www.last.fm/music/My%20Chemical%20Romance	Vampires Will Never Hurt You	https://www.last.fm/music/My%20Chemical%20Romance/I%20Brought%20You%20My%20Bullets%2C%20You%20Brought%20Me%20Your%20Love	0.0	I Brought You My Bullets, You Brought Me Your Love	Distraction	Distraction	1868d327-d632-46f1-9043-74d1ab9ba533	5	5	8p8CjfbEGHBZCF1Q
onion::1283::cc51ad13-1d42-426f-a8ca-0fdd937e049d	11670	1283	cc51ad13-1d42-426f-a8ca-0fdd937e049d	Imagine Dragons	https://www.last.fm/music/Imagine+Dragons/_/Whatever+It+Takes	https://www.last.fm/music/Imagine%20Dragons	Whatever It Takes	https://www.last.fm/music/Imagine%20Dragons/Evolve	0.0	Evolve	Relief	Relief	1868d327-d632-46f1-9043-74d1ab9ba533	2	4	sP0L6JGZHJ075alT
onion::1283::11ede217-30da-3282-990c-da5c35ddcf80	11671	1283	11ede217-30da-3282-990c-da5c35ddcf80	My Darkest Days	https://www.last.fm/music/My+Darkest+Days/_/Save+Yourself	https://www.last.fm/music/My%20Darkest%20Days	Save Yourself	https://www.last.fm/music/My%20Darkest%20Days/Sick%20And%20Twisted%20Affair%20(Deluxe%20Edition)	0.0	Sick And Twisted Affair (Deluxe Edition)	Relief	Relief	1868d327-d632-46f1-9043-74d1ab9ba533	2	4	4IiknhfE7MX87bpJ
onion::1283::055cdb75-273b-4b2e-aacb-6ebeb6add60d	11672	1283	055cdb75-273b-4b2e-aacb-6ebeb6add60d	My Chemical Romance	https://www.last.fm/music/My+Chemical+Romance/_/Mama	https://www.last.fm/music/My%20Chemical%20Romance	Mama	https://www.last.fm/music/My%20Chemical%20Romance/The%20Black%20Parade	0.0	The Black Parade	Relief	Relief	1868d327-d632-46f1-9043-74d1ab9ba533	2	4	xFz8tcUiaDPHp1jO
onion::1284::0fe40523-d337-43ee-b5eb-b86139ea76ea	11679	1284	0fe40523-d337-43ee-b5eb-b86139ea76ea	Young the Giant	https://www.last.fm/music/Young+the+Giant/_/I+Got	https://www.last.fm/music/Young%20the%20Giant	I Got	https://www.last.fm/music/Young%20the%20Giant/Young%20the%20Giant	0.0	Young the Giant	Mood Enhancement	Cheerfulness	1868d327-d632-46f1-9043-74d1ab9ba533	2	4	F9xLm5VdpjW2cXj5
onion::1284::683766c0-94b1-3953-b461-c1ec7cd7cde3	11682	1284	683766c0-94b1-3953-b461-c1ec7cd7cde3	Enya	https://www.last.fm/music/Enya/_/A+Day+Without+Rain	https://www.last.fm/music/Enya	A Day Without Rain	https://www.last.fm/music/Enya/A%20Day%20Without%20Rain	0.0	A Day Without Rain	Mood Enhancement	Cheerfulness	1868d327-d632-46f1-9043-74d1ab9ba533	2	4	yja0sQGbchiJ9gEJ
onion::1284::657e0402-4372-4f60-9a6c-5903a4c30cc5	11683	1284	657e0402-4372-4f60-9a6c-5903a4c30cc5	Imogen Heap	https://www.last.fm/music/Imogen+Heap/_/Headlock	https://www.last.fm/music/Imogen%20Heap	Headlock	https://www.last.fm/music/Imogen%20Heap/Speak%20for%20Yourself	0.0	Speak for Yourself	Mood Enhancement	Cheerfulness	1868d327-d632-46f1-9043-74d1ab9ba533	2	4	1LVCIU4fWhE8ms3W
onion::1285::88516e03-1ee1-4753-9fb6-f2d39cee2fe5	11687	1285	88516e03-1ee1-4753-9fb6-f2d39cee2fe5	Charlie Puth	https://www.last.fm/music/Charlie+Puth/_/How+Long	https://www.last.fm/music/Charlie%20Puth	How Long	https://www.last.fm/music/Charlie%20Puth/Voicenotes	0.0	Voicenotes	Relaxing	Comfort and Security	bffc290b-8e88-4783-9af0-89f45d4bef2e	3	3	7AqSdSeZxPpOYcl3
onion::1285::19b6d048-f981-40e9-8235-a5acf969e5df	11688	1285	19b6d048-f981-40e9-8235-a5acf969e5df	Charlie Puth	https://www.last.fm/music/Charlie+Puth/_/Attention	https://www.last.fm/music/Charlie%20Puth	Attention	https://www.last.fm/music/Charlie%20Puth/Voicenotes	0.0	Voicenotes	Relaxing	Comfort and Security	bffc290b-8e88-4783-9af0-89f45d4bef2e	3	3	EKy3Xp2cFgmONlxs
onion::1285::8590bfca-7f28-4b72-8b9c-81935def4281	11692	1285	8590bfca-7f28-4b72-8b9c-81935def4281	Arctic Monkeys	https://www.last.fm/music/Arctic+Monkeys/_/Teddy+Picker	https://www.last.fm/music/Arctic%20Monkeys	Teddy Picker	https://www.last.fm/music/Arctic%20Monkeys/Favourite%20Worst%20Nightmare	0.0	Favourite Worst Nightmare	Relaxing	Comfort and Security	bffc290b-8e88-4783-9af0-89f45d4bef2e	3	3	tPtD2D5GB2YE56D0
onion::1285::023dcf4c-6a94-35d0-b700-650c2e9e2d42	11701	1285	023dcf4c-6a94-35d0-b700-650c2e9e2d42	Slipknot	https://www.last.fm/music/Slipknot/_/Duality	https://www.last.fm/music/Slipknot	Duality	https://www.last.fm/music/Slipknot/Vol.%203%3A%20The%20Subliminal%20Verses%20(Special%20Edition)	0.0	Vol. 3: The Subliminal Verses (Special Edition)	Relaxing	Comfort and Security	bffc290b-8e88-4783-9af0-89f45d4bef2e	3	3	LB2ETNbmphEzXBKd
onion::1285::97f14af5-2932-3de1-9498-cc07b44006b9	11703	1285	97f14af5-2932-3de1-9498-cc07b44006b9	Nujabes	https://www.last.fm/music/Nujabes/_/Summer+Gypsy	https://www.last.fm/music/Nujabes	Summer Gypsy	https://www.last.fm/music/Nujabes/Metaphorical%20Music	0.0	Metaphorical Music	Relaxing	Comfort and Security	bffc290b-8e88-4783-9af0-89f45d4bef2e	3	3	MjQkD0QGI10mjkvF
onion::1286::6befa91f-fce9-4582-95f5-dc07f19a881c	11706	1286	6befa91f-fce9-4582-95f5-dc07f19a881c	Saliva	https://www.last.fm/music/Saliva/_/Click+Click+Boom	https://www.last.fm/music/Saliva	Click Click Boom	https://www.last.fm/music/Saliva/Every%20Six%20Seconds	0.0	Every Six Seconds	Fitness Motivation	Fitness & Performance	bffc290b-8e88-4783-9af0-89f45d4bef2e	2	4	FXvvOY1bGn34fgRV
onion::1286::116b579a-0c48-4e0e-9be3-87c9660c6acc	11708	1286	116b579a-0c48-4e0e-9be3-87c9660c6acc	My Chemical Romance	https://www.last.fm/music/My+Chemical+Romance/_/Helena	https://www.last.fm/music/My%20Chemical%20Romance	Helena	https://www.last.fm/music/My%20Chemical%20Romance/Three%20Cheers%20for%20Sweet%20Revenge	0.0	Three Cheers for Sweet Revenge	Fitness Motivation	Fitness & Performance	bffc290b-8e88-4783-9af0-89f45d4bef2e	2	4	NCS5Uhityjy77E7a
onion::1289::88516e03-1ee1-4753-9fb6-f2d39cee2fe5	11738	1289	88516e03-1ee1-4753-9fb6-f2d39cee2fe5	Charlie Puth	https://www.last.fm/music/Charlie+Puth/_/How+Long	https://www.last.fm/music/Charlie%20Puth	How Long	https://www.last.fm/music/Charlie%20Puth/Voicenotes	0.0	Voicenotes	Distraction	Distraction	bffc290b-8e88-4783-9af0-89f45d4bef2e	1	2	7AqSdSeZxPpOYcl3
onion::1289::08cafe0a-6706-343c-bd09-2db29851835f	11740	1289	08cafe0a-6706-343c-bd09-2db29851835f	Rihanna	https://www.last.fm/music/Rihanna/_/Breakin%27+Dishes	https://www.last.fm/music/Rihanna	Breakin' Dishes	https://www.last.fm/music/Rihanna/Good%20Girl%20Gone%20Bad	0.0	Good Girl Gone Bad	Distraction	Distraction	bffc290b-8e88-4783-9af0-89f45d4bef2e	1	2	EEDpe8A5q7mkaneL
onion::1286::8590bfca-7f28-4b72-8b9c-81935def4281	11714	1286	8590bfca-7f28-4b72-8b9c-81935def4281	Arctic Monkeys	https://www.last.fm/music/Arctic+Monkeys/_/Teddy+Picker	https://www.last.fm/music/Arctic%20Monkeys	Teddy Picker	https://www.last.fm/music/Arctic%20Monkeys/Favourite%20Worst%20Nightmare	0.0	Favourite Worst Nightmare	Fitness Motivation	Fitness & Performance	bffc290b-8e88-4783-9af0-89f45d4bef2e	2	4	tPtD2D5GB2YE56D0
onion::1287::5a04a0b4-a0cc-4442-8f6b-9eba7fac70aa	11720	1287	5a04a0b4-a0cc-4442-8f6b-9eba7fac70aa	Mariah Carey	https://www.last.fm/music/Mariah+Carey/_/Shake+It+Off	https://www.last.fm/music/Mariah%20Carey	Shake It Off	https://www.last.fm/music/Mariah%20Carey/The%20Emancipation%20of%20Mimi	0.0	The Emancipation of Mimi	Mood Enhancement	Cheerfulness	bffc290b-8e88-4783-9af0-89f45d4bef2e	2	5	HDaOxj9RznT2NrQ7
onion::1287::295ba2dd-f978-4031-80df-fc47aa0e85ff	11721	1287	295ba2dd-f978-4031-80df-fc47aa0e85ff	Rihanna	https://www.last.fm/music/Rihanna/_/Hate+That+I+Love+You	https://www.last.fm/music/Rihanna	Hate That I Love You	https://www.last.fm/music/Rihanna/Good%20Girl%20Gone%20Bad%3A%20Reloaded	0.0	Good Girl Gone Bad: Reloaded	Mood Enhancement	Cheerfulness	bffc290b-8e88-4783-9af0-89f45d4bef2e	2	5	uHRTJQVhY5HnHVHB
onion::1288::295ba2dd-f978-4031-80df-fc47aa0e85ff	11727	1288	295ba2dd-f978-4031-80df-fc47aa0e85ff	Rihanna	https://www.last.fm/music/Rihanna/_/Hate+That+I+Love+You	https://www.last.fm/music/Rihanna	Hate That I Love You	https://www.last.fm/music/Rihanna/Good%20Girl%20Gone%20Bad%3A%20Reloaded	0.0	Good Girl Gone Bad: Reloaded	Entertainment	Singing Along	bffc290b-8e88-4783-9af0-89f45d4bef2e	1	3	uHRTJQVhY5HnHVHB
onion::1288::5a04a0b4-a0cc-4442-8f6b-9eba7fac70aa	11728	1288	5a04a0b4-a0cc-4442-8f6b-9eba7fac70aa	Mariah Carey	https://www.last.fm/music/Mariah+Carey/_/Shake+It+Off	https://www.last.fm/music/Mariah%20Carey	Shake It Off	https://www.last.fm/music/Mariah%20Carey/The%20Emancipation%20of%20Mimi	0.0	The Emancipation of Mimi	Entertainment	Singing Along	bffc290b-8e88-4783-9af0-89f45d4bef2e	1	3	HDaOxj9RznT2NrQ7
onion::1289::9d8b99b0-b37a-3afa-938e-9a6c7a674f0c	11736	1289	9d8b99b0-b37a-3afa-938e-9a6c7a674f0c	Cali Swag District	https://www.last.fm/music/Cali+Swag+District/_/Teach+Me+How+To+Dougie	https://www.last.fm/music/Cali%20Swag%20District	Teach Me How To Dougie	https://www.last.fm/music/Cali%20Swag%20District/The%20Kickback	0.0	The Kickback	Distraction	Distraction	bffc290b-8e88-4783-9af0-89f45d4bef2e	1	2	8XRNX71c82VJJbVE
onion::1289::0f241243-2bb0-3778-b710-a819cfa1ef90	11741	1289	0f241243-2bb0-3778-b710-a819cfa1ef90	Gwen Stefani	https://www.last.fm/music/Gwen+Stefani/_/Bubble+Pop+Electric	https://www.last.fm/music/Gwen%20Stefani	Bubble Pop Electric	https://www.last.fm/music/Gwen%20Stefani/Love.%20Angel.%20Music.%20Baby.%20(Deluxe%20Version)	0.0	Love. Angel. Music. Baby. (Deluxe Version)	Distraction	Distraction	bffc290b-8e88-4783-9af0-89f45d4bef2e	1	2	Fi9eWmU3mv0EcP3P
onion::1290::3a45c9d1-6884-472b-8d74-bb11ceb5193c	11742	1290	3a45c9d1-6884-472b-8d74-bb11ceb5193c	Clairo	https://www.last.fm/music/Clairo/_/Pretty+Girl	https://www.last.fm/music/Clairo	Pretty Girl	https://www.last.fm/music/Clairo/Pretty%20Girl	0.0	Pretty Girl	Exploration	Exploration	bffc290b-8e88-4783-9af0-89f45d4bef2e	1	3	Ma2mTEggvRXtRXb8
onion::1290::ce82f10d-61f1-3b85-bd50-88f3e3d2e4b3	11743	1290	ce82f10d-61f1-3b85-bd50-88f3e3d2e4b3	Three Days Grace	https://www.last.fm/music/Three+Days+Grace/_/Riot	https://www.last.fm/music/Three%20Days%20Grace	Riot	https://www.last.fm/music/Three%20Days%20Grace/One-X	0.0	One-X	Exploration	Exploration	bffc290b-8e88-4783-9af0-89f45d4bef2e	1	3	JTe4O8jE5AfV8Ppo
onion::1290::657e0402-4372-4f60-9a6c-5903a4c30cc5	11746	1290	657e0402-4372-4f60-9a6c-5903a4c30cc5	Imogen Heap	https://www.last.fm/music/Imogen+Heap/_/Headlock	https://www.last.fm/music/Imogen%20Heap	Headlock	https://www.last.fm/music/Imogen%20Heap/Speak%20for%20Yourself	0.0	Speak for Yourself	Exploration	Exploration	bffc290b-8e88-4783-9af0-89f45d4bef2e	1	3	1LVCIU4fWhE8ms3W
onion::1291::MF DOOM-Safed Musli-4-73	11748	1291	MF DOOM-Safed Musli-4-73	MF DOOM	https://www.last.fm/music/MF+DOOM/_/Safed+Musli	https://www.last.fm/music/MF%20DOOM	Safed Musli	https://www.last.fm/music/MF%20DOOM/Metal%20Fingers%20Presents%3A%20Special%20Herbs%2C%20The%20Box%20Set%20Vol.%200%20-%209	0.0	Metal Fingers Presents: Special Herbs, The Box Set Vol. 0 - 9	Relief	Relief	bffc290b-8e88-4783-9af0-89f45d4bef2e	1	3	scOSIrmJxTgtuQrt
onion::1292::e70ee008-1acd-4d12-9b88-cc4655e1b9a2	11753	1292	e70ee008-1acd-4d12-9b88-cc4655e1b9a2	Bruno Mars	https://www.last.fm/music/Bruno+Mars/_/Calling+All+My+Lovelies	https://www.last.fm/music/Bruno%20Mars	Calling All My Lovelies	https://www.last.fm/music/Bruno%20Mars/24K%20Magic	0.0	24K Magic	Well-Being	Pleasure & Enjoyment	bffc290b-8e88-4783-9af0-89f45d4bef2e	1	2	l08kLgcrgoC6Mh3j
onion::1293::21d7210e-7071-4b5b-abd7-2526a8808ceb	11759	1293	21d7210e-7071-4b5b-abd7-2526a8808ceb	The Marías	https://www.last.fm/music/The+Mar%C3%ADas/_/Cari%C3%B1o	https://www.last.fm/music/The%20Mar%C3%ADas	Cariño	https://www.last.fm/music/The%20Mar%C3%ADas/Superclean%2C%20Vol.%20II	0.0	Superclean, Vol. II	Passion / Pleasure	Habitual Listening	bffc290b-8e88-4783-9af0-89f45d4bef2e	2	4	ciRdTG6RBihqEaRe
onion::1294::4cf21adb-b896-45be-a80e-5ebc434de4e4	11766	1294	4cf21adb-b896-45be-a80e-5ebc434de4e4	J. Cole	https://www.last.fm/music/J.+Cole/_/Work+Out	https://www.last.fm/music/J.%20Cole	Work Out	https://www.last.fm/music/J.%20Cole/Cole%20World%3A%20The%20Sideline%20Story	0.0	Cole World: The Sideline Story	Escape	Letting Go	bffc290b-8e88-4783-9af0-89f45d4bef2e	1	2	4Qrv825yF8YcDqF0
onion::1295::6d8b6ce8-2849-43b0-82bc-e85472cf8f5a	11769	1295	6d8b6ce8-2849-43b0-82bc-e85472cf8f5a	The Strokes	https://www.last.fm/music/The+Strokes/_/You+Only+Live+Once	https://www.last.fm/music/The%20Strokes	You Only Live Once	https://www.last.fm/music/The%20Strokes/First%20Impressions%20of%20Earth	0.0	First Impressions of Earth	Entertainment	Singing Along	3fc0ea5e-0625-4b97-9ec9-63ce863c6cad	3	3	jPv1Tj4Mgo4l2Oue
onion::1295::Cream-White Room-4-60	11776	1295	Cream-White Room-4-60	Cream	https://www.last.fm/music/Cream/_/White+Room	https://www.last.fm/music/Cream	White Room	https://www.last.fm/music/Cream/Wheels%20of%20Fire	0.0	Wheels of Fire	Entertainment	Singing Along	3fc0ea5e-0625-4b97-9ec9-63ce863c6cad	3	3	AufaRWttOCrzAeWH
onion::1301::fd92e00b-ea21-4849-bfbd-cb431aa72a60	11815	1301	fd92e00b-ea21-4849-bfbd-cb431aa72a60	Namasenda	https://www.last.fm/music/Namasenda/_/Donuts	https://www.last.fm/music/Namasenda	Donuts		0.0		Escape	Letting Go	3fc0ea5e-0625-4b97-9ec9-63ce863c6cad	3	5	E9mWfhO31DfTeqeJ
onion::1303::001c2c38-2451-4bd4-854a-7366fd8982e0	11824	1303	001c2c38-2451-4bd4-854a-7366fd8982e0	Adam Lambert	https://www.last.fm/music/Adam+Lambert/_/Never+Close+Our+Eyes	https://www.last.fm/music/Adam%20Lambert	Never Close Our Eyes	https://www.last.fm/music/Adam%20Lambert/Never%20Close%20Our%20Eyes	0.0	Never Close Our Eyes	Energy	Morning Wake-Up	3fc0ea5e-0625-4b97-9ec9-63ce863c6cad	1	5	hl4zmKVZa2Ft703p
onion::1304::0c000f18-5759-3ca7-be7d-dcee51b09246	11840	1304	0c000f18-5759-3ca7-be7d-dcee51b09246	Breathe Carolina	https://www.last.fm/music/Breathe+Carolina/_/Blackout	https://www.last.fm/music/Breathe%20Carolina	Blackout	https://www.last.fm/music/Breathe%20Carolina/Hell%20Is%20What%20You%20Make%20It	0.0	Hell Is What You Make It	Calming	Frustration Venting	3fc0ea5e-0625-4b97-9ec9-63ce863c6cad	2	5	rXH5BNYLNrqLzR0Y
onion::1306::3bd2888b-6d08-4c48-8f59-a8b680874fdb	11852	1306	3bd2888b-6d08-4c48-8f59-a8b680874fdb	Nick Drake	https://www.last.fm/music/Nick+Drake/_/River+Man	https://www.last.fm/music/Nick%20Drake	River Man	https://www.last.fm/music/Nick%20Drake/Five%20Leaves%20Left%20(Remastered)	0.0	Five Leaves Left (Remastered)	Emotion (regulation)	Emotional Resonance	c9ee8aa8-8b0e-413c-a6c4-e1ff926e5f2d	3	5	mTgtbgo0UktD7DSa
onion::1307::be6366b7-60e2-4c0a-877d-843b83490d9f	11855	1307	be6366b7-60e2-4c0a-877d-843b83490d9f	Nick Drake	https://www.last.fm/music/Nick+Drake/_/Northern+Sky	https://www.last.fm/music/Nick%20Drake	Northern Sky	https://www.last.fm/music/Nick%20Drake/Bryter%20Layter	0.0	Bryter Layter	(Self-) Reflection / Introspection	Self-Reflection	c9ee8aa8-8b0e-413c-a6c4-e1ff926e5f2d	2	4	TGABqt2d0GrbdMhy
onion::1308::72762273-5146-35a1-a2cd-63220cb80371	11861	1308	72762273-5146-35a1-a2cd-63220cb80371	Peter Gabriel	https://www.last.fm/music/Peter+Gabriel/_/Biko	https://www.last.fm/music/Peter%20Gabriel	Biko	https://www.last.fm/music/Peter%20Gabriel/Peter%20Gabriel%203%3A%20Melt%20(Remastered)	0.0	Peter Gabriel 3: Melt (Remastered)	Learning	Understanding Others	c9ee8aa8-8b0e-413c-a6c4-e1ff926e5f2d	2	4	QFA3FvjuWLVBCN5s
onion::1310::7CfCkdTNWFQDopWol8SWYQ	11874	1310	7CfCkdTNWFQDopWol8SWYQ	Jaco Pastorius			Donna Lee			Jaco Pastorius	Education	Education	c9ee8aa8-8b0e-413c-a6c4-e1ff926e5f2d	2	3	62xhTJSOzUh31xM6
onion::1315::035560b9-aaa3-3258-9209-a097fa4715a3	11896	1315	035560b9-aaa3-3258-9209-a097fa4715a3	Peter Gabriel	https://www.last.fm/music/Peter+Gabriel/_/I+Have+the+Touch	https://www.last.fm/music/Peter%20Gabriel	I Have the Touch	https://www.last.fm/music/Peter%20Gabriel/Peter%20Gabriel%204%3A%20Security%20(Remastered%20Version)	0.0	Peter Gabriel 4: Security (Remastered Version)	Meaningful Engagement / Purpose	Life Meaning & Structure	d32b7ac2-6e6c-4d96-b496-3a3615691ae1	5	3	VsvjCo9M2ka3zA5K
onion::1315::05c939f8-372d-3539-bb04-217023fc36d7	11897	1315	05c939f8-372d-3539-bb04-217023fc36d7	Lupe Fiasco	https://www.last.fm/music/Lupe+Fiasco/_/The+Coolest	https://www.last.fm/music/Lupe%20Fiasco	The Coolest	https://www.last.fm/music/Lupe%20Fiasco/Lupe%20Fiasco's%20The%20Cool	0.0	Lupe Fiasco's The Cool	Meaningful Engagement / Purpose	Life Meaning & Structure	d32b7ac2-6e6c-4d96-b496-3a3615691ae1	5	3	cUOkPzemSa9Af4ba
onion::1315::1428239d-051f-44b0-8b2f-a97cfbae9706	11899	1315	1428239d-051f-44b0-8b2f-a97cfbae9706	Low Roar	https://www.last.fm/music/Low+Roar/_/Please+Don%27t+Stop+(Chapter+1)	https://www.last.fm/music/Low%20Roar	Please Don't Stop (Chapter 1)	https://www.last.fm/music/Low%20Roar/0	0.0	0	Meaningful Engagement / Purpose	Life Meaning & Structure	d32b7ac2-6e6c-4d96-b496-3a3615691ae1	5	3	ezfCYdOsUD4Mbt0p
onion::1315::45acbdee-4cf9-3a75-985e-4d65f8d4787e	11900	1315	45acbdee-4cf9-3a75-985e-4d65f8d4787e	Tame Impala	https://www.last.fm/music/Tame+Impala/_/Music+to+Walk+Home+By	https://www.last.fm/music/Tame%20Impala	Music to Walk Home By	https://www.last.fm/music/Tame%20Impala/Lonerism	0.0	Lonerism	Meaningful Engagement / Purpose	Life Meaning & Structure	d32b7ac2-6e6c-4d96-b496-3a3615691ae1	5	3	WBZXGy6cWwR2hWdG
onion::1318::2dbbbd2c-0953-4fdb-a419-6cdea8580203	11911	1318	2dbbbd2c-0953-4fdb-a419-6cdea8580203	C418	https://www.last.fm/music/C418/_/Moog+City	https://www.last.fm/music/C418	Moog City	https://www.last.fm/music/C418/Minecraft%20-%20Volume%20Alpha	0.0	Minecraft - Volume Alpha	Stimulation	Empowerment	d32b7ac2-6e6c-4d96-b496-3a3615691ae1	1	3	J8leVOPbNzo1oOUd
onion::1318::07c2902d-f7e1-47cf-b533-1903121b40e3	11912	1318	07c2902d-f7e1-47cf-b533-1903121b40e3	Gorillaz	https://www.last.fm/music/Gorillaz/_/O+Green+World	https://www.last.fm/music/Gorillaz	O Green World	https://www.last.fm/music/Gorillaz/Demon%20Days	0.0	Demon Days	Stimulation	Empowerment	d32b7ac2-6e6c-4d96-b496-3a3615691ae1	1	3	mhExLXqdOOqMZ5Aa
onion::1318::035560b9-aaa3-3258-9209-a097fa4715a3	11913	1318	035560b9-aaa3-3258-9209-a097fa4715a3	Peter Gabriel	https://www.last.fm/music/Peter+Gabriel/_/I+Have+the+Touch	https://www.last.fm/music/Peter%20Gabriel	I Have the Touch	https://www.last.fm/music/Peter%20Gabriel/Peter%20Gabriel%204%3A%20Security%20(Remastered%20Version)	0.0	Peter Gabriel 4: Security (Remastered Version)	Stimulation	Empowerment	d32b7ac2-6e6c-4d96-b496-3a3615691ae1	1	3	VsvjCo9M2ka3zA5K
onion::1325::00e83a76-2991-4345-93dc-70e07ad392b2	11948	1325	00e83a76-2991-4345-93dc-70e07ad392b2	The Sundays	https://www.last.fm/music/The+Sundays/_/Here%27s+Where+the+Story+Ends	https://www.last.fm/music/The%20Sundays	Here's Where the Story Ends	https://www.last.fm/music/The%20Sundays/Reading%2C%20Writing%20and%20Arithmetic	0.0	Reading, Writing and Arithmetic	Meaningful Engagement / Purpose	Life Meaning & Structure	8c5a6ecc-10f9-4281-8e88-c0f74b2310b9	3	5	xBSWF5nNmhEWWfXj
onion::1325::7bd48aef-14b5-35b3-9155-645519785915	11949	1325	7bd48aef-14b5-35b3-9155-645519785915	Modest Mouse	https://www.last.fm/music/Modest+Mouse/_/Float+On	https://www.last.fm/music/Modest%20Mouse	Float On	https://www.last.fm/music/Modest%20Mouse/Good%20News%20For%20People%20Who%20Love%20Bad%20News	0.0	Good News For People Who Love Bad News	Meaningful Engagement / Purpose	Life Meaning & Structure	8c5a6ecc-10f9-4281-8e88-c0f74b2310b9	3	5	j8qrlsfqWAPqzqD9
onion::1325::4mCF3EBgGPSqmEm205KBAV	11955	1325	4mCF3EBgGPSqmEm205KBAV	Death Cab for Cutie			A Lack Of Color			Transatlanticism	Meaningful Engagement / Purpose	Life Meaning & Structure	8c5a6ecc-10f9-4281-8e88-c0f74b2310b9	3	5	Xmii62SVM0URMT8o
onion::1325::custom-1772679685087	11956	1325	custom-1772679685087	Tigers Jaw			Window		0.0	spin	Meaningful Engagement / Purpose	Life Meaning & Structure	8c5a6ecc-10f9-4281-8e88-c0f74b2310b9	3	5	2dkKz73DoOTkZxjH
onion::1327::5imSIRUGtX4aeRRA81UakE	11964	1327	5imSIRUGtX4aeRRA81UakE	Title Fight			Murder Your Memory			Hyperview	Emotion (regulation)	Emotional Resonance	8c5a6ecc-10f9-4281-8e88-c0f74b2310b9	2	5	WsuAXHFddjZcaina
onion::1327::1TJjgZ1iQOErt8CRKdVtaf	11966	1327	1TJjgZ1iQOErt8CRKdVtaf	Title Fight			Dizzy			Hyperview	Emotion (regulation)	Emotional Resonance	8c5a6ecc-10f9-4281-8e88-c0f74b2310b9	2	5	qqVwOWc9fba07hR4
onion::1328::9ec5e19b-6029-4969-a508-7f083a6c5362	11980	1328	9ec5e19b-6029-4969-a508-7f083a6c5362	Motionless in White	https://www.last.fm/music/Motionless+in+White/_/Du+Hast	https://www.last.fm/music/Motionless%20in%20White	Du Hast	https://www.last.fm/music/Motionless%20in%20White/Punk%20Goes%2090's%2C%20Vol.%202	0.0	Punk Goes 90's, Vol. 2	Calming	Frustration Venting	5e2ee5ad-8d4d-4b65-a796-c3cea6f18f9f	1	5	JnoIGeer6Nov2Pta
onion::1328::c4ede50a-cde5-4327-98b5-064610f515af	11981	1328	c4ede50a-cde5-4327-98b5-064610f515af	Set It Off	https://www.last.fm/music/Set+It+Off/_/The+Haunting	https://www.last.fm/music/Set%20It%20Off	The Haunting	https://www.last.fm/music/Set%20It%20Off/Duality	0.0	Duality	Calming	Frustration Venting	5e2ee5ad-8d4d-4b65-a796-c3cea6f18f9f	1	5	oIiSr7Er1MTPUNyl
onion::1328::10da97d9-0280-4634-86a1-9af089435edd	11986	1328	10da97d9-0280-4634-86a1-9af089435edd	Set It Off	https://www.last.fm/music/Set+It+Off/_/Plastic+Promises	https://www.last.fm/music/Set%20It%20Off	Plastic Promises		0.0		Calming	Frustration Venting	5e2ee5ad-8d4d-4b65-a796-c3cea6f18f9f	1	5	NcG87VJGRz5scnDO
onion::1329::custom-1772680622544	11995	1329	custom-1772680622544	Cane Hill			Kill the Sun		0.0		Relaxing	Comfort and Security	5e2ee5ad-8d4d-4b65-a796-c3cea6f18f9f	1	5	FRzhAKYXAVptKhE3
onion::1330::custom-1772680845439	12003	1330	custom-1772680845439	The Temper Trap			Sweet Disposition		0.0	Conditions	Relaxing	Comfort and Security	8c5a6ecc-10f9-4281-8e88-c0f74b2310b9	1	5	hOP3eAh1EyJP52r8
onion::1331::c4ede50a-cde5-4327-98b5-064610f515af	12007	1331	c4ede50a-cde5-4327-98b5-064610f515af	Set It Off	https://www.last.fm/music/Set+It+Off/_/The+Haunting	https://www.last.fm/music/Set%20It%20Off	The Haunting	https://www.last.fm/music/Set%20It%20Off/Duality	0.0	Duality	Emotion (regulation)	Emotional Resonance	5e2ee5ad-8d4d-4b65-a796-c3cea6f18f9f	2	5	oIiSr7Er1MTPUNyl
onion::1331::164296f4-aefb-485c-aef4-9e94d87084d9	12009	1331	164296f4-aefb-485c-aef4-9e94d87084d9	Motionless in White	https://www.last.fm/music/Motionless+in+White/_/Rats	https://www.last.fm/music/Motionless%20in%20White	Rats	https://www.last.fm/music/Motionless%20in%20White/Graveyard%20Shift	0.0	Graveyard Shift	Emotion (regulation)	Emotional Resonance	5e2ee5ad-8d4d-4b65-a796-c3cea6f18f9f	2	5	KFRyGLkLOBOkOKXH
onion::1348::1Y1fjtz5jV1YBbyLpLO2WZ	12219	1348	1Y1fjtz5jV1YBbyLpLO2WZ	Neil Sedaka			Laughter In The Rain			The Best	Nostalgia	Nostalgia	80aa658c-735a-4fe4-9448-cabaa4c30369	4	5	BfRVLtJc0t3h1GzJ
onion::1333::d0626c40-96b8-4ed7-b4cf-c057b2513533	12028	1333	d0626c40-96b8-4ed7-b4cf-c057b2513533	The 1975	https://www.last.fm/music/The+1975/_/Heart+Out	https://www.last.fm/music/The%201975	Heart Out	https://www.last.fm/music/The%201975/The%201975%20(Deluxe%20Version)	0.0	The 1975 (Deluxe Version)	Motivation	Background Utility	8c5a6ecc-10f9-4281-8e88-c0f74b2310b9	3	4	fjJY9eVw1xobi8EV
onion::1333::Men at Work-Overkill-3-153	12034	1333	Men at Work-Overkill-3-153	Men at Work	https://www.last.fm/music/Men+at+Work/_/Overkill	https://www.last.fm/music/Men%20at%20Work	Overkill	https://www.last.fm/music/Men%20at%20Work/Cargo	0.0	Cargo	Motivation	Background Utility	8c5a6ecc-10f9-4281-8e88-c0f74b2310b9	3	4	7wOljwtrC5BiovLj
onion::1333::7e8utCy2JlSB8dRHKi49xM	12038	1333	7e8utCy2JlSB8dRHKi49xM	Arctic Monkeys			Fluorescent Adolescent			Favourite Worst Nightmare	Motivation	Background Utility	8c5a6ecc-10f9-4281-8e88-c0f74b2310b9	3	4	hn1Z3OcZ4HM3hcIi
onion::1336::028e903f-1828-4226-8d7d-97bc57fd2ee6	12072	1336	028e903f-1828-4226-8d7d-97bc57fd2ee6	My Chemical Romance	https://www.last.fm/music/My+Chemical+Romance/_/Famous+Last+Words	https://www.last.fm/music/My%20Chemical%20Romance	Famous Last Words	https://www.last.fm/music/My%20Chemical%20Romance/The%20Black%20Parade	0.0	The Black Parade	Distraction	Distraction	5e2ee5ad-8d4d-4b65-a796-c3cea6f18f9f	4	5	bvq2TUaETxgJpAMk
onion::1337::5cZqsjVs6MevCnAkasbEOX	12080	1337	5cZqsjVs6MevCnAkasbEOX	Limp Bizkit			Break Stuff			Significant Other	Energy	Morning Wake-Up	8c5a6ecc-10f9-4281-8e88-c0f74b2310b9	1	3	QMjNTAaNdDA0OZeO
onion::1338::9ec5e19b-6029-4969-a508-7f083a6c5362	12082	1338	9ec5e19b-6029-4969-a508-7f083a6c5362	Motionless in White	https://www.last.fm/music/Motionless+in+White/_/Du+Hast	https://www.last.fm/music/Motionless%20in%20White	Du Hast	https://www.last.fm/music/Motionless%20in%20White/Punk%20Goes%2090's%2C%20Vol.%202	0.0	Punk Goes 90's, Vol. 2	Entertainment	Singing Along	5e2ee5ad-8d4d-4b65-a796-c3cea6f18f9f	5	5	JnoIGeer6Nov2Pta
onion::1338::b075a098-5db7-4595-94d5-dd82690d4fde	12086	1338	b075a098-5db7-4595-94d5-dd82690d4fde	Dio	https://www.last.fm/music/Dio/_/Holy+Diver	https://www.last.fm/music/Dio	Holy Diver	https://www.last.fm/music/Dio/Holy%20Diver	0.0	Holy Diver	Entertainment	Singing Along	5e2ee5ad-8d4d-4b65-a796-c3cea6f18f9f	5	5	kxCREUSVw4v3sL4R
onion::1339::9ec5e19b-6029-4969-a508-7f083a6c5362	12089	1339	9ec5e19b-6029-4969-a508-7f083a6c5362	Motionless in White	https://www.last.fm/music/Motionless+in+White/_/Du+Hast	https://www.last.fm/music/Motionless%20in%20White	Du Hast	https://www.last.fm/music/Motionless%20in%20White/Punk%20Goes%2090's%2C%20Vol.%202	0.0	Punk Goes 90's, Vol. 2	Passion / Pleasure	Habitual Listening	5e2ee5ad-8d4d-4b65-a796-c3cea6f18f9f	5	5	JnoIGeer6Nov2Pta
onion::1339::028e903f-1828-4226-8d7d-97bc57fd2ee6	12094	1339	028e903f-1828-4226-8d7d-97bc57fd2ee6	My Chemical Romance	https://www.last.fm/music/My+Chemical+Romance/_/Famous+Last+Words	https://www.last.fm/music/My%20Chemical%20Romance	Famous Last Words	https://www.last.fm/music/My%20Chemical%20Romance/The%20Black%20Parade	0.0	The Black Parade	Passion / Pleasure	Habitual Listening	5e2ee5ad-8d4d-4b65-a796-c3cea6f18f9f	5	5	bvq2TUaETxgJpAMk
onion::1339::164296f4-aefb-485c-aef4-9e94d87084d9	12095	1339	164296f4-aefb-485c-aef4-9e94d87084d9	Motionless in White	https://www.last.fm/music/Motionless+in+White/_/Rats	https://www.last.fm/music/Motionless%20in%20White	Rats	https://www.last.fm/music/Motionless%20in%20White/Graveyard%20Shift	0.0	Graveyard Shift	Passion / Pleasure	Habitual Listening	5e2ee5ad-8d4d-4b65-a796-c3cea6f18f9f	5	5	KFRyGLkLOBOkOKXH
onion::1339::582e5272-5bb3-4913-883b-d591889d1341	12096	1339	582e5272-5bb3-4913-883b-d591889d1341	Motionless in White	https://www.last.fm/music/Motionless+in+White/_/Synthetic+Love	https://www.last.fm/music/Motionless%20in%20White	Synthetic Love	https://www.last.fm/music/Motionless%20in%20White/Infamous	0.0	Infamous	Passion / Pleasure	Habitual Listening	5e2ee5ad-8d4d-4b65-a796-c3cea6f18f9f	5	5	2w6nDWjxoC1sCSuC
onion::1339::af4bf9a0-99f4-4f29-aec2-c26b4da80697	12097	1339	af4bf9a0-99f4-4f29-aec2-c26b4da80697	The Blake Robinson Synthetic Orchestra	https://www.last.fm/music/The+Blake+Robinson+Synthetic+Orchestra/_/An+unhealthy+Obsession	https://www.last.fm/music/The%20Blake%20Robinson%20Synthetic%20Orchestra	An unhealthy Obsession	https://www.last.fm/music/The%20Blake%20Robinson%20Synthetic%20Orchestra/An%20Unhealthy%20Obsession	0.0	An Unhealthy Obsession	Passion / Pleasure	Habitual Listening	5e2ee5ad-8d4d-4b65-a796-c3cea6f18f9f	5	5	yEcNwU1IhPJB1Awz
onion::1342::6e167a27-4993-46a2-bb74-46c45e9d5f49	12118	1342	6e167a27-4993-46a2-bb74-46c45e9d5f49	Lit	https://www.last.fm/music/Lit/_/My+Own+Worst+Enemy	https://www.last.fm/music/Lit	My Own Worst Enemy	https://www.last.fm/music/Lit/A%20Place%20in%20the%20Sun	0.0	A Place in the Sun	Nostalgia	Nostalgia	8c5a6ecc-10f9-4281-8e88-c0f74b2310b9	2	5	H1bM3eivsnVL3oO0
onion::1342::2d6m2F4I7wCuAKtSsdhh83	12122	1342	2d6m2F4I7wCuAKtSsdhh83	My Chemical Romance			Famous Last Words			The Black Parade	Nostalgia	Nostalgia	8c5a6ecc-10f9-4281-8e88-c0f74b2310b9	2	5	bvq2TUaETxgJpAMk
onion::1342::3xrwXWG4O9uhtRyAd3MCou	12123	1342	3xrwXWG4O9uhtRyAd3MCou	The 1975			Heart Out			The 1975	Nostalgia	Nostalgia	8c5a6ecc-10f9-4281-8e88-c0f74b2310b9	2	5	fjJY9eVw1xobi8EV
onion::1342::3CRDbSIZ4r5MsZ0YwxuEkn	12124	1342	3CRDbSIZ4r5MsZ0YwxuEkn	Twenty One Pilots			Stressed Out			Blurryface	Nostalgia	Nostalgia	8c5a6ecc-10f9-4281-8e88-c0f74b2310b9	2	5	BBaha1obZecGL5TC
onion::1342::Green Day-Basket Case-4-14	12129	1342	Green Day-Basket Case-4-14	Green Day	https://www.last.fm/music/Green+Day/_/Basket+Case	https://www.last.fm/music/Green%20Day	Basket Case	https://www.last.fm/music/Green%20Day/Dookie	0.0	Dookie	Nostalgia	Nostalgia	8c5a6ecc-10f9-4281-8e88-c0f74b2310b9	2	5	cC1MB9fo6jK3h8Wb
onion::1342::7ee2797e-d687-308f-8807-525a36172f50	12130	1342	7ee2797e-d687-308f-8807-525a36172f50	Green Day	https://www.last.fm/music/Green+Day/_/American+Idiot	https://www.last.fm/music/Green%20Day	American Idiot	https://www.last.fm/music/Green%20Day/American%20Idiot	0.0	American Idiot	Nostalgia	Nostalgia	8c5a6ecc-10f9-4281-8e88-c0f74b2310b9	2	5	l0ahobbDqRsCaepj
onion::1343::3AVrVz5rK8Hrqo9YGiVGN5	12152	1343	3AVrVz5rK8Hrqo9YGiVGN5	Cigarettes After Sex			Apocalypse			Cigarettes After Sex	Creativity	Creative Visualization	8c5a6ecc-10f9-4281-8e88-c0f74b2310b9	1	4	9EOUvfzk6eOb8KBd
onion::1343::0EqtsCvcDjEz6svFsaV5HN	12155	1343	0EqtsCvcDjEz6svFsaV5HN	Aimee Mann			Save Me			Magnolia (Music from the Motion Picture)	Creativity	Creative Visualization	8c5a6ecc-10f9-4281-8e88-c0f74b2310b9	1	4	9klK7mo7PNmaOAzu
onion::1343::7D0RhFcb3CrfPuTJ0obrod	12157	1343	7D0RhFcb3CrfPuTJ0obrod	Coldplay			Sparks			Parachutes	Creativity	Creative Visualization	8c5a6ecc-10f9-4281-8e88-c0f74b2310b9	1	4	5lkZg4aNjP8qnOu1
onion::1343::0b7967ca-84f2-4502-a686-741dedbb48c6	12158	1343	0b7967ca-84f2-4502-a686-741dedbb48c6	Bloc Party	https://www.last.fm/music/Bloc+Party/_/This+Modern+Love	https://www.last.fm/music/Bloc%20Party	This Modern Love	https://www.last.fm/music/Bloc%20Party/Silent%20Alarm	0.0	Silent Alarm	Creativity	Creative Visualization	8c5a6ecc-10f9-4281-8e88-c0f74b2310b9	1	4	r9U4ZIVp57LOJFh5
onion::1343::4FEr6dIdH6EqLKR0jB560J	12161	1343	4FEr6dIdH6EqLKR0jB560J	Deftones			Rosemary			Koi No Yokan	Creativity	Creative Visualization	8c5a6ecc-10f9-4281-8e88-c0f74b2310b9	1	4	ZhK2fvEMyTR7RLma
onion::1344::1cBxAm8a0fENn2ix3Dfm3u	12164	1344	1cBxAm8a0fENn2ix3Dfm3u	Depeche Mode			Precious			Playing the Angel (Deluxe Version)	Exploration	Exploration	8c5a6ecc-10f9-4281-8e88-c0f74b2310b9	1	3	uU38CUWKoRQ7BOmt
onion::1344::727e84c6-1b56-31dd-a958-a5f46305cec0	12166	1344	727e84c6-1b56-31dd-a958-a5f46305cec0	New Order	https://www.last.fm/music/New+Order/_/Blue+Monday	https://www.last.fm/music/New%20Order	Blue Monday	https://www.last.fm/music/New%20Order/Substance	0.0	Substance	Exploration	Exploration	8c5a6ecc-10f9-4281-8e88-c0f74b2310b9	1	3	CL18DH7pcAiKBxWq
onion::1345::f43d8d84-1150-4170-8fa9-756737ebd7c0	12184	1345	f43d8d84-1150-4170-8fa9-756737ebd7c0	Taylor Dayne	https://www.last.fm/music/Taylor+Dayne/_/Tell+It+to+My+Heart	https://www.last.fm/music/Taylor%20Dayne	Tell It to My Heart	https://www.last.fm/music/Taylor%20Dayne/Tell%20It%20to%20My%20Heart%20(Expanded%20Edition)	0.0	Tell It to My Heart (Expanded Edition)	Emotion (regulation)	Emotional Resonance	80aa658c-735a-4fe4-9448-cabaa4c30369	4	4	z1X5VHHEsSpjkT6I
onion::1345::034ba7c0-a610-4962-86b5-a52af573d2cf	12186	1345	034ba7c0-a610-4962-86b5-a52af573d2cf	Morrissey	https://www.last.fm/music/Morrissey/_/I+Like+You	https://www.last.fm/music/Morrissey	I Like You	https://www.last.fm/music/Morrissey/You%20Are%20The%20Quarry	0.0	You Are The Quarry	Emotion (regulation)	Emotional Resonance	80aa658c-735a-4fe4-9448-cabaa4c30369	4	4	tsfNqYUasxwRnMAZ
onion::1345::154c17bd-214e-3229-9e1d-05478c6cfb63	12187	1345	154c17bd-214e-3229-9e1d-05478c6cfb63	London After Midnight	https://www.last.fm/music/London+After+Midnight/_/Kiss	https://www.last.fm/music/London%20After%20Midnight	Kiss	https://www.last.fm/music/London%20After%20Midnight/Psycho%20Magnet	0.0	Psycho Magnet	Emotion (regulation)	Emotional Resonance	80aa658c-735a-4fe4-9448-cabaa4c30369	4	4	SkM0lSxKYycsKcFy
onion::1345::Sixpence None the Richer-Kiss Me-1-202	12188	1345	Sixpence None the Richer-Kiss Me-1-202	Sixpence None the Richer	https://www.last.fm/music/Sixpence+None+the+Richer/_/Kiss+Me	https://www.last.fm/music/Sixpence%20None%20the%20Richer	Kiss Me	https://www.last.fm/music/Sixpence%20None%20the%20Richer/Sixpence%20None%20the%20Richer	0.0	Sixpence None the Richer	Emotion (regulation)	Emotional Resonance	80aa658c-735a-4fe4-9448-cabaa4c30369	4	4	N3NgbW7GRmCSq7em
onion::1345::c0c89ba4-21e6-4331-a0d4-685ad9359ca5	12190	1345	c0c89ba4-21e6-4331-a0d4-685ad9359ca5	Vicente Fernández	https://www.last.fm/music/Vicente+Fern%C3%A1ndez/_/Estos+Celos	https://www.last.fm/music/Vicente%20Fern%C3%A1ndez	Estos Celos	https://www.last.fm/music/Vicente%20Fern%C3%A1ndez/Vicente%20Fernandez%20Para%20Siempre	0.0	Vicente Fernandez Para Siempre	Emotion (regulation)	Emotional Resonance	80aa658c-735a-4fe4-9448-cabaa4c30369	4	4	QcVHRQ3ukNqdctdj
onion::1345::06817af8-6d92-41a1-9d71-26f965ada228	12197	1345	06817af8-6d92-41a1-9d71-26f965ada228	Local Natives	https://www.last.fm/music/Local+Natives/_/Mt.+Washington	https://www.last.fm/music/Local%20Natives	Mt. Washington	https://www.last.fm/music/Local%20Natives/Hummingbird	0.0	Hummingbird	Emotion (regulation)	Emotional Resonance	80aa658c-735a-4fe4-9448-cabaa4c30369	4	4	JNhopUcdVI4ubBe0
onion::1346::24436eea-e79f-4592-b7f8-3e9bfe01f483	12200	1346	24436eea-e79f-4592-b7f8-3e9bfe01f483	MGMT	https://www.last.fm/music/MGMT/_/Time+to+Pretend	https://www.last.fm/music/MGMT	Time to Pretend	https://www.last.fm/music/MGMT/Oracular%20Spectacular	0.0	Oracular Spectacular	Relaxing	Comfort and Security	80aa658c-735a-4fe4-9448-cabaa4c30369	3	3	S7RFdCOEy8yX1StR
onion::1346::7bd48aef-14b5-35b3-9155-645519785915	12202	1346	7bd48aef-14b5-35b3-9155-645519785915	Modest Mouse	https://www.last.fm/music/Modest+Mouse/_/Float+On	https://www.last.fm/music/Modest%20Mouse	Float On	https://www.last.fm/music/Modest%20Mouse/Good%20News%20For%20People%20Who%20Love%20Bad%20News	0.0	Good News For People Who Love Bad News	Relaxing	Comfort and Security	80aa658c-735a-4fe4-9448-cabaa4c30369	3	3	j8qrlsfqWAPqzqD9
onion::1346::2967e39c-d76a-3ec6-8a71-b47a8f5cd23e	12205	1346	2967e39c-d76a-3ec6-8a71-b47a8f5cd23e	Message To Bears	https://www.last.fm/music/Message+To+Bears/_/Mountains	https://www.last.fm/music/Message%20To%20Bears	Mountains	https://www.last.fm/music/Message%20To%20Bears/Folding%20Leaves	0.0	Folding Leaves	Relaxing	Comfort and Security	80aa658c-735a-4fe4-9448-cabaa4c30369	3	3	5lrdABso6kDuaUiH
onion::1346::1c1d1d25-4bb0-357e-bef5-d1f36a2cff76	12206	1346	1c1d1d25-4bb0-357e-bef5-d1f36a2cff76	Syd Matters	https://www.last.fm/music/Syd+Matters/_/To+All+of+You	https://www.last.fm/music/Syd%20Matters	To All of You	https://www.last.fm/music/Syd%20Matters/Someday%20We%20Will%20Foresee%20Obstacles%20(edition%202008)	0.0	Someday We Will Foresee Obstacles (edition 2008)	Relaxing	Comfort and Security	80aa658c-735a-4fe4-9448-cabaa4c30369	3	3	Qq299h5cR4S4uLMH
onion::1347::4ebvIZNTMzvDda6FNonTli	12212	1347	4ebvIZNTMzvDda6FNonTli	Set It Off			The Haunting			Duality	Calming	Frustration Venting	80aa658c-735a-4fe4-9448-cabaa4c30369	3	4	oIiSr7Er1MTPUNyl
onion::1347::08VsSDNBuAOwGu8tkpJlSU	12214	1347	08VsSDNBuAOwGu8tkpJlSU	My Chemical Romance			Drowning Lessons			I Brought You My Bullets, You Brought Me Your Love	Calming	Frustration Venting	80aa658c-735a-4fe4-9448-cabaa4c30369	3	4	EqVMBdaN3OPArA2M
onion::1349::26021118-34f3-429f-af73-efc4cde012a0	12227	1349	26021118-34f3-429f-af73-efc4cde012a0	Blondie	https://www.last.fm/music/Blondie/_/One+Way+or+Another	https://www.last.fm/music/Blondie	One Way or Another	https://www.last.fm/music/Blondie/Parallel%20Lines	0.0	Parallel Lines	Well-Being	Pleasure & Enjoyment	80aa658c-735a-4fe4-9448-cabaa4c30369	5	5	82c4ykUn9iZZw9gt
onion::1350::b13e7586-1fd1-4f53-b9f8-ad060c85a051	12240	1350	b13e7586-1fd1-4f53-b9f8-ad060c85a051	Pulp	https://www.last.fm/music/Pulp/_/Disco+2000	https://www.last.fm/music/Pulp	Disco 2000	https://www.last.fm/music/Pulp/Different%20Class	0.0	Different Class	Mood Enhancement	Cheerfulness	80aa658c-735a-4fe4-9448-cabaa4c30369	3	3	pmypwnn42IpyCIi1
onion::1350::67a7aa1c-8551-4146-865e-4ca91f2b8d84	12241	1350	67a7aa1c-8551-4146-865e-4ca91f2b8d84	Charli xcx	https://www.last.fm/music/Charli+xcx/_/Boom+Clap	https://www.last.fm/music/Charli%20xcx	Boom Clap	https://www.last.fm/music/Charli%20xcx/SUCKER	0.0	SUCKER	Mood Enhancement	Cheerfulness	80aa658c-735a-4fe4-9448-cabaa4c30369	3	3	lJnN4v7WNufYM3w9
onion::1351::ee54cb00-8cc3-47a4-8c12-7871c42b71a1	12246	1351	ee54cb00-8cc3-47a4-8c12-7871c42b71a1	Fleetwood Mac	https://www.last.fm/music/Fleetwood+Mac/_/Landslide	https://www.last.fm/music/Fleetwood%20Mac	Landslide	https://www.last.fm/music/Fleetwood%20Mac/Fleetwood%20Mac	0.0	Fleetwood Mac	Motivation	Background Utility	80aa658c-735a-4fe4-9448-cabaa4c30369	2	2	6urvk94d6y3xZpvq
onion::1351::b1a8f29a-00e6-4af3-afb1-7f1cb7a78c38	12247	1351	b1a8f29a-00e6-4af3-afb1-7f1cb7a78c38	Extreme	https://www.last.fm/music/Extreme/_/Play+With+Me	https://www.last.fm/music/Extreme	Play With Me	https://www.last.fm/music/Extreme/Stranger%20Things%3A%20Soundtrack%20from%20the%20Netflix%20Series%2C%20Season%204	0.0	Stranger Things: Soundtrack from the Netflix Series, Season 4	Motivation	Background Utility	80aa658c-735a-4fe4-9448-cabaa4c30369	2	2	CWFYcGrKyWf0yeL4
onion::1351::59865366-721e-4ed3-b5f2-db4627315d88	12251	1351	59865366-721e-4ed3-b5f2-db4627315d88	Butthole Surfers	https://www.last.fm/music/Butthole+Surfers/_/Human+Cannonball	https://www.last.fm/music/Butthole%20Surfers	Human Cannonball	https://www.last.fm/music/Butthole%20Surfers/Locust%20Abortion%20Technician	0.0	Locust Abortion Technician	Motivation	Background Utility	80aa658c-735a-4fe4-9448-cabaa4c30369	2	2	rvlSuJzVkamRqcQQ
onion::1351::eab3e393-1712-4a82-b8a8-3a70ffa759db	12254	1351	eab3e393-1712-4a82-b8a8-3a70ffa759db	Strawberry Switchblade	https://www.last.fm/music/Strawberry+Switchblade/_/Go+Away	https://www.last.fm/music/Strawberry%20Switchblade	Go Away	https://www.last.fm/music/Strawberry%20Switchblade/1982%204%20Piece%20Demo	0.0	1982 4 Piece Demo	Motivation	Background Utility	80aa658c-735a-4fe4-9448-cabaa4c30369	2	2	JcTVxXe2eNRCinki
onion::1352::47EqCQZG5v4o0WFMufGf5S	12258	1352	47EqCQZG5v4o0WFMufGf5S	System Of A Down			Cigaro			Mezmerize	Distraction	Distraction	80aa658c-735a-4fe4-9448-cabaa4c30369	4	4	6yDRqTpLzUxIEMN2
onion::1352::2TeiKDPE3RdamZG0pp5okI	12263	1352	2TeiKDPE3RdamZG0pp5okI	Simple Plan	spotify:track:2TeiKDPE3RdamZG0pp5okI	spotify:artist:2p4FqHnazRucYQHyDCdBrJ	Perfect	spotify:album:3rEl0zv6lbVZiB79uHAQ5y	277026.0	No Pads, No Helmets...Just Balls	Distraction	Distraction	80aa658c-735a-4fe4-9448-cabaa4c30369	4	4	FMfUsZZ2z5MASfXh
onion::1353::e3d59c69-e353-4267-9d16-25c1c7f72e75	12274	1353	e3d59c69-e353-4267-9d16-25c1c7f72e75	Rob Zombie	https://www.last.fm/music/Rob+Zombie/_/Living+Dead+Girl	https://www.last.fm/music/Rob%20Zombie	Living Dead Girl	https://www.last.fm/music/Rob%20Zombie/Hellbilly%20Deluxe	0.0	Hellbilly Deluxe	Creativity	Creative Visualization	80aa658c-735a-4fe4-9448-cabaa4c30369	3	3	LsFQXgkFDs2ueZX8
onion::1354::27260f53-2250-4847-91f9-3c8ec4ac761c	12277	1354	27260f53-2250-4847-91f9-3c8ec4ac761c	The Handsome Family	https://www.last.fm/music/The+Handsome+Family/_/Far+From+Any+Road	https://www.last.fm/music/The%20Handsome%20Family	Far From Any Road	https://www.last.fm/music/The%20Handsome%20Family/Singing%20Bones	0.0	Singing Bones	Enjoyment	Time Passing	80aa658c-735a-4fe4-9448-cabaa4c30369	2	3	QtypIv8SrwQuhtMJ
onion::1354::Billy Idol-Eyes Without a Face-2-57	12283	1354	Billy Idol-Eyes Without a Face-2-57	Billy Idol	https://www.last.fm/music/Billy+Idol/_/Eyes+Without+a+Face	https://www.last.fm/music/Billy%20Idol	Eyes Without a Face	https://www.last.fm/music/Billy%20Idol/Rebel%20Yell	0.0	Rebel Yell	Enjoyment	Time Passing	80aa658c-735a-4fe4-9448-cabaa4c30369	2	3	nuCATSqQe0xru1fQ
onion::1354::086fbef8-5a0d-388a-80f2-3f638e25d688	12285	1354	086fbef8-5a0d-388a-80f2-3f638e25d688	Morrissey	https://www.last.fm/music/Morrissey/_/I+Have+Forgiven+Jesus	https://www.last.fm/music/Morrissey	I Have Forgiven Jesus	https://www.last.fm/music/Morrissey/You%20Are%20The%20Quarry	0.0	You Are The Quarry	Enjoyment	Time Passing	80aa658c-735a-4fe4-9448-cabaa4c30369	2	3	AA0Jl1rqjJVzvnaN
onion::1355::1x8AFBt9UEMRY41fSxi7aA	12286	1355	1x8AFBt9UEMRY41fSxi7aA	OneRepublic	spotify:track:1x8AFBt9UEMRY41fSxi7aA	spotify:artist:5Pwc4xIPtQLFEnJriah9YJ	Good Life	spotify:album:4ySSx2L6h2siW22LK6dwhN	253306.0	Waking Up	Calming	Frustration Venting	e592d0d7-3230-4e8d-b050-a9cf2ffea1c7	3	5	SPQZx15quWp3uFSK
onion::1355::7ARaA43Pak6FrN0joLgZ5X	12288	1355	7ARaA43Pak6FrN0joLgZ5X	David Archuleta	spotify:track:7ARaA43Pak6FrN0joLgZ5X	spotify:artist:2C9n4tQgNLhHPhSCmdsQnk	Desperate	spotify:album:4aZ3Mf9Tza576UhJ9kjYd7	221520.0	David Archuleta	Calming	Frustration Venting	e592d0d7-3230-4e8d-b050-a9cf2ffea1c7	3	5	EAuygEDCueAO4qaL
onion::1355::26ef81dd-16de-4087-9bd6-84bca2983949	12290	1355	26ef81dd-16de-4087-9bd6-84bca2983949	Regina Spektor	https://www.last.fm/music/Regina+Spektor/_/Samson	https://www.last.fm/music/Regina%20Spektor	Samson	https://www.last.fm/music/Regina%20Spektor/Begin%20to%20Hope%20(Special%20Edition)	0.0	Begin to Hope (Special Edition)	Calming	Frustration Venting	e592d0d7-3230-4e8d-b050-a9cf2ffea1c7	3	5	ETwuGNnkTlhp0IEs
onion::1355::00348281-f9a5-4c14-a14d-60c9a84e04b4	12292	1355	00348281-f9a5-4c14-a14d-60c9a84e04b4	Harry Styles	https://www.last.fm/music/Harry+Styles/_/Sweet+Creature	https://www.last.fm/music/Harry%20Styles	Sweet Creature	https://www.last.fm/music/Harry%20Styles/Harry%20Styles	0.0	Harry Styles	Calming	Frustration Venting	e592d0d7-3230-4e8d-b050-a9cf2ffea1c7	3	5	NJLt0eXJ4Np86Fx3
onion::1355::ee54cb00-8cc3-47a4-8c12-7871c42b71a1	12297	1355	ee54cb00-8cc3-47a4-8c12-7871c42b71a1	Fleetwood Mac	https://www.last.fm/music/Fleetwood+Mac/_/Landslide	https://www.last.fm/music/Fleetwood%20Mac	Landslide	https://www.last.fm/music/Fleetwood%20Mac/Fleetwood%20Mac	0.0	Fleetwood Mac	Calming	Frustration Venting	e592d0d7-3230-4e8d-b050-a9cf2ffea1c7	3	5	6urvk94d6y3xZpvq
onion::1355::0516b5b0-de25-391d-a668-c79ad3854ff4	12298	1355	0516b5b0-de25-391d-a668-c79ad3854ff4	Paramore	https://www.last.fm/music/Paramore/_/All+I+Wanted	https://www.last.fm/music/Paramore	All I Wanted	https://www.last.fm/music/Paramore/brand%20new%20eyes	0.0	brand new eyes	Calming	Frustration Venting	e592d0d7-3230-4e8d-b050-a9cf2ffea1c7	3	5	bmKBzZxQyNLcqtxU
onion::1355::d771c353-1ddf-4271-96f7-d36a703a3717	12300	1355	d771c353-1ddf-4271-96f7-d36a703a3717	Paramore	https://www.last.fm/music/Paramore/_/The+Only+Exception	https://www.last.fm/music/Paramore	The Only Exception	https://www.last.fm/music/Paramore/brand%20new%20eyes	0.0	brand new eyes	Calming	Frustration Venting	e592d0d7-3230-4e8d-b050-a9cf2ffea1c7	3	5	SGY1zM5vXy6T4rdB
onion::1355::Lady Antebellum-Need You Now-1-128	12303	1355	Lady Antebellum-Need You Now-1-128	Lady Antebellum	https://www.last.fm/music/Lady+Antebellum/_/Need+You+Now	https://www.last.fm/music/Lady%20Antebellum	Need You Now	https://www.last.fm/music/Lady%20Antebellum/Need%20You%20Now	0.0	Need You Now	Calming	Frustration Venting	e592d0d7-3230-4e8d-b050-a9cf2ffea1c7	3	5	r3pr2kYlqff5XHuK
onion::1355::Lana Del Rey-Million Dollar Man-1-144	12304	1355	Lana Del Rey-Million Dollar Man-1-144	Lana Del Rey	https://www.last.fm/music/Lana+Del+Rey/_/Million+Dollar+Man	https://www.last.fm/music/Lana%20Del%20Rey	Million Dollar Man	https://www.last.fm/music/Lana%20Del%20Rey/Born%20to%20Die%20(Bonus%20Track%20Version)	0.0	Born to Die (Bonus Track Version)	Calming	Frustration Venting	e592d0d7-3230-4e8d-b050-a9cf2ffea1c7	3	5	X4ws3hW4yKZyFPi6
onion::1355::c460ae0f-c781-45f6-9a7b-d7c279419a7f	12305	1355	c460ae0f-c781-45f6-9a7b-d7c279419a7f	Fiona Apple	https://www.last.fm/music/Fiona+Apple/_/Paper+Bag	https://www.last.fm/music/Fiona%20Apple	Paper Bag	https://www.last.fm/music/Fiona%20Apple/When%20the%20Pawn...	0.0	When the Pawn...	Calming	Frustration Venting	e592d0d7-3230-4e8d-b050-a9cf2ffea1c7	3	5	77OA9PHzpo7VYXSn
onion::1356::00348281-f9a5-4c14-a14d-60c9a84e04b4	12307	1356	00348281-f9a5-4c14-a14d-60c9a84e04b4	Harry Styles	https://www.last.fm/music/Harry+Styles/_/Sweet+Creature	https://www.last.fm/music/Harry%20Styles	Sweet Creature	https://www.last.fm/music/Harry%20Styles/Harry%20Styles	0.0	Harry Styles	Entertainment	Singing Along	e592d0d7-3230-4e8d-b050-a9cf2ffea1c7	3	4	NJLt0eXJ4Np86Fx3
onion::1356::1d468a1c-a040-4a1e-a929-2eca5cceb892	12310	1356	1d468a1c-a040-4a1e-a929-2eca5cceb892	Carrie Underwood	https://www.last.fm/music/Carrie+Underwood/_/Two+Black+Cadillacs	https://www.last.fm/music/Carrie%20Underwood	Two Black Cadillacs	https://www.last.fm/music/Carrie%20Underwood/Blown%20Away	0.0	Blown Away	Entertainment	Singing Along	e592d0d7-3230-4e8d-b050-a9cf2ffea1c7	3	4	lGj9ljE95eCPgURG
onion::1356::db31b745-e563-4825-8635-9190bf7e2596	12314	1356	db31b745-e563-4825-8635-9190bf7e2596	Carrie Underwood	https://www.last.fm/music/Carrie+Underwood/_/Blown+Away	https://www.last.fm/music/Carrie%20Underwood	Blown Away	https://www.last.fm/music/Carrie%20Underwood/Blown%20Away	0.0	Blown Away	Entertainment	Singing Along	e592d0d7-3230-4e8d-b050-a9cf2ffea1c7	3	4	sD1YIwvPTeg9cbA1
onion::1356::2731fdf6-2e3b-48ac-a6ba-10f134ebb104	12318	1356	2731fdf6-2e3b-48ac-a6ba-10f134ebb104	Britney Spears	https://www.last.fm/music/Britney+Spears/_/Piece+of+Me	https://www.last.fm/music/Britney%20Spears	Piece of Me	https://www.last.fm/music/Britney%20Spears/Blackout	0.0	Blackout	Entertainment	Singing Along	e592d0d7-3230-4e8d-b050-a9cf2ffea1c7	3	4	6Wa3pHMOGYEw6OQx
onion::1356::0516b5b0-de25-391d-a668-c79ad3854ff4	12320	1356	0516b5b0-de25-391d-a668-c79ad3854ff4	Paramore	https://www.last.fm/music/Paramore/_/All+I+Wanted	https://www.last.fm/music/Paramore	All I Wanted	https://www.last.fm/music/Paramore/brand%20new%20eyes	0.0	brand new eyes	Entertainment	Singing Along	e592d0d7-3230-4e8d-b050-a9cf2ffea1c7	3	4	bmKBzZxQyNLcqtxU
onion::1356::d771c353-1ddf-4271-96f7-d36a703a3717	12322	1356	d771c353-1ddf-4271-96f7-d36a703a3717	Paramore	https://www.last.fm/music/Paramore/_/The+Only+Exception	https://www.last.fm/music/Paramore	The Only Exception	https://www.last.fm/music/Paramore/brand%20new%20eyes	0.0	brand new eyes	Entertainment	Singing Along	e592d0d7-3230-4e8d-b050-a9cf2ffea1c7	3	4	SGY1zM5vXy6T4rdB
onion::1356::Lady Antebellum-Need You Now-1-128	12325	1356	Lady Antebellum-Need You Now-1-128	Lady Antebellum	https://www.last.fm/music/Lady+Antebellum/_/Need+You+Now	https://www.last.fm/music/Lady%20Antebellum	Need You Now	https://www.last.fm/music/Lady%20Antebellum/Need%20You%20Now	0.0	Need You Now	Entertainment	Singing Along	e592d0d7-3230-4e8d-b050-a9cf2ffea1c7	3	4	r3pr2kYlqff5XHuK
onion::1356::9cb15f19-bb6b-33a0-9b48-031bc1478967	12327	1356	9cb15f19-bb6b-33a0-9b48-031bc1478967	Selena Gomez	https://www.last.fm/music/Selena+Gomez/_/Magic	https://www.last.fm/music/Selena%20Gomez	Magic	https://www.last.fm/music/Selena%20Gomez/Wizards%20of%20Waverly%20Place	0.0	Wizards of Waverly Place	Entertainment	Singing Along	e592d0d7-3230-4e8d-b050-a9cf2ffea1c7	3	4	n1eQRO1o1BRjQSXg
onion::1356::Lana Del Rey-This Is What Makes Us Girls-3-112	12328	1356	Lana Del Rey-This Is What Makes Us Girls-3-112	Lana Del Rey	https://www.last.fm/music/Lana+Del+Rey/_/This+Is+What+Makes+Us+Girls	https://www.last.fm/music/Lana%20Del%20Rey	This Is What Makes Us Girls	https://www.last.fm/music/Lana%20Del%20Rey/Born%20to%20Die	0.0	Born to Die	Entertainment	Singing Along	e592d0d7-3230-4e8d-b050-a9cf2ffea1c7	3	4	SezvoI7y9p6mDvB3
onion::1357::26ef81dd-16de-4087-9bd6-84bca2983949	12329	1357	26ef81dd-16de-4087-9bd6-84bca2983949	Regina Spektor	https://www.last.fm/music/Regina+Spektor/_/Samson	https://www.last.fm/music/Regina%20Spektor	Samson	https://www.last.fm/music/Regina%20Spektor/Begin%20to%20Hope%20(Special%20Edition)	0.0	Begin to Hope (Special Edition)	Emotion (regulation)	Emotional Resonance	e592d0d7-3230-4e8d-b050-a9cf2ffea1c7	3	5	ETwuGNnkTlhp0IEs
onion::1357::0516b5b0-de25-391d-a668-c79ad3854ff4	12334	1357	0516b5b0-de25-391d-a668-c79ad3854ff4	Paramore	https://www.last.fm/music/Paramore/_/All+I+Wanted	https://www.last.fm/music/Paramore	All I Wanted	https://www.last.fm/music/Paramore/brand%20new%20eyes	0.0	brand new eyes	Emotion (regulation)	Emotional Resonance	e592d0d7-3230-4e8d-b050-a9cf2ffea1c7	3	5	bmKBzZxQyNLcqtxU
onion::1357::d771c353-1ddf-4271-96f7-d36a703a3717	12336	1357	d771c353-1ddf-4271-96f7-d36a703a3717	Paramore	https://www.last.fm/music/Paramore/_/The+Only+Exception	https://www.last.fm/music/Paramore	The Only Exception	https://www.last.fm/music/Paramore/brand%20new%20eyes	0.0	brand new eyes	Emotion (regulation)	Emotional Resonance	e592d0d7-3230-4e8d-b050-a9cf2ffea1c7	3	5	SGY1zM5vXy6T4rdB
onion::1357::Lady Antebellum-Need You Now-1-128	12339	1357	Lady Antebellum-Need You Now-1-128	Lady Antebellum	https://www.last.fm/music/Lady+Antebellum/_/Need+You+Now	https://www.last.fm/music/Lady%20Antebellum	Need You Now	https://www.last.fm/music/Lady%20Antebellum/Need%20You%20Now	0.0	Need You Now	Emotion (regulation)	Emotional Resonance	e592d0d7-3230-4e8d-b050-a9cf2ffea1c7	3	5	r3pr2kYlqff5XHuK
onion::1357::Lana Del Rey-Million Dollar Man-1-144	12341	1357	Lana Del Rey-Million Dollar Man-1-144	Lana Del Rey	https://www.last.fm/music/Lana+Del+Rey/_/Million+Dollar+Man	https://www.last.fm/music/Lana%20Del%20Rey	Million Dollar Man	https://www.last.fm/music/Lana%20Del%20Rey/Born%20to%20Die%20(Bonus%20Track%20Version)	0.0	Born to Die (Bonus Track Version)	Emotion (regulation)	Emotional Resonance	e592d0d7-3230-4e8d-b050-a9cf2ffea1c7	3	5	X4ws3hW4yKZyFPi6
onion::1357::c460ae0f-c781-45f6-9a7b-d7c279419a7f	12342	1357	c460ae0f-c781-45f6-9a7b-d7c279419a7f	Fiona Apple	https://www.last.fm/music/Fiona+Apple/_/Paper+Bag	https://www.last.fm/music/Fiona%20Apple	Paper Bag	https://www.last.fm/music/Fiona%20Apple/When%20the%20Pawn...	0.0	When the Pawn...	Emotion (regulation)	Emotional Resonance	e592d0d7-3230-4e8d-b050-a9cf2ffea1c7	3	5	77OA9PHzpo7VYXSn
onion::1357::1a731c8f-05f5-44f4-974b-93c4aac6aec1	12343	1357	1a731c8f-05f5-44f4-974b-93c4aac6aec1	Mitski	https://www.last.fm/music/Mitski/_/Wife	https://www.last.fm/music/Mitski	Wife	https://www.last.fm/music/Mitski/LUSH	0.0	LUSH	Emotion (regulation)	Emotional Resonance	e592d0d7-3230-4e8d-b050-a9cf2ffea1c7	3	5	Ados9aiJhqMo1B6g
onion::1357::b25a500c-db98-4264-af03-f1a583922f9e	12344	1357	b25a500c-db98-4264-af03-f1a583922f9e	Fiona Apple	https://www.last.fm/music/Fiona+Apple/_/Sullen+Girl	https://www.last.fm/music/Fiona%20Apple	Sullen Girl	https://www.last.fm/music/Fiona%20Apple/Tidal	0.0	Tidal	Emotion (regulation)	Emotional Resonance	e592d0d7-3230-4e8d-b050-a9cf2ffea1c7	3	5	v2ToYBkCI8s9M8MH
onion::1357::a7dbbc74-ccc9-436a-a619-ff33b1f1ceb3	12345	1357	a7dbbc74-ccc9-436a-a619-ff33b1f1ceb3	Mitski	https://www.last.fm/music/Mitski/_/Shame	https://www.last.fm/music/Mitski	Shame	https://www.last.fm/music/Mitski/Retired%20from%20Sad%2C%20New%20Career%20in%20Business	0.0	Retired from Sad, New Career in Business	Emotion (regulation)	Emotional Resonance	e592d0d7-3230-4e8d-b050-a9cf2ffea1c7	3	5	D098jupnftqfLnvL
onion::1357::Lana Del Rey-This Is What Makes Us Girls-3-112	12347	1357	Lana Del Rey-This Is What Makes Us Girls-3-112	Lana Del Rey	https://www.last.fm/music/Lana+Del+Rey/_/This+Is+What+Makes+Us+Girls	https://www.last.fm/music/Lana%20Del%20Rey	This Is What Makes Us Girls	https://www.last.fm/music/Lana%20Del%20Rey/Born%20to%20Die	0.0	Born to Die	Emotion (regulation)	Emotional Resonance	e592d0d7-3230-4e8d-b050-a9cf2ffea1c7	3	5	SezvoI7y9p6mDvB3
onion::1358::6a53f415-0cc3-47cb-b5d9-c5336e75a495	12356	1358	6a53f415-0cc3-47cb-b5d9-c5336e75a495	Rihanna	https://www.last.fm/music/Rihanna/_/Take+a+Bow	https://www.last.fm/music/Rihanna	Take a Bow	https://www.last.fm/music/Rihanna/Good%20Girl%20Gone%20Bad%3A%20Reloaded	0.0	Good Girl Gone Bad: Reloaded	Nostalgia	Nostalgia	e592d0d7-3230-4e8d-b050-a9cf2ffea1c7	1	3	ofy6eLfSBggG4NNK
onion::1359::4cS2HQ6jK80vqdY9ofpztx	12359	1359	4cS2HQ6jK80vqdY9ofpztx	Shakira	spotify:track:4cS2HQ6jK80vqdY9ofpztx	spotify:artist:0EmeFodog0BfCgMzAIvKQp	She Wolf	spotify:album:5u0OuxRnf3FzvZR07xAxL2	188866.0	She Wolf (Deluxe Version)	Well-Being	Pleasure & Enjoyment	e592d0d7-3230-4e8d-b050-a9cf2ffea1c7	1	4	L2OBrPwbO2hupXEc
onion::1359::2731fdf6-2e3b-48ac-a6ba-10f134ebb104	12364	1359	2731fdf6-2e3b-48ac-a6ba-10f134ebb104	Britney Spears	https://www.last.fm/music/Britney+Spears/_/Piece+of+Me	https://www.last.fm/music/Britney%20Spears	Piece of Me	https://www.last.fm/music/Britney%20Spears/Blackout	0.0	Blackout	Well-Being	Pleasure & Enjoyment	e592d0d7-3230-4e8d-b050-a9cf2ffea1c7	1	4	6Wa3pHMOGYEw6OQx
onion::1359::9cb15f19-bb6b-33a0-9b48-031bc1478967	12367	1359	9cb15f19-bb6b-33a0-9b48-031bc1478967	Selena Gomez	https://www.last.fm/music/Selena+Gomez/_/Magic	https://www.last.fm/music/Selena%20Gomez	Magic	https://www.last.fm/music/Selena%20Gomez/Wizards%20of%20Waverly%20Place	0.0	Wizards of Waverly Place	Well-Being	Pleasure & Enjoyment	e592d0d7-3230-4e8d-b050-a9cf2ffea1c7	1	4	n1eQRO1o1BRjQSXg
onion::1360::00348281-f9a5-4c14-a14d-60c9a84e04b4	12368	1360	00348281-f9a5-4c14-a14d-60c9a84e04b4	Harry Styles	https://www.last.fm/music/Harry+Styles/_/Sweet+Creature	https://www.last.fm/music/Harry%20Styles	Sweet Creature	https://www.last.fm/music/Harry%20Styles/Harry%20Styles	0.0	Harry Styles	Distraction	Distraction	e592d0d7-3230-4e8d-b050-a9cf2ffea1c7	1	2	NJLt0eXJ4Np86Fx3
onion::1360::1d468a1c-a040-4a1e-a929-2eca5cceb892	12372	1360	1d468a1c-a040-4a1e-a929-2eca5cceb892	Carrie Underwood	https://www.last.fm/music/Carrie+Underwood/_/Two+Black+Cadillacs	https://www.last.fm/music/Carrie%20Underwood	Two Black Cadillacs	https://www.last.fm/music/Carrie%20Underwood/Blown%20Away	0.0	Blown Away	Distraction	Distraction	e592d0d7-3230-4e8d-b050-a9cf2ffea1c7	1	2	lGj9ljE95eCPgURG
onion::1360::db31b745-e563-4825-8635-9190bf7e2596	12376	1360	db31b745-e563-4825-8635-9190bf7e2596	Carrie Underwood	https://www.last.fm/music/Carrie+Underwood/_/Blown+Away	https://www.last.fm/music/Carrie%20Underwood	Blown Away	https://www.last.fm/music/Carrie%20Underwood/Blown%20Away	0.0	Blown Away	Distraction	Distraction	e592d0d7-3230-4e8d-b050-a9cf2ffea1c7	1	2	sD1YIwvPTeg9cbA1
onion::1360::791ae270-4680-4c64-a012-a81a4fe5842a	12379	1360	791ae270-4680-4c64-a012-a81a4fe5842a	Alanis Morissette	https://www.last.fm/music/Alanis+Morissette/_/Thank+U	https://www.last.fm/music/Alanis%20Morissette	Thank U	https://www.last.fm/music/Alanis%20Morissette/Supposed%20Former%20Infatuation%20Junkie	0.0	Supposed Former Infatuation Junkie	Distraction	Distraction	e592d0d7-3230-4e8d-b050-a9cf2ffea1c7	1	2	IOf5ZNUiDZJsCEHG
onion::1362::3ZjDgy9w4QXrJuoOwEhibL	12390	1362	3ZjDgy9w4QXrJuoOwEhibL	Jonas Brothers	spotify:track:3ZjDgy9w4QXrJuoOwEhibL	spotify:artist:7gOdHgIoIKoe4i9Tta6qdD	Set This Party Off	spotify:album:13xbg8hAddxUDNksjSKzsz	176560.0	JONAS L.A.	Stimulation	Empowerment	e592d0d7-3230-4e8d-b050-a9cf2ffea1c7	1	2	fUWZtlMkJbb5GNJe
onion::1363::2crnSJP5BCKAeRBsCLX9Zb	12397	1363	2crnSJP5BCKAeRBsCLX9Zb	A Great Big World	spotify:track:2crnSJP5BCKAeRBsCLX9Zb	spotify:artist:5xKp3UyavIBUsGy3DQdXeF	All I Want Is Love	spotify:album:6SQWwNCTTPmS1DaXQNRDOy	191853.0	When the Morning Comes	Motivation	Background Utility	e592d0d7-3230-4e8d-b050-a9cf2ffea1c7	2	3	D3izbubCQhG7Exgd
onion::1363::5JLYUKmpTS5KywAFJHmrA5	12398	1363	5JLYUKmpTS5KywAFJHmrA5	The Cardigans	spotify:track:5JLYUKmpTS5KywAFJHmrA5	spotify:artist:1tqZaCwM57UFKjWoYwMLrw	For What It's Worth	spotify:album:06xErtm8RCYmMNyIg3ubm0	258839.0	Long Gone Before Daylight	Motivation	Background Utility	e592d0d7-3230-4e8d-b050-a9cf2ffea1c7	2	3	ebsr6NShYvKqDsgl
onion::1363::1eTTz3AwBSEl8J8JIcvLE2	12400	1363	1eTTz3AwBSEl8J8JIcvLE2	DNCE	spotify:track:1eTTz3AwBSEl8J8JIcvLE2	spotify:artist:6T5tfhQCknKG4UnH90qGnz	Forever	spotify:album:1nuvb3dI59xG29iCSuQ7CN	228693.0	The Lego Batman Movie: Original Motion Picture Soundtrack	Motivation	Background Utility	e592d0d7-3230-4e8d-b050-a9cf2ffea1c7	2	3	lS3meLssr4zJKtXZ
onion::1363::1EyKXIC7M4Qd6wJgU3nP1W	12401	1363	1EyKXIC7M4Qd6wJgU3nP1W	Gwen Stefani	spotify:track:1EyKXIC7M4Qd6wJgU3nP1W	spotify:artist:4yiQZ8tQPux8cPriYMWUFP	Early Winter	spotify:album:2uoNsOC1w0zkRp0TE2uzuI	284786.0	The Sweet Escape	Motivation	Background Utility	e592d0d7-3230-4e8d-b050-a9cf2ffea1c7	2	3	A479KNAfnFB5CZCy
onion::1363::144JMbvbR5txNzoZ112wo4	12402	1363	144JMbvbR5txNzoZ112wo4	Cher	spotify:track:144JMbvbR5txNzoZ112wo4	spotify:artist:72OaDtakiy6yFqkt4TsiFt	Strong Enough	spotify:album:0jZfbz0dNfDjPSg0hYJNth	224000.0	Believe	Motivation	Background Utility	e592d0d7-3230-4e8d-b050-a9cf2ffea1c7	2	3	cr3lIXwkkXiMAfHI
onion::1363::1eQXuEHvm3FPm0iSIJOEWk	12403	1363	1eQXuEHvm3FPm0iSIJOEWk	Charli XCX	spotify:track:1eQXuEHvm3FPm0iSIJOEWk	spotify:artist:25uiPmTg16RbhZWAqwLBy5	Stay Away	spotify:album:4NUyHY8HwmpjGDdYGpiBtu	227626.0	True Romance	Motivation	Background Utility	e592d0d7-3230-4e8d-b050-a9cf2ffea1c7	2	3	2grUYapeBrFyrYN7
onion::1363::77B0uaQTgrrA2yM4xwQG1h	12406	1363	77B0uaQTgrrA2yM4xwQG1h	Whirr	spotify:track:77B0uaQTgrrA2yM4xwQG1h	spotify:artist:1tnjjbgszXYa8BbyTzwM0w	Hide	spotify:album:4dnU5lfejwsudlezBO46oI	188800.0	Pipe Dreams	Motivation	Background Utility	e592d0d7-3230-4e8d-b050-a9cf2ffea1c7	2	3	LLJEKxrHQ6a6RlBt
onion::1374::2bKSOqtAQ7xSoxQ87If4jq	12499	1374	2bKSOqtAQ7xSoxQ87If4jq	Crystal Castles			Suffocation			Crystal Castles (II)	Motivation	Background Utility	d526c1f1-5aa8-4d6c-be8e-d0222b753825	4	5	0h8G1bhVFVP6G9Km
onion::1363::0abcbe31-6626-39a3-8cc4-1ddf8044ef0f	12409	1363	0abcbe31-6626-39a3-8cc4-1ddf8044ef0f	Stars	https://www.last.fm/music/Stars/_/Personal	https://www.last.fm/music/Stars	Personal	https://www.last.fm/music/Stars/In%20Our%20Bedroom%20After%20the%20War	0.0	In Our Bedroom After the War	Motivation	Background Utility	e592d0d7-3230-4e8d-b050-a9cf2ffea1c7	2	3	P0dmeOX5RzLqZey6
onion::1364::48eiLW57CqSmCYNZRM2J8M	12411	1364	48eiLW57CqSmCYNZRM2J8M	Bette Midler	spotify:track:48eiLW57CqSmCYNZRM2J8M	spotify:artist:13y0kncDD4J9wxCyfKr10W	From A Distance	spotify:album:7s86va7L6qq82p0y7KVBeb	276346.0	Some People's Lives	Enjoyment	Time Passing	e592d0d7-3230-4e8d-b050-a9cf2ffea1c7	3	4	EMUxCk01Oto4ZaCy
onion::1364::6tl840rz5kY1ybVjv1jre2	12412	1364	6tl840rz5kY1ybVjv1jre2	Jessie J	spotify:track:6tl840rz5kY1ybVjv1jre2	spotify:artist:2gsggkzM5R49q6jpPvazou	Price Tag	spotify:album:3KJBsmsJQK5timf0TESYUg	222293.0	Who You Are	Enjoyment	Time Passing	e592d0d7-3230-4e8d-b050-a9cf2ffea1c7	3	4	NZ6xUwPS4UDNEnQu
onion::1364::0v2Gg1guMfTnqIX6k9iNOD	12413	1364	0v2Gg1guMfTnqIX6k9iNOD	Robin Bengtsson	spotify:track:0v2Gg1guMfTnqIX6k9iNOD	spotify:artist:1CQLPgGkfHrxNMqrXt5oWS	Constellation Prize	spotify:album:6HbtXuVGdvWC5UdcvpBhia	181186.0	Constellation Prize	Enjoyment	Time Passing	e592d0d7-3230-4e8d-b050-a9cf2ffea1c7	3	4	QFtunsQxaL7i4CC1
onion::1364::5ysI4fLGDuHoPmMsQd1gaC	12414	1364	5ysI4fLGDuHoPmMsQd1gaC	The Cardigans	spotify:track:5ysI4fLGDuHoPmMsQd1gaC	spotify:artist:1tqZaCwM57UFKjWoYwMLrw	Nil	spotify:album:6gxAs4Xk6dytHvqADOhLPw	137133.0	Gran Turismo	Enjoyment	Time Passing	e592d0d7-3230-4e8d-b050-a9cf2ffea1c7	3	4	FtpxdvYtGJzXotJx
onion::1364::2I1uzkNYEJ5FOzLjI0ssTX	12417	1364	2I1uzkNYEJ5FOzLjI0ssTX	Plan B	spotify:track:2I1uzkNYEJ5FOzLjI0ssTX	spotify:artist:2jSGzJw0ebJLu7OLVSOcBP	Candy	spotify:album:5pmzAkyir6lTI7V0dYx7WD	207626.0	Love and Sex	Enjoyment	Time Passing	e592d0d7-3230-4e8d-b050-a9cf2ffea1c7	3	4	44GMCQg3Fn0fUOqg
onion::1364::3cQmqM0awej9iAESjhKrI9	12418	1364	3cQmqM0awej9iAESjhKrI9	Sabrina Claudio	spotify:track:3cQmqM0awej9iAESjhKrI9	spotify:artist:30DhU7BDmF4PH0JVhu8ZRg	Confidently Lost	spotify:album:6Y0sR4pj7mxRN0EudJnMQw	209885.0	Confidently Lost	Enjoyment	Time Passing	e592d0d7-3230-4e8d-b050-a9cf2ffea1c7	3	4	jZYlPJAVhYGf6PTd
onion::1364::3Rc4K6taaH23i9wWoXGWoZ	12420	1364	3Rc4K6taaH23i9wWoXGWoZ	Deerhunter	spotify:track:3Rc4K6taaH23i9wWoXGWoZ	spotify:artist:38zTZcuN7nFvVJ6auhc6V3	White Ink	spotify:album:7BbHXG8AmJNQ0w3hE6dU4q	299333.0	Cryptograms	Enjoyment	Time Passing	e592d0d7-3230-4e8d-b050-a9cf2ffea1c7	3	4	fzaAjhostagNbwzS
onion::1364::5yjWQWPLGUXwmreEPGF5JD	12423	1364	5yjWQWPLGUXwmreEPGF5JD	Mazzy Star	spotify:track:5yjWQWPLGUXwmreEPGF5JD	spotify:artist:37w38cCSGgKLdayTRjna4W	Sparrow	spotify:album:38Eb5LBD8yO5KbMYVUQQZp	244880.0	Seasons of Your Day	Enjoyment	Time Passing	e592d0d7-3230-4e8d-b050-a9cf2ffea1c7	3	4	vVILZQzr43AUzeH9
onion::1364::4tNru9iyE5azX7Lc6S9ypG	12424	1364	4tNru9iyE5azX7Lc6S9ypG	True Widow	spotify:track:4tNru9iyE5azX7Lc6S9ypG	spotify:artist:7fS59zKuYPKhYlTGdg2PyM	Entheogen	spotify:album:1PlaWCaVq4KwFx7y7LkI5K	347219.0	AVVOLGERE	Enjoyment	Time Passing	e592d0d7-3230-4e8d-b050-a9cf2ffea1c7	3	4	UrG5Rakz7u5jCgqS
onion::1364::00348281-f9a5-4c14-a14d-60c9a84e04b4	12425	1364	00348281-f9a5-4c14-a14d-60c9a84e04b4	Harry Styles	https://www.last.fm/music/Harry+Styles/_/Sweet+Creature	https://www.last.fm/music/Harry%20Styles	Sweet Creature	https://www.last.fm/music/Harry%20Styles/Harry%20Styles	0.0	Harry Styles	Enjoyment	Time Passing	e592d0d7-3230-4e8d-b050-a9cf2ffea1c7	3	4	NJLt0eXJ4Np86Fx3
onion::1364::1d468a1c-a040-4a1e-a929-2eca5cceb892	12429	1364	1d468a1c-a040-4a1e-a929-2eca5cceb892	Carrie Underwood	https://www.last.fm/music/Carrie+Underwood/_/Two+Black+Cadillacs	https://www.last.fm/music/Carrie%20Underwood	Two Black Cadillacs	https://www.last.fm/music/Carrie%20Underwood/Blown%20Away	0.0	Blown Away	Enjoyment	Time Passing	e592d0d7-3230-4e8d-b050-a9cf2ffea1c7	3	4	lGj9ljE95eCPgURG
onion::1364::Shawn Colvin-Sunny Came Home-1-33	12431	1364	Shawn Colvin-Sunny Came Home-1-33	Shawn Colvin	https://www.last.fm/music/Shawn+Colvin/_/Sunny+Came+Home	https://www.last.fm/music/Shawn%20Colvin	Sunny Came Home	https://www.last.fm/music/Shawn%20Colvin/A%20Few%20Small%20Repairs	0.0	A Few Small Repairs	Enjoyment	Time Passing	e592d0d7-3230-4e8d-b050-a9cf2ffea1c7	3	4	nbo62BHKJ2BoX8Jo
onion::1365::93e26b39-ca99-3b53-adfe-3577c6b5d4bf	12436	1365	93e26b39-ca99-3b53-adfe-3577c6b5d4bf	Linkin Park	https://www.last.fm/music/Linkin+Park/_/Lying+from+You	https://www.last.fm/music/Linkin%20Park	Lying from You	https://www.last.fm/music/Linkin%20Park/Meteora%20(Bonus%20Edition)	0.0	Meteora (Bonus Edition)	Calming	Frustration Venting	d526c1f1-5aa8-4d6c-be8e-d0222b753825	1	5	DjTukJM8d7Qne8HJ
onion::1366::2bdfbee3-5ab0-4728-855d-86fd86d6c074	12442	1366	2bdfbee3-5ab0-4728-855d-86fd86d6c074	The Sundays	https://www.last.fm/music/The+Sundays/_/Goodbye	https://www.last.fm/music/The%20Sundays	Goodbye	https://www.last.fm/music/The%20Sundays/Blind	0.0	Blind	(Self-) Reflection / Introspection	Self-Reflection	d526c1f1-5aa8-4d6c-be8e-d0222b753825	2	5	tXWpV7OF0Y270Gne
onion::1367::07ec6b37-aab1-4c59-9fb9-58e5a3d9a2d5	12446	1367	07ec6b37-aab1-4c59-9fb9-58e5a3d9a2d5	Crystal Castles	https://www.last.fm/music/Crystal+Castles/_/Char	https://www.last.fm/music/Crystal%20Castles	Char	https://www.last.fm/music/Crystal%20Castles/Amnesty%20(I)	0.0	Amnesty (I)	Relaxing	Comfort and Security	d526c1f1-5aa8-4d6c-be8e-d0222b753825	2	5	VWrUykeicslfUToY
onion::1367::4EEpg53wU8JaiLtyuSdZ53	12447	1367	4EEpg53wU8JaiLtyuSdZ53	Crystal Castles			Chloroform			Amnesty (I)	Relaxing	Comfort and Security	d526c1f1-5aa8-4d6c-be8e-d0222b753825	2	5	jJecc84eUKPiBO3e
onion::1368::13364182-c4f3-4f15-bcd3-68f93da463c5	12453	1368	13364182-c4f3-4f15-bcd3-68f93da463c5	Korn	https://www.last.fm/music/Korn/_/Here+to+Stay	https://www.last.fm/music/Korn	Here to Stay	https://www.last.fm/music/Korn/Untouchables	0.0	Untouchables	Emotion (regulation)	Emotional Resonance	d526c1f1-5aa8-4d6c-be8e-d0222b753825	1	4	jUrvW369Ve2l0BLi
onion::1369::0c0be142-fc62-4139-a277-70076cdedd1b	12461	1369	0c0be142-fc62-4139-a277-70076cdedd1b	Flyleaf	https://www.last.fm/music/Flyleaf/_/Sorrow	https://www.last.fm/music/Flyleaf	Sorrow	https://www.last.fm/music/Flyleaf/Flyleaf	0.0	Flyleaf	Distraction	Distraction	d526c1f1-5aa8-4d6c-be8e-d0222b753825	3	5	y5nxO10EceQTVEqD
onion::1369::0bc38afd-66f1-3ff4-97ab-c1aec2d15b6b	12462	1369	0bc38afd-66f1-3ff4-97ab-c1aec2d15b6b	Flyleaf	https://www.last.fm/music/Flyleaf/_/Again	https://www.last.fm/music/Flyleaf	Again	https://www.last.fm/music/Flyleaf/Memento%20Mori%20(Expanded)	0.0	Memento Mori (Expanded)	Distraction	Distraction	d526c1f1-5aa8-4d6c-be8e-d0222b753825	3	5	ZPl3KSgZj1BUJRQO
onion::1369::Empire of the Sun-Walking on a Dream-1-62	12465	1369	Empire of the Sun-Walking on a Dream-1-62	Empire of the Sun	https://www.last.fm/music/Empire+of+the+Sun/_/Walking+on+a+Dream	https://www.last.fm/music/Empire%20of%20the%20Sun	Walking on a Dream	https://www.last.fm/music/Empire%20of%20the%20Sun/Walking%20On%20A%20Dream%20(10th%20Anniversary%20Edition)	0.0	Walking On A Dream (10th Anniversary Edition)	Distraction	Distraction	d526c1f1-5aa8-4d6c-be8e-d0222b753825	3	5	QhQahljQAwJIBXvA
onion::1369::044d6733-00c8-451c-a10a-3c73b48a25c8	12466	1369	044d6733-00c8-451c-a10a-3c73b48a25c8	Superheaven	https://www.last.fm/music/Superheaven/_/Room	https://www.last.fm/music/Superheaven	Room	https://www.last.fm/music/Superheaven/Ours%20Is%20Chrome	0.0	Ours Is Chrome	Distraction	Distraction	d526c1f1-5aa8-4d6c-be8e-d0222b753825	3	5	Vau8uKDEgGIfwLbL
onion::1371::861f11c7-61b1-4580-968f-859e400f5c88	12477	1371	861f11c7-61b1-4580-968f-859e400f5c88	Sweet Trip	https://www.last.fm/music/Sweet+Trip/_/Chocolate+Matter	https://www.last.fm/music/Sweet%20Trip	Chocolate Matter	https://www.last.fm/music/Sweet%20Trip/Velocity%3A%20Design%3A%20Comfort.	0.0	Velocity: Design: Comfort.	Escape	Letting Go	d526c1f1-5aa8-4d6c-be8e-d0222b753825	1	4	Zmnz6K3NeKpTG08k
onion::1373::4a0eba71-c4cf-3676-a7be-c2e1c812178f	12489	1373	4a0eba71-c4cf-3676-a7be-c2e1c812178f	Nirvana	https://www.last.fm/music/Nirvana/_/Breed	https://www.last.fm/music/Nirvana	Breed	https://www.last.fm/music/Nirvana/Nevermind%20(Remastered)	0.0	Nevermind (Remastered)	Passion / Pleasure	Habitual Listening	d526c1f1-5aa8-4d6c-be8e-d0222b753825	3	3	CaS2TipDz8W7kbb0
onion::1373::Korn-Got the Life-1-18	12490	1373	Korn-Got the Life-1-18	Korn	https://www.last.fm/music/Korn/_/Got+the+Life	https://www.last.fm/music/Korn	Got the Life	https://www.last.fm/music/Korn/Follow%20the%20Leader	0.0	Follow the Leader	Passion / Pleasure	Habitual Listening	d526c1f1-5aa8-4d6c-be8e-d0222b753825	3	3	Qnwag7oUczwK0EyO
onion::1373::93e26b39-ca99-3b53-adfe-3577c6b5d4bf	12491	1373	93e26b39-ca99-3b53-adfe-3577c6b5d4bf	Linkin Park	https://www.last.fm/music/Linkin+Park/_/Lying+from+You	https://www.last.fm/music/Linkin%20Park	Lying from You	https://www.last.fm/music/Linkin%20Park/Meteora%20(Bonus%20Edition)	0.0	Meteora (Bonus Edition)	Passion / Pleasure	Habitual Listening	d526c1f1-5aa8-4d6c-be8e-d0222b753825	3	3	DjTukJM8d7Qne8HJ
onion::1373::09aa0489-8302-41ef-9212-98531883aa23	12492	1373	09aa0489-8302-41ef-9212-98531883aa23	Slipknot	https://www.last.fm/music/Slipknot/_/Custer	https://www.last.fm/music/Slipknot	Custer	https://www.last.fm/music/Slipknot/.5%3A%20The%20Gray%20Chapter%20(Special%20Edition)	0.0	.5: The Gray Chapter (Special Edition)	Passion / Pleasure	Habitual Listening	d526c1f1-5aa8-4d6c-be8e-d0222b753825	3	3	TpMj0105soSPxJ9k
onion::1373::d2b1164a-3a3a-4665-81a2-21a8e9d1f372	12493	1373	d2b1164a-3a3a-4665-81a2-21a8e9d1f372	Flyleaf	https://www.last.fm/music/Flyleaf/_/Fully+Alive	https://www.last.fm/music/Flyleaf	Fully Alive	https://www.last.fm/music/Flyleaf/Flyleaf	0.0	Flyleaf	Passion / Pleasure	Habitual Listening	d526c1f1-5aa8-4d6c-be8e-d0222b753825	3	3	Ppk5fweeho57fx4K
onion::1374::6E1YebXpPPtujMUljDNlOo	12501	1374	6E1YebXpPPtujMUljDNlOo	Crystal Castles			Kerosene			(III)	Motivation	Background Utility	d526c1f1-5aa8-4d6c-be8e-d0222b753825	4	5	M7WDgVe36ucHqpcl
onion::1374::2nHMeRYAq8VTH5Ro5Taiq0	12503	1374	2nHMeRYAq8VTH5Ro5Taiq0	My Bloody Valentine			Glider			Glider	Motivation	Background Utility	d526c1f1-5aa8-4d6c-be8e-d0222b753825	4	5	rnhoeloouUaUEKki
onion::1374::1kAQmY7yNW6LFdDftDbe1X	12504	1374	1kAQmY7yNW6LFdDftDbe1X	My Bloody Valentine			Loomer			Loveless	Motivation	Background Utility	d526c1f1-5aa8-4d6c-be8e-d0222b753825	4	5	cnyZUM6yigWZ8lcW
onion::1374::4a0eba71-c4cf-3676-a7be-c2e1c812178f	12508	1374	4a0eba71-c4cf-3676-a7be-c2e1c812178f	Nirvana	https://www.last.fm/music/Nirvana/_/Breed	https://www.last.fm/music/Nirvana	Breed	https://www.last.fm/music/Nirvana/Nevermind%20(Remastered)	0.0	Nevermind (Remastered)	Motivation	Background Utility	d526c1f1-5aa8-4d6c-be8e-d0222b753825	4	5	CaS2TipDz8W7kbb0
onion::1375::0e5f1add-c943-49a0-b824-169e7f7b82da	12514	1375	0e5f1add-c943-49a0-b824-169e7f7b82da	Cyndi Lauper	https://www.last.fm/music/Cyndi+Lauper/_/Girls+Just+Want+to+Have+Fun	https://www.last.fm/music/Cyndi%20Lauper	Girls Just Want to Have Fun	https://www.last.fm/music/Cyndi%20Lauper/She's%20So%20Unusual	0.0	She's So Unusual	Well-Being	Pleasure & Enjoyment	95e98fd9-3c23-47f0-ba37-6641fd0eb3ac	3	5	zz8r9NlX7t11pEw8
onion::1375::Justin Timberlake-Rock Your Body-1-96	12518	1375	Justin Timberlake-Rock Your Body-1-96	Justin Timberlake	https://www.last.fm/music/Justin+Timberlake/_/Rock+Your+Body	https://www.last.fm/music/Justin%20Timberlake	Rock Your Body	https://www.last.fm/music/Justin%20Timberlake/Justified	0.0	Justified	Well-Being	Pleasure & Enjoyment	95e98fd9-3c23-47f0-ba37-6641fd0eb3ac	3	5	LatpzJsSTXLlrsvV
onion::1377::8ae9f518-1a6b-4fa6-befe-8028dff1ff03	12532	1377	8ae9f518-1a6b-4fa6-befe-8028dff1ff03	Zendaya	https://www.last.fm/music/Zendaya/_/Replay	https://www.last.fm/music/Zendaya	Replay	https://www.last.fm/music/Zendaya/Zendaya	0.0	Zendaya	Entertainment	Singing Along	95e98fd9-3c23-47f0-ba37-6641fd0eb3ac	3	4	CyUpoRMnEZJkxoIg
onion::1377::7vTENp2sLS3sPY5z4npYNr	12541	1377	7vTENp2sLS3sPY5z4npYNr	Imogen Heap			Headlock			Speak for Yourself	Entertainment	Singing Along	95e98fd9-3c23-47f0-ba37-6641fd0eb3ac	3	4	1LVCIU4fWhE8ms3W
onion::1378::0e5f1add-c943-49a0-b824-169e7f7b82da	12545	1378	0e5f1add-c943-49a0-b824-169e7f7b82da	Cyndi Lauper	https://www.last.fm/music/Cyndi+Lauper/_/Girls+Just+Want+to+Have+Fun	https://www.last.fm/music/Cyndi%20Lauper	Girls Just Want to Have Fun	https://www.last.fm/music/Cyndi%20Lauper/She's%20So%20Unusual	0.0	She's So Unusual	Mood Enhancement	Cheerfulness	95e98fd9-3c23-47f0-ba37-6641fd0eb3ac	2	3	zz8r9NlX7t11pEw8
onion::1379::1OraV7qX8LezL3qcUrK3WH	12553	1379	1OraV7qX8LezL3qcUrK3WH	Flume			Wall Fuck			Skin	Exploration	Exploration	95e98fd9-3c23-47f0-ba37-6641fd0eb3ac	1	2	99Fj3k34Ak3Pegh2
onion::1382::2Bs4jQEGMycglOfWPBqrVG	12575	1382	2Bs4jQEGMycglOfWPBqrVG	One Direction			Steal My Girl			FOUR	Nostalgia	Nostalgia	95e98fd9-3c23-47f0-ba37-6641fd0eb3ac	1	3	OWpUk8iwm6l2Tmdg
onion::1383::7f7d4b77-828f-43f8-b235-c1216e7e3f25	12577	1383	7f7d4b77-828f-43f8-b235-c1216e7e3f25	Halsey	https://www.last.fm/music/Halsey/_/Castle	https://www.last.fm/music/Halsey	Castle	https://www.last.fm/music/Halsey/BADLANDS%20(Deluxe)	0.0	BADLANDS (Deluxe)	Energy	Morning Wake-Up	95e98fd9-3c23-47f0-ba37-6641fd0eb3ac	2	3	iMN8E2sXAraaXQ76
onion::1383::32d2c0e5-714c-4b01-8ac8-38be09abc6a8	12579	1383	32d2c0e5-714c-4b01-8ac8-38be09abc6a8	Ed Sheeran	https://www.last.fm/music/Ed+Sheeran/_/All+of+the+Stars	https://www.last.fm/music/Ed%20Sheeran	All of the Stars	https://www.last.fm/music/Ed%20Sheeran/x%20(Wembley%20Edition)	0.0	x (Wembley Edition)	Energy	Morning Wake-Up	95e98fd9-3c23-47f0-ba37-6641fd0eb3ac	2	3	kZqix9HNuP0fgwZF
onion::1383::00348281-f9a5-4c14-a14d-60c9a84e04b4	12580	1383	00348281-f9a5-4c14-a14d-60c9a84e04b4	Harry Styles	https://www.last.fm/music/Harry+Styles/_/Sweet+Creature	https://www.last.fm/music/Harry%20Styles	Sweet Creature	https://www.last.fm/music/Harry%20Styles/Harry%20Styles	0.0	Harry Styles	Energy	Morning Wake-Up	95e98fd9-3c23-47f0-ba37-6641fd0eb3ac	2	3	NJLt0eXJ4Np86Fx3
onion::1383::d3bfad61-e635-4fbe-bbb7-ec98823851fe	12583	1383	d3bfad61-e635-4fbe-bbb7-ec98823851fe	Justin Timberlake	https://www.last.fm/music/Justin+Timberlake/_/Mirrors	https://www.last.fm/music/Justin%20Timberlake	Mirrors	https://www.last.fm/music/Justin%20Timberlake/The%2020%2F20%20Experience%20(Deluxe%20Version)	0.0	The 20/20 Experience (Deluxe Version)	Energy	Morning Wake-Up	95e98fd9-3c23-47f0-ba37-6641fd0eb3ac	2	3	9z2L8uD3GjNoXSRs
onion::1383::0baf9f42-0b0b-4437-ae3a-2c51fc1e037b	12587	1383	0baf9f42-0b0b-4437-ae3a-2c51fc1e037b	Tove Lo	https://www.last.fm/music/Tove+Lo/_/Moments	https://www.last.fm/music/Tove%20Lo	Moments	https://www.last.fm/music/Tove%20Lo/Queen%20of%20the%20Clouds	0.0	Queen of the Clouds	Energy	Morning Wake-Up	95e98fd9-3c23-47f0-ba37-6641fd0eb3ac	2	3	4qXuDgBO2q1AELxe
onion::1385::1ee09b0c-33c8-4f08-9380-1f26a82ceebb	12598	1385	1ee09b0c-33c8-4f08-9380-1f26a82ceebb	Adam Lambert	https://www.last.fm/music/Adam+Lambert/_/If+I+Had+You	https://www.last.fm/music/Adam%20Lambert	If I Had You	https://www.last.fm/music/Adam%20Lambert/For%20Your%20Entertainment	0.0	For Your Entertainment	Well-Being	Pleasure & Enjoyment	86b2e04c-355e-483f-bfe4-8aa5e475e07c	3	5	10hRWrYFSvhhgw6T
onion::1385::021f94f7-fb23-4f33-b9bf-f3f5a62fd5bd	12602	1385	021f94f7-fb23-4f33-b9bf-f3f5a62fd5bd	Meghan Trainor	https://www.last.fm/music/Meghan+Trainor/_/Me+Too	https://www.last.fm/music/Meghan%20Trainor	Me Too	https://www.last.fm/music/Meghan%20Trainor/Thank%20You%20(Deluxe%20Version)	0.0	Thank You (Deluxe Version)	Well-Being	Pleasure & Enjoyment	86b2e04c-355e-483f-bfe4-8aa5e475e07c	3	5	4bwo9eFS7kpKIyCk
onion::1385::59fc5ddf-a1d9-4746-902d-71fb5a9a78c2	12604	1385	59fc5ddf-a1d9-4746-902d-71fb5a9a78c2	Taylor Swift	https://www.last.fm/music/Taylor+Swift/_/Shake+It+Off	https://www.last.fm/music/Taylor%20Swift	Shake It Off	https://www.last.fm/music/Taylor%20Swift/1989	0.0	1989	Well-Being	Pleasure & Enjoyment	86b2e04c-355e-483f-bfe4-8aa5e475e07c	3	5	WMPyZbE6EvI5f4wF
onion::1385::82ec13df-bafe-42f7-9bd1-d2e6dd2a42ae	12605	1385	82ec13df-bafe-42f7-9bd1-d2e6dd2a42ae	The Fratellis	https://www.last.fm/music/The+Fratellis/_/Henrietta	https://www.last.fm/music/The%20Fratellis	Henrietta	https://www.last.fm/music/The%20Fratellis/Costello%20Music	0.0	Costello Music	Well-Being	Pleasure & Enjoyment	86b2e04c-355e-483f-bfe4-8aa5e475e07c	3	5	G7QuwjgO6q4UGfpf
onion::1385::1b95150c-c03a-48be-bcc2-8bc1b0c710f1	12606	1385	1b95150c-c03a-48be-bcc2-8bc1b0c710f1	The Menzingers	https://www.last.fm/music/The+Menzingers/_/Sun+Hotel	https://www.last.fm/music/The%20Menzingers	Sun Hotel	https://www.last.fm/music/The%20Menzingers/On%20the%20Impossible%20Past	0.0	On the Impossible Past	Well-Being	Pleasure & Enjoyment	86b2e04c-355e-483f-bfe4-8aa5e475e07c	3	5	HJ2CjwOUYwk97Dw1
onion::1385::0c6d6c9c-8cb3-3692-b46a-e673b3352e62	12618	1385	0c6d6c9c-8cb3-3692-b46a-e673b3352e62	My Chemical Romance	https://www.last.fm/music/My+Chemical+Romance/_/Party+Poison	https://www.last.fm/music/My%20Chemical%20Romance	Party Poison	https://www.last.fm/music/My%20Chemical%20Romance/Danger%20Days%3A%20The%20True%20Lives%20of%20the%20Fabulous%20Killjoys	0.0	Danger Days: The True Lives of the Fabulous Killjoys	Well-Being	Pleasure & Enjoyment	86b2e04c-355e-483f-bfe4-8aa5e475e07c	3	5	9fybUUmMyAR1CbQr
onion::1385::023ae03e-93bf-4e8d-84a2-65fe2e56d310	12633	1385	023ae03e-93bf-4e8d-84a2-65fe2e56d310	Waterparks	https://www.last.fm/music/Waterparks/_/Stupid+for+You	https://www.last.fm/music/Waterparks	Stupid for You	https://www.last.fm/music/Waterparks/Double%20Dare	0.0	Double Dare	Well-Being	Pleasure & Enjoyment	86b2e04c-355e-483f-bfe4-8aa5e475e07c	3	5	6JpYE1rq6XgoW9ij
onion::1385::07811e42-54fc-48e3-b35e-6d9c0a34c675	12635	1385	07811e42-54fc-48e3-b35e-6d9c0a34c675	State Champs	https://www.last.fm/music/State+Champs/_/Elevated	https://www.last.fm/music/State%20Champs	Elevated	https://www.last.fm/music/State%20Champs/The%20Finer%20Things	0.0	The Finer Things	Well-Being	Pleasure & Enjoyment	86b2e04c-355e-483f-bfe4-8aa5e475e07c	3	5	72Pt7tpNHlahAZiq
onion::1385::02cb53a0-efbd-475d-873e-973da0a3c9ef	12638	1385	02cb53a0-efbd-475d-873e-973da0a3c9ef	Pierce the Veil	https://www.last.fm/music/Pierce+the+Veil/_/Floral+&+Fading	https://www.last.fm/music/Pierce%20the%20Veil	Floral & Fading	https://www.last.fm/music/Pierce%20the%20Veil/Misadventures	0.0	Misadventures	Well-Being	Pleasure & Enjoyment	86b2e04c-355e-483f-bfe4-8aa5e475e07c	3	5	obqRc6cbIjinWgiM
onion::1408::82bab196-5e6f-39ae-90ef-fc58cd952949	12911	1408	82bab196-5e6f-39ae-90ef-fc58cd952949	Paramore	https://www.last.fm/music/Paramore/_/Born+for+This	https://www.last.fm/music/Paramore	Born for This	https://www.last.fm/music/Paramore/RIOT!	0.0	RIOT!	Nostalgia	Nostalgia	0cfc38b9-9307-46e2-9421-4821fb1c9cd8	1	2	EGvEkPoXwG1GNROW
onion::1385::48836e83-8aba-4e4e-ad30-e6979d9194ae	12639	1385	48836e83-8aba-4e4e-ad30-e6979d9194ae	Twenty One Pilots	https://www.last.fm/music/Twenty+One+Pilots/_/Tear+in+My+Heart	https://www.last.fm/music/Twenty%20One%20Pilots	Tear in My Heart	https://www.last.fm/music/Twenty%20One%20Pilots/Blurryface	0.0	Blurryface	Well-Being	Pleasure & Enjoyment	86b2e04c-355e-483f-bfe4-8aa5e475e07c	3	5	VCFEdiDe9DmaHTQl
onion::1385::7f518a9d-4a41-44fc-a890-b8688dc538aa	12640	1385	7f518a9d-4a41-44fc-a890-b8688dc538aa	The Front Bottoms	https://www.last.fm/music/The+Front+Bottoms/_/Laugh+Till+I+Cry	https://www.last.fm/music/The%20Front%20Bottoms	Laugh Till I Cry	https://www.last.fm/music/The%20Front%20Bottoms/Back%20On%20Top	0.0	Back On Top	Well-Being	Pleasure & Enjoyment	86b2e04c-355e-483f-bfe4-8aa5e475e07c	3	5	Uf4mMBLV6w1qpgSa
onion::1385::0908e704-a442-4bc7-b8c6-5df07321386a	12647	1385	0908e704-a442-4bc7-b8c6-5df07321386a	Knocked Loose	https://www.last.fm/music/Knocked+Loose/_/Oblivions+Peak	https://www.last.fm/music/Knocked%20Loose	Oblivions Peak	https://www.last.fm/music/Knocked%20Loose/Laugh%20Tracks	0.0	Laugh Tracks	Well-Being	Pleasure & Enjoyment	86b2e04c-355e-483f-bfe4-8aa5e475e07c	3	5	y6rKE6mJqZE1SFli
onion::1385::Linkin Park-In the End-1-273	12648	1385	Linkin Park-In the End-1-273	Linkin Park	https://www.last.fm/music/Linkin+Park/_/In+the+End	https://www.last.fm/music/Linkin%20Park	In the End	https://www.last.fm/music/Linkin%20Park/Hybrid%20Theory	0.0	Hybrid Theory	Well-Being	Pleasure & Enjoyment	86b2e04c-355e-483f-bfe4-8aa5e475e07c	3	5	VKvF5oSWmxCDL97f
onion::1385::dddec2b8-d0d1-49c0-aef5-012b0b9f3aae	12652	1385	dddec2b8-d0d1-49c0-aef5-012b0b9f3aae	Taylor Swift	https://www.last.fm/music/Taylor+Swift/_/Gorgeous	https://www.last.fm/music/Taylor%20Swift	Gorgeous	https://www.last.fm/music/Taylor%20Swift/reputation	0.0	reputation	Well-Being	Pleasure & Enjoyment	86b2e04c-355e-483f-bfe4-8aa5e475e07c	3	5	RLr5e7MmIsMyGzLR
onion::1385::Owl City-Fireflies-1-294	12655	1385	Owl City-Fireflies-1-294	Owl City	https://www.last.fm/music/Owl+City/_/Fireflies	https://www.last.fm/music/Owl%20City	Fireflies	https://www.last.fm/music/Owl%20City/Ocean%20Eyes	0.0	Ocean Eyes	Well-Being	Pleasure & Enjoyment	86b2e04c-355e-483f-bfe4-8aa5e475e07c	3	5	DMSPSXCv8UN5942f
onion::1385::40595e72-89ae-475d-96ea-76f2226f6ca0	12660	1385	40595e72-89ae-475d-96ea-76f2226f6ca0	Wheatus	https://www.last.fm/music/Wheatus/_/Teenage+Dirtbag	https://www.last.fm/music/Wheatus	Teenage Dirtbag	https://www.last.fm/music/Wheatus/Wheatus	0.0	Wheatus	Well-Being	Pleasure & Enjoyment	86b2e04c-355e-483f-bfe4-8aa5e475e07c	3	5	CGNhtZMctV4KfLwO
onion::1385::7bd48aef-14b5-35b3-9155-645519785915	12661	1385	7bd48aef-14b5-35b3-9155-645519785915	Modest Mouse	https://www.last.fm/music/Modest+Mouse/_/Float+On	https://www.last.fm/music/Modest%20Mouse	Float On	https://www.last.fm/music/Modest%20Mouse/Good%20News%20For%20People%20Who%20Love%20Bad%20News	0.0	Good News For People Who Love Bad News	Well-Being	Pleasure & Enjoyment	86b2e04c-355e-483f-bfe4-8aa5e475e07c	3	5	j8qrlsfqWAPqzqD9
onion::1385::f50e548f-64ef-4ba0-8c01-8f24ace14dee	12662	1385	f50e548f-64ef-4ba0-8c01-8f24ace14dee	Maroon 5	https://www.last.fm/music/Maroon+5/_/This+Love	https://www.last.fm/music/Maroon%205	This Love	https://www.last.fm/music/Maroon%205/Songs%20About%20Jane%3A%2010th%20Anniversary%20Edition	0.0	Songs About Jane: 10th Anniversary Edition	Well-Being	Pleasure & Enjoyment	86b2e04c-355e-483f-bfe4-8aa5e475e07c	3	5	OHiJws8t4NlFjJcB
onion::1385::02a2bf20-0ffb-4d57-a7e1-17a76a4c4333	12670	1385	02a2bf20-0ffb-4d57-a7e1-17a76a4c4333	Arctic Monkeys	https://www.last.fm/music/Arctic+Monkeys/_/I+Wanna+Be+Yours	https://www.last.fm/music/Arctic%20Monkeys	I Wanna Be Yours	https://www.last.fm/music/Arctic%20Monkeys/AM	0.0	AM	Well-Being	Pleasure & Enjoyment	86b2e04c-355e-483f-bfe4-8aa5e475e07c	3	5	TO3cZBWQE1GRRXy4
onion::1385::0e5f1add-c943-49a0-b824-169e7f7b82da	12678	1385	0e5f1add-c943-49a0-b824-169e7f7b82da	Cyndi Lauper	https://www.last.fm/music/Cyndi+Lauper/_/Girls+Just+Want+to+Have+Fun	https://www.last.fm/music/Cyndi%20Lauper	Girls Just Want to Have Fun	https://www.last.fm/music/Cyndi%20Lauper/She's%20So%20Unusual	0.0	She's So Unusual	Well-Being	Pleasure & Enjoyment	86b2e04c-355e-483f-bfe4-8aa5e475e07c	3	5	zz8r9NlX7t11pEw8
onion::1385::2b9241b3-a7c4-4866-a15d-17344cf44541	12683	1385	2b9241b3-a7c4-4866-a15d-17344cf44541	Britney Spears	https://www.last.fm/music/Britney+Spears/_/Circus	https://www.last.fm/music/Britney%20Spears	Circus	https://www.last.fm/music/Britney%20Spears/Circus%20(Deluxe%20Version)	0.0	Circus (Deluxe Version)	Well-Being	Pleasure & Enjoyment	86b2e04c-355e-483f-bfe4-8aa5e475e07c	3	5	cWXpvnMaoOLOcPZx
onion::1385::08cafe0a-6706-343c-bd09-2db29851835f	12684	1385	08cafe0a-6706-343c-bd09-2db29851835f	Rihanna	https://www.last.fm/music/Rihanna/_/Breakin%27+Dishes	https://www.last.fm/music/Rihanna	Breakin' Dishes	https://www.last.fm/music/Rihanna/Good%20Girl%20Gone%20Bad%3A%20Reloaded	0.0	Good Girl Gone Bad: Reloaded	Well-Being	Pleasure & Enjoyment	86b2e04c-355e-483f-bfe4-8aa5e475e07c	3	5	EEDpe8A5q7mkaneL
onion::1385::Ariana Grande-One Last Time-2-77	12689	1385	Ariana Grande-One Last Time-2-77	Ariana Grande	https://www.last.fm/music/Ariana+Grande/_/One+Last+Time	https://www.last.fm/music/Ariana%20Grande	One Last Time	https://www.last.fm/music/Ariana%20Grande/My%20Everything%20(Deluxe)	0.0	My Everything (Deluxe)	Well-Being	Pleasure & Enjoyment	86b2e04c-355e-483f-bfe4-8aa5e475e07c	3	5	mm0F1sIATS64Gti7
onion::1385::Jessie J-Price Tag-2-80	12690	1385	Jessie J-Price Tag-2-80	Jessie J	https://www.last.fm/music/Jessie+J/_/Price+Tag	https://www.last.fm/music/Jessie%20J	Price Tag	https://www.last.fm/music/Jessie%20J/Who%20You%20Are%20(Platinum%20Edition)	0.0	Who You Are (Platinum Edition)	Well-Being	Pleasure & Enjoyment	86b2e04c-355e-483f-bfe4-8aa5e475e07c	3	5	NZ6xUwPS4UDNEnQu
onion::1386::59fc5ddf-a1d9-4746-902d-71fb5a9a78c2	12701	1386	59fc5ddf-a1d9-4746-902d-71fb5a9a78c2	Taylor Swift	https://www.last.fm/music/Taylor+Swift/_/Shake+It+Off	https://www.last.fm/music/Taylor%20Swift	Shake It Off	https://www.last.fm/music/Taylor%20Swift/1989	0.0	1989	Motivation	Background Utility	86b2e04c-355e-483f-bfe4-8aa5e475e07c	3	4	WMPyZbE6EvI5f4wF
onion::1386::82ec13df-bafe-42f7-9bd1-d2e6dd2a42ae	12702	1386	82ec13df-bafe-42f7-9bd1-d2e6dd2a42ae	The Fratellis	https://www.last.fm/music/The+Fratellis/_/Henrietta	https://www.last.fm/music/The%20Fratellis	Henrietta	https://www.last.fm/music/The%20Fratellis/Costello%20Music	0.0	Costello Music	Motivation	Background Utility	86b2e04c-355e-483f-bfe4-8aa5e475e07c	3	4	G7QuwjgO6q4UGfpf
onion::1386::1b95150c-c03a-48be-bcc2-8bc1b0c710f1	12703	1386	1b95150c-c03a-48be-bcc2-8bc1b0c710f1	The Menzingers	https://www.last.fm/music/The+Menzingers/_/Sun+Hotel	https://www.last.fm/music/The%20Menzingers	Sun Hotel	https://www.last.fm/music/The%20Menzingers/On%20the%20Impossible%20Past	0.0	On the Impossible Past	Motivation	Background Utility	86b2e04c-355e-483f-bfe4-8aa5e475e07c	3	4	HJ2CjwOUYwk97Dw1
onion::1386::0000826e-f36b-4942-b792-daa7b9719526	12704	1386	0000826e-f36b-4942-b792-daa7b9719526	Sara Bareilles	https://www.last.fm/music/Sara+Bareilles/_/Brave	https://www.last.fm/music/Sara%20Bareilles	Brave	https://www.last.fm/music/Sara%20Bareilles/The%20Blessed%20Unrest	0.0	The Blessed Unrest	Motivation	Background Utility	86b2e04c-355e-483f-bfe4-8aa5e475e07c	3	4	y5nlpGu4jMLE0Wqd
onion::1408::025deb53-07b3-4531-90ff-7915f9416611	12912	1408	025deb53-07b3-4531-90ff-7915f9416611	Paramore	https://www.last.fm/music/Paramore/_/Misery+Business	https://www.last.fm/music/Paramore	Misery Business	https://www.last.fm/music/Paramore/RIOT!	0.0	RIOT!	Nostalgia	Nostalgia	0cfc38b9-9307-46e2-9421-4821fb1c9cd8	1	2	JdKYM8BZEjL8VmSe
onion::1386::023ae03e-93bf-4e8d-84a2-65fe2e56d310	12731	1386	023ae03e-93bf-4e8d-84a2-65fe2e56d310	Waterparks	https://www.last.fm/music/Waterparks/_/Stupid+for+You	https://www.last.fm/music/Waterparks	Stupid for You	https://www.last.fm/music/Waterparks/Double%20Dare	0.0	Double Dare	Motivation	Background Utility	86b2e04c-355e-483f-bfe4-8aa5e475e07c	3	4	6JpYE1rq6XgoW9ij
onion::1386::07811e42-54fc-48e3-b35e-6d9c0a34c675	12734	1386	07811e42-54fc-48e3-b35e-6d9c0a34c675	State Champs	https://www.last.fm/music/State+Champs/_/Elevated	https://www.last.fm/music/State%20Champs	Elevated	https://www.last.fm/music/State%20Champs/The%20Finer%20Things	0.0	The Finer Things	Motivation	Background Utility	86b2e04c-355e-483f-bfe4-8aa5e475e07c	3	4	72Pt7tpNHlahAZiq
onion::1386::02cb53a0-efbd-475d-873e-973da0a3c9ef	12735	1386	02cb53a0-efbd-475d-873e-973da0a3c9ef	Pierce the Veil	https://www.last.fm/music/Pierce+the+Veil/_/Floral+&+Fading	https://www.last.fm/music/Pierce%20the%20Veil	Floral & Fading	https://www.last.fm/music/Pierce%20the%20Veil/Misadventures	0.0	Misadventures	Motivation	Background Utility	86b2e04c-355e-483f-bfe4-8aa5e475e07c	3	4	obqRc6cbIjinWgiM
onion::1386::7f518a9d-4a41-44fc-a890-b8688dc538aa	12736	1386	7f518a9d-4a41-44fc-a890-b8688dc538aa	The Front Bottoms	https://www.last.fm/music/The+Front+Bottoms/_/Laugh+Till+I+Cry	https://www.last.fm/music/The%20Front%20Bottoms	Laugh Till I Cry	https://www.last.fm/music/The%20Front%20Bottoms/Back%20On%20Top	0.0	Back On Top	Motivation	Background Utility	86b2e04c-355e-483f-bfe4-8aa5e475e07c	3	4	Uf4mMBLV6w1qpgSa
onion::1386::48836e83-8aba-4e4e-ad30-e6979d9194ae	12737	1386	48836e83-8aba-4e4e-ad30-e6979d9194ae	Twenty One Pilots	https://www.last.fm/music/Twenty+One+Pilots/_/Tear+in+My+Heart	https://www.last.fm/music/Twenty%20One%20Pilots	Tear in My Heart	https://www.last.fm/music/Twenty%20One%20Pilots/Blurryface	0.0	Blurryface	Motivation	Background Utility	86b2e04c-355e-483f-bfe4-8aa5e475e07c	3	4	VCFEdiDe9DmaHTQl
onion::1386::0908e704-a442-4bc7-b8c6-5df07321386a	12744	1386	0908e704-a442-4bc7-b8c6-5df07321386a	Knocked Loose	https://www.last.fm/music/Knocked+Loose/_/Oblivions+Peak	https://www.last.fm/music/Knocked%20Loose	Oblivions Peak	https://www.last.fm/music/Knocked%20Loose/Laugh%20Tracks	0.0	Laugh Tracks	Motivation	Background Utility	86b2e04c-355e-483f-bfe4-8aa5e475e07c	3	4	y6rKE6mJqZE1SFli
onion::1386::Linkin Park-In the End-1-273	12747	1386	Linkin Park-In the End-1-273	Linkin Park	https://www.last.fm/music/Linkin+Park/_/In+the+End	https://www.last.fm/music/Linkin%20Park	In the End	https://www.last.fm/music/Linkin%20Park/Hybrid%20Theory	0.0	Hybrid Theory	Motivation	Background Utility	86b2e04c-355e-483f-bfe4-8aa5e475e07c	3	4	VKvF5oSWmxCDL97f
onion::1386::dddec2b8-d0d1-49c0-aef5-012b0b9f3aae	12751	1386	dddec2b8-d0d1-49c0-aef5-012b0b9f3aae	Taylor Swift	https://www.last.fm/music/Taylor+Swift/_/Gorgeous	https://www.last.fm/music/Taylor%20Swift	Gorgeous	https://www.last.fm/music/Taylor%20Swift/reputation	0.0	reputation	Motivation	Background Utility	86b2e04c-355e-483f-bfe4-8aa5e475e07c	3	4	RLr5e7MmIsMyGzLR
onion::1386::Owl City-Fireflies-1-294	12754	1386	Owl City-Fireflies-1-294	Owl City	https://www.last.fm/music/Owl+City/_/Fireflies	https://www.last.fm/music/Owl%20City	Fireflies	https://www.last.fm/music/Owl%20City/Ocean%20Eyes	0.0	Ocean Eyes	Motivation	Background Utility	86b2e04c-355e-483f-bfe4-8aa5e475e07c	3	4	DMSPSXCv8UN5942f
onion::1386::1ee09b0c-33c8-4f08-9380-1f26a82ceebb	12758	1386	1ee09b0c-33c8-4f08-9380-1f26a82ceebb	Adam Lambert	https://www.last.fm/music/Adam+Lambert/_/If+I+Had+You	https://www.last.fm/music/Adam%20Lambert	If I Had You	https://www.last.fm/music/Adam%20Lambert/For%20Your%20Entertainment	0.0	For Your Entertainment	Motivation	Background Utility	86b2e04c-355e-483f-bfe4-8aa5e475e07c	3	4	10hRWrYFSvhhgw6T
onion::1387::1b95150c-c03a-48be-bcc2-8bc1b0c710f1	12761	1387	1b95150c-c03a-48be-bcc2-8bc1b0c710f1	The Menzingers	https://www.last.fm/music/The+Menzingers/_/Sun+Hotel	https://www.last.fm/music/The%20Menzingers	Sun Hotel	https://www.last.fm/music/The%20Menzingers/On%20the%20Impossible%20Past	0.0	On the Impossible Past	Passion / Pleasure	Habitual Listening	86b2e04c-355e-483f-bfe4-8aa5e475e07c	3	4	HJ2CjwOUYwk97Dw1
onion::1387::023ae03e-93bf-4e8d-84a2-65fe2e56d310	12790	1387	023ae03e-93bf-4e8d-84a2-65fe2e56d310	Waterparks	https://www.last.fm/music/Waterparks/_/Stupid+for+You	https://www.last.fm/music/Waterparks	Stupid for You	https://www.last.fm/music/Waterparks/Double%20Dare	0.0	Double Dare	Passion / Pleasure	Habitual Listening	86b2e04c-355e-483f-bfe4-8aa5e475e07c	3	4	6JpYE1rq6XgoW9ij
onion::1387::07811e42-54fc-48e3-b35e-6d9c0a34c675	12791	1387	07811e42-54fc-48e3-b35e-6d9c0a34c675	State Champs	https://www.last.fm/music/State+Champs/_/Elevated	https://www.last.fm/music/State%20Champs	Elevated	https://www.last.fm/music/State%20Champs/The%20Finer%20Things	0.0	The Finer Things	Passion / Pleasure	Habitual Listening	86b2e04c-355e-483f-bfe4-8aa5e475e07c	3	4	72Pt7tpNHlahAZiq
onion::1387::02cb53a0-efbd-475d-873e-973da0a3c9ef	12792	1387	02cb53a0-efbd-475d-873e-973da0a3c9ef	Pierce the Veil	https://www.last.fm/music/Pierce+the+Veil/_/Floral+&+Fading	https://www.last.fm/music/Pierce%20the%20Veil	Floral & Fading	https://www.last.fm/music/Pierce%20the%20Veil/Misadventures	0.0	Misadventures	Passion / Pleasure	Habitual Listening	86b2e04c-355e-483f-bfe4-8aa5e475e07c	3	4	obqRc6cbIjinWgiM
onion::1387::7f518a9d-4a41-44fc-a890-b8688dc538aa	12794	1387	7f518a9d-4a41-44fc-a890-b8688dc538aa	The Front Bottoms	https://www.last.fm/music/The+Front+Bottoms/_/Laugh+Till+I+Cry	https://www.last.fm/music/The%20Front%20Bottoms	Laugh Till I Cry	https://www.last.fm/music/The%20Front%20Bottoms/Back%20On%20Top	0.0	Back On Top	Passion / Pleasure	Habitual Listening	86b2e04c-355e-483f-bfe4-8aa5e475e07c	3	4	Uf4mMBLV6w1qpgSa
onion::1388::b503abc2-db9d-4041-bb76-357fb99f4d49	12804	1388	b503abc2-db9d-4041-bb76-357fb99f4d49	The Story So Far	https://www.last.fm/music/The+Story+So+Far/_/Clairvoyant	https://www.last.fm/music/The%20Story%20So%20Far	Clairvoyant	https://www.last.fm/music/The%20Story%20So%20Far/The%20Story%20So%20Far%20%2F%20Stick%20To%20Your%20Guns%20Split	0.0	The Story So Far / Stick To Your Guns Split	Emotion (regulation)	Emotional Resonance	86b2e04c-355e-483f-bfe4-8aa5e475e07c	3	5	f98GbIBlLD5aakBW
onion::1388::38d135a2-6a56-45c5-83e6-7784c15d5cbd	12805	1388	38d135a2-6a56-45c5-83e6-7784c15d5cbd	Twenty One Pilots	https://www.last.fm/music/Twenty+One+Pilots/_/Car+Radio	https://www.last.fm/music/Twenty%20One%20Pilots	Car Radio	https://www.last.fm/music/Twenty%20One%20Pilots/Vessel	0.0	Vessel	Emotion (regulation)	Emotional Resonance	86b2e04c-355e-483f-bfe4-8aa5e475e07c	3	5	HyoVtzW9LmcJFCDQ
onion::1389::7bd48aef-14b5-35b3-9155-645519785915	12813	1389	7bd48aef-14b5-35b3-9155-645519785915	Modest Mouse	https://www.last.fm/music/Modest+Mouse/_/Float+On	https://www.last.fm/music/Modest%20Mouse	Float On	https://www.last.fm/music/Modest%20Mouse/Good%20News%20For%20People%20Who%20Love%20Bad%20News	0.0	Good News For People Who Love Bad News	Relief	Relief	86b2e04c-355e-483f-bfe4-8aa5e475e07c	1	3	j8qrlsfqWAPqzqD9
onion::1390::7bd48aef-14b5-35b3-9155-645519785915	12815	1390	7bd48aef-14b5-35b3-9155-645519785915	Modest Mouse	https://www.last.fm/music/Modest+Mouse/_/Float+On	https://www.last.fm/music/Modest%20Mouse	Float On	https://www.last.fm/music/Modest%20Mouse/Good%20News%20For%20People%20Who%20Love%20Bad%20News	0.0	Good News For People Who Love Bad News	Relaxing	Comfort and Security	86b2e04c-355e-483f-bfe4-8aa5e475e07c	1	4	j8qrlsfqWAPqzqD9
onion::1391::0908e704-a442-4bc7-b8c6-5df07321386a	12819	1391	0908e704-a442-4bc7-b8c6-5df07321386a	Knocked Loose	https://www.last.fm/music/Knocked+Loose/_/Oblivions+Peak	https://www.last.fm/music/Knocked%20Loose	Oblivions Peak	https://www.last.fm/music/Knocked%20Loose/Laugh%20Tracks	0.0	Laugh Tracks	Calming	Frustration Venting	86b2e04c-355e-483f-bfe4-8aa5e475e07c	1	4	y6rKE6mJqZE1SFli
onion::1391::7cOLm2VMd1hKadKzw41dmB	12822	1391	7cOLm2VMd1hKadKzw41dmB	Crown The Empire			The Fallout			The Fallout	Calming	Frustration Venting	86b2e04c-355e-483f-bfe4-8aa5e475e07c	1	4	t3ii22DX9lbXblqc
onion::1393::2d279f33-7ef7-4a70-9b6b-8c90b0690734	12832	1393	2d279f33-7ef7-4a70-9b6b-8c90b0690734	System of a Down	https://www.last.fm/music/System+of+a+Down/_/I-E-A-I-A-I-O	https://www.last.fm/music/System%20of%20a%20Down	I-E-A-I-A-I-O	https://www.last.fm/music/System%20of%20a%20Down/Steal%20This%20Album!	0.0	Steal This Album!	Distraction	Distraction	86b2e04c-355e-483f-bfe4-8aa5e475e07c	1	5	AZa0MJwflylCXq7v
onion::1394::1ee09b0c-33c8-4f08-9380-1f26a82ceebb	12836	1394	1ee09b0c-33c8-4f08-9380-1f26a82ceebb	Adam Lambert	https://www.last.fm/music/Adam+Lambert/_/If+I+Had+You	https://www.last.fm/music/Adam%20Lambert	If I Had You	https://www.last.fm/music/Adam%20Lambert/For%20Your%20Entertainment	0.0	For Your Entertainment	Enjoyment	Time Passing	86b2e04c-355e-483f-bfe4-8aa5e475e07c	3	4	10hRWrYFSvhhgw6T
onion::1394::021f94f7-fb23-4f33-b9bf-f3f5a62fd5bd	12837	1394	021f94f7-fb23-4f33-b9bf-f3f5a62fd5bd	Meghan Trainor	https://www.last.fm/music/Meghan+Trainor/_/Me+Too	https://www.last.fm/music/Meghan%20Trainor	Me Too	https://www.last.fm/music/Meghan%20Trainor/Thank%20You%20(Deluxe%20Version)	0.0	Thank You (Deluxe Version)	Enjoyment	Time Passing	86b2e04c-355e-483f-bfe4-8aa5e475e07c	3	4	4bwo9eFS7kpKIyCk
onion::1399::c59f693f-c057-4a5c-aae9-46fc185356f6	12863	1399	c59f693f-c057-4a5c-aae9-46fc185356f6	slushii	https://www.last.fm/music/slushii/_/Luv+U+Need+U	https://www.last.fm/music/slushii	Luv U Need U	https://www.last.fm/music/slushii/Luv%20U%20Need%20U	0.0	Luv U Need U	Relief	Relief	bfbf722c-d9fc-4446-aa8c-7d9dbd8377ab	3	4	vLC3T6Tg1Me6QUNC
onion::1410::01c639bd-4b06-416c-89e3-c38d423a3d06	12924	1410	01c639bd-4b06-416c-89e3-c38d423a3d06	Lady Gaga	https://www.last.fm/music/Lady+Gaga/_/Venus	https://www.last.fm/music/Lady%20Gaga	Venus	https://www.last.fm/music/Lady%20Gaga/ARTPOP	0.0	ARTPOP	Distraction	Distraction	0cfc38b9-9307-46e2-9421-4821fb1c9cd8	2	2	WZufWxPELH3aI4nm
onion::1405::Celia Cruz-La Vida Es Un Carnaval-1-93	12899	1405	Celia Cruz-La Vida Es Un Carnaval-1-93	Celia Cruz	https://www.last.fm/music/Celia+Cruz/_/La+Vida+Es+Un+Carnaval	https://www.last.fm/music/Celia%20Cruz	La Vida Es Un Carnaval	https://www.last.fm/music/Celia%20Cruz/Mi%20Vida%20Es%20Cantar	0.0	Mi Vida Es Cantar	Well-Being	Pleasure & Enjoyment	0cfc38b9-9307-46e2-9421-4821fb1c9cd8	3	3	xjoRNlOQfWJx128j
onion::1406::8cc4bf80-4d71-3732-9d27-995c71f43605	12903	1406	8cc4bf80-4d71-3732-9d27-995c71f43605	Enya	https://www.last.fm/music/Enya/_/Caribbean+Blue	https://www.last.fm/music/Enya	Caribbean Blue	https://www.last.fm/music/Enya/Shepherd%20Moons	0.0	Shepherd Moons	Emotion (regulation)	Emotional Resonance	0cfc38b9-9307-46e2-9421-4821fb1c9cd8	2	3	oyTlx1RNADpNzRCI
onion::1406::3Y5mKbaQqZzeId7q7rS2cR	12904	1406	3Y5mKbaQqZzeId7q7rS2cR	Evanescence	spotify:track:3Y5mKbaQqZzeId7q7rS2cR	spotify:artist:5nGIFgo0shDenQYSE0Sn7c	Lithium	spotify:album:6UW1rkWS9Fn45pRkv2xmrE	224106.0	The Open Door	Emotion (regulation)	Emotional Resonance	0cfc38b9-9307-46e2-9421-4821fb1c9cd8	2	3	4NTs38Oec0JrCQFz
onion::1407::Lady Gaga-Judas-3-30	12907	1407	Lady Gaga-Judas-3-30	Lady Gaga	https://www.last.fm/music/Lady+Gaga/_/Judas	https://www.last.fm/music/Lady%20Gaga	Judas	https://www.last.fm/music/Lady%20Gaga/Born%20This%20Way%20(Special%20Edition)	0.0	Born This Way (Special Edition)	Mood Enhancement	Cheerfulness	0cfc38b9-9307-46e2-9421-4821fb1c9cd8	2	2	jxYmnXCxlmIdiZhh
onion::1407::Rihanna-Disturbia-3-126	12908	1407	Rihanna-Disturbia-3-126	Rihanna	https://www.last.fm/music/Rihanna/_/Disturbia	https://www.last.fm/music/Rihanna	Disturbia	https://www.last.fm/music/Rihanna/Good%20Girl%20Gone%20Bad%3A%20Reloaded	0.0	Good Girl Gone Bad: Reloaded	Mood Enhancement	Cheerfulness	0cfc38b9-9307-46e2-9421-4821fb1c9cd8	2	2	sEGBgaw9QdOHu2ht
onion::1408::3c10cbe4-0b7f-3dc8-bc7d-84b1160bb3c2	12914	1408	3c10cbe4-0b7f-3dc8-bc7d-84b1160bb3c2	t.A.T.u.	https://www.last.fm/music/t.A.T.u./_/Nas+Ne+Dagoniat	https://www.last.fm/music/t.A.T.u.	Nas Ne Dagoniat	https://www.last.fm/music/t.A.T.u./200%20KM%2FH%20In%20The%20Wrong%20Lane%20(10th%20Anniversary%20Edition)	0.0	200 KM/H In The Wrong Lane (10th Anniversary Edition)	Nostalgia	Nostalgia	0cfc38b9-9307-46e2-9421-4821fb1c9cd8	1	2	XULJ1Q8mPwhmaDI4
onion::1409::8cc4bf80-4d71-3732-9d27-995c71f43605	12916	1409	8cc4bf80-4d71-3732-9d27-995c71f43605	Enya	https://www.last.fm/music/Enya/_/Caribbean+Blue	https://www.last.fm/music/Enya	Caribbean Blue	https://www.last.fm/music/Enya/Shepherd%20Moons	0.0	Shepherd Moons	Relief	Relief	0cfc38b9-9307-46e2-9421-4821fb1c9cd8	1	2	oyTlx1RNADpNzRCI
onion::1409::2nZNxc9Nbi7EWBwnRuADOe	12918	1409	2nZNxc9Nbi7EWBwnRuADOe	Lacuna Coil			Heaven's a Lie			Visual Karma - Live In Wacken	Relief	Relief	0cfc38b9-9307-46e2-9421-4821fb1c9cd8	1	2	lUIG4rDk3jVcmKS1
onion::1410::cf58a52b-cbb3-46d3-85f8-706bc46b1598	12922	1410	cf58a52b-cbb3-46d3-85f8-706bc46b1598	System of a Down	https://www.last.fm/music/System+of+a+Down/_/Sugar	https://www.last.fm/music/System%20of%20a%20Down	Sugar	https://www.last.fm/music/System%20of%20a%20Down/System%20Of%20A%20Down%20(Deluxe)	0.0	System Of A Down (Deluxe)	Distraction	Distraction	0cfc38b9-9307-46e2-9421-4821fb1c9cd8	2	2	lstwVoDo9HaOXBkW
onion::1411::17QHxULL3ooJVn8WTNZmHa	12927	1411	17QHxULL3ooJVn8WTNZmHa	Plan B	spotify:track:17QHxULL3ooJVn8WTNZmHa	spotify:artist:2jSGzJw0ebJLu7OLVSOcBP	Si No Le Contesto	spotify:album:0c3f2FY55wTtKwMAhH33O1	268160.0	Pina Records Present #1 Exclusive Urban Remixes	Escape	Letting Go	0cfc38b9-9307-46e2-9421-4821fb1c9cd8	2	3	9xLzjyDFVvUxinAS
onion::1414::0fa70308-8f48-4688-95d8-a4de4e64fe93	12946	1414	0fa70308-8f48-4688-95d8-a4de4e64fe93	Skinny Puppy	https://www.last.fm/music/Skinny+Puppy/_/Assimilate	https://www.last.fm/music/Skinny%20Puppy	Assimilate	https://www.last.fm/music/Skinny%20Puppy/Bites	0.0	Bites	Connection / Belonging	Connection / Belonging	0cfc38b9-9307-46e2-9421-4821fb1c9cd8	2	3	NPtNAwDLXBsalDdJ
onion::1420::471b879b-fd49-4246-99c3-db59c38dff99	12972	1420	471b879b-fd49-4246-99c3-db59c38dff99	Santigold	https://www.last.fm/music/Santigold/_/God+From+The+Machine	https://www.last.fm/music/Santigold	God From The Machine	https://www.last.fm/music/Santigold/Master%20of%20My%20Make-Believe	0.0	Master of My Make-Believe	Exploration	Exploration	f2210532-3685-404b-b851-003160c054ac	2	4	41pnZaI0JxiJpri1
onion::1423::471b879b-fd49-4246-99c3-db59c38dff99	12987	1423	471b879b-fd49-4246-99c3-db59c38dff99	Santigold	https://www.last.fm/music/Santigold/_/God+From+The+Machine	https://www.last.fm/music/Santigold	God From The Machine	https://www.last.fm/music/Santigold/Master%20of%20My%20Make-Believe	0.0	Master of My Make-Believe	Creativity	Creative Visualization	f2210532-3685-404b-b851-003160c054ac	2	3	41pnZaI0JxiJpri1
onion::1424::2f65c343-1ad0-4686-8834-758dc5fea5ee	12993	1424	2f65c343-1ad0-4686-8834-758dc5fea5ee	Swedish House Mafia	https://www.last.fm/music/Swedish+House+Mafia/_/Save+the+World	https://www.last.fm/music/Swedish%20House%20Mafia	Save the World	https://www.last.fm/music/Swedish%20House%20Mafia/Save%20The%20World	0.0	Save The World	Nostalgia	Nostalgia	f2210532-3685-404b-b851-003160c054ac	1	2	FQ0ZHCq0JesoAJUh
